date,symbol,name,open,high,low,close,volume,amount,source,source_url,available_from,pit_use_rule
2024-01-02,2345,智邦,525.0,525.0,492.5,493.5,3136639.0,1570259629.0,TWSE STOCK_DAY,https://www.twse.com.tw/rwd/zh/afterTrading/STOCK_DAY?date=20240101&stockNo=2345&response=json,2024-01-02 14:00 Asia/Taipei,premarket trade_date may only use row.date < trade_date
2024-01-02,3017,奇鋐,337.0,338.5,327.0,329.5,10353809.0,3435551513.0,TWSE STOCK_DAY,https://www.twse.com.tw/rwd/zh/afterTrading/STOCK_DAY?date=20240101&stockNo=3017&response=json,2024-01-02 14:00 Asia/Taipei,premarket trade_date may only use row.date < trade_date
2024-01-02,3189,景碩,99.5,99.9,98.2,98.2,2110290.0,208335027.0,TWSE STOCK_DAY,https://www.twse.com.tw/rwd/zh/afterTrading/STOCK_DAY?date=20240101&stockNo=3189&response=json,2024-01-02 14:00 Asia/Taipei,premarket trade_date may only use row.date < trade_date
2024-01-02,3443,創意,1725.0,1760.0,1665.0,1670.0,3587977.0,6084649255.0,TWSE STOCK_DAY,https://www.twse.com.tw/rwd/zh/afterTrading/STOCK_DAY?date=20240101&stockNo=3443&response=json,2024-01-02 14:00 Asia/Taipei,premarket trade_date may only use row.date < trade_date
2024-01-02,6526,達發,574.0,576.0,543.0,553.0,1478267.0,822152367.0,TWSE STOCK_DAY,https://www.twse.com.tw/rwd/zh/afterTrading/STOCK_DAY?date=20240101&stockNo=6526&response=json,2024-01-02 14:00 Asia/Taipei,premarket trade_date may only use row.date < trade_date
2024-01-03,2345,智邦,486.0,494.5,481.0,490.0,4015096.0,1957640468.0,TWSE STOCK_DAY,https://www.twse.com.tw/rwd/zh/afterTrading/STOCK_DAY?date=20240101&stockNo=2345&response=json,2024-01-03 14:00 Asia/Taipei,premarket trade_date may only use row.date < trade_date
2024-01-03,3017,奇鋐,325.0,334.5,324.5,329.0,7939502.0,2614370346.0,TWSE STOCK_DAY,https://www.twse.com.tw/rwd/zh/afterTrading/STOCK_DAY?date=20240101&stockNo=3017&response=json,2024-01-03 14:00 Asia/Taipei,premarket trade_date may only use row.date < trade_date
2024-01-03,3189,景碩,98.0,98.9,97.1,97.8,1553542.0,152398480.0,TWSE STOCK_DAY,https://www.twse.com.tw/rwd/zh/afterTrading/STOCK_DAY?date=20240101&stockNo=3189&response=json,2024-01-03 14:00 Asia/Taipei,premarket trade_date may only use row.date < trade_date
2024-01-03,3443,創意,1660.0,1680.0,1615.0,1640.0,2839253.0,4689964970.0,TWSE STOCK_DAY,https://www.twse.com.tw/rwd/zh/afterTrading/STOCK_DAY?date=20240101&stockNo=3443&response=json,2024-01-03 14:00 Asia/Taipei,premarket trade_date may only use row.date < trade_date
2024-01-03,6526,達發,549.0,552.0,539.0,544.0,649208.0,353551754.0,TWSE STOCK_DAY,https://www.twse.com.tw/rwd/zh/afterTrading/STOCK_DAY?date=20240101&stockNo=6526&response=json,2024-01-03 14:00 Asia/Taipei,premarket trade_date may only use row.date < trade_date
2024-01-04,2345,智邦,491.0,496.0,488.0,491.0,1613858.0,792569707.0,TWSE STOCK_DAY,https://www.twse.com.tw/rwd/zh/afterTrading/STOCK_DAY?date=20240101&stockNo=2345&response=json,2024-01-04 14:00 Asia/Taipei,premarket trade_date may only use row.date < trade_date
2024-01-04,3017,奇鋐,331.5,334.0,316.0,319.0,10213381.0,3291859754.0,TWSE STOCK_DAY,https://www.twse.com.tw/rwd/zh/afterTrading/STOCK_DAY?date=20240101&stockNo=3017&response=json,2024-01-04 14:00 Asia/Taipei,premarket trade_date may only use row.date < trade_date
2024-01-04,3189,景碩,97.8,98.0,96.6,97.7,2324246.0,226453897.0,TWSE STOCK_DAY,https://www.twse.com.tw/rwd/zh/afterTrading/STOCK_DAY?date=20240101&stockNo=3189&response=json,2024-01-04 14:00 Asia/Taipei,premarket trade_date may only use row.date < trade_date
2024-01-04,3443,創意,1650.0,1655.0,1625.0,1630.0,1664685.0,2728777335.0,TWSE STOCK_DAY,https://www.twse.com.tw/rwd/zh/afterTrading/STOCK_DAY?date=20240101&stockNo=3443&response=json,2024-01-04 14:00 Asia/Taipei,premarket trade_date may only use row.date < trade_date
2024-01-04,6526,達發,547.0,555.0,544.0,548.0,499311.0,273727982.0,TWSE STOCK_DAY,https://www.twse.com.tw/rwd/zh/afterTrading/STOCK_DAY?date=20240101&stockNo=6526&response=json,2024-01-04 14:00 Asia/Taipei,premarket trade_date may only use row.date < trade_date
2024-01-05,2345,智邦,491.0,502.0,486.5,486.5,2495974.0,1232589060.0,TWSE STOCK_DAY,https://www.twse.com.tw/rwd/zh/afterTrading/STOCK_DAY?date=20240101&stockNo=2345&response=json,2024-01-05 14:00 Asia/Taipei,premarket trade_date may only use row.date < trade_date
2024-01-05,3017,奇鋐,320.0,324.0,318.5,323.5,5255538.0,1689372711.0,TWSE STOCK_DAY,https://www.twse.com.tw/rwd/zh/afterTrading/STOCK_DAY?date=20240101&stockNo=3017&response=json,2024-01-05 14:00 Asia/Taipei,premarket trade_date may only use row.date < trade_date
2024-01-05,3189,景碩,97.6,98.3,97.1,97.1,1783879.0,173779192.0,TWSE STOCK_DAY,https://www.twse.com.tw/rwd/zh/afterTrading/STOCK_DAY?date=20240101&stockNo=3189&response=json,2024-01-05 14:00 Asia/Taipei,premarket trade_date may only use row.date < trade_date
2024-01-05,3443,創意,1650.0,1680.0,1620.0,1655.0,2088563.0,3455465570.0,TWSE STOCK_DAY,https://www.twse.com.tw/rwd/zh/afterTrading/STOCK_DAY?date=20240101&stockNo=3443&response=json,2024-01-05 14:00 Asia/Taipei,premarket trade_date may only use row.date < trade_date
2024-01-05,6526,達發,548.0,550.0,543.0,544.0,337999.0,184202797.0,TWSE STOCK_DAY,https://www.twse.com.tw/rwd/zh/afterTrading/STOCK_DAY?date=20240101&stockNo=6526&response=json,2024-01-05 14:00 Asia/Taipei,premarket trade_date may only use row.date < trade_date
2024-01-08,2345,智邦,492.0,499.5,489.5,496.5,2073770.0,1027751797.0,TWSE STOCK_DAY,https://www.twse.com.tw/rwd/zh/afterTrading/STOCK_DAY?date=20240101&stockNo=2345&response=json,2024-01-08 14:00 Asia/Taipei,premarket trade_date may only use row.date < trade_date
2024-01-08,3017,奇鋐,325.0,326.0,300.5,301.5,18053420.0,5587111048.0,TWSE STOCK_DAY,https://www.twse.com.tw/rwd/zh/afterTrading/STOCK_DAY?date=20240101&stockNo=3017&response=json,2024-01-08 14:00 Asia/Taipei,premarket trade_date may only use row.date < trade_date
2024-01-08,3189,景碩,97.8,99.5,97.7,97.8,1680212.0,165726646.0,TWSE STOCK_DAY,https://www.twse.com.tw/rwd/zh/afterTrading/STOCK_DAY?date=20240101&stockNo=3189&response=json,2024-01-08 14:00 Asia/Taipei,premarket trade_date may only use row.date < trade_date
2024-01-08,3443,創意,1675.0,1690.0,1665.0,1665.0,1318781.0,2207473510.0,TWSE STOCK_DAY,https://www.twse.com.tw/rwd/zh/afterTrading/STOCK_DAY?date=20240101&stockNo=3443&response=json,2024-01-08 14:00 Asia/Taipei,premarket trade_date may only use row.date < trade_date
2024-01-08,6526,達發,546.0,552.0,540.0,540.0,498833.0,272001771.0,TWSE STOCK_DAY,https://www.twse.com.tw/rwd/zh/afterTrading/STOCK_DAY?date=20240101&stockNo=6526&response=json,2024-01-08 14:00 Asia/Taipei,premarket trade_date may only use row.date < trade_date
2024-01-09,2345,智邦,508.0,522.0,508.0,516.0,4460587.0,2300638540.0,TWSE STOCK_DAY,https://www.twse.com.tw/rwd/zh/afterTrading/STOCK_DAY?date=20240101&stockNo=2345&response=json,2024-01-09 14:00 Asia/Taipei,premarket trade_date may only use row.date < trade_date
2024-01-09,3017,奇鋐,310.5,317.0,307.5,315.0,13398129.0,4185422373.0,TWSE STOCK_DAY,https://www.twse.com.tw/rwd/zh/afterTrading/STOCK_DAY?date=20240101&stockNo=3017&response=json,2024-01-09 14:00 Asia/Taipei,premarket trade_date may only use row.date < trade_date
2024-01-09,3189,景碩,98.5,99.7,98.3,98.6,2130097.0,210758816.0,TWSE STOCK_DAY,https://www.twse.com.tw/rwd/zh/afterTrading/STOCK_DAY?date=20240101&stockNo=3189&response=json,2024-01-09 14:00 Asia/Taipei,premarket trade_date may only use row.date < trade_date
2024-01-09,3443,創意,1690.0,1715.0,1680.0,1690.0,2701015.0,4590753865.0,TWSE STOCK_DAY,https://www.twse.com.tw/rwd/zh/afterTrading/STOCK_DAY?date=20240101&stockNo=3443&response=json,2024-01-09 14:00 Asia/Taipei,premarket trade_date may only use row.date < trade_date
2024-01-09,6526,達發,546.0,546.0,539.0,539.0,371924.0,201724404.0,TWSE STOCK_DAY,https://www.twse.com.tw/rwd/zh/afterTrading/STOCK_DAY?date=20240101&stockNo=6526&response=json,2024-01-09 14:00 Asia/Taipei,premarket trade_date may only use row.date < trade_date
2024-01-10,2345,智邦,511.0,518.0,506.0,508.0,1382870.0,705419561.0,TWSE STOCK_DAY,https://www.twse.com.tw/rwd/zh/afterTrading/STOCK_DAY?date=20240101&stockNo=2345&response=json,2024-01-10 14:00 Asia/Taipei,premarket trade_date may only use row.date < trade_date
2024-01-10,3017,奇鋐,315.0,329.5,315.0,329.0,16477955.0,5341496589.0,TWSE STOCK_DAY,https://www.twse.com.tw/rwd/zh/afterTrading/STOCK_DAY?date=20240101&stockNo=3017&response=json,2024-01-10 14:00 Asia/Taipei,premarket trade_date may only use row.date < trade_date
2024-01-10,3189,景碩,98.3,98.5,95.2,96.4,3635395.0,350632220.0,TWSE STOCK_DAY,https://www.twse.com.tw/rwd/zh/afterTrading/STOCK_DAY?date=20240101&stockNo=3189&response=json,2024-01-10 14:00 Asia/Taipei,premarket trade_date may only use row.date < trade_date
2024-01-10,3443,創意,1685.0,1800.0,1685.0,1790.0,4319314.0,7567176485.0,TWSE STOCK_DAY,https://www.twse.com.tw/rwd/zh/afterTrading/STOCK_DAY?date=20240101&stockNo=3443&response=json,2024-01-10 14:00 Asia/Taipei,premarket trade_date may only use row.date < trade_date
2024-01-10,6526,達發,540.0,545.0,529.0,541.0,399652.0,214767718.0,TWSE STOCK_DAY,https://www.twse.com.tw/rwd/zh/afterTrading/STOCK_DAY?date=20240101&stockNo=6526&response=json,2024-01-10 14:00 Asia/Taipei,premarket trade_date may only use row.date < trade_date
2024-01-11,2345,智邦,518.0,524.0,509.0,520.0,2652282.0,1374173777.0,TWSE STOCK_DAY,https://www.twse.com.tw/rwd/zh/afterTrading/STOCK_DAY?date=20240101&stockNo=2345&response=json,2024-01-11 14:00 Asia/Taipei,premarket trade_date may only use row.date < trade_date
2024-01-11,3017,奇鋐,328.5,348.0,324.0,346.5,19397967.0,6574919653.0,TWSE STOCK_DAY,https://www.twse.com.tw/rwd/zh/afterTrading/STOCK_DAY?date=20240101&stockNo=3017&response=json,2024-01-11 14:00 Asia/Taipei,premarket trade_date may only use row.date < trade_date
2024-01-11,3189,景碩,96.5,97.2,96.2,96.2,889080.0,85846796.0,TWSE STOCK_DAY,https://www.twse.com.tw/rwd/zh/afterTrading/STOCK_DAY?date=20240101&stockNo=3189&response=json,2024-01-11 14:00 Asia/Taipei,premarket trade_date may only use row.date < trade_date
2024-01-11,3443,創意,1800.0,1880.0,1790.0,1860.0,7013407.0,12957223190.0,TWSE STOCK_DAY,https://www.twse.com.tw/rwd/zh/afterTrading/STOCK_DAY?date=20240101&stockNo=3443&response=json,2024-01-11 14:00 Asia/Taipei,premarket trade_date may only use row.date < trade_date
2024-01-11,6526,達發,547.0,547.0,541.0,541.0,316858.0,172055023.0,TWSE STOCK_DAY,https://www.twse.com.tw/rwd/zh/afterTrading/STOCK_DAY?date=20240101&stockNo=6526&response=json,2024-01-11 14:00 Asia/Taipei,premarket trade_date may only use row.date < trade_date
2024-01-12,2345,智邦,513.0,517.0,505.0,510.0,2390089.0,1220912678.0,TWSE STOCK_DAY,https://www.twse.com.tw/rwd/zh/afterTrading/STOCK_DAY?date=20240101&stockNo=2345&response=json,2024-01-12 14:00 Asia/Taipei,premarket trade_date may only use row.date < trade_date
2024-01-12,3017,奇鋐,346.0,358.0,338.5,350.0,25955483.0,9113119535.0,TWSE STOCK_DAY,https://www.twse.com.tw/rwd/zh/afterTrading/STOCK_DAY?date=20240101&stockNo=3017&response=json,2024-01-12 14:00 Asia/Taipei,premarket trade_date may only use row.date < trade_date
2024-01-12,3189,景碩,96.3,96.3,95.2,95.7,1500961.0,143796737.0,TWSE STOCK_DAY,https://www.twse.com.tw/rwd/zh/afterTrading/STOCK_DAY?date=20240101&stockNo=3189&response=json,2024-01-12 14:00 Asia/Taipei,premarket trade_date may only use row.date < trade_date
2024-01-12,3443,創意,1865.0,1865.0,1805.0,1810.0,2955936.0,5403004980.0,TWSE STOCK_DAY,https://www.twse.com.tw/rwd/zh/afterTrading/STOCK_DAY?date=20240101&stockNo=3443&response=json,2024-01-12 14:00 Asia/Taipei,premarket trade_date may only use row.date < trade_date
2024-01-12,6526,達發,543.0,544.0,535.0,536.0,361453.0,194950082.0,TWSE STOCK_DAY,https://www.twse.com.tw/rwd/zh/afterTrading/STOCK_DAY?date=20240101&stockNo=6526&response=json,2024-01-12 14:00 Asia/Taipei,premarket trade_date may only use row.date < trade_date
2024-01-15,2345,智邦,522.0,522.0,508.0,516.0,1905160.0,983333014.0,TWSE STOCK_DAY,https://www.twse.com.tw/rwd/zh/afterTrading/STOCK_DAY?date=20240101&stockNo=2345&response=json,2024-01-15 14:00 Asia/Taipei,premarket trade_date may only use row.date < trade_date
2024-01-15,3017,奇鋐,350.0,351.0,334.0,334.0,16628877.0,5642229286.0,TWSE STOCK_DAY,https://www.twse.com.tw/rwd/zh/afterTrading/STOCK_DAY?date=20240101&stockNo=3017&response=json,2024-01-15 14:00 Asia/Taipei,premarket trade_date may only use row.date < trade_date
2024-01-15,3189,景碩,96.2,97.9,96.0,97.1,1276478.0,123885374.0,TWSE STOCK_DAY,https://www.twse.com.tw/rwd/zh/afterTrading/STOCK_DAY?date=20240101&stockNo=3189&response=json,2024-01-15 14:00 Asia/Taipei,premarket trade_date may only use row.date < trade_date
2024-01-15,3443,創意,1835.0,1840.0,1750.0,1760.0,3196238.0,5689473455.0,TWSE STOCK_DAY,https://www.twse.com.tw/rwd/zh/afterTrading/STOCK_DAY?date=20240101&stockNo=3443&response=json,2024-01-15 14:00 Asia/Taipei,premarket trade_date may only use row.date < trade_date
2024-01-15,6526,達發,539.0,543.0,531.0,531.0,320508.0,171630243.0,TWSE STOCK_DAY,https://www.twse.com.tw/rwd/zh/afterTrading/STOCK_DAY?date=20240101&stockNo=6526&response=json,2024-01-15 14:00 Asia/Taipei,premarket trade_date may only use row.date < trade_date
2024-01-16,2345,智邦,511.0,518.0,509.0,513.0,1445884.0,740665163.0,TWSE STOCK_DAY,https://www.twse.com.tw/rwd/zh/afterTrading/STOCK_DAY?date=20240101&stockNo=2345&response=json,2024-01-16 14:00 Asia/Taipei,premarket trade_date may only use row.date < trade_date
2024-01-16,3017,奇鋐,334.0,343.5,331.0,343.0,11057161.0,3762619213.0,TWSE STOCK_DAY,https://www.twse.com.tw/rwd/zh/afterTrading/STOCK_DAY?date=20240101&stockNo=3017&response=json,2024-01-16 14:00 Asia/Taipei,premarket trade_date may only use row.date < trade_date
2024-01-16,3189,景碩,97.0,97.9,96.3,97.9,1325033.0,128964142.0,TWSE STOCK_DAY,https://www.twse.com.tw/rwd/zh/afterTrading/STOCK_DAY?date=20240101&stockNo=3189&response=json,2024-01-16 14:00 Asia/Taipei,premarket trade_date may only use row.date < trade_date
2024-01-16,3443,創意,1765.0,1780.0,1730.0,1735.0,3048883.0,5346657840.0,TWSE STOCK_DAY,https://www.twse.com.tw/rwd/zh/afterTrading/STOCK_DAY?date=20240101&stockNo=3443&response=json,2024-01-16 14:00 Asia/Taipei,premarket trade_date may only use row.date < trade_date
2024-01-16,6526,達發,528.0,528.0,513.0,517.0,961125.0,498492803.0,TWSE STOCK_DAY,https://www.twse.com.tw/rwd/zh/afterTrading/STOCK_DAY?date=20240101&stockNo=6526&response=json,2024-01-16 14:00 Asia/Taipei,premarket trade_date may only use row.date < trade_date
2024-01-17,2345,智邦,506.0,515.0,506.0,509.0,2564998.0,1307016247.0,TWSE STOCK_DAY,https://www.twse.com.tw/rwd/zh/afterTrading/STOCK_DAY?date=20240101&stockNo=2345&response=json,2024-01-17 14:00 Asia/Taipei,premarket trade_date may only use row.date < trade_date
2024-01-17,3017,奇鋐,345.0,357.0,343.0,343.5,17875518.0,6237998656.0,TWSE STOCK_DAY,https://www.twse.com.tw/rwd/zh/afterTrading/STOCK_DAY?date=20240101&stockNo=3017&response=json,2024-01-17 14:00 Asia/Taipei,premarket trade_date may only use row.date < trade_date
2024-01-17,3189,景碩,97.5,98.0,95.8,96.0,2536833.0,245258092.0,TWSE STOCK_DAY,https://www.twse.com.tw/rwd/zh/afterTrading/STOCK_DAY?date=20240101&stockNo=3189&response=json,2024-01-17 14:00 Asia/Taipei,premarket trade_date may only use row.date < trade_date
2024-01-17,3443,創意,1740.0,1750.0,1680.0,1680.0,3077465.0,5258626410.0,TWSE STOCK_DAY,https://www.twse.com.tw/rwd/zh/afterTrading/STOCK_DAY?date=20240101&stockNo=3443&response=json,2024-01-17 14:00 Asia/Taipei,premarket trade_date may only use row.date < trade_date
2024-01-17,6526,達發,514.0,527.0,514.0,517.0,555445.0,288750963.0,TWSE STOCK_DAY,https://www.twse.com.tw/rwd/zh/afterTrading/STOCK_DAY?date=20240101&stockNo=6526&response=json,2024-01-17 14:00 Asia/Taipei,premarket trade_date may only use row.date < trade_date
2024-01-18,2345,智邦,510.0,514.0,502.0,504.0,2153614.0,1089438049.0,TWSE STOCK_DAY,https://www.twse.com.tw/rwd/zh/afterTrading/STOCK_DAY?date=20240101&stockNo=2345&response=json,2024-01-18 14:00 Asia/Taipei,premarket trade_date may only use row.date < trade_date
2024-01-18,3017,奇鋐,344.0,354.0,334.0,334.5,15230579.0,5206735098.0,TWSE STOCK_DAY,https://www.twse.com.tw/rwd/zh/afterTrading/STOCK_DAY?date=20240101&stockNo=3017&response=json,2024-01-18 14:00 Asia/Taipei,premarket trade_date may only use row.date < trade_date
2024-01-18,3189,景碩,96.5,96.7,94.8,95.7,1690399.0,161546432.0,TWSE STOCK_DAY,https://www.twse.com.tw/rwd/zh/afterTrading/STOCK_DAY?date=20240101&stockNo=3189&response=json,2024-01-18 14:00 Asia/Taipei,premarket trade_date may only use row.date < trade_date
2024-01-18,3443,創意,1700.0,1750.0,1695.0,1725.0,3412028.0,5872779885.0,TWSE STOCK_DAY,https://www.twse.com.tw/rwd/zh/afterTrading/STOCK_DAY?date=20240101&stockNo=3443&response=json,2024-01-18 14:00 Asia/Taipei,premarket trade_date may only use row.date < trade_date
2024-01-18,6526,達發,517.0,546.0,517.0,538.0,1106677.0,593263265.0,TWSE STOCK_DAY,https://www.twse.com.tw/rwd/zh/afterTrading/STOCK_DAY?date=20240101&stockNo=6526&response=json,2024-01-18 14:00 Asia/Taipei,premarket trade_date may only use row.date < trade_date
2024-01-19,2345,智邦,510.0,520.0,506.0,517.0,1942377.0,998869160.0,TWSE STOCK_DAY,https://www.twse.com.tw/rwd/zh/afterTrading/STOCK_DAY?date=20240101&stockNo=2345&response=json,2024-01-19 14:00 Asia/Taipei,premarket trade_date may only use row.date < trade_date
2024-01-19,3017,奇鋐,342.0,347.5,338.5,346.0,11657582.0,4006338629.0,TWSE STOCK_DAY,https://www.twse.com.tw/rwd/zh/afterTrading/STOCK_DAY?date=20240101&stockNo=3017&response=json,2024-01-19 14:00 Asia/Taipei,premarket trade_date may only use row.date < trade_date
2024-01-19,3189,景碩,96.4,98.5,96.4,98.4,1818079.0,177875130.0,TWSE STOCK_DAY,https://www.twse.com.tw/rwd/zh/afterTrading/STOCK_DAY?date=20240101&stockNo=3189&response=json,2024-01-19 14:00 Asia/Taipei,premarket trade_date may only use row.date < trade_date
2024-01-19,3443,創意,1765.0,1780.0,1665.0,1675.0,6253266.0,10710685725.0,TWSE STOCK_DAY,https://www.twse.com.tw/rwd/zh/afterTrading/STOCK_DAY?date=20240101&stockNo=3443&response=json,2024-01-19 14:00 Asia/Taipei,premarket trade_date may only use row.date < trade_date
2024-01-19,6526,達發,547.0,549.0,533.0,538.0,666845.0,360357975.0,TWSE STOCK_DAY,https://www.twse.com.tw/rwd/zh/afterTrading/STOCK_DAY?date=20240101&stockNo=6526&response=json,2024-01-19 14:00 Asia/Taipei,premarket trade_date may only use row.date < trade_date
2024-01-22,2345,智邦,528.0,543.0,519.0,542.0,3970319.0,2130609619.0,TWSE STOCK_DAY,https://www.twse.com.tw/rwd/zh/afterTrading/STOCK_DAY?date=20240101&stockNo=2345&response=json,2024-01-22 14:00 Asia/Taipei,premarket trade_date may only use row.date < trade_date
2024-01-22,3017,奇鋐,355.0,380.5,354.5,380.5,26832620.0,9943969303.0,TWSE STOCK_DAY,https://www.twse.com.tw/rwd/zh/afterTrading/STOCK_DAY?date=20240101&stockNo=3017&response=json,2024-01-22 14:00 Asia/Taipei,premarket trade_date may only use row.date < trade_date
2024-01-22,3189,景碩,98.7,100.5,98.7,100.0,3206672.0,319786219.0,TWSE STOCK_DAY,https://www.twse.com.tw/rwd/zh/afterTrading/STOCK_DAY?date=20240101&stockNo=3189&response=json,2024-01-22 14:00 Asia/Taipei,premarket trade_date may only use row.date < trade_date
2024-01-22,3443,創意,1710.0,1770.0,1685.0,1715.0,5064453.0,8747434770.0,TWSE STOCK_DAY,https://www.twse.com.tw/rwd/zh/afterTrading/STOCK_DAY?date=20240101&stockNo=3443&response=json,2024-01-22 14:00 Asia/Taipei,premarket trade_date may only use row.date < trade_date
2024-01-22,6526,達發,542.0,546.0,535.0,536.0,496751.0,268068117.0,TWSE STOCK_DAY,https://www.twse.com.tw/rwd/zh/afterTrading/STOCK_DAY?date=20240101&stockNo=6526&response=json,2024-01-22 14:00 Asia/Taipei,premarket trade_date may only use row.date < trade_date
2024-01-23,2345,智邦,539.0,541.0,522.0,522.0,2767511.0,1461370341.0,TWSE STOCK_DAY,https://www.twse.com.tw/rwd/zh/afterTrading/STOCK_DAY?date=20240101&stockNo=2345&response=json,2024-01-23 14:00 Asia/Taipei,premarket trade_date may only use row.date < trade_date
2024-01-23,3017,奇鋐,387.5,389.5,376.0,386.5,18910061.0,7250797342.0,TWSE STOCK_DAY,https://www.twse.com.tw/rwd/zh/afterTrading/STOCK_DAY?date=20240101&stockNo=3017&response=json,2024-01-23 14:00 Asia/Taipei,premarket trade_date may only use row.date < trade_date
2024-01-23,3189,景碩,101.5,102.5,100.5,101.5,4900565.0,497279990.0,TWSE STOCK_DAY,https://www.twse.com.tw/rwd/zh/afterTrading/STOCK_DAY?date=20240101&stockNo=3189&response=json,2024-01-23 14:00 Asia/Taipei,premarket trade_date may only use row.date < trade_date
2024-01-23,3443,創意,1725.0,1780.0,1705.0,1705.0,5264899.0,9147756755.0,TWSE STOCK_DAY,https://www.twse.com.tw/rwd/zh/afterTrading/STOCK_DAY?date=20240101&stockNo=3443&response=json,2024-01-23 14:00 Asia/Taipei,premarket trade_date may only use row.date < trade_date
2024-01-23,6526,達發,536.0,543.0,532.0,543.0,308516.0,166196009.0,TWSE STOCK_DAY,https://www.twse.com.tw/rwd/zh/afterTrading/STOCK_DAY?date=20240101&stockNo=6526&response=json,2024-01-23 14:00 Asia/Taipei,premarket trade_date may only use row.date < trade_date
2024-01-24,2345,智邦,520.0,526.0,516.0,522.0,1839402.0,959575703.0,TWSE STOCK_DAY,https://www.twse.com.tw/rwd/zh/afterTrading/STOCK_DAY?date=20240101&stockNo=2345&response=json,2024-01-24 14:00 Asia/Taipei,premarket trade_date may only use row.date < trade_date
2024-01-24,3017,奇鋐,387.0,390.5,379.0,387.5,11338787.0,4372704016.0,TWSE STOCK_DAY,https://www.twse.com.tw/rwd/zh/afterTrading/STOCK_DAY?date=20240101&stockNo=3017&response=json,2024-01-24 14:00 Asia/Taipei,premarket trade_date may only use row.date < trade_date
2024-01-24,3189,景碩,101.5,102.0,100.0,100.5,2187121.0,220586232.0,TWSE STOCK_DAY,https://www.twse.com.tw/rwd/zh/afterTrading/STOCK_DAY?date=20240101&stockNo=3189&response=json,2024-01-24 14:00 Asia/Taipei,premarket trade_date may only use row.date < trade_date
2024-01-24,3443,創意,1705.0,1720.0,1660.0,1660.0,3522114.0,5927756290.0,TWSE STOCK_DAY,https://www.twse.com.tw/rwd/zh/afterTrading/STOCK_DAY?date=20240101&stockNo=3443&response=json,2024-01-24 14:00 Asia/Taipei,premarket trade_date may only use row.date < trade_date
2024-01-24,6526,達發,547.0,574.0,547.0,569.0,1869340.0,1056264610.0,TWSE STOCK_DAY,https://www.twse.com.tw/rwd/zh/afterTrading/STOCK_DAY?date=20240101&stockNo=6526&response=json,2024-01-24 14:00 Asia/Taipei,premarket trade_date may only use row.date < trade_date
2024-01-25,2345,智邦,521.0,530.0,513.0,513.0,1848091.0,958549117.0,TWSE STOCK_DAY,https://www.twse.com.tw/rwd/zh/afterTrading/STOCK_DAY?date=20240101&stockNo=2345&response=json,2024-01-25 14:00 Asia/Taipei,premarket trade_date may only use row.date < trade_date
2024-01-25,3017,奇鋐,391.0,398.0,383.0,389.5,15589957.0,6087774718.0,TWSE STOCK_DAY,https://www.twse.com.tw/rwd/zh/afterTrading/STOCK_DAY?date=20240101&stockNo=3017&response=json,2024-01-25 14:00 Asia/Taipei,premarket trade_date may only use row.date < trade_date
2024-01-25,3189,景碩,100.5,102.0,100.5,101.0,2351017.0,237605532.0,TWSE STOCK_DAY,https://www.twse.com.tw/rwd/zh/afterTrading/STOCK_DAY?date=20240101&stockNo=3189&response=json,2024-01-25 14:00 Asia/Taipei,premarket trade_date may only use row.date < trade_date
2024-01-25,3443,創意,1640.0,1655.0,1555.0,1555.0,8245861.0,13155397515.0,TWSE STOCK_DAY,https://www.twse.com.tw/rwd/zh/afterTrading/STOCK_DAY?date=20240101&stockNo=3443&response=json,2024-01-25 14:00 Asia/Taipei,premarket trade_date may only use row.date < trade_date
2024-01-25,6526,達發,568.0,588.0,561.0,578.0,1659049.0,959548711.0,TWSE STOCK_DAY,https://www.twse.com.tw/rwd/zh/afterTrading/STOCK_DAY?date=20240101&stockNo=6526&response=json,2024-01-25 14:00 Asia/Taipei,premarket trade_date may only use row.date < trade_date
2024-01-26,2345,智邦,512.0,516.0,509.0,510.0,1104240.0,566321391.0,TWSE STOCK_DAY,https://www.twse.com.tw/rwd/zh/afterTrading/STOCK_DAY?date=20240101&stockNo=2345&response=json,2024-01-26 14:00 Asia/Taipei,premarket trade_date may only use row.date < trade_date
2024-01-26,3017,奇鋐,387.5,387.5,378.0,386.0,7309066.0,2802119979.0,TWSE STOCK_DAY,https://www.twse.com.tw/rwd/zh/afterTrading/STOCK_DAY?date=20240101&stockNo=3017&response=json,2024-01-26 14:00 Asia/Taipei,premarket trade_date may only use row.date < trade_date
2024-01-26,3189,景碩,101.0,101.5,98.6,100.0,2852261.0,285027526.0,TWSE STOCK_DAY,https://www.twse.com.tw/rwd/zh/afterTrading/STOCK_DAY?date=20240101&stockNo=3189&response=json,2024-01-26 14:00 Asia/Taipei,premarket trade_date may only use row.date < trade_date
2024-01-26,3443,創意,1530.0,1575.0,1520.0,1545.0,5397908.0,8350970130.0,TWSE STOCK_DAY,https://www.twse.com.tw/rwd/zh/afterTrading/STOCK_DAY?date=20240101&stockNo=3443&response=json,2024-01-26 14:00 Asia/Taipei,premarket trade_date may only use row.date < trade_date
2024-01-26,6526,達發,576.0,582.0,568.0,572.0,648004.0,371949663.0,TWSE STOCK_DAY,https://www.twse.com.tw/rwd/zh/afterTrading/STOCK_DAY?date=20240101&stockNo=6526&response=json,2024-01-26 14:00 Asia/Taipei,premarket trade_date may only use row.date < trade_date
2024-01-29,2345,智邦,510.0,524.0,508.0,519.0,1299603.0,673579270.0,TWSE STOCK_DAY,https://www.twse.com.tw/rwd/zh/afterTrading/STOCK_DAY?date=20240101&stockNo=2345&response=json,2024-01-29 14:00 Asia/Taipei,premarket trade_date may only use row.date < trade_date
2024-01-29,3017,奇鋐,383.5,393.0,382.0,390.5,7186464.0,2790394983.0,TWSE STOCK_DAY,https://www.twse.com.tw/rwd/zh/afterTrading/STOCK_DAY?date=20240101&stockNo=3017&response=json,2024-01-29 14:00 Asia/Taipei,premarket trade_date may only use row.date < trade_date
2024-01-29,3189,景碩,101.0,103.0,101.0,101.5,3311358.0,337570361.0,TWSE STOCK_DAY,https://www.twse.com.tw/rwd/zh/afterTrading/STOCK_DAY?date=20240101&stockNo=3189&response=json,2024-01-29 14:00 Asia/Taipei,premarket trade_date may only use row.date < trade_date
2024-01-29,3443,創意,1565.0,1595.0,1545.0,1560.0,2953422.0,4634479825.0,TWSE STOCK_DAY,https://www.twse.com.tw/rwd/zh/afterTrading/STOCK_DAY?date=20240101&stockNo=3443&response=json,2024-01-29 14:00 Asia/Taipei,premarket trade_date may only use row.date < trade_date
2024-01-29,6526,達發,575.0,575.0,559.0,568.0,793379.0,449591573.0,TWSE STOCK_DAY,https://www.twse.com.tw/rwd/zh/afterTrading/STOCK_DAY?date=20240101&stockNo=6526&response=json,2024-01-29 14:00 Asia/Taipei,premarket trade_date may only use row.date < trade_date
2024-01-30,2345,智邦,519.0,522.0,511.0,515.0,2338352.0,1206700263.0,TWSE STOCK_DAY,https://www.twse.com.tw/rwd/zh/afterTrading/STOCK_DAY?date=20240101&stockNo=2345&response=json,2024-01-30 14:00 Asia/Taipei,premarket trade_date may only use row.date < trade_date
2024-01-30,3017,奇鋐,400.0,429.5,398.0,429.5,27982617.0,11768380699.0,TWSE STOCK_DAY,https://www.twse.com.tw/rwd/zh/afterTrading/STOCK_DAY?date=20240101&stockNo=3017&response=json,2024-01-30 14:00 Asia/Taipei,premarket trade_date may only use row.date < trade_date
2024-01-30,3189,景碩,103.5,108.0,103.0,103.5,17914510.0,1893074915.0,TWSE STOCK_DAY,https://www.twse.com.tw/rwd/zh/afterTrading/STOCK_DAY?date=20240101&stockNo=3189&response=json,2024-01-30 14:00 Asia/Taipei,premarket trade_date may only use row.date < trade_date
2024-01-30,3443,創意,1575.0,1595.0,1535.0,1565.0,3937547.0,6142387040.0,TWSE STOCK_DAY,https://www.twse.com.tw/rwd/zh/afterTrading/STOCK_DAY?date=20240101&stockNo=3443&response=json,2024-01-30 14:00 Asia/Taipei,premarket trade_date may only use row.date < trade_date
2024-01-30,6526,達發,572.0,588.0,564.0,579.0,1436780.0,831031394.0,TWSE STOCK_DAY,https://www.twse.com.tw/rwd/zh/afterTrading/STOCK_DAY?date=20240101&stockNo=6526&response=json,2024-01-30 14:00 Asia/Taipei,premarket trade_date may only use row.date < trade_date
2024-01-31,2345,智邦,516.0,533.0,514.0,529.0,2361768.0,1247930910.0,TWSE STOCK_DAY,https://www.twse.com.tw/rwd/zh/afterTrading/STOCK_DAY?date=20240101&stockNo=2345&response=json,2024-01-31 14:00 Asia/Taipei,premarket trade_date may only use row.date < trade_date
2024-01-31,3017,奇鋐,424.0,428.0,414.0,425.5,16341597.0,6894067327.0,TWSE STOCK_DAY,https://www.twse.com.tw/rwd/zh/afterTrading/STOCK_DAY?date=20240101&stockNo=3017&response=json,2024-01-31 14:00 Asia/Taipei,premarket trade_date may only use row.date < trade_date
2024-01-31,3189,景碩,102.5,102.5,100.5,100.5,4402368.0,445548316.0,TWSE STOCK_DAY,https://www.twse.com.tw/rwd/zh/afterTrading/STOCK_DAY?date=20240101&stockNo=3189&response=json,2024-01-31 14:00 Asia/Taipei,premarket trade_date may only use row.date < trade_date
2024-01-31,3443,創意,1560.0,1590.0,1545.0,1545.0,2909321.0,4546497150.0,TWSE STOCK_DAY,https://www.twse.com.tw/rwd/zh/afterTrading/STOCK_DAY?date=20240101&stockNo=3443&response=json,2024-01-31 14:00 Asia/Taipei,premarket trade_date may only use row.date < trade_date
2024-01-31,6526,達發,579.0,584.0,565.0,569.0,935445.0,536220455.0,TWSE STOCK_DAY,https://www.twse.com.tw/rwd/zh/afterTrading/STOCK_DAY?date=20240101&stockNo=6526&response=json,2024-01-31 14:00 Asia/Taipei,premarket trade_date may only use row.date < trade_date
2024-02-01,2345,智邦,533.0,544.0,529.0,542.0,2662752.0,1434203367.0,TWSE STOCK_DAY,https://www.twse.com.tw/rwd/zh/afterTrading/STOCK_DAY?date=20240201&stockNo=2345&response=json,2024-02-01 14:00 Asia/Taipei,premarket trade_date may only use row.date < trade_date
2024-02-01,3017,奇鋐,426.5,467.0,425.5,457.5,32579595.0,14605014447.0,TWSE STOCK_DAY,https://www.twse.com.tw/rwd/zh/afterTrading/STOCK_DAY?date=20240201&stockNo=3017&response=json,2024-02-01 14:00 Asia/Taipei,premarket trade_date may only use row.date < trade_date
2024-02-01,3189,景碩,100.0,101.5,99.3,100.5,2359973.0,237000378.0,TWSE STOCK_DAY,https://www.twse.com.tw/rwd/zh/afterTrading/STOCK_DAY?date=20240201&stockNo=3189&response=json,2024-02-01 14:00 Asia/Taipei,premarket trade_date may only use row.date < trade_date
2024-02-01,3443,創意,1535.0,1570.0,1490.0,1545.0,5175386.0,7916711165.0,TWSE STOCK_DAY,https://www.twse.com.tw/rwd/zh/afterTrading/STOCK_DAY?date=20240201&stockNo=3443&response=json,2024-02-01 14:00 Asia/Taipei,premarket trade_date may only use row.date < trade_date
2024-02-01,6526,達發,568.0,570.0,560.0,562.0,545757.0,308122798.0,TWSE STOCK_DAY,https://www.twse.com.tw/rwd/zh/afterTrading/STOCK_DAY?date=20240201&stockNo=6526&response=json,2024-02-01 14:00 Asia/Taipei,premarket trade_date may only use row.date < trade_date
2024-02-02,2345,智邦,548.0,564.0,542.0,562.0,3589295.0,1993265812.0,TWSE STOCK_DAY,https://www.twse.com.tw/rwd/zh/afterTrading/STOCK_DAY?date=20240201&stockNo=2345&response=json,2024-02-02 14:00 Asia/Taipei,premarket trade_date may only use row.date < trade_date
2024-02-02,3017,奇鋐,467.0,484.0,466.5,478.0,20746934.0,9893414568.0,TWSE STOCK_DAY,https://www.twse.com.tw/rwd/zh/afterTrading/STOCK_DAY?date=20240201&stockNo=3017&response=json,2024-02-02 14:00 Asia/Taipei,premarket trade_date may only use row.date < trade_date
2024-02-02,3189,景碩,101.0,103.5,100.5,102.5,3005227.0,306587752.0,TWSE STOCK_DAY,https://www.twse.com.tw/rwd/zh/afterTrading/STOCK_DAY?date=20240201&stockNo=3189&response=json,2024-02-02 14:00 Asia/Taipei,premarket trade_date may only use row.date < trade_date
2024-02-02,3443,創意,1570.0,1605.0,1560.0,1590.0,3949191.0,6261456310.0,TWSE STOCK_DAY,https://www.twse.com.tw/rwd/zh/afterTrading/STOCK_DAY?date=20240201&stockNo=3443&response=json,2024-02-02 14:00 Asia/Taipei,premarket trade_date may only use row.date < trade_date
2024-02-02,6526,達發,566.0,582.0,566.0,577.0,909357.0,523415443.0,TWSE STOCK_DAY,https://www.twse.com.tw/rwd/zh/afterTrading/STOCK_DAY?date=20240201&stockNo=6526&response=json,2024-02-02 14:00 Asia/Taipei,premarket trade_date may only use row.date < trade_date
2024-02-05,2345,智邦,553.0,559.0,536.0,548.0,2841038.0,1550368794.0,TWSE STOCK_DAY,https://www.twse.com.tw/rwd/zh/afterTrading/STOCK_DAY?date=20240201&stockNo=2345&response=json,2024-02-05 14:00 Asia/Taipei,premarket trade_date may only use row.date < trade_date
2024-02-05,3017,奇鋐,478.0,498.5,478.0,485.5,17070681.0,8287176478.0,TWSE STOCK_DAY,https://www.twse.com.tw/rwd/zh/afterTrading/STOCK_DAY?date=20240201&stockNo=3017&response=json,2024-02-05 14:00 Asia/Taipei,premarket trade_date may only use row.date < trade_date
2024-02-05,3189,景碩,102.5,102.5,100.5,101.0,2320964.0,234496485.0,TWSE STOCK_DAY,https://www.twse.com.tw/rwd/zh/afterTrading/STOCK_DAY?date=20240201&stockNo=3189&response=json,2024-02-05 14:00 Asia/Taipei,premarket trade_date may only use row.date < trade_date
2024-02-05,3443,創意,1440.0,1490.0,1435.0,1435.0,9023784.0,13113113140.0,TWSE STOCK_DAY,https://www.twse.com.tw/rwd/zh/afterTrading/STOCK_DAY?date=20240201&stockNo=3443&response=json,2024-02-05 14:00 Asia/Taipei,premarket trade_date may only use row.date < trade_date
2024-02-05,6526,達發,582.0,582.0,566.0,572.0,732396.0,419239588.0,TWSE STOCK_DAY,https://www.twse.com.tw/rwd/zh/afterTrading/STOCK_DAY?date=20240201&stockNo=6526&response=json,2024-02-05 14:00 Asia/Taipei,premarket trade_date may only use row.date < trade_date
2024-02-15,2345,智邦,530.0,539.0,498.0,539.0,12182567.0,6301254444.0,TWSE STOCK_DAY,https://www.twse.com.tw/rwd/zh/afterTrading/STOCK_DAY?date=20240201&stockNo=2345&response=json,2024-02-15 14:00 Asia/Taipei,premarket trade_date may only use row.date < trade_date
2024-02-15,3017,奇鋐,518.0,534.0,514.0,534.0,13292708.0,7013520981.0,TWSE STOCK_DAY,https://www.twse.com.tw/rwd/zh/afterTrading/STOCK_DAY?date=20240201&stockNo=3017&response=json,2024-02-15 14:00 Asia/Taipei,premarket trade_date may only use row.date < trade_date
2024-02-15,3189,景碩,101.5,102.5,100.0,101.0,2639594.0,266920550.0,TWSE STOCK_DAY,https://www.twse.com.tw/rwd/zh/afterTrading/STOCK_DAY?date=20240201&stockNo=3189&response=json,2024-02-15 14:00 Asia/Taipei,premarket trade_date may only use row.date < trade_date
2024-02-15,3443,創意,1470.0,1475.0,1400.0,1460.0,6635500.0,9582835885.0,TWSE STOCK_DAY,https://www.twse.com.tw/rwd/zh/afterTrading/STOCK_DAY?date=20240201&stockNo=3443&response=json,2024-02-15 14:00 Asia/Taipei,premarket trade_date may only use row.date < trade_date
2024-02-15,6526,達發,582.0,602.0,575.0,601.0,3012110.0,1791202329.0,TWSE STOCK_DAY,https://www.twse.com.tw/rwd/zh/afterTrading/STOCK_DAY?date=20240201&stockNo=6526&response=json,2024-02-15 14:00 Asia/Taipei,premarket trade_date may only use row.date < trade_date
2024-02-16,2345,智邦,539.0,558.0,539.0,558.0,3807147.0,2102033530.0,TWSE STOCK_DAY,https://www.twse.com.tw/rwd/zh/afterTrading/STOCK_DAY?date=20240201&stockNo=2345&response=json,2024-02-16 14:00 Asia/Taipei,premarket trade_date may only use row.date < trade_date
2024-02-16,3017,奇鋐,544.0,545.0,499.0,510.0,14032736.0,7273015597.0,TWSE STOCK_DAY,https://www.twse.com.tw/rwd/zh/afterTrading/STOCK_DAY?date=20240201&stockNo=3017&response=json,2024-02-16 14:00 Asia/Taipei,premarket trade_date may only use row.date < trade_date
2024-02-16,3189,景碩,101.5,103.0,101.5,102.0,1774101.0,181463179.0,TWSE STOCK_DAY,https://www.twse.com.tw/rwd/zh/afterTrading/STOCK_DAY?date=20240201&stockNo=3189&response=json,2024-02-16 14:00 Asia/Taipei,premarket trade_date may only use row.date < trade_date
2024-02-16,3443,創意,1465.0,1525.0,1450.0,1520.0,5506832.0,8286838990.0,TWSE STOCK_DAY,https://www.twse.com.tw/rwd/zh/afterTrading/STOCK_DAY?date=20240201&stockNo=3443&response=json,2024-02-16 14:00 Asia/Taipei,premarket trade_date may only use row.date < trade_date
2024-02-16,6526,達發,610.0,610.0,594.0,600.0,954392.0,573137335.0,TWSE STOCK_DAY,https://www.twse.com.tw/rwd/zh/afterTrading/STOCK_DAY?date=20240201&stockNo=6526&response=json,2024-02-16 14:00 Asia/Taipei,premarket trade_date may only use row.date < trade_date
2024-02-19,2345,智邦,561.0,570.0,554.0,564.0,3841425.0,2166489688.0,TWSE STOCK_DAY,https://www.twse.com.tw/rwd/zh/afterTrading/STOCK_DAY?date=20240201&stockNo=2345&response=json,2024-02-19 14:00 Asia/Taipei,premarket trade_date may only use row.date < trade_date
2024-02-19,3017,奇鋐,509.0,520.0,485.0,486.0,13568028.0,6736353412.0,TWSE STOCK_DAY,https://www.twse.com.tw/rwd/zh/afterTrading/STOCK_DAY?date=20240201&stockNo=3017&response=json,2024-02-19 14:00 Asia/Taipei,premarket trade_date may only use row.date < trade_date
2024-02-19,3189,景碩,103.0,106.5,102.0,104.0,4732488.0,496402148.0,TWSE STOCK_DAY,https://www.twse.com.tw/rwd/zh/afterTrading/STOCK_DAY?date=20240201&stockNo=3189&response=json,2024-02-19 14:00 Asia/Taipei,premarket trade_date may only use row.date < trade_date
2024-02-19,3443,創意,1530.0,1545.0,1515.0,1525.0,2567619.0,3923509205.0,TWSE STOCK_DAY,https://www.twse.com.tw/rwd/zh/afterTrading/STOCK_DAY?date=20240201&stockNo=3443&response=json,2024-02-19 14:00 Asia/Taipei,premarket trade_date may only use row.date < trade_date
2024-02-19,6526,達發,597.0,599.0,586.0,591.0,871253.0,514711665.0,TWSE STOCK_DAY,https://www.twse.com.tw/rwd/zh/afterTrading/STOCK_DAY?date=20240201&stockNo=6526&response=json,2024-02-19 14:00 Asia/Taipei,premarket trade_date may only use row.date < trade_date
2024-02-20,2345,智邦,561.0,580.0,559.0,569.0,3315023.0,1887292677.0,TWSE STOCK_DAY,https://www.twse.com.tw/rwd/zh/afterTrading/STOCK_DAY?date=20240201&stockNo=2345&response=json,2024-02-20 14:00 Asia/Taipei,premarket trade_date may only use row.date < trade_date
2024-02-20,3017,奇鋐,485.0,491.5,468.0,483.0,12216718.0,5854142063.0,TWSE STOCK_DAY,https://www.twse.com.tw/rwd/zh/afterTrading/STOCK_DAY?date=20240201&stockNo=3017&response=json,2024-02-20 14:00 Asia/Taipei,premarket trade_date may only use row.date < trade_date
2024-02-20,3189,景碩,105.0,105.0,101.5,102.0,2681152.0,275847196.0,TWSE STOCK_DAY,https://www.twse.com.tw/rwd/zh/afterTrading/STOCK_DAY?date=20240201&stockNo=3189&response=json,2024-02-20 14:00 Asia/Taipei,premarket trade_date may only use row.date < trade_date
2024-02-20,3443,創意,1530.0,1570.0,1520.0,1560.0,3012145.0,4676636065.0,TWSE STOCK_DAY,https://www.twse.com.tw/rwd/zh/afterTrading/STOCK_DAY?date=20240201&stockNo=3443&response=json,2024-02-20 14:00 Asia/Taipei,premarket trade_date may only use row.date < trade_date
2024-02-20,6526,達發,592.0,606.0,590.0,598.0,994347.0,595760742.0,TWSE STOCK_DAY,https://www.twse.com.tw/rwd/zh/afterTrading/STOCK_DAY?date=20240201&stockNo=6526&response=json,2024-02-20 14:00 Asia/Taipei,premarket trade_date may only use row.date < trade_date
2024-02-21,2345,智邦,555.0,561.0,542.0,547.0,2987196.0,1638717484.0,TWSE STOCK_DAY,https://www.twse.com.tw/rwd/zh/afterTrading/STOCK_DAY?date=20240201&stockNo=2345&response=json,2024-02-21 14:00 Asia/Taipei,premarket trade_date may only use row.date < trade_date
2024-02-21,3017,奇鋐,479.5,498.0,476.0,495.0,9880469.0,4828611764.0,TWSE STOCK_DAY,https://www.twse.com.tw/rwd/zh/afterTrading/STOCK_DAY?date=20240201&stockNo=3017&response=json,2024-02-21 14:00 Asia/Taipei,premarket trade_date may only use row.date < trade_date
2024-02-21,3189,景碩,102.5,103.0,101.0,101.5,2240319.0,228001970.0,TWSE STOCK_DAY,https://www.twse.com.tw/rwd/zh/afterTrading/STOCK_DAY?date=20240201&stockNo=3189&response=json,2024-02-21 14:00 Asia/Taipei,premarket trade_date may only use row.date < trade_date
2024-02-21,3443,創意,1540.0,1560.0,1465.0,1470.0,4641919.0,6957879450.0,TWSE STOCK_DAY,https://www.twse.com.tw/rwd/zh/afterTrading/STOCK_DAY?date=20240201&stockNo=3443&response=json,2024-02-21 14:00 Asia/Taipei,premarket trade_date may only use row.date < trade_date
2024-02-21,6526,達發,600.0,602.0,594.0,595.0,505236.0,302089163.0,TWSE STOCK_DAY,https://www.twse.com.tw/rwd/zh/afterTrading/STOCK_DAY?date=20240201&stockNo=6526&response=json,2024-02-21 14:00 Asia/Taipei,premarket trade_date may only use row.date < trade_date
2024-02-22,2345,智邦,550.0,555.0,526.0,535.0,4347276.0,2328747230.0,TWSE STOCK_DAY,https://www.twse.com.tw/rwd/zh/afterTrading/STOCK_DAY?date=20240201&stockNo=2345&response=json,2024-02-22 14:00 Asia/Taipei,premarket trade_date may only use row.date < trade_date
2024-02-22,3017,奇鋐,533.0,535.0,507.0,520.0,13992424.0,7331191778.0,TWSE STOCK_DAY,https://www.twse.com.tw/rwd/zh/afterTrading/STOCK_DAY?date=20240201&stockNo=3017&response=json,2024-02-22 14:00 Asia/Taipei,premarket trade_date may only use row.date < trade_date
2024-02-22,3189,景碩,102.0,102.5,100.5,100.5,1484290.0,150211976.0,TWSE STOCK_DAY,https://www.twse.com.tw/rwd/zh/afterTrading/STOCK_DAY?date=20240201&stockNo=3189&response=json,2024-02-22 14:00 Asia/Taipei,premarket trade_date may only use row.date < trade_date
2024-02-22,3443,創意,1495.0,1510.0,1465.0,1465.0,3020881.0,4478782550.0,TWSE STOCK_DAY,https://www.twse.com.tw/rwd/zh/afterTrading/STOCK_DAY?date=20240201&stockNo=3443&response=json,2024-02-22 14:00 Asia/Taipei,premarket trade_date may only use row.date < trade_date
2024-02-22,6526,達發,602.0,654.0,600.0,650.0,4511419.0,2876518624.0,TWSE STOCK_DAY,https://www.twse.com.tw/rwd/zh/afterTrading/STOCK_DAY?date=20240201&stockNo=6526&response=json,2024-02-22 14:00 Asia/Taipei,premarket trade_date may only use row.date < trade_date
2024-02-23,2345,智邦,545.0,550.0,531.0,532.0,3028269.0,1629757016.0,TWSE STOCK_DAY,https://www.twse.com.tw/rwd/zh/afterTrading/STOCK_DAY?date=20240201&stockNo=2345&response=json,2024-02-23 14:00 Asia/Taipei,premarket trade_date may only use row.date < trade_date
2024-02-23,3017,奇鋐,520.0,523.0,497.0,498.5,14461689.0,7333275603.0,TWSE STOCK_DAY,https://www.twse.com.tw/rwd/zh/afterTrading/STOCK_DAY?date=20240201&stockNo=3017&response=json,2024-02-23 14:00 Asia/Taipei,premarket trade_date may only use row.date < trade_date
2024-02-23,3189,景碩,101.0,101.5,98.8,98.8,3002620.0,299578779.0,TWSE STOCK_DAY,https://www.twse.com.tw/rwd/zh/afterTrading/STOCK_DAY?date=20240201&stockNo=3189&response=json,2024-02-23 14:00 Asia/Taipei,premarket trade_date may only use row.date < trade_date
2024-02-23,3443,創意,1495.0,1510.0,1445.0,1455.0,2802436.0,4120444275.0,TWSE STOCK_DAY,https://www.twse.com.tw/rwd/zh/afterTrading/STOCK_DAY?date=20240201&stockNo=3443&response=json,2024-02-23 14:00 Asia/Taipei,premarket trade_date may only use row.date < trade_date
2024-02-23,6526,達發,658.0,693.0,656.0,688.0,4955681.0,3355307792.0,TWSE STOCK_DAY,https://www.twse.com.tw/rwd/zh/afterTrading/STOCK_DAY?date=20240201&stockNo=6526&response=json,2024-02-23 14:00 Asia/Taipei,premarket trade_date may only use row.date < trade_date
2024-02-26,2345,智邦,535.0,544.0,514.0,520.0,6298390.0,3278955327.0,TWSE STOCK_DAY,https://www.twse.com.tw/rwd/zh/afterTrading/STOCK_DAY?date=20240201&stockNo=2345&response=json,2024-02-26 14:00 Asia/Taipei,premarket trade_date may only use row.date < trade_date
2024-02-26,3017,奇鋐,498.5,504.0,487.0,500.0,8161877.0,4048613416.0,TWSE STOCK_DAY,https://www.twse.com.tw/rwd/zh/afterTrading/STOCK_DAY?date=20240201&stockNo=3017&response=json,2024-02-26 14:00 Asia/Taipei,premarket trade_date may only use row.date < trade_date
2024-02-26,3189,景碩,98.8,100.5,98.8,99.2,2176444.0,216961426.0,TWSE STOCK_DAY,https://www.twse.com.tw/rwd/zh/afterTrading/STOCK_DAY?date=20240201&stockNo=3189&response=json,2024-02-26 14:00 Asia/Taipei,premarket trade_date may only use row.date < trade_date
2024-02-26,3443,創意,1460.0,1470.0,1430.0,1445.0,1888894.0,2734145505.0,TWSE STOCK_DAY,https://www.twse.com.tw/rwd/zh/afterTrading/STOCK_DAY?date=20240201&stockNo=3443&response=json,2024-02-26 14:00 Asia/Taipei,premarket trade_date may only use row.date < trade_date
2024-02-26,6526,達發,685.0,709.0,669.0,699.0,3286678.0,2271451314.0,TWSE STOCK_DAY,https://www.twse.com.tw/rwd/zh/afterTrading/STOCK_DAY?date=20240201&stockNo=6526&response=json,2024-02-26 14:00 Asia/Taipei,premarket trade_date may only use row.date < trade_date
2024-02-27,2345,智邦,515.0,518.0,500.0,502.0,6291991.0,3170976229.0,TWSE STOCK_DAY,https://www.twse.com.tw/rwd/zh/afterTrading/STOCK_DAY?date=20240201&stockNo=2345&response=json,2024-02-27 14:00 Asia/Taipei,premarket trade_date may only use row.date < trade_date
2024-02-27,3017,奇鋐,505.0,519.0,487.0,508.0,14174882.0,7189882970.0,TWSE STOCK_DAY,https://www.twse.com.tw/rwd/zh/afterTrading/STOCK_DAY?date=20240201&stockNo=3017&response=json,2024-02-27 14:00 Asia/Taipei,premarket trade_date may only use row.date < trade_date
2024-02-27,3189,景碩,99.9,99.9,96.0,96.2,4607292.0,447385225.0,TWSE STOCK_DAY,https://www.twse.com.tw/rwd/zh/afterTrading/STOCK_DAY?date=20240201&stockNo=3189&response=json,2024-02-27 14:00 Asia/Taipei,premarket trade_date may only use row.date < trade_date
2024-02-27,3443,創意,1460.0,1510.0,1450.0,1470.0,3579285.0,5302897550.0,TWSE STOCK_DAY,https://www.twse.com.tw/rwd/zh/afterTrading/STOCK_DAY?date=20240201&stockNo=3443&response=json,2024-02-27 14:00 Asia/Taipei,premarket trade_date may only use row.date < trade_date
2024-02-27,6526,達發,703.0,710.0,679.0,693.0,2275956.0,1579606645.0,TWSE STOCK_DAY,https://www.twse.com.tw/rwd/zh/afterTrading/STOCK_DAY?date=20240201&stockNo=6526&response=json,2024-02-27 14:00 Asia/Taipei,premarket trade_date may only use row.date < trade_date
2024-02-29,2345,智邦,505.0,519.0,498.0,519.0,5187190.0,2632545872.0,TWSE STOCK_DAY,https://www.twse.com.tw/rwd/zh/afterTrading/STOCK_DAY?date=20240201&stockNo=2345&response=json,2024-02-29 14:00 Asia/Taipei,premarket trade_date may only use row.date < trade_date
2024-02-29,3017,奇鋐,504.0,541.0,500.0,532.0,18212133.0,9589011214.0,TWSE STOCK_DAY,https://www.twse.com.tw/rwd/zh/afterTrading/STOCK_DAY?date=20240201&stockNo=3017&response=json,2024-02-29 14:00 Asia/Taipei,premarket trade_date may only use row.date < trade_date
2024-02-29,3189,景碩,96.4,97.4,95.4,96.7,2775282.0,268057266.0,TWSE STOCK_DAY,https://www.twse.com.tw/rwd/zh/afterTrading/STOCK_DAY?date=20240201&stockNo=3189&response=json,2024-02-29 14:00 Asia/Taipei,premarket trade_date may only use row.date < trade_date
2024-02-29,3443,創意,1480.0,1590.0,1460.0,1590.0,6279143.0,9707204880.0,TWSE STOCK_DAY,https://www.twse.com.tw/rwd/zh/afterTrading/STOCK_DAY?date=20240201&stockNo=3443&response=json,2024-02-29 14:00 Asia/Taipei,premarket trade_date may only use row.date < trade_date
2024-02-29,6526,達發,700.0,707.0,684.0,692.0,2514547.0,1741795900.0,TWSE STOCK_DAY,https://www.twse.com.tw/rwd/zh/afterTrading/STOCK_DAY?date=20240201&stockNo=6526&response=json,2024-02-29 14:00 Asia/Taipei,premarket trade_date may only use row.date < trade_date
2024-03-01,2345,智邦,510.0,512.0,504.0,504.0,2979475.0,1511002708.0,TWSE STOCK_DAY,https://www.twse.com.tw/rwd/zh/afterTrading/STOCK_DAY?date=20240301&stockNo=2345&response=json,2024-03-01 14:00 Asia/Taipei,premarket trade_date may only use row.date < trade_date
2024-03-01,3017,奇鋐,539.0,558.0,524.0,539.0,18450179.0,9999535676.0,TWSE STOCK_DAY,https://www.twse.com.tw/rwd/zh/afterTrading/STOCK_DAY?date=20240301&stockNo=3017&response=json,2024-03-01 14:00 Asia/Taipei,premarket trade_date may only use row.date < trade_date
2024-03-01,3189,景碩,97.2,98.5,96.7,96.9,2461478.0,240002303.0,TWSE STOCK_DAY,https://www.twse.com.tw/rwd/zh/afterTrading/STOCK_DAY?date=20240301&stockNo=3189&response=json,2024-03-01 14:00 Asia/Taipei,premarket trade_date may only use row.date < trade_date
2024-03-01,3443,創意,1590.0,1615.0,1560.0,1580.0,3908398.0,6202622055.0,TWSE STOCK_DAY,https://www.twse.com.tw/rwd/zh/afterTrading/STOCK_DAY?date=20240301&stockNo=3443&response=json,2024-03-01 14:00 Asia/Taipei,premarket trade_date may only use row.date < trade_date
2024-03-01,6526,達發,692.0,700.0,680.0,681.0,1166240.0,801804199.0,TWSE STOCK_DAY,https://www.twse.com.tw/rwd/zh/afterTrading/STOCK_DAY?date=20240301&stockNo=6526&response=json,2024-03-01 14:00 Asia/Taipei,premarket trade_date may only use row.date < trade_date
2024-03-04,2345,智邦,509.0,516.0,508.0,508.0,2158331.0,1103073030.0,TWSE STOCK_DAY,https://www.twse.com.tw/rwd/zh/afterTrading/STOCK_DAY?date=20240301&stockNo=2345&response=json,2024-03-04 14:00 Asia/Taipei,premarket trade_date may only use row.date < trade_date
2024-03-04,3017,奇鋐,552.0,564.0,550.0,554.0,12721387.0,7084686386.0,TWSE STOCK_DAY,https://www.twse.com.tw/rwd/zh/afterTrading/STOCK_DAY?date=20240301&stockNo=3017&response=json,2024-03-04 14:00 Asia/Taipei,premarket trade_date may only use row.date < trade_date
2024-03-04,3189,景碩,97.6,97.7,96.8,96.8,2017607.0,195813488.0,TWSE STOCK_DAY,https://www.twse.com.tw/rwd/zh/afterTrading/STOCK_DAY?date=20240301&stockNo=3189&response=json,2024-03-04 14:00 Asia/Taipei,premarket trade_date may only use row.date < trade_date
2024-03-04,3443,創意,1610.0,1620.0,1535.0,1545.0,3319561.0,5218967140.0,TWSE STOCK_DAY,https://www.twse.com.tw/rwd/zh/afterTrading/STOCK_DAY?date=20240301&stockNo=3443&response=json,2024-03-04 14:00 Asia/Taipei,premarket trade_date may only use row.date < trade_date
2024-03-04,6526,達發,686.0,698.0,681.0,681.0,1125028.0,775433024.0,TWSE STOCK_DAY,https://www.twse.com.tw/rwd/zh/afterTrading/STOCK_DAY?date=20240301&stockNo=6526&response=json,2024-03-04 14:00 Asia/Taipei,premarket trade_date may only use row.date < trade_date
2024-03-05,2345,智邦,509.0,520.0,505.0,514.0,3302461.0,1697355551.0,TWSE STOCK_DAY,https://www.twse.com.tw/rwd/zh/afterTrading/STOCK_DAY?date=20240301&stockNo=2345&response=json,2024-03-05 14:00 Asia/Taipei,premarket trade_date may only use row.date < trade_date
2024-03-05,3017,奇鋐,558.0,585.0,543.0,585.0,15769902.0,8959590115.0,TWSE STOCK_DAY,https://www.twse.com.tw/rwd/zh/afterTrading/STOCK_DAY?date=20240301&stockNo=3017&response=json,2024-03-05 14:00 Asia/Taipei,premarket trade_date may only use row.date < trade_date
2024-03-05,3189,景碩,97.0,97.7,96.1,96.2,1890992.0,182306205.0,TWSE STOCK_DAY,https://www.twse.com.tw/rwd/zh/afterTrading/STOCK_DAY?date=20240301&stockNo=3189&response=json,2024-03-05 14:00 Asia/Taipei,premarket trade_date may only use row.date < trade_date
2024-03-05,3443,創意,1560.0,1595.0,1550.0,1565.0,2421514.0,3800125905.0,TWSE STOCK_DAY,https://www.twse.com.tw/rwd/zh/afterTrading/STOCK_DAY?date=20240301&stockNo=3443&response=json,2024-03-05 14:00 Asia/Taipei,premarket trade_date may only use row.date < trade_date
2024-03-05,6526,達發,691.0,696.0,677.0,677.0,1064521.0,727089716.0,TWSE STOCK_DAY,https://www.twse.com.tw/rwd/zh/afterTrading/STOCK_DAY?date=20240301&stockNo=6526&response=json,2024-03-05 14:00 Asia/Taipei,premarket trade_date may only use row.date < trade_date
2024-03-06,2345,智邦,509.0,517.0,503.0,515.0,2523374.0,1294096989.0,TWSE STOCK_DAY,https://www.twse.com.tw/rwd/zh/afterTrading/STOCK_DAY?date=20240301&stockNo=2345&response=json,2024-03-06 14:00 Asia/Taipei,premarket trade_date may only use row.date < trade_date
2024-03-06,3017,奇鋐,583.0,634.0,581.0,630.0,22361996.0,13726954207.0,TWSE STOCK_DAY,https://www.twse.com.tw/rwd/zh/afterTrading/STOCK_DAY?date=20240301&stockNo=3017&response=json,2024-03-06 14:00 Asia/Taipei,premarket trade_date may only use row.date < trade_date
2024-03-06,3189,景碩,96.2,96.3,95.0,95.1,2597550.0,247686954.0,TWSE STOCK_DAY,https://www.twse.com.tw/rwd/zh/afterTrading/STOCK_DAY?date=20240301&stockNo=3189&response=json,2024-03-06 14:00 Asia/Taipei,premarket trade_date may only use row.date < trade_date
2024-03-06,3443,創意,1560.0,1575.0,1520.0,1525.0,2076284.0,3189186095.0,TWSE STOCK_DAY,https://www.twse.com.tw/rwd/zh/afterTrading/STOCK_DAY?date=20240301&stockNo=3443&response=json,2024-03-06 14:00 Asia/Taipei,premarket trade_date may only use row.date < trade_date
2024-03-06,6526,達發,675.0,686.0,673.0,677.0,922674.0,626327162.0,TWSE STOCK_DAY,https://www.twse.com.tw/rwd/zh/afterTrading/STOCK_DAY?date=20240301&stockNo=6526&response=json,2024-03-06 14:00 Asia/Taipei,premarket trade_date may only use row.date < trade_date
2024-03-07,2345,智邦,511.0,529.0,504.0,507.0,4367994.0,2237285763.0,TWSE STOCK_DAY,https://www.twse.com.tw/rwd/zh/afterTrading/STOCK_DAY?date=20240301&stockNo=2345&response=json,2024-03-07 14:00 Asia/Taipei,premarket trade_date may only use row.date < trade_date
2024-03-07,3017,奇鋐,637.0,659.0,587.0,599.0,25316264.0,15555234842.0,TWSE STOCK_DAY,https://www.twse.com.tw/rwd/zh/afterTrading/STOCK_DAY?date=20240301&stockNo=3017&response=json,2024-03-07 14:00 Asia/Taipei,premarket trade_date may only use row.date < trade_date
2024-03-07,3189,景碩,95.5,95.5,93.8,93.8,3058272.0,288375806.0,TWSE STOCK_DAY,https://www.twse.com.tw/rwd/zh/afterTrading/STOCK_DAY?date=20240301&stockNo=3189&response=json,2024-03-07 14:00 Asia/Taipei,premarket trade_date may only use row.date < trade_date
2024-03-07,3443,創意,1540.0,1565.0,1480.0,1550.0,3240710.0,4954805495.0,TWSE STOCK_DAY,https://www.twse.com.tw/rwd/zh/afterTrading/STOCK_DAY?date=20240301&stockNo=3443&response=json,2024-03-07 14:00 Asia/Taipei,premarket trade_date may only use row.date < trade_date
2024-03-07,6526,達發,702.0,717.0,671.0,671.0,3544770.0,2453779329.0,TWSE STOCK_DAY,https://www.twse.com.tw/rwd/zh/afterTrading/STOCK_DAY?date=20240301&stockNo=6526&response=json,2024-03-07 14:00 Asia/Taipei,premarket trade_date may only use row.date < trade_date
2024-03-08,2345,智邦,515.0,517.0,484.5,491.0,8924138.0,4424795116.0,TWSE STOCK_DAY,https://www.twse.com.tw/rwd/zh/afterTrading/STOCK_DAY?date=20240301&stockNo=2345&response=json,2024-03-08 14:00 Asia/Taipei,premarket trade_date may only use row.date < trade_date
2024-03-08,3017,奇鋐,604.0,621.0,572.0,574.0,20866723.0,12353020701.0,TWSE STOCK_DAY,https://www.twse.com.tw/rwd/zh/afterTrading/STOCK_DAY?date=20240301&stockNo=3017&response=json,2024-03-08 14:00 Asia/Taipei,premarket trade_date may only use row.date < trade_date
2024-03-08,3189,景碩,94.0,97.8,93.9,97.0,5875814.0,567767322.0,TWSE STOCK_DAY,https://www.twse.com.tw/rwd/zh/afterTrading/STOCK_DAY?date=20240301&stockNo=3189&response=json,2024-03-08 14:00 Asia/Taipei,premarket trade_date may only use row.date < trade_date
2024-03-08,3443,創意,1575.0,1580.0,1485.0,1490.0,2652729.0,4045392640.0,TWSE STOCK_DAY,https://www.twse.com.tw/rwd/zh/afterTrading/STOCK_DAY?date=20240301&stockNo=3443&response=json,2024-03-08 14:00 Asia/Taipei,premarket trade_date may only use row.date < trade_date
2024-03-08,6526,達發,676.0,697.0,645.0,658.0,3061286.0,2055841366.0,TWSE STOCK_DAY,https://www.twse.com.tw/rwd/zh/afterTrading/STOCK_DAY?date=20240301&stockNo=6526&response=json,2024-03-08 14:00 Asia/Taipei,premarket trade_date may only use row.date < trade_date
2024-03-11,2345,智邦,485.0,496.5,476.5,491.0,5163625.0,2518108782.0,TWSE STOCK_DAY,https://www.twse.com.tw/rwd/zh/afterTrading/STOCK_DAY?date=20240301&stockNo=2345&response=json,2024-03-11 14:00 Asia/Taipei,premarket trade_date may only use row.date < trade_date
2024-03-11,3017,奇鋐,567.0,616.0,566.0,585.0,24091625.0,14410866292.0,TWSE STOCK_DAY,https://www.twse.com.tw/rwd/zh/afterTrading/STOCK_DAY?date=20240301&stockNo=3017&response=json,2024-03-11 14:00 Asia/Taipei,premarket trade_date may only use row.date < trade_date
2024-03-11,3189,景碩,97.0,99.2,96.6,98.2,2868693.0,282359959.0,TWSE STOCK_DAY,https://www.twse.com.tw/rwd/zh/afterTrading/STOCK_DAY?date=20240301&stockNo=3189&response=json,2024-03-11 14:00 Asia/Taipei,premarket trade_date may only use row.date < trade_date
2024-03-11,3443,創意,1510.0,1520.0,1470.0,1475.0,1532324.0,2286509330.0,TWSE STOCK_DAY,https://www.twse.com.tw/rwd/zh/afterTrading/STOCK_DAY?date=20240301&stockNo=3443&response=json,2024-03-11 14:00 Asia/Taipei,premarket trade_date may only use row.date < trade_date
2024-03-11,6526,達發,667.0,678.0,659.0,667.0,796221.0,532423855.0,TWSE STOCK_DAY,https://www.twse.com.tw/rwd/zh/afterTrading/STOCK_DAY?date=20240301&stockNo=6526&response=json,2024-03-11 14:00 Asia/Taipei,premarket trade_date may only use row.date < trade_date
2024-03-12,2345,智邦,478.0,486.5,468.0,475.5,8278451.0,3936318458.0,TWSE STOCK_DAY,https://www.twse.com.tw/rwd/zh/afterTrading/STOCK_DAY?date=20240301&stockNo=2345&response=json,2024-03-12 14:00 Asia/Taipei,premarket trade_date may only use row.date < trade_date
2024-03-12,3017,奇鋐,597.0,643.0,592.0,643.0,28886449.0,18007132744.0,TWSE STOCK_DAY,https://www.twse.com.tw/rwd/zh/afterTrading/STOCK_DAY?date=20240301&stockNo=3017&response=json,2024-03-12 14:00 Asia/Taipei,premarket trade_date may only use row.date < trade_date
2024-03-12,3189,景碩,99.3,99.6,96.5,96.7,3881292.0,378730667.0,TWSE STOCK_DAY,https://www.twse.com.tw/rwd/zh/afterTrading/STOCK_DAY?date=20240301&stockNo=3189&response=json,2024-03-12 14:00 Asia/Taipei,premarket trade_date may only use row.date < trade_date
2024-03-12,3443,創意,1490.0,1495.0,1445.0,1445.0,1735073.0,2539002245.0,TWSE STOCK_DAY,https://www.twse.com.tw/rwd/zh/afterTrading/STOCK_DAY?date=20240301&stockNo=3443&response=json,2024-03-12 14:00 Asia/Taipei,premarket trade_date may only use row.date < trade_date
2024-03-12,6526,達發,674.0,674.0,656.0,659.0,775588.0,513019014.0,TWSE STOCK_DAY,https://www.twse.com.tw/rwd/zh/afterTrading/STOCK_DAY?date=20240301&stockNo=6526&response=json,2024-03-12 14:00 Asia/Taipei,premarket trade_date may only use row.date < trade_date
2024-03-13,2345,智邦,472.0,475.5,462.0,465.0,6053959.0,2822943611.0,TWSE STOCK_DAY,https://www.twse.com.tw/rwd/zh/afterTrading/STOCK_DAY?date=20240301&stockNo=2345&response=json,2024-03-13 14:00 Asia/Taipei,premarket trade_date may only use row.date < trade_date
2024-03-13,3017,奇鋐,651.0,677.0,607.0,617.0,35852997.0,22948068201.0,TWSE STOCK_DAY,https://www.twse.com.tw/rwd/zh/afterTrading/STOCK_DAY?date=20240301&stockNo=3017&response=json,2024-03-13 14:00 Asia/Taipei,premarket trade_date may only use row.date < trade_date
2024-03-13,3189,景碩,97.0,97.4,94.6,94.8,2931206.0,279925342.0,TWSE STOCK_DAY,https://www.twse.com.tw/rwd/zh/afterTrading/STOCK_DAY?date=20240301&stockNo=3189&response=json,2024-03-13 14:00 Asia/Taipei,premarket trade_date may only use row.date < trade_date
2024-03-13,3443,創意,1460.0,1465.0,1315.0,1330.0,4545480.0,6229105515.0,TWSE STOCK_DAY,https://www.twse.com.tw/rwd/zh/afterTrading/STOCK_DAY?date=20240301&stockNo=3443&response=json,2024-03-13 14:00 Asia/Taipei,premarket trade_date may only use row.date < trade_date
2024-03-13,6526,達發,666.0,674.0,651.0,651.0,934713.0,615579241.0,TWSE STOCK_DAY,https://www.twse.com.tw/rwd/zh/afterTrading/STOCK_DAY?date=20240301&stockNo=6526&response=json,2024-03-13 14:00 Asia/Taipei,premarket trade_date may only use row.date < trade_date
2024-03-14,2345,智邦,467.0,473.5,460.0,465.5,5475272.0,2551683354.0,TWSE STOCK_DAY,https://www.twse.com.tw/rwd/zh/afterTrading/STOCK_DAY?date=20240301&stockNo=2345&response=json,2024-03-14 14:00 Asia/Taipei,premarket trade_date may only use row.date < trade_date
2024-03-14,3017,奇鋐,582.0,586.0,556.0,556.0,23185072.0,13028570644.0,TWSE STOCK_DAY,https://www.twse.com.tw/rwd/zh/afterTrading/STOCK_DAY?date=20240301&stockNo=3017&response=json,2024-03-14 14:00 Asia/Taipei,premarket trade_date may only use row.date < trade_date
2024-03-14,3189,景碩,94.9,95.6,94.1,94.4,2486336.0,235543616.0,TWSE STOCK_DAY,https://www.twse.com.tw/rwd/zh/afterTrading/STOCK_DAY?date=20240301&stockNo=3189&response=json,2024-03-14 14:00 Asia/Taipei,premarket trade_date may only use row.date < trade_date
2024-03-14,3443,創意,1340.0,1390.0,1320.0,1340.0,3974608.0,5387080640.0,TWSE STOCK_DAY,https://www.twse.com.tw/rwd/zh/afterTrading/STOCK_DAY?date=20240301&stockNo=3443&response=json,2024-03-14 14:00 Asia/Taipei,premarket trade_date may only use row.date < trade_date
2024-03-14,6526,達發,648.0,648.0,621.0,628.0,1307078.0,829013939.0,TWSE STOCK_DAY,https://www.twse.com.tw/rwd/zh/afterTrading/STOCK_DAY?date=20240301&stockNo=6526&response=json,2024-03-14 14:00 Asia/Taipei,premarket trade_date may only use row.date < trade_date
2024-03-15,2345,智邦,459.0,465.0,450.5,454.0,5496297.0,2504829898.0,TWSE STOCK_DAY,https://www.twse.com.tw/rwd/zh/afterTrading/STOCK_DAY?date=20240301&stockNo=2345&response=json,2024-03-15 14:00 Asia/Taipei,premarket trade_date may only use row.date < trade_date
2024-03-15,3017,奇鋐,540.0,605.0,540.0,599.0,29656599.0,17302585914.0,TWSE STOCK_DAY,https://www.twse.com.tw/rwd/zh/afterTrading/STOCK_DAY?date=20240301&stockNo=3017&response=json,2024-03-15 14:00 Asia/Taipei,premarket trade_date may only use row.date < trade_date
2024-03-15,3189,景碩,94.4,95.9,92.0,92.1,5171425.0,479565679.0,TWSE STOCK_DAY,https://www.twse.com.tw/rwd/zh/afterTrading/STOCK_DAY?date=20240301&stockNo=3189&response=json,2024-03-15 14:00 Asia/Taipei,premarket trade_date may only use row.date < trade_date
2024-03-15,3443,創意,1340.0,1420.0,1340.0,1340.0,3398736.0,4657536670.0,TWSE STOCK_DAY,https://www.twse.com.tw/rwd/zh/afterTrading/STOCK_DAY?date=20240301&stockNo=3443&response=json,2024-03-15 14:00 Asia/Taipei,premarket trade_date may only use row.date < trade_date
2024-03-15,6526,達發,615.0,623.0,611.0,614.0,1028807.0,634445962.0,TWSE STOCK_DAY,https://www.twse.com.tw/rwd/zh/afterTrading/STOCK_DAY?date=20240301&stockNo=6526&response=json,2024-03-15 14:00 Asia/Taipei,premarket trade_date may only use row.date < trade_date
2024-03-18,2345,智邦,458.0,468.0,453.0,457.5,5031196.0,2303632334.0,TWSE STOCK_DAY,https://www.twse.com.tw/rwd/zh/afterTrading/STOCK_DAY?date=20240301&stockNo=2345&response=json,2024-03-18 14:00 Asia/Taipei,premarket trade_date may only use row.date < trade_date
2024-03-18,3017,奇鋐,610.0,631.0,604.0,623.0,18757453.0,11588636566.0,TWSE STOCK_DAY,https://www.twse.com.tw/rwd/zh/afterTrading/STOCK_DAY?date=20240301&stockNo=3017&response=json,2024-03-18 14:00 Asia/Taipei,premarket trade_date may only use row.date < trade_date
2024-03-18,3189,景碩,92.6,98.6,92.6,98.0,7417016.0,716183811.0,TWSE STOCK_DAY,https://www.twse.com.tw/rwd/zh/afterTrading/STOCK_DAY?date=20240301&stockNo=3189&response=json,2024-03-18 14:00 Asia/Taipei,premarket trade_date may only use row.date < trade_date
2024-03-18,3443,創意,1360.0,1375.0,1340.0,1355.0,1814967.0,2467156305.0,TWSE STOCK_DAY,https://www.twse.com.tw/rwd/zh/afterTrading/STOCK_DAY?date=20240301&stockNo=3443&response=json,2024-03-18 14:00 Asia/Taipei,premarket trade_date may only use row.date < trade_date
2024-03-18,6526,達發,601.0,634.0,601.0,630.0,943881.0,584939127.0,TWSE STOCK_DAY,https://www.twse.com.tw/rwd/zh/afterTrading/STOCK_DAY?date=20240301&stockNo=6526&response=json,2024-03-18 14:00 Asia/Taipei,premarket trade_date may only use row.date < trade_date
2024-03-19,2345,智邦,455.5,459.0,444.0,444.0,3870783.0,1742691057.0,TWSE STOCK_DAY,https://www.twse.com.tw/rwd/zh/afterTrading/STOCK_DAY?date=20240301&stockNo=2345&response=json,2024-03-19 14:00 Asia/Taipei,premarket trade_date may only use row.date < trade_date
2024-03-19,3017,奇鋐,609.0,626.0,563.0,569.0,21021086.0,12477753577.0,TWSE STOCK_DAY,https://www.twse.com.tw/rwd/zh/afterTrading/STOCK_DAY?date=20240301&stockNo=3017&response=json,2024-03-19 14:00 Asia/Taipei,premarket trade_date may only use row.date < trade_date
2024-03-19,3189,景碩,99.9,100.0,98.0,99.3,7924873.0,787657280.0,TWSE STOCK_DAY,https://www.twse.com.tw/rwd/zh/afterTrading/STOCK_DAY?date=20240301&stockNo=3189&response=json,2024-03-19 14:00 Asia/Taipei,premarket trade_date may only use row.date < trade_date
2024-03-19,3443,創意,1355.0,1360.0,1285.0,1320.0,3303729.0,4351750595.0,TWSE STOCK_DAY,https://www.twse.com.tw/rwd/zh/afterTrading/STOCK_DAY?date=20240301&stockNo=3443&response=json,2024-03-19 14:00 Asia/Taipei,premarket trade_date may only use row.date < trade_date
2024-03-19,6526,達發,626.0,645.0,623.0,629.0,725586.0,460523685.0,TWSE STOCK_DAY,https://www.twse.com.tw/rwd/zh/afterTrading/STOCK_DAY?date=20240301&stockNo=6526&response=json,2024-03-19 14:00 Asia/Taipei,premarket trade_date may only use row.date < trade_date
2024-03-20,2345,智邦,446.0,453.0,437.5,437.5,7309258.0,3229346022.0,TWSE STOCK_DAY,https://www.twse.com.tw/rwd/zh/afterTrading/STOCK_DAY?date=20240301&stockNo=2345&response=json,2024-03-20 14:00 Asia/Taipei,premarket trade_date may only use row.date < trade_date
2024-03-20,3017,奇鋐,570.0,588.0,561.0,567.0,20796056.0,11917911429.0,TWSE STOCK_DAY,https://www.twse.com.tw/rwd/zh/afterTrading/STOCK_DAY?date=20240301&stockNo=3017&response=json,2024-03-20 14:00 Asia/Taipei,premarket trade_date may only use row.date < trade_date
2024-03-20,3189,景碩,100.5,103.0,100.5,103.0,9354250.0,956811876.0,TWSE STOCK_DAY,https://www.twse.com.tw/rwd/zh/afterTrading/STOCK_DAY?date=20240301&stockNo=3189&response=json,2024-03-20 14:00 Asia/Taipei,premarket trade_date may only use row.date < trade_date
2024-03-20,3443,創意,1335.0,1345.0,1295.0,1295.0,1936667.0,2545339455.0,TWSE STOCK_DAY,https://www.twse.com.tw/rwd/zh/afterTrading/STOCK_DAY?date=20240301&stockNo=3443&response=json,2024-03-20 14:00 Asia/Taipei,premarket trade_date may only use row.date < trade_date
2024-03-20,6526,達發,629.0,642.0,623.0,626.0,686215.0,432312690.0,TWSE STOCK_DAY,https://www.twse.com.tw/rwd/zh/afterTrading/STOCK_DAY?date=20240301&stockNo=6526&response=json,2024-03-20 14:00 Asia/Taipei,premarket trade_date may only use row.date < trade_date
2024-03-21,2345,智邦,445.5,464.5,444.0,459.0,7505117.0,3423768035.0,TWSE STOCK_DAY,https://www.twse.com.tw/rwd/zh/afterTrading/STOCK_DAY?date=20240301&stockNo=2345&response=json,2024-03-21 14:00 Asia/Taipei,premarket trade_date may only use row.date < trade_date
2024-03-21,3017,奇鋐,584.0,596.0,574.0,585.0,14094594.0,8245547234.0,TWSE STOCK_DAY,https://www.twse.com.tw/rwd/zh/afterTrading/STOCK_DAY?date=20240301&stockNo=3017&response=json,2024-03-21 14:00 Asia/Taipei,premarket trade_date may only use row.date < trade_date
2024-03-21,3189,景碩,103.0,103.5,100.5,101.5,5774852.0,589252549.0,TWSE STOCK_DAY,https://www.twse.com.tw/rwd/zh/afterTrading/STOCK_DAY?date=20240301&stockNo=3189&response=json,2024-03-21 14:00 Asia/Taipei,premarket trade_date may only use row.date < trade_date
2024-03-21,3443,創意,1330.0,1330.0,1280.0,1300.0,2375552.0,3089766575.0,TWSE STOCK_DAY,https://www.twse.com.tw/rwd/zh/afterTrading/STOCK_DAY?date=20240301&stockNo=3443&response=json,2024-03-21 14:00 Asia/Taipei,premarket trade_date may only use row.date < trade_date
2024-03-21,6526,達發,649.0,676.0,636.0,640.0,2250339.0,1466966936.0,TWSE STOCK_DAY,https://www.twse.com.tw/rwd/zh/afterTrading/STOCK_DAY?date=20240301&stockNo=6526&response=json,2024-03-21 14:00 Asia/Taipei,premarket trade_date may only use row.date < trade_date
2024-03-22,2345,智邦,468.0,484.0,465.0,481.0,7371698.0,3530782290.0,TWSE STOCK_DAY,https://www.twse.com.tw/rwd/zh/afterTrading/STOCK_DAY?date=20240301&stockNo=2345&response=json,2024-03-22 14:00 Asia/Taipei,premarket trade_date may only use row.date < trade_date
2024-03-22,3017,奇鋐,594.0,597.0,578.0,589.0,11141843.0,6559696736.0,TWSE STOCK_DAY,https://www.twse.com.tw/rwd/zh/afterTrading/STOCK_DAY?date=20240301&stockNo=3017&response=json,2024-03-22 14:00 Asia/Taipei,premarket trade_date may only use row.date < trade_date
2024-03-22,3189,景碩,101.5,103.0,100.5,101.5,3751174.0,382157850.0,TWSE STOCK_DAY,https://www.twse.com.tw/rwd/zh/afterTrading/STOCK_DAY?date=20240301&stockNo=3189&response=json,2024-03-22 14:00 Asia/Taipei,premarket trade_date may only use row.date < trade_date
2024-03-22,3443,創意,1315.0,1335.0,1300.0,1320.0,1859292.0,2446577305.0,TWSE STOCK_DAY,https://www.twse.com.tw/rwd/zh/afterTrading/STOCK_DAY?date=20240301&stockNo=3443&response=json,2024-03-22 14:00 Asia/Taipei,premarket trade_date may only use row.date < trade_date
2024-03-22,6526,達發,640.0,657.0,638.0,648.0,774775.0,502314424.0,TWSE STOCK_DAY,https://www.twse.com.tw/rwd/zh/afterTrading/STOCK_DAY?date=20240301&stockNo=6526&response=json,2024-03-22 14:00 Asia/Taipei,premarket trade_date may only use row.date < trade_date
2024-03-25,2345,智邦,486.0,486.0,471.0,475.0,2740643.0,1305397211.0,TWSE STOCK_DAY,https://www.twse.com.tw/rwd/zh/afterTrading/STOCK_DAY?date=20240301&stockNo=2345&response=json,2024-03-25 14:00 Asia/Taipei,premarket trade_date may only use row.date < trade_date
2024-03-25,3017,奇鋐,589.0,596.0,580.0,583.0,8648854.0,5075525101.0,TWSE STOCK_DAY,https://www.twse.com.tw/rwd/zh/afterTrading/STOCK_DAY?date=20240301&stockNo=3017&response=json,2024-03-25 14:00 Asia/Taipei,premarket trade_date may only use row.date < trade_date
2024-03-25,3189,景碩,102.0,103.0,101.0,101.0,2437337.0,248196374.0,TWSE STOCK_DAY,https://www.twse.com.tw/rwd/zh/afterTrading/STOCK_DAY?date=20240301&stockNo=3189&response=json,2024-03-25 14:00 Asia/Taipei,premarket trade_date may only use row.date < trade_date
2024-03-25,3443,創意,1330.0,1335.0,1295.0,1295.0,1378730.0,1810924710.0,TWSE STOCK_DAY,https://www.twse.com.tw/rwd/zh/afterTrading/STOCK_DAY?date=20240301&stockNo=3443&response=json,2024-03-25 14:00 Asia/Taipei,premarket trade_date may only use row.date < trade_date
2024-03-25,6526,達發,643.0,651.0,627.0,631.0,1055871.0,671137872.0,TWSE STOCK_DAY,https://www.twse.com.tw/rwd/zh/afterTrading/STOCK_DAY?date=20240301&stockNo=6526&response=json,2024-03-25 14:00 Asia/Taipei,premarket trade_date may only use row.date < trade_date
2024-03-26,2345,智邦,480.0,480.0,463.5,465.5,3198396.0,1500711403.0,TWSE STOCK_DAY,https://www.twse.com.tw/rwd/zh/afterTrading/STOCK_DAY?date=20240301&stockNo=2345&response=json,2024-03-26 14:00 Asia/Taipei,premarket trade_date may only use row.date < trade_date
2024-03-26,3017,奇鋐,584.0,586.0,533.0,541.0,17025904.0,9399522045.0,TWSE STOCK_DAY,https://www.twse.com.tw/rwd/zh/afterTrading/STOCK_DAY?date=20240301&stockNo=3017&response=json,2024-03-26 14:00 Asia/Taipei,premarket trade_date may only use row.date < trade_date
2024-03-26,3189,景碩,102.0,102.5,99.7,99.7,2924296.0,293606709.0,TWSE STOCK_DAY,https://www.twse.com.tw/rwd/zh/afterTrading/STOCK_DAY?date=20240301&stockNo=3189&response=json,2024-03-26 14:00 Asia/Taipei,premarket trade_date may only use row.date < trade_date
2024-03-26,3443,創意,1305.0,1325.0,1260.0,1265.0,2157800.0,2763404070.0,TWSE STOCK_DAY,https://www.twse.com.tw/rwd/zh/afterTrading/STOCK_DAY?date=20240301&stockNo=3443&response=json,2024-03-26 14:00 Asia/Taipei,premarket trade_date may only use row.date < trade_date
2024-03-26,6526,達發,631.0,642.0,619.0,625.0,698099.0,438559800.0,TWSE STOCK_DAY,https://www.twse.com.tw/rwd/zh/afterTrading/STOCK_DAY?date=20240301&stockNo=6526&response=json,2024-03-26 14:00 Asia/Taipei,premarket trade_date may only use row.date < trade_date
2024-03-27,2345,智邦,460.0,466.5,452.0,453.0,3158230.0,1442406109.0,TWSE STOCK_DAY,https://www.twse.com.tw/rwd/zh/afterTrading/STOCK_DAY?date=20240301&stockNo=2345&response=json,2024-03-27 14:00 Asia/Taipei,premarket trade_date may only use row.date < trade_date
2024-03-27,3017,奇鋐,541.0,548.0,531.0,534.0,11385926.0,6117809159.0,TWSE STOCK_DAY,https://www.twse.com.tw/rwd/zh/afterTrading/STOCK_DAY?date=20240301&stockNo=3017&response=json,2024-03-27 14:00 Asia/Taipei,premarket trade_date may only use row.date < trade_date
2024-03-27,3189,景碩,100.0,100.5,98.2,99.4,4015408.0,398903025.0,TWSE STOCK_DAY,https://www.twse.com.tw/rwd/zh/afterTrading/STOCK_DAY?date=20240301&stockNo=3189&response=json,2024-03-27 14:00 Asia/Taipei,premarket trade_date may only use row.date < trade_date
2024-03-27,3443,創意,1275.0,1285.0,1215.0,1240.0,2883665.0,3578787285.0,TWSE STOCK_DAY,https://www.twse.com.tw/rwd/zh/afterTrading/STOCK_DAY?date=20240301&stockNo=3443&response=json,2024-03-27 14:00 Asia/Taipei,premarket trade_date may only use row.date < trade_date
2024-03-27,6526,達發,621.0,628.0,620.0,624.0,303974.0,189938933.0,TWSE STOCK_DAY,https://www.twse.com.tw/rwd/zh/afterTrading/STOCK_DAY?date=20240301&stockNo=6526&response=json,2024-03-27 14:00 Asia/Taipei,premarket trade_date may only use row.date < trade_date
2024-03-28,2345,智邦,451.0,462.0,448.0,458.5,2384149.0,1089788154.0,TWSE STOCK_DAY,https://www.twse.com.tw/rwd/zh/afterTrading/STOCK_DAY?date=20240301&stockNo=2345&response=json,2024-03-28 14:00 Asia/Taipei,premarket trade_date may only use row.date < trade_date
2024-03-28,3017,奇鋐,536.0,545.0,511.0,542.0,14901166.0,7899692634.0,TWSE STOCK_DAY,https://www.twse.com.tw/rwd/zh/afterTrading/STOCK_DAY?date=20240301&stockNo=3017&response=json,2024-03-28 14:00 Asia/Taipei,premarket trade_date may only use row.date < trade_date
2024-03-28,3189,景碩,99.5,99.6,98.6,98.9,1961787.0,194347373.0,TWSE STOCK_DAY,https://www.twse.com.tw/rwd/zh/afterTrading/STOCK_DAY?date=20240301&stockNo=3189&response=json,2024-03-28 14:00 Asia/Taipei,premarket trade_date may only use row.date < trade_date
2024-03-28,3443,創意,1245.0,1250.0,1215.0,1220.0,1891140.0,2321615125.0,TWSE STOCK_DAY,https://www.twse.com.tw/rwd/zh/afterTrading/STOCK_DAY?date=20240301&stockNo=3443&response=json,2024-03-28 14:00 Asia/Taipei,premarket trade_date may only use row.date < trade_date
2024-03-28,6526,達發,626.0,627.0,609.0,611.0,656296.0,403921988.0,TWSE STOCK_DAY,https://www.twse.com.tw/rwd/zh/afterTrading/STOCK_DAY?date=20240301&stockNo=6526&response=json,2024-03-28 14:00 Asia/Taipei,premarket trade_date may only use row.date < trade_date
2024-03-29,2345,智邦,458.5,466.0,458.0,463.0,1467629.0,678353642.0,TWSE STOCK_DAY,https://www.twse.com.tw/rwd/zh/afterTrading/STOCK_DAY?date=20240301&stockNo=2345&response=json,2024-03-29 14:00 Asia/Taipei,premarket trade_date may only use row.date < trade_date
2024-03-29,3017,奇鋐,545.0,564.0,536.0,546.0,12076304.0,6630807088.0,TWSE STOCK_DAY,https://www.twse.com.tw/rwd/zh/afterTrading/STOCK_DAY?date=20240301&stockNo=3017&response=json,2024-03-29 14:00 Asia/Taipei,premarket trade_date may only use row.date < trade_date
2024-03-29,3189,景碩,99.1,100.5,98.4,98.7,1846081.0,182773199.0,TWSE STOCK_DAY,https://www.twse.com.tw/rwd/zh/afterTrading/STOCK_DAY?date=20240301&stockNo=3189&response=json,2024-03-29 14:00 Asia/Taipei,premarket trade_date may only use row.date < trade_date
2024-03-29,3443,創意,1225.0,1275.0,1220.0,1245.0,2747228.0,3431690420.0,TWSE STOCK_DAY,https://www.twse.com.tw/rwd/zh/afterTrading/STOCK_DAY?date=20240301&stockNo=3443&response=json,2024-03-29 14:00 Asia/Taipei,premarket trade_date may only use row.date < trade_date
2024-03-29,6526,達發,610.0,619.0,606.0,619.0,587435.0,359610584.0,TWSE STOCK_DAY,https://www.twse.com.tw/rwd/zh/afterTrading/STOCK_DAY?date=20240301&stockNo=6526&response=json,2024-03-29 14:00 Asia/Taipei,premarket trade_date may only use row.date < trade_date
2024-04-01,2345,智邦,465.5,470.0,458.0,460.5,2128143.0,983534588.0,TWSE STOCK_DAY,https://www.twse.com.tw/rwd/zh/afterTrading/STOCK_DAY?date=20240401&stockNo=2345&response=json,2024-04-01 14:00 Asia/Taipei,premarket trade_date may only use row.date < trade_date
2024-04-01,3017,奇鋐,554.0,570.0,549.0,554.0,11645972.0,6494412297.0,TWSE STOCK_DAY,https://www.twse.com.tw/rwd/zh/afterTrading/STOCK_DAY?date=20240401&stockNo=3017&response=json,2024-04-01 14:00 Asia/Taipei,premarket trade_date may only use row.date < trade_date
2024-04-01,3189,景碩,99.4,102.0,99.4,101.5,2095958.0,212397633.0,TWSE STOCK_DAY,https://www.twse.com.tw/rwd/zh/afterTrading/STOCK_DAY?date=20240401&stockNo=3189&response=json,2024-04-01 14:00 Asia/Taipei,premarket trade_date may only use row.date < trade_date
2024-04-01,3443,創意,1255.0,1310.0,1240.0,1295.0,2401299.0,3084701365.0,TWSE STOCK_DAY,https://www.twse.com.tw/rwd/zh/afterTrading/STOCK_DAY?date=20240401&stockNo=3443&response=json,2024-04-01 14:00 Asia/Taipei,premarket trade_date may only use row.date < trade_date
2024-04-01,6526,達發,619.0,624.0,616.0,619.0,220192.0,136424621.0,TWSE STOCK_DAY,https://www.twse.com.tw/rwd/zh/afterTrading/STOCK_DAY?date=20240401&stockNo=6526&response=json,2024-04-01 14:00 Asia/Taipei,premarket trade_date may only use row.date < trade_date
2024-04-02,2345,智邦,466.0,471.0,451.5,456.0,2645137.0,1212878461.0,TWSE STOCK_DAY,https://www.twse.com.tw/rwd/zh/afterTrading/STOCK_DAY?date=20240401&stockNo=2345&response=json,2024-04-02 14:00 Asia/Taipei,premarket trade_date may only use row.date < trade_date
2024-04-02,3017,奇鋐,561.0,563.0,533.0,533.0,15735165.0,8512262928.0,TWSE STOCK_DAY,https://www.twse.com.tw/rwd/zh/afterTrading/STOCK_DAY?date=20240401&stockNo=3017&response=json,2024-04-02 14:00 Asia/Taipei,premarket trade_date may only use row.date < trade_date
2024-04-02,3189,景碩,102.0,103.0,101.5,103.0,2802936.0,287702932.0,TWSE STOCK_DAY,https://www.twse.com.tw/rwd/zh/afterTrading/STOCK_DAY?date=20240401&stockNo=3189&response=json,2024-04-02 14:00 Asia/Taipei,premarket trade_date may only use row.date < trade_date
2024-04-02,3443,創意,1360.0,1395.0,1345.0,1375.0,4566974.0,6270098280.0,TWSE STOCK_DAY,https://www.twse.com.tw/rwd/zh/afterTrading/STOCK_DAY?date=20240401&stockNo=3443&response=json,2024-04-02 14:00 Asia/Taipei,premarket trade_date may only use row.date < trade_date
2024-04-02,6526,達發,624.0,665.0,624.0,650.0,1847886.0,1197514957.0,TWSE STOCK_DAY,https://www.twse.com.tw/rwd/zh/afterTrading/STOCK_DAY?date=20240401&stockNo=6526&response=json,2024-04-02 14:00 Asia/Taipei,premarket trade_date may only use row.date < trade_date
2024-04-03,2345,智邦,454.5,463.5,449.0,461.0,2226258.0,1017274710.0,TWSE STOCK_DAY,https://www.twse.com.tw/rwd/zh/afterTrading/STOCK_DAY?date=20240401&stockNo=2345&response=json,2024-04-03 14:00 Asia/Taipei,premarket trade_date may only use row.date < trade_date
2024-04-03,3017,奇鋐,524.0,565.0,523.0,546.0,16799108.0,9228687012.0,TWSE STOCK_DAY,https://www.twse.com.tw/rwd/zh/afterTrading/STOCK_DAY?date=20240401&stockNo=3017&response=json,2024-04-03 14:00 Asia/Taipei,premarket trade_date may only use row.date < trade_date
2024-04-03,3189,景碩,102.0,103.5,101.5,102.0,1944116.0,199392433.0,TWSE STOCK_DAY,https://www.twse.com.tw/rwd/zh/afterTrading/STOCK_DAY?date=20240401&stockNo=3189&response=json,2024-04-03 14:00 Asia/Taipei,premarket trade_date may only use row.date < trade_date
2024-04-03,3443,創意,1380.0,1410.0,1365.0,1385.0,2442647.0,3385724580.0,TWSE STOCK_DAY,https://www.twse.com.tw/rwd/zh/afterTrading/STOCK_DAY?date=20240401&stockNo=3443&response=json,2024-04-03 14:00 Asia/Taipei,premarket trade_date may only use row.date < trade_date
2024-04-03,6526,達發,640.0,658.0,640.0,647.0,638964.0,415808049.0,TWSE STOCK_DAY,https://www.twse.com.tw/rwd/zh/afterTrading/STOCK_DAY?date=20240401&stockNo=6526&response=json,2024-04-03 14:00 Asia/Taipei,premarket trade_date may only use row.date < trade_date
2024-04-08,2345,智邦,457.0,477.0,457.0,466.0,3018234.0,1413363406.0,TWSE STOCK_DAY,https://www.twse.com.tw/rwd/zh/afterTrading/STOCK_DAY?date=20240401&stockNo=2345&response=json,2024-04-08 14:00 Asia/Taipei,premarket trade_date may only use row.date < trade_date
2024-04-08,3017,奇鋐,548.0,598.0,547.0,570.0,17914543.0,10331961528.0,TWSE STOCK_DAY,https://www.twse.com.tw/rwd/zh/afterTrading/STOCK_DAY?date=20240401&stockNo=3017&response=json,2024-04-08 14:00 Asia/Taipei,premarket trade_date may only use row.date < trade_date
2024-04-08,3189,景碩,102.0,102.0,99.5,101.0,2923284.0,293911654.0,TWSE STOCK_DAY,https://www.twse.com.tw/rwd/zh/afterTrading/STOCK_DAY?date=20240401&stockNo=3189&response=json,2024-04-08 14:00 Asia/Taipei,premarket trade_date may only use row.date < trade_date
2024-04-08,3443,創意,1330.0,1345.0,1295.0,1300.0,4085566.0,5388560810.0,TWSE STOCK_DAY,https://www.twse.com.tw/rwd/zh/afterTrading/STOCK_DAY?date=20240401&stockNo=3443&response=json,2024-04-08 14:00 Asia/Taipei,premarket trade_date may only use row.date < trade_date
2024-04-08,6526,達發,655.0,668.0,639.0,639.0,651112.0,421941956.0,TWSE STOCK_DAY,https://www.twse.com.tw/rwd/zh/afterTrading/STOCK_DAY?date=20240401&stockNo=6526&response=json,2024-04-08 14:00 Asia/Taipei,premarket trade_date may only use row.date < trade_date
2024-04-09,2345,智邦,498.0,498.0,462.5,465.0,3704127.0,1756979924.0,TWSE STOCK_DAY,https://www.twse.com.tw/rwd/zh/afterTrading/STOCK_DAY?date=20240401&stockNo=2345&response=json,2024-04-09 14:00 Asia/Taipei,premarket trade_date may only use row.date < trade_date
2024-04-09,3017,奇鋐,581.0,593.0,561.0,577.0,13915036.0,8036222077.0,TWSE STOCK_DAY,https://www.twse.com.tw/rwd/zh/afterTrading/STOCK_DAY?date=20240401&stockNo=3017&response=json,2024-04-09 14:00 Asia/Taipei,premarket trade_date may only use row.date < trade_date
2024-04-09,3189,景碩,101.0,101.5,99.7,101.0,1547717.0,155252151.0,TWSE STOCK_DAY,https://www.twse.com.tw/rwd/zh/afterTrading/STOCK_DAY?date=20240401&stockNo=3189&response=json,2024-04-09 14:00 Asia/Taipei,premarket trade_date may only use row.date < trade_date
2024-04-09,3443,創意,1330.0,1370.0,1305.0,1315.0,3112226.0,4152817565.0,TWSE STOCK_DAY,https://www.twse.com.tw/rwd/zh/afterTrading/STOCK_DAY?date=20240401&stockNo=3443&response=json,2024-04-09 14:00 Asia/Taipei,premarket trade_date may only use row.date < trade_date
2024-04-09,6526,達發,646.0,659.0,643.0,650.0,798076.0,520014980.0,TWSE STOCK_DAY,https://www.twse.com.tw/rwd/zh/afterTrading/STOCK_DAY?date=20240401&stockNo=6526&response=json,2024-04-09 14:00 Asia/Taipei,premarket trade_date may only use row.date < trade_date
2024-04-10,2345,智邦,468.5,482.5,466.0,476.0,3022767.0,1443313551.0,TWSE STOCK_DAY,https://www.twse.com.tw/rwd/zh/afterTrading/STOCK_DAY?date=20240401&stockNo=2345&response=json,2024-04-10 14:00 Asia/Taipei,premarket trade_date may only use row.date < trade_date
2024-04-10,3017,奇鋐,578.0,586.0,555.0,555.0,9322346.0,5305946994.0,TWSE STOCK_DAY,https://www.twse.com.tw/rwd/zh/afterTrading/STOCK_DAY?date=20240401&stockNo=3017&response=json,2024-04-10 14:00 Asia/Taipei,premarket trade_date may only use row.date < trade_date
2024-04-10,3189,景碩,101.0,101.5,99.7,99.7,2017160.0,202588371.0,TWSE STOCK_DAY,https://www.twse.com.tw/rwd/zh/afterTrading/STOCK_DAY?date=20240401&stockNo=3189&response=json,2024-04-10 14:00 Asia/Taipei,premarket trade_date may only use row.date < trade_date
2024-04-10,3443,創意,1330.0,1350.0,1310.0,1320.0,1908107.0,2528700975.0,TWSE STOCK_DAY,https://www.twse.com.tw/rwd/zh/afterTrading/STOCK_DAY?date=20240401&stockNo=3443&response=json,2024-04-10 14:00 Asia/Taipei,premarket trade_date may only use row.date < trade_date
2024-04-10,6526,達發,651.0,664.0,649.0,655.0,660055.0,432782304.0,TWSE STOCK_DAY,https://www.twse.com.tw/rwd/zh/afterTrading/STOCK_DAY?date=20240401&stockNo=6526&response=json,2024-04-10 14:00 Asia/Taipei,premarket trade_date may only use row.date < trade_date
2024-04-11,2345,智邦,476.0,484.0,472.5,473.0,3147584.0,1503739898.0,TWSE STOCK_DAY,https://www.twse.com.tw/rwd/zh/afterTrading/STOCK_DAY?date=20240401&stockNo=2345&response=json,2024-04-11 14:00 Asia/Taipei,premarket trade_date may only use row.date < trade_date
2024-04-11,3017,奇鋐,558.0,594.0,554.0,584.0,13052866.0,7562386707.0,TWSE STOCK_DAY,https://www.twse.com.tw/rwd/zh/afterTrading/STOCK_DAY?date=20240401&stockNo=3017&response=json,2024-04-11 14:00 Asia/Taipei,premarket trade_date may only use row.date < trade_date
2024-04-11,3189,景碩,99.7,101.0,99.3,101.0,1924233.0,193197503.0,TWSE STOCK_DAY,https://www.twse.com.tw/rwd/zh/afterTrading/STOCK_DAY?date=20240401&stockNo=3189&response=json,2024-04-11 14:00 Asia/Taipei,premarket trade_date may only use row.date < trade_date
2024-04-11,3443,創意,1315.0,1340.0,1295.0,1325.0,1607012.0,2123206930.0,TWSE STOCK_DAY,https://www.twse.com.tw/rwd/zh/afterTrading/STOCK_DAY?date=20240401&stockNo=3443&response=json,2024-04-11 14:00 Asia/Taipei,premarket trade_date may only use row.date < trade_date
2024-04-11,6526,達發,656.0,662.0,641.0,644.0,610342.0,396203343.0,TWSE STOCK_DAY,https://www.twse.com.tw/rwd/zh/afterTrading/STOCK_DAY?date=20240401&stockNo=6526&response=json,2024-04-11 14:00 Asia/Taipei,premarket trade_date may only use row.date < trade_date
2024-04-12,2345,智邦,468.5,471.5,456.0,456.0,4531880.0,2085032080.0,TWSE STOCK_DAY,https://www.twse.com.tw/rwd/zh/afterTrading/STOCK_DAY?date=20240401&stockNo=2345&response=json,2024-04-12 14:00 Asia/Taipei,premarket trade_date may only use row.date < trade_date
2024-04-12,3017,奇鋐,592.0,636.0,592.0,628.0,20356152.0,12567659678.0,TWSE STOCK_DAY,https://www.twse.com.tw/rwd/zh/afterTrading/STOCK_DAY?date=20240401&stockNo=3017&response=json,2024-04-12 14:00 Asia/Taipei,premarket trade_date may only use row.date < trade_date
2024-04-12,3189,景碩,101.5,101.5,97.6,97.8,3572878.0,352751757.0,TWSE STOCK_DAY,https://www.twse.com.tw/rwd/zh/afterTrading/STOCK_DAY?date=20240401&stockNo=3189&response=json,2024-04-12 14:00 Asia/Taipei,premarket trade_date may only use row.date < trade_date
2024-04-12,3443,創意,1330.0,1340.0,1240.0,1255.0,4132463.0,5270541005.0,TWSE STOCK_DAY,https://www.twse.com.tw/rwd/zh/afterTrading/STOCK_DAY?date=20240401&stockNo=3443&response=json,2024-04-12 14:00 Asia/Taipei,premarket trade_date may only use row.date < trade_date
2024-04-12,6526,達發,642.0,654.0,642.0,650.0,422233.0,273959072.0,TWSE STOCK_DAY,https://www.twse.com.tw/rwd/zh/afterTrading/STOCK_DAY?date=20240401&stockNo=6526&response=json,2024-04-12 14:00 Asia/Taipei,premarket trade_date may only use row.date < trade_date
2024-04-15,2345,智邦,450.0,451.5,431.0,431.0,4911960.0,2156122488.0,TWSE STOCK_DAY,https://www.twse.com.tw/rwd/zh/afterTrading/STOCK_DAY?date=20240401&stockNo=2345&response=json,2024-04-15 14:00 Asia/Taipei,premarket trade_date may only use row.date < trade_date
2024-04-15,3017,奇鋐,622.0,639.0,611.0,616.0,14047327.0,8802236046.0,TWSE STOCK_DAY,https://www.twse.com.tw/rwd/zh/afterTrading/STOCK_DAY?date=20240401&stockNo=3017&response=json,2024-04-15 14:00 Asia/Taipei,premarket trade_date may only use row.date < trade_date
2024-04-15,3189,景碩,97.8,98.2,96.6,97.2,2605655.0,253752141.0,TWSE STOCK_DAY,https://www.twse.com.tw/rwd/zh/afterTrading/STOCK_DAY?date=20240401&stockNo=3189&response=json,2024-04-15 14:00 Asia/Taipei,premarket trade_date may only use row.date < trade_date
2024-04-15,3443,創意,1230.0,1240.0,1160.0,1160.0,3865244.0,4597117570.0,TWSE STOCK_DAY,https://www.twse.com.tw/rwd/zh/afterTrading/STOCK_DAY?date=20240401&stockNo=3443&response=json,2024-04-15 14:00 Asia/Taipei,premarket trade_date may only use row.date < trade_date
2024-04-15,6526,達發,650.0,650.0,628.0,630.0,613270.0,390282284.0,TWSE STOCK_DAY,https://www.twse.com.tw/rwd/zh/afterTrading/STOCK_DAY?date=20240401&stockNo=6526&response=json,2024-04-15 14:00 Asia/Taipei,premarket trade_date may only use row.date < trade_date
2024-04-16,2345,智邦,431.0,431.0,415.5,416.5,4415313.0,1856303779.0,TWSE STOCK_DAY,https://www.twse.com.tw/rwd/zh/afterTrading/STOCK_DAY?date=20240401&stockNo=2345&response=json,2024-04-16 14:00 Asia/Taipei,premarket trade_date may only use row.date < trade_date
2024-04-16,3017,奇鋐,606.0,620.0,586.0,606.0,13231693.0,7985330797.0,TWSE STOCK_DAY,https://www.twse.com.tw/rwd/zh/afterTrading/STOCK_DAY?date=20240401&stockNo=3017&response=json,2024-04-16 14:00 Asia/Taipei,premarket trade_date may only use row.date < trade_date
2024-04-16,3189,景碩,97.0,97.0,95.2,96.0,2981349.0,286481724.0,TWSE STOCK_DAY,https://www.twse.com.tw/rwd/zh/afterTrading/STOCK_DAY?date=20240401&stockNo=3189&response=json,2024-04-16 14:00 Asia/Taipei,premarket trade_date may only use row.date < trade_date
2024-04-16,3443,創意,1140.0,1220.0,1120.0,1185.0,5104673.0,5987274435.0,TWSE STOCK_DAY,https://www.twse.com.tw/rwd/zh/afterTrading/STOCK_DAY?date=20240401&stockNo=3443&response=json,2024-04-16 14:00 Asia/Taipei,premarket trade_date may only use row.date < trade_date
2024-04-16,6526,達發,621.0,653.0,621.0,635.0,1412345.0,903654665.0,TWSE STOCK_DAY,https://www.twse.com.tw/rwd/zh/afterTrading/STOCK_DAY?date=20240401&stockNo=6526&response=json,2024-04-16 14:00 Asia/Taipei,premarket trade_date may only use row.date < trade_date
2024-04-17,2345,智邦,409.5,420.0,407.5,408.0,4283937.0,1763708376.0,TWSE STOCK_DAY,https://www.twse.com.tw/rwd/zh/afterTrading/STOCK_DAY?date=20240401&stockNo=2345&response=json,2024-04-17 14:00 Asia/Taipei,premarket trade_date may only use row.date < trade_date
2024-04-17,3017,奇鋐,620.0,643.0,612.0,638.0,16958619.0,10677409764.0,TWSE STOCK_DAY,https://www.twse.com.tw/rwd/zh/afterTrading/STOCK_DAY?date=20240401&stockNo=3017&response=json,2024-04-17 14:00 Asia/Taipei,premarket trade_date may only use row.date < trade_date
2024-04-17,3189,景碩,96.6,97.7,96.2,97.5,1888340.0,183370268.0,TWSE STOCK_DAY,https://www.twse.com.tw/rwd/zh/afterTrading/STOCK_DAY?date=20240401&stockNo=3189&response=json,2024-04-17 14:00 Asia/Taipei,premarket trade_date may only use row.date < trade_date
2024-04-17,3443,創意,1200.0,1210.0,1180.0,1200.0,1763855.0,2109837180.0,TWSE STOCK_DAY,https://www.twse.com.tw/rwd/zh/afterTrading/STOCK_DAY?date=20240401&stockNo=3443&response=json,2024-04-17 14:00 Asia/Taipei,premarket trade_date may only use row.date < trade_date
2024-04-17,6526,達發,646.0,698.0,644.0,698.0,3913853.0,2659041206.0,TWSE STOCK_DAY,https://www.twse.com.tw/rwd/zh/afterTrading/STOCK_DAY?date=20240401&stockNo=6526&response=json,2024-04-17 14:00 Asia/Taipei,premarket trade_date may only use row.date < trade_date
2024-04-18,2345,智邦,404.5,412.0,401.5,409.0,3816125.0,1547641265.0,TWSE STOCK_DAY,https://www.twse.com.tw/rwd/zh/afterTrading/STOCK_DAY?date=20240401&stockNo=2345&response=json,2024-04-18 14:00 Asia/Taipei,premarket trade_date may only use row.date < trade_date
2024-04-18,3017,奇鋐,638.0,692.0,630.0,680.0,25471272.0,17001605767.0,TWSE STOCK_DAY,https://www.twse.com.tw/rwd/zh/afterTrading/STOCK_DAY?date=20240401&stockNo=3017&response=json,2024-04-18 14:00 Asia/Taipei,premarket trade_date may only use row.date < trade_date
2024-04-18,3189,景碩,96.9,97.0,95.8,95.8,1746955.0,167942652.0,TWSE STOCK_DAY,https://www.twse.com.tw/rwd/zh/afterTrading/STOCK_DAY?date=20240401&stockNo=3189&response=json,2024-04-18 14:00 Asia/Taipei,premarket trade_date may only use row.date < trade_date
2024-04-18,3443,創意,1185.0,1235.0,1170.0,1215.0,2322258.0,2817203260.0,TWSE STOCK_DAY,https://www.twse.com.tw/rwd/zh/afterTrading/STOCK_DAY?date=20240401&stockNo=3443&response=json,2024-04-18 14:00 Asia/Taipei,premarket trade_date may only use row.date < trade_date
2024-04-18,6526,達發,692.0,725.0,687.0,704.0,3567453.0,2533987232.0,TWSE STOCK_DAY,https://www.twse.com.tw/rwd/zh/afterTrading/STOCK_DAY?date=20240401&stockNo=6526&response=json,2024-04-18 14:00 Asia/Taipei,premarket trade_date may only use row.date < trade_date
2024-04-19,2345,智邦,402.0,406.5,387.0,401.0,4608298.0,1839847250.0,TWSE STOCK_DAY,https://www.twse.com.tw/rwd/zh/afterTrading/STOCK_DAY?date=20240401&stockNo=2345&response=json,2024-04-19 14:00 Asia/Taipei,premarket trade_date may only use row.date < trade_date
2024-04-19,3017,奇鋐,666.0,679.0,612.0,630.0,26907697.0,17267135309.0,TWSE STOCK_DAY,https://www.twse.com.tw/rwd/zh/afterTrading/STOCK_DAY?date=20240401&stockNo=3017&response=json,2024-04-19 14:00 Asia/Taipei,premarket trade_date may only use row.date < trade_date
2024-04-19,3189,景碩,95.4,95.9,93.0,94.0,3929183.0,371659160.0,TWSE STOCK_DAY,https://www.twse.com.tw/rwd/zh/afterTrading/STOCK_DAY?date=20240401&stockNo=3189&response=json,2024-04-19 14:00 Asia/Taipei,premarket trade_date may only use row.date < trade_date
2024-04-19,3443,創意,1190.0,1225.0,1120.0,1155.0,3325771.0,3872349225.0,TWSE STOCK_DAY,https://www.twse.com.tw/rwd/zh/afterTrading/STOCK_DAY?date=20240401&stockNo=3443&response=json,2024-04-19 14:00 Asia/Taipei,premarket trade_date may only use row.date < trade_date
2024-04-19,6526,達發,700.0,704.0,648.0,675.0,1848822.0,1247508753.0,TWSE STOCK_DAY,https://www.twse.com.tw/rwd/zh/afterTrading/STOCK_DAY?date=20240401&stockNo=6526&response=json,2024-04-19 14:00 Asia/Taipei,premarket trade_date may only use row.date < trade_date
2024-04-22,2345,智邦,395.5,399.5,383.0,384.5,3323592.0,1290878910.0,TWSE STOCK_DAY,https://www.twse.com.tw/rwd/zh/afterTrading/STOCK_DAY?date=20240401&stockNo=2345&response=json,2024-04-22 14:00 Asia/Taipei,premarket trade_date may only use row.date < trade_date
2024-04-22,3017,奇鋐,600.0,611.0,567.0,567.0,19224070.0,11282557204.0,TWSE STOCK_DAY,https://www.twse.com.tw/rwd/zh/afterTrading/STOCK_DAY?date=20240401&stockNo=3017&response=json,2024-04-22 14:00 Asia/Taipei,premarket trade_date may only use row.date < trade_date
2024-04-22,3189,景碩,94.4,95.5,93.8,94.5,2263948.0,214352244.0,TWSE STOCK_DAY,https://www.twse.com.tw/rwd/zh/afterTrading/STOCK_DAY?date=20240401&stockNo=3189&response=json,2024-04-22 14:00 Asia/Taipei,premarket trade_date may only use row.date < trade_date
2024-04-22,3443,創意,1150.0,1180.0,1090.0,1105.0,3276075.0,3689770865.0,TWSE STOCK_DAY,https://www.twse.com.tw/rwd/zh/afterTrading/STOCK_DAY?date=20240401&stockNo=3443&response=json,2024-04-22 14:00 Asia/Taipei,premarket trade_date may only use row.date < trade_date
2024-04-22,6526,達發,679.0,679.0,640.0,640.0,1220945.0,801904222.0,TWSE STOCK_DAY,https://www.twse.com.tw/rwd/zh/afterTrading/STOCK_DAY?date=20240401&stockNo=6526&response=json,2024-04-22 14:00 Asia/Taipei,premarket trade_date may only use row.date < trade_date
2024-04-23,2345,智邦,397.0,410.5,394.0,405.0,6595342.0,2669533470.0,TWSE STOCK_DAY,https://www.twse.com.tw/rwd/zh/afterTrading/STOCK_DAY?date=20240401&stockNo=2345&response=json,2024-04-23 14:00 Asia/Taipei,premarket trade_date may only use row.date < trade_date
2024-04-23,3017,奇鋐,595.0,595.0,567.0,577.0,14935899.0,8691858800.0,TWSE STOCK_DAY,https://www.twse.com.tw/rwd/zh/afterTrading/STOCK_DAY?date=20240401&stockNo=3017&response=json,2024-04-23 14:00 Asia/Taipei,premarket trade_date may only use row.date < trade_date
2024-04-23,3189,景碩,95.3,96.9,94.8,95.3,1243766.0,118803896.0,TWSE STOCK_DAY,https://www.twse.com.tw/rwd/zh/afterTrading/STOCK_DAY?date=20240401&stockNo=3189&response=json,2024-04-23 14:00 Asia/Taipei,premarket trade_date may only use row.date < trade_date
2024-04-23,3443,創意,1130.0,1140.0,1105.0,1125.0,2184662.0,2450277690.0,TWSE STOCK_DAY,https://www.twse.com.tw/rwd/zh/afterTrading/STOCK_DAY?date=20240401&stockNo=3443&response=json,2024-04-23 14:00 Asia/Taipei,premarket trade_date may only use row.date < trade_date
2024-04-23,6526,達發,648.0,655.0,625.0,631.0,1059318.0,674234866.0,TWSE STOCK_DAY,https://www.twse.com.tw/rwd/zh/afterTrading/STOCK_DAY?date=20240401&stockNo=6526&response=json,2024-04-23 14:00 Asia/Taipei,premarket trade_date may only use row.date < trade_date
2024-04-24,2345,智邦,425.5,427.0,408.0,412.0,4101715.0,1704367337.0,TWSE STOCK_DAY,https://www.twse.com.tw/rwd/zh/afterTrading/STOCK_DAY?date=20240401&stockNo=2345&response=json,2024-04-24 14:00 Asia/Taipei,premarket trade_date may only use row.date < trade_date
2024-04-24,3017,奇鋐,610.0,634.0,608.0,634.0,11802037.0,7401221647.0,TWSE STOCK_DAY,https://www.twse.com.tw/rwd/zh/afterTrading/STOCK_DAY?date=20240401&stockNo=3017&response=json,2024-04-24 14:00 Asia/Taipei,premarket trade_date may only use row.date < trade_date
2024-04-24,3189,景碩,96.2,98.7,96.1,97.1,2751918.0,268912705.0,TWSE STOCK_DAY,https://www.twse.com.tw/rwd/zh/afterTrading/STOCK_DAY?date=20240401&stockNo=3189&response=json,2024-04-24 14:00 Asia/Taipei,premarket trade_date may only use row.date < trade_date
2024-04-24,3443,創意,1150.0,1220.0,1140.0,1190.0,3380367.0,3987150425.0,TWSE STOCK_DAY,https://www.twse.com.tw/rwd/zh/afterTrading/STOCK_DAY?date=20240401&stockNo=3443&response=json,2024-04-24 14:00 Asia/Taipei,premarket trade_date may only use row.date < trade_date
2024-04-24,6526,達發,639.0,682.0,638.0,674.0,1958389.0,1294814445.0,TWSE STOCK_DAY,https://www.twse.com.tw/rwd/zh/afterTrading/STOCK_DAY?date=20240401&stockNo=6526&response=json,2024-04-24 14:00 Asia/Taipei,premarket trade_date may only use row.date < trade_date
2024-04-25,2345,智邦,410.0,415.0,401.0,401.0,2400974.0,978040606.0,TWSE STOCK_DAY,https://www.twse.com.tw/rwd/zh/afterTrading/STOCK_DAY?date=20240401&stockNo=2345&response=json,2024-04-25 14:00 Asia/Taipei,premarket trade_date may only use row.date < trade_date
2024-04-25,3017,奇鋐,629.0,656.0,616.0,620.0,22852916.0,14558969156.0,TWSE STOCK_DAY,https://www.twse.com.tw/rwd/zh/afterTrading/STOCK_DAY?date=20240401&stockNo=3017&response=json,2024-04-25 14:00 Asia/Taipei,premarket trade_date may only use row.date < trade_date
2024-04-25,3189,景碩,97.5,97.9,96.3,96.8,1134533.0,110045350.0,TWSE STOCK_DAY,https://www.twse.com.tw/rwd/zh/afterTrading/STOCK_DAY?date=20240401&stockNo=3189&response=json,2024-04-25 14:00 Asia/Taipei,premarket trade_date may only use row.date < trade_date
2024-04-25,3443,創意,1175.0,1215.0,1150.0,1200.0,2745611.0,3254189700.0,TWSE STOCK_DAY,https://www.twse.com.tw/rwd/zh/afterTrading/STOCK_DAY?date=20240401&stockNo=3443&response=json,2024-04-25 14:00 Asia/Taipei,premarket trade_date may only use row.date < trade_date
2024-04-25,6526,達發,668.0,668.0,654.0,654.0,614001.0,404749191.0,TWSE STOCK_DAY,https://www.twse.com.tw/rwd/zh/afterTrading/STOCK_DAY?date=20240401&stockNo=6526&response=json,2024-04-25 14:00 Asia/Taipei,premarket trade_date may only use row.date < trade_date
2024-04-26,2345,智邦,405.0,432.0,405.0,428.0,5021390.0,2123287775.0,TWSE STOCK_DAY,https://www.twse.com.tw/rwd/zh/afterTrading/STOCK_DAY?date=20240401&stockNo=2345&response=json,2024-04-26 14:00 Asia/Taipei,premarket trade_date may only use row.date < trade_date
2024-04-26,3017,奇鋐,654.0,679.0,629.0,642.0,28268052.0,18464469752.0,TWSE STOCK_DAY,https://www.twse.com.tw/rwd/zh/afterTrading/STOCK_DAY?date=20240401&stockNo=3017&response=json,2024-04-26 14:00 Asia/Taipei,premarket trade_date may only use row.date < trade_date
2024-04-26,3189,景碩,97.2,97.4,96.4,97.0,1031878.0,99974583.0,TWSE STOCK_DAY,https://www.twse.com.tw/rwd/zh/afterTrading/STOCK_DAY?date=20240401&stockNo=3189&response=json,2024-04-26 14:00 Asia/Taipei,premarket trade_date may only use row.date < trade_date
2024-04-26,3443,創意,1260.0,1320.0,1240.0,1320.0,4586958.0,5896049970.0,TWSE STOCK_DAY,https://www.twse.com.tw/rwd/zh/afterTrading/STOCK_DAY?date=20240401&stockNo=3443&response=json,2024-04-26 14:00 Asia/Taipei,premarket trade_date may only use row.date < trade_date
2024-04-26,6526,達發,665.0,688.0,652.0,652.0,1869003.0,1248744516.0,TWSE STOCK_DAY,https://www.twse.com.tw/rwd/zh/afterTrading/STOCK_DAY?date=20240401&stockNo=6526&response=json,2024-04-26 14:00 Asia/Taipei,premarket trade_date may only use row.date < trade_date
2024-04-29,2345,智邦,450.0,467.0,447.0,447.5,7682176.0,3488151340.0,TWSE STOCK_DAY,https://www.twse.com.tw/rwd/zh/afterTrading/STOCK_DAY?date=20240401&stockNo=2345&response=json,2024-04-29 14:00 Asia/Taipei,premarket trade_date may only use row.date < trade_date
2024-04-29,3017,奇鋐,663.0,666.0,622.0,626.0,15425178.0,9817233668.0,TWSE STOCK_DAY,https://www.twse.com.tw/rwd/zh/afterTrading/STOCK_DAY?date=20240401&stockNo=3017&response=json,2024-04-29 14:00 Asia/Taipei,premarket trade_date may only use row.date < trade_date
2024-04-29,3189,景碩,97.1,98.1,96.9,97.9,1575769.0,153916815.0,TWSE STOCK_DAY,https://www.twse.com.tw/rwd/zh/afterTrading/STOCK_DAY?date=20240401&stockNo=3189&response=json,2024-04-29 14:00 Asia/Taipei,premarket trade_date may only use row.date < trade_date
2024-04-29,3443,創意,1350.0,1400.0,1340.0,1360.0,6282423.0,8592970695.0,TWSE STOCK_DAY,https://www.twse.com.tw/rwd/zh/afterTrading/STOCK_DAY?date=20240401&stockNo=3443&response=json,2024-04-29 14:00 Asia/Taipei,premarket trade_date may only use row.date < trade_date
2024-04-29,6526,達發,659.0,677.0,652.0,672.0,1338900.0,890034760.0,TWSE STOCK_DAY,https://www.twse.com.tw/rwd/zh/afterTrading/STOCK_DAY?date=20240401&stockNo=6526&response=json,2024-04-29 14:00 Asia/Taipei,premarket trade_date may only use row.date < trade_date
2024-04-30,2345,智邦,448.0,482.0,448.0,461.5,6150678.0,2868835592.0,TWSE STOCK_DAY,https://www.twse.com.tw/rwd/zh/afterTrading/STOCK_DAY?date=20240401&stockNo=2345&response=json,2024-04-30 14:00 Asia/Taipei,premarket trade_date may only use row.date < trade_date
2024-04-30,3017,奇鋐,645.0,662.0,641.0,654.0,18774527.0,12249453059.0,TWSE STOCK_DAY,https://www.twse.com.tw/rwd/zh/afterTrading/STOCK_DAY?date=20240401&stockNo=3017&response=json,2024-04-30 14:00 Asia/Taipei,premarket trade_date may only use row.date < trade_date
2024-04-30,3189,景碩,97.0,97.0,94.0,95.3,5004084.0,476817057.0,TWSE STOCK_DAY,https://www.twse.com.tw/rwd/zh/afterTrading/STOCK_DAY?date=20240401&stockNo=3189&response=json,2024-04-30 14:00 Asia/Taipei,premarket trade_date may only use row.date < trade_date
2024-04-30,3443,創意,1370.0,1375.0,1345.0,1370.0,1920725.0,2614024730.0,TWSE STOCK_DAY,https://www.twse.com.tw/rwd/zh/afterTrading/STOCK_DAY?date=20240401&stockNo=3443&response=json,2024-04-30 14:00 Asia/Taipei,premarket trade_date may only use row.date < trade_date
2024-04-30,6526,達發,682.0,708.0,675.0,681.0,3526754.0,2438209654.0,TWSE STOCK_DAY,https://www.twse.com.tw/rwd/zh/afterTrading/STOCK_DAY?date=20240401&stockNo=6526&response=json,2024-04-30 14:00 Asia/Taipei,premarket trade_date may only use row.date < trade_date
2024-05-02,2345,智邦,456.0,478.0,452.0,469.0,4963458.0,2323865528.0,TWSE STOCK_DAY,https://www.twse.com.tw/rwd/zh/afterTrading/STOCK_DAY?date=20240501&stockNo=2345&response=json,2024-05-02 14:00 Asia/Taipei,premarket trade_date may only use row.date < trade_date
2024-05-02,3017,奇鋐,636.0,664.0,624.0,656.0,15268676.0,9913196296.0,TWSE STOCK_DAY,https://www.twse.com.tw/rwd/zh/afterTrading/STOCK_DAY?date=20240501&stockNo=3017&response=json,2024-05-02 14:00 Asia/Taipei,premarket trade_date may only use row.date < trade_date
2024-05-02,3189,景碩,94.6,95.3,94.2,95.2,1274730.0,120854125.0,TWSE STOCK_DAY,https://www.twse.com.tw/rwd/zh/afterTrading/STOCK_DAY?date=20240501&stockNo=3189&response=json,2024-05-02 14:00 Asia/Taipei,premarket trade_date may only use row.date < trade_date
2024-05-02,3443,創意,1360.0,1400.0,1350.0,1375.0,2227941.0,3064275225.0,TWSE STOCK_DAY,https://www.twse.com.tw/rwd/zh/afterTrading/STOCK_DAY?date=20240501&stockNo=3443&response=json,2024-05-02 14:00 Asia/Taipei,premarket trade_date may only use row.date < trade_date
2024-05-02,6526,達發,675.0,696.0,669.0,690.0,1432829.0,984501347.0,TWSE STOCK_DAY,https://www.twse.com.tw/rwd/zh/afterTrading/STOCK_DAY?date=20240501&stockNo=6526&response=json,2024-05-02 14:00 Asia/Taipei,premarket trade_date may only use row.date < trade_date
2024-05-03,2345,智邦,470.0,470.5,435.5,442.5,7370581.0,3315426603.0,TWSE STOCK_DAY,https://www.twse.com.tw/rwd/zh/afterTrading/STOCK_DAY?date=20240501&stockNo=2345&response=json,2024-05-03 14:00 Asia/Taipei,premarket trade_date may only use row.date < trade_date
2024-05-03,3017,奇鋐,670.0,672.0,645.0,662.0,17067743.0,11270544038.0,TWSE STOCK_DAY,https://www.twse.com.tw/rwd/zh/afterTrading/STOCK_DAY?date=20240501&stockNo=3017&response=json,2024-05-03 14:00 Asia/Taipei,premarket trade_date may only use row.date < trade_date
2024-05-03,3189,景碩,95.8,96.8,95.1,95.4,2012914.0,193195756.0,TWSE STOCK_DAY,https://www.twse.com.tw/rwd/zh/afterTrading/STOCK_DAY?date=20240501&stockNo=3189&response=json,2024-05-03 14:00 Asia/Taipei,premarket trade_date may only use row.date < trade_date
2024-05-03,3443,創意,1405.0,1410.0,1335.0,1345.0,3300309.0,4508427620.0,TWSE STOCK_DAY,https://www.twse.com.tw/rwd/zh/afterTrading/STOCK_DAY?date=20240501&stockNo=3443&response=json,2024-05-03 14:00 Asia/Taipei,premarket trade_date may only use row.date < trade_date
2024-05-03,6526,達發,701.0,713.0,686.0,690.0,1540261.0,1073197162.0,TWSE STOCK_DAY,https://www.twse.com.tw/rwd/zh/afterTrading/STOCK_DAY?date=20240501&stockNo=6526&response=json,2024-05-03 14:00 Asia/Taipei,premarket trade_date may only use row.date < trade_date
2024-05-06,2345,智邦,450.0,464.5,446.0,458.5,3748237.0,1713814250.0,TWSE STOCK_DAY,https://www.twse.com.tw/rwd/zh/afterTrading/STOCK_DAY?date=20240501&stockNo=2345&response=json,2024-05-06 14:00 Asia/Taipei,premarket trade_date may only use row.date < trade_date
2024-05-06,3017,奇鋐,675.0,698.0,660.0,662.0,19318055.0,13095791013.0,TWSE STOCK_DAY,https://www.twse.com.tw/rwd/zh/afterTrading/STOCK_DAY?date=20240501&stockNo=3017&response=json,2024-05-06 14:00 Asia/Taipei,premarket trade_date may only use row.date < trade_date
2024-05-06,3189,景碩,95.6,95.6,94.1,94.8,1696514.0,160667235.0,TWSE STOCK_DAY,https://www.twse.com.tw/rwd/zh/afterTrading/STOCK_DAY?date=20240501&stockNo=3189&response=json,2024-05-06 14:00 Asia/Taipei,premarket trade_date may only use row.date < trade_date
2024-05-06,3443,創意,1370.0,1375.0,1290.0,1350.0,3362507.0,4498134135.0,TWSE STOCK_DAY,https://www.twse.com.tw/rwd/zh/afterTrading/STOCK_DAY?date=20240501&stockNo=3443&response=json,2024-05-06 14:00 Asia/Taipei,premarket trade_date may only use row.date < trade_date
2024-05-06,6526,達發,698.0,698.0,668.0,671.0,1292032.0,877687704.0,TWSE STOCK_DAY,https://www.twse.com.tw/rwd/zh/afterTrading/STOCK_DAY?date=20240501&stockNo=6526&response=json,2024-05-06 14:00 Asia/Taipei,premarket trade_date may only use row.date < trade_date
2024-05-07,2345,智邦,458.0,460.0,440.0,446.0,3617548.0,1614508683.0,TWSE STOCK_DAY,https://www.twse.com.tw/rwd/zh/afterTrading/STOCK_DAY?date=20240501&stockNo=2345&response=json,2024-05-07 14:00 Asia/Taipei,premarket trade_date may only use row.date < trade_date
2024-05-07,3017,奇鋐,674.0,682.0,655.0,674.0,13004842.0,8702770391.0,TWSE STOCK_DAY,https://www.twse.com.tw/rwd/zh/afterTrading/STOCK_DAY?date=20240501&stockNo=3017&response=json,2024-05-07 14:00 Asia/Taipei,premarket trade_date may only use row.date < trade_date
2024-05-07,3189,景碩,95.0,95.4,93.8,94.5,1810717.0,170632008.0,TWSE STOCK_DAY,https://www.twse.com.tw/rwd/zh/afterTrading/STOCK_DAY?date=20240501&stockNo=3189&response=json,2024-05-07 14:00 Asia/Taipei,premarket trade_date may only use row.date < trade_date
2024-05-07,3443,創意,1320.0,1335.0,1250.0,1315.0,3895117.0,5057581155.0,TWSE STOCK_DAY,https://www.twse.com.tw/rwd/zh/afterTrading/STOCK_DAY?date=20240501&stockNo=3443&response=json,2024-05-07 14:00 Asia/Taipei,premarket trade_date may only use row.date < trade_date
2024-05-07,6526,達發,677.0,692.0,662.0,674.0,1096250.0,738996797.0,TWSE STOCK_DAY,https://www.twse.com.tw/rwd/zh/afterTrading/STOCK_DAY?date=20240501&stockNo=6526&response=json,2024-05-07 14:00 Asia/Taipei,premarket trade_date may only use row.date < trade_date
2024-05-08,2345,智邦,446.0,455.0,438.0,445.0,3760072.0,1668621724.0,TWSE STOCK_DAY,https://www.twse.com.tw/rwd/zh/afterTrading/STOCK_DAY?date=20240501&stockNo=2345&response=json,2024-05-08 14:00 Asia/Taipei,premarket trade_date may only use row.date < trade_date
2024-05-08,3017,奇鋐,674.0,678.0,661.0,663.0,9478766.0,6339511521.0,TWSE STOCK_DAY,https://www.twse.com.tw/rwd/zh/afterTrading/STOCK_DAY?date=20240501&stockNo=3017&response=json,2024-05-08 14:00 Asia/Taipei,premarket trade_date may only use row.date < trade_date
2024-05-08,3189,景碩,94.6,95.7,93.7,95.5,1410319.0,133743873.0,TWSE STOCK_DAY,https://www.twse.com.tw/rwd/zh/afterTrading/STOCK_DAY?date=20240501&stockNo=3189&response=json,2024-05-08 14:00 Asia/Taipei,premarket trade_date may only use row.date < trade_date
2024-05-08,3443,創意,1315.0,1335.0,1305.0,1315.0,1325575.0,1748381760.0,TWSE STOCK_DAY,https://www.twse.com.tw/rwd/zh/afterTrading/STOCK_DAY?date=20240501&stockNo=3443&response=json,2024-05-08 14:00 Asia/Taipei,premarket trade_date may only use row.date < trade_date
2024-05-08,6526,達發,679.0,718.0,672.0,695.0,3016757.0,2112284487.0,TWSE STOCK_DAY,https://www.twse.com.tw/rwd/zh/afterTrading/STOCK_DAY?date=20240501&stockNo=6526&response=json,2024-05-08 14:00 Asia/Taipei,premarket trade_date may only use row.date < trade_date
2024-05-09,2345,智邦,443.5,454.5,442.0,444.0,2922848.0,1313154311.0,TWSE STOCK_DAY,https://www.twse.com.tw/rwd/zh/afterTrading/STOCK_DAY?date=20240501&stockNo=2345&response=json,2024-05-09 14:00 Asia/Taipei,premarket trade_date may only use row.date < trade_date
2024-05-09,3017,奇鋐,669.0,676.0,638.0,654.0,15966037.0,10482307502.0,TWSE STOCK_DAY,https://www.twse.com.tw/rwd/zh/afterTrading/STOCK_DAY?date=20240501&stockNo=3017&response=json,2024-05-09 14:00 Asia/Taipei,premarket trade_date may only use row.date < trade_date
2024-05-09,3189,景碩,95.4,95.4,94.0,94.2,1384878.0,130858396.0,TWSE STOCK_DAY,https://www.twse.com.tw/rwd/zh/afterTrading/STOCK_DAY?date=20240501&stockNo=3189&response=json,2024-05-09 14:00 Asia/Taipei,premarket trade_date may only use row.date < trade_date
2024-05-09,3443,創意,1320.0,1320.0,1260.0,1275.0,2158613.0,2763301985.0,TWSE STOCK_DAY,https://www.twse.com.tw/rwd/zh/afterTrading/STOCK_DAY?date=20240501&stockNo=3443&response=json,2024-05-09 14:00 Asia/Taipei,premarket trade_date may only use row.date < trade_date
2024-05-09,6526,達發,697.0,704.0,683.0,688.0,958136.0,662572206.0,TWSE STOCK_DAY,https://www.twse.com.tw/rwd/zh/afterTrading/STOCK_DAY?date=20240501&stockNo=6526&response=json,2024-05-09 14:00 Asia/Taipei,premarket trade_date may only use row.date < trade_date
2024-05-10,2345,智邦,455.0,475.0,454.5,461.5,6469378.0,3008330321.0,TWSE STOCK_DAY,https://www.twse.com.tw/rwd/zh/afterTrading/STOCK_DAY?date=20240501&stockNo=2345&response=json,2024-05-10 14:00 Asia/Taipei,premarket trade_date may only use row.date < trade_date
2024-05-10,3017,奇鋐,657.0,658.0,637.0,638.0,8508864.0,5472084883.0,TWSE STOCK_DAY,https://www.twse.com.tw/rwd/zh/afterTrading/STOCK_DAY?date=20240501&stockNo=3017&response=json,2024-05-10 14:00 Asia/Taipei,premarket trade_date may only use row.date < trade_date
2024-05-10,3189,景碩,94.2,95.0,93.2,94.2,2820327.0,265309969.0,TWSE STOCK_DAY,https://www.twse.com.tw/rwd/zh/afterTrading/STOCK_DAY?date=20240501&stockNo=3189&response=json,2024-05-10 14:00 Asia/Taipei,premarket trade_date may only use row.date < trade_date
2024-05-10,3443,創意,1280.0,1290.0,1245.0,1270.0,1569847.0,1997235125.0,TWSE STOCK_DAY,https://www.twse.com.tw/rwd/zh/afterTrading/STOCK_DAY?date=20240501&stockNo=3443&response=json,2024-05-10 14:00 Asia/Taipei,premarket trade_date may only use row.date < trade_date
2024-05-10,6526,達發,695.0,695.0,666.0,670.0,1404937.0,944298056.0,TWSE STOCK_DAY,https://www.twse.com.tw/rwd/zh/afterTrading/STOCK_DAY?date=20240501&stockNo=6526&response=json,2024-05-10 14:00 Asia/Taipei,premarket trade_date may only use row.date < trade_date
2024-05-13,2345,智邦,461.5,463.0,450.0,454.0,2934760.0,1338307570.0,TWSE STOCK_DAY,https://www.twse.com.tw/rwd/zh/afterTrading/STOCK_DAY?date=20240501&stockNo=2345&response=json,2024-05-13 14:00 Asia/Taipei,premarket trade_date may only use row.date < trade_date
2024-05-13,3017,奇鋐,650.0,666.0,626.0,626.0,18889068.0,12167544408.0,TWSE STOCK_DAY,https://www.twse.com.tw/rwd/zh/afterTrading/STOCK_DAY?date=20240501&stockNo=3017&response=json,2024-05-13 14:00 Asia/Taipei,premarket trade_date may only use row.date < trade_date
2024-05-13,3189,景碩,94.3,96.0,94.1,95.8,1463269.0,139048638.0,TWSE STOCK_DAY,https://www.twse.com.tw/rwd/zh/afterTrading/STOCK_DAY?date=20240501&stockNo=3189&response=json,2024-05-13 14:00 Asia/Taipei,premarket trade_date may only use row.date < trade_date
2024-05-13,3443,創意,1270.0,1345.0,1265.0,1335.0,2170077.0,2848613195.0,TWSE STOCK_DAY,https://www.twse.com.tw/rwd/zh/afterTrading/STOCK_DAY?date=20240501&stockNo=3443&response=json,2024-05-13 14:00 Asia/Taipei,premarket trade_date may only use row.date < trade_date
2024-05-13,6526,達發,670.0,675.0,660.0,660.0,720232.0,478295128.0,TWSE STOCK_DAY,https://www.twse.com.tw/rwd/zh/afterTrading/STOCK_DAY?date=20240501&stockNo=6526&response=json,2024-05-13 14:00 Asia/Taipei,premarket trade_date may only use row.date < trade_date
2024-05-14,2345,智邦,462.5,472.0,462.5,470.0,3312484.0,1549838762.0,TWSE STOCK_DAY,https://www.twse.com.tw/rwd/zh/afterTrading/STOCK_DAY?date=20240501&stockNo=2345&response=json,2024-05-14 14:00 Asia/Taipei,premarket trade_date may only use row.date < trade_date
2024-05-14,3017,奇鋐,628.0,646.0,621.0,645.0,10989791.0,6950292202.0,TWSE STOCK_DAY,https://www.twse.com.tw/rwd/zh/afterTrading/STOCK_DAY?date=20240501&stockNo=3017&response=json,2024-05-14 14:00 Asia/Taipei,premarket trade_date may only use row.date < trade_date
2024-05-14,3189,景碩,95.3,96.7,95.2,95.8,1824400.0,174888064.0,TWSE STOCK_DAY,https://www.twse.com.tw/rwd/zh/afterTrading/STOCK_DAY?date=20240501&stockNo=3189&response=json,2024-05-14 14:00 Asia/Taipei,premarket trade_date may only use row.date < trade_date
2024-05-14,3443,創意,1335.0,1395.0,1330.0,1370.0,3197634.0,4375030795.0,TWSE STOCK_DAY,https://www.twse.com.tw/rwd/zh/afterTrading/STOCK_DAY?date=20240501&stockNo=3443&response=json,2024-05-14 14:00 Asia/Taipei,premarket trade_date may only use row.date < trade_date
2024-05-14,6526,達發,661.0,672.0,657.0,671.0,537677.0,358451457.0,TWSE STOCK_DAY,https://www.twse.com.tw/rwd/zh/afterTrading/STOCK_DAY?date=20240501&stockNo=6526&response=json,2024-05-14 14:00 Asia/Taipei,premarket trade_date may only use row.date < trade_date
2024-05-15,2345,智邦,468.5,474.0,461.5,469.5,2040752.0,958460861.0,TWSE STOCK_DAY,https://www.twse.com.tw/rwd/zh/afterTrading/STOCK_DAY?date=20240501&stockNo=2345&response=json,2024-05-15 14:00 Asia/Taipei,premarket trade_date may only use row.date < trade_date
2024-05-15,3017,奇鋐,659.0,672.0,643.0,644.0,17214134.0,11336977297.0,TWSE STOCK_DAY,https://www.twse.com.tw/rwd/zh/afterTrading/STOCK_DAY?date=20240501&stockNo=3017&response=json,2024-05-15 14:00 Asia/Taipei,premarket trade_date may only use row.date < trade_date
2024-05-15,3189,景碩,95.7,96.6,95.3,95.7,1687593.0,161813197.0,TWSE STOCK_DAY,https://www.twse.com.tw/rwd/zh/afterTrading/STOCK_DAY?date=20240501&stockNo=3189&response=json,2024-05-15 14:00 Asia/Taipei,premarket trade_date may only use row.date < trade_date
2024-05-15,3443,創意,1440.0,1460.0,1380.0,1410.0,4807319.0,6826851985.0,TWSE STOCK_DAY,https://www.twse.com.tw/rwd/zh/afterTrading/STOCK_DAY?date=20240501&stockNo=3443&response=json,2024-05-15 14:00 Asia/Taipei,premarket trade_date may only use row.date < trade_date
2024-05-15,6526,達發,680.0,694.0,667.0,668.0,967515.0,656185797.0,TWSE STOCK_DAY,https://www.twse.com.tw/rwd/zh/afterTrading/STOCK_DAY?date=20240501&stockNo=6526&response=json,2024-05-15 14:00 Asia/Taipei,premarket trade_date may only use row.date < trade_date
2024-05-16,2345,智邦,485.0,504.0,484.5,494.5,9267355.0,4574780176.0,TWSE STOCK_DAY,https://www.twse.com.tw/rwd/zh/afterTrading/STOCK_DAY?date=20240501&stockNo=2345&response=json,2024-05-16 14:00 Asia/Taipei,premarket trade_date may only use row.date < trade_date
2024-05-16,3017,奇鋐,656.0,677.0,650.0,651.0,20039495.0,13287287838.0,TWSE STOCK_DAY,https://www.twse.com.tw/rwd/zh/afterTrading/STOCK_DAY?date=20240501&stockNo=3017&response=json,2024-05-16 14:00 Asia/Taipei,premarket trade_date may only use row.date < trade_date
2024-05-16,3189,景碩,96.0,96.7,94.5,94.5,1623164.0,154764865.0,TWSE STOCK_DAY,https://www.twse.com.tw/rwd/zh/afterTrading/STOCK_DAY?date=20240501&stockNo=3189&response=json,2024-05-16 14:00 Asia/Taipei,premarket trade_date may only use row.date < trade_date
2024-05-16,3443,創意,1435.0,1455.0,1410.0,1420.0,2793896.0,3993608605.0,TWSE STOCK_DAY,https://www.twse.com.tw/rwd/zh/afterTrading/STOCK_DAY?date=20240501&stockNo=3443&response=json,2024-05-16 14:00 Asia/Taipei,premarket trade_date may only use row.date < trade_date
2024-05-16,6526,達發,678.0,686.0,672.0,677.0,603007.0,409231426.0,TWSE STOCK_DAY,https://www.twse.com.tw/rwd/zh/afterTrading/STOCK_DAY?date=20240501&stockNo=6526&response=json,2024-05-16 14:00 Asia/Taipei,premarket trade_date may only use row.date < trade_date
2024-05-17,2345,智邦,493.5,505.0,489.0,499.5,4857838.0,2428846330.0,TWSE STOCK_DAY,https://www.twse.com.tw/rwd/zh/afterTrading/STOCK_DAY?date=20240501&stockNo=2345&response=json,2024-05-17 14:00 Asia/Taipei,premarket trade_date may only use row.date < trade_date
2024-05-17,3017,奇鋐,656.0,667.0,651.0,660.0,10659333.0,7014420432.0,TWSE STOCK_DAY,https://www.twse.com.tw/rwd/zh/afterTrading/STOCK_DAY?date=20240501&stockNo=3017&response=json,2024-05-17 14:00 Asia/Taipei,premarket trade_date may only use row.date < trade_date
2024-05-17,3189,景碩,94.6,96.0,94.1,95.5,1645662.0,156354935.0,TWSE STOCK_DAY,https://www.twse.com.tw/rwd/zh/afterTrading/STOCK_DAY?date=20240501&stockNo=3189&response=json,2024-05-17 14:00 Asia/Taipei,premarket trade_date may only use row.date < trade_date
2024-05-17,3443,創意,1430.0,1445.0,1405.0,1430.0,1913880.0,2730050270.0,TWSE STOCK_DAY,https://www.twse.com.tw/rwd/zh/afterTrading/STOCK_DAY?date=20240501&stockNo=3443&response=json,2024-05-17 14:00 Asia/Taipei,premarket trade_date may only use row.date < trade_date
2024-05-17,6526,達發,677.0,682.0,670.0,680.0,396602.0,268076180.0,TWSE STOCK_DAY,https://www.twse.com.tw/rwd/zh/afterTrading/STOCK_DAY?date=20240501&stockNo=6526&response=json,2024-05-17 14:00 Asia/Taipei,premarket trade_date may only use row.date < trade_date
2024-05-20,2345,智邦,500.0,506.0,496.5,504.0,3265999.0,1637803760.0,TWSE STOCK_DAY,https://www.twse.com.tw/rwd/zh/afterTrading/STOCK_DAY?date=20240501&stockNo=2345&response=json,2024-05-20 14:00 Asia/Taipei,premarket trade_date may only use row.date < trade_date
2024-05-20,3017,奇鋐,662.0,667.0,637.0,638.0,11681234.0,7574142903.0,TWSE STOCK_DAY,https://www.twse.com.tw/rwd/zh/afterTrading/STOCK_DAY?date=20240501&stockNo=3017&response=json,2024-05-20 14:00 Asia/Taipei,premarket trade_date may only use row.date < trade_date
2024-05-20,3189,景碩,95.5,96.3,94.7,95.4,1818817.0,173510047.0,TWSE STOCK_DAY,https://www.twse.com.tw/rwd/zh/afterTrading/STOCK_DAY?date=20240501&stockNo=3189&response=json,2024-05-20 14:00 Asia/Taipei,premarket trade_date may only use row.date < trade_date
2024-05-20,3443,創意,1440.0,1465.0,1420.0,1460.0,2415178.0,3500586015.0,TWSE STOCK_DAY,https://www.twse.com.tw/rwd/zh/afterTrading/STOCK_DAY?date=20240501&stockNo=3443&response=json,2024-05-20 14:00 Asia/Taipei,premarket trade_date may only use row.date < trade_date
2024-05-20,6526,達發,683.0,695.0,675.0,691.0,927686.0,637402587.0,TWSE STOCK_DAY,https://www.twse.com.tw/rwd/zh/afterTrading/STOCK_DAY?date=20240501&stockNo=6526&response=json,2024-05-20 14:00 Asia/Taipei,premarket trade_date may only use row.date < trade_date
2024-05-21,2345,智邦,504.0,505.0,495.0,500.0,3027080.0,1515556670.0,TWSE STOCK_DAY,https://www.twse.com.tw/rwd/zh/afterTrading/STOCK_DAY?date=20240501&stockNo=2345&response=json,2024-05-21 14:00 Asia/Taipei,premarket trade_date may only use row.date < trade_date
2024-05-21,3017,奇鋐,641.0,650.0,635.0,650.0,8075434.0,5211431432.0,TWSE STOCK_DAY,https://www.twse.com.tw/rwd/zh/afterTrading/STOCK_DAY?date=20240501&stockNo=3017&response=json,2024-05-21 14:00 Asia/Taipei,premarket trade_date may only use row.date < trade_date
2024-05-21,3189,景碩,95.6,95.6,94.0,94.0,1779345.0,167920389.0,TWSE STOCK_DAY,https://www.twse.com.tw/rwd/zh/afterTrading/STOCK_DAY?date=20240501&stockNo=3189&response=json,2024-05-21 14:00 Asia/Taipei,premarket trade_date may only use row.date < trade_date
2024-05-21,3443,創意,1475.0,1475.0,1430.0,1435.0,2151441.0,3118612400.0,TWSE STOCK_DAY,https://www.twse.com.tw/rwd/zh/afterTrading/STOCK_DAY?date=20240501&stockNo=3443&response=json,2024-05-21 14:00 Asia/Taipei,premarket trade_date may only use row.date < trade_date
2024-05-21,6526,達發,690.0,695.0,680.0,693.0,525755.0,362585112.0,TWSE STOCK_DAY,https://www.twse.com.tw/rwd/zh/afterTrading/STOCK_DAY?date=20240501&stockNo=6526&response=json,2024-05-21 14:00 Asia/Taipei,premarket trade_date may only use row.date < trade_date
2024-05-22,2345,智邦,498.0,512.0,498.0,506.0,2396534.0,1214133669.0,TWSE STOCK_DAY,https://www.twse.com.tw/rwd/zh/afterTrading/STOCK_DAY?date=20240501&stockNo=2345&response=json,2024-05-22 14:00 Asia/Taipei,premarket trade_date may only use row.date < trade_date
2024-05-22,3017,奇鋐,650.0,662.0,648.0,660.0,8522457.0,5584807786.0,TWSE STOCK_DAY,https://www.twse.com.tw/rwd/zh/afterTrading/STOCK_DAY?date=20240501&stockNo=3017&response=json,2024-05-22 14:00 Asia/Taipei,premarket trade_date may only use row.date < trade_date
2024-05-22,3189,景碩,94.0,94.8,93.6,94.8,1484695.0,139883666.0,TWSE STOCK_DAY,https://www.twse.com.tw/rwd/zh/afterTrading/STOCK_DAY?date=20240501&stockNo=3189&response=json,2024-05-22 14:00 Asia/Taipei,premarket trade_date may only use row.date < trade_date
2024-05-22,3443,創意,1430.0,1450.0,1400.0,1445.0,1810862.0,2587538750.0,TWSE STOCK_DAY,https://www.twse.com.tw/rwd/zh/afterTrading/STOCK_DAY?date=20240501&stockNo=3443&response=json,2024-05-22 14:00 Asia/Taipei,premarket trade_date may only use row.date < trade_date
2024-05-22,6526,達發,694.0,762.0,689.0,762.0,5300832.0,3917559104.0,TWSE STOCK_DAY,https://www.twse.com.tw/rwd/zh/afterTrading/STOCK_DAY?date=20240501&stockNo=6526&response=json,2024-05-22 14:00 Asia/Taipei,premarket trade_date may only use row.date < trade_date
2024-05-23,2345,智邦,506.0,515.0,500.0,510.0,3452070.0,1758558281.0,TWSE STOCK_DAY,https://www.twse.com.tw/rwd/zh/afterTrading/STOCK_DAY?date=20240501&stockNo=2345&response=json,2024-05-23 14:00 Asia/Taipei,premarket trade_date may only use row.date < trade_date
2024-05-23,3017,奇鋐,671.0,725.0,665.0,708.0,26509941.0,18484904338.0,TWSE STOCK_DAY,https://www.twse.com.tw/rwd/zh/afterTrading/STOCK_DAY?date=20240501&stockNo=3017&response=json,2024-05-23 14:00 Asia/Taipei,premarket trade_date may only use row.date < trade_date
2024-05-23,3189,景碩,94.2,95.5,94.2,94.4,1911262.0,181150006.0,TWSE STOCK_DAY,https://www.twse.com.tw/rwd/zh/afterTrading/STOCK_DAY?date=20240501&stockNo=3189&response=json,2024-05-23 14:00 Asia/Taipei,premarket trade_date may only use row.date < trade_date
2024-05-23,3443,創意,1450.0,1450.0,1405.0,1430.0,1808824.0,2578964005.0,TWSE STOCK_DAY,https://www.twse.com.tw/rwd/zh/afterTrading/STOCK_DAY?date=20240501&stockNo=3443&response=json,2024-05-23 14:00 Asia/Taipei,premarket trade_date may only use row.date < trade_date
2024-05-23,6526,達發,763.0,770.0,731.0,760.0,2783757.0,2098342332.0,TWSE STOCK_DAY,https://www.twse.com.tw/rwd/zh/afterTrading/STOCK_DAY?date=20240501&stockNo=6526&response=json,2024-05-23 14:00 Asia/Taipei,premarket trade_date may only use row.date < trade_date
2024-05-24,2345,智邦,510.0,526.0,506.0,512.0,3691626.0,1900409450.0,TWSE STOCK_DAY,https://www.twse.com.tw/rwd/zh/afterTrading/STOCK_DAY?date=20240501&stockNo=2345&response=json,2024-05-24 14:00 Asia/Taipei,premarket trade_date may only use row.date < trade_date
2024-05-24,3017,奇鋐,703.0,713.0,690.0,706.0,12370519.0,8689319658.0,TWSE STOCK_DAY,https://www.twse.com.tw/rwd/zh/afterTrading/STOCK_DAY?date=20240501&stockNo=3017&response=json,2024-05-24 14:00 Asia/Taipei,premarket trade_date may only use row.date < trade_date
2024-05-24,3189,景碩,94.1,94.8,94.0,94.4,1509696.0,142420889.0,TWSE STOCK_DAY,https://www.twse.com.tw/rwd/zh/afterTrading/STOCK_DAY?date=20240501&stockNo=3189&response=json,2024-05-24 14:00 Asia/Taipei,premarket trade_date may only use row.date < trade_date
2024-05-24,3443,創意,1410.0,1500.0,1410.0,1465.0,3433868.0,5047354025.0,TWSE STOCK_DAY,https://www.twse.com.tw/rwd/zh/afterTrading/STOCK_DAY?date=20240501&stockNo=3443&response=json,2024-05-24 14:00 Asia/Taipei,premarket trade_date may only use row.date < trade_date
2024-05-24,6526,達發,755.0,776.0,742.0,765.0,1918395.0,1460538352.0,TWSE STOCK_DAY,https://www.twse.com.tw/rwd/zh/afterTrading/STOCK_DAY?date=20240501&stockNo=6526&response=json,2024-05-24 14:00 Asia/Taipei,premarket trade_date may only use row.date < trade_date
2024-05-27,2345,智邦,513.0,523.0,511.0,514.0,2430390.0,1255959574.0,TWSE STOCK_DAY,https://www.twse.com.tw/rwd/zh/afterTrading/STOCK_DAY?date=20240501&stockNo=2345&response=json,2024-05-27 14:00 Asia/Taipei,premarket trade_date may only use row.date < trade_date
2024-05-27,3017,奇鋐,730.0,752.0,727.0,738.0,14474065.0,10678527201.0,TWSE STOCK_DAY,https://www.twse.com.tw/rwd/zh/afterTrading/STOCK_DAY?date=20240501&stockNo=3017&response=json,2024-05-27 14:00 Asia/Taipei,premarket trade_date may only use row.date < trade_date
2024-05-27,3189,景碩,94.4,95.5,94.0,94.6,2070712.0,196026646.0,TWSE STOCK_DAY,https://www.twse.com.tw/rwd/zh/afterTrading/STOCK_DAY?date=20240501&stockNo=3189&response=json,2024-05-27 14:00 Asia/Taipei,premarket trade_date may only use row.date < trade_date
2024-05-27,3443,創意,1470.0,1510.0,1460.0,1495.0,2590517.0,3875302025.0,TWSE STOCK_DAY,https://www.twse.com.tw/rwd/zh/afterTrading/STOCK_DAY?date=20240501&stockNo=3443&response=json,2024-05-27 14:00 Asia/Taipei,premarket trade_date may only use row.date < trade_date
2024-05-27,6526,達發,776.0,794.0,757.0,759.0,3208616.0,2474991744.0,TWSE STOCK_DAY,https://www.twse.com.tw/rwd/zh/afterTrading/STOCK_DAY?date=20240501&stockNo=6526&response=json,2024-05-27 14:00 Asia/Taipei,premarket trade_date may only use row.date < trade_date
2024-05-28,2345,智邦,515.0,518.0,502.0,502.0,2551214.0,1292584824.0,TWSE STOCK_DAY,https://www.twse.com.tw/rwd/zh/afterTrading/STOCK_DAY?date=20240501&stockNo=2345&response=json,2024-05-28 14:00 Asia/Taipei,premarket trade_date may only use row.date < trade_date
2024-05-28,3017,奇鋐,743.0,785.0,743.0,783.0,15452120.0,11915399077.0,TWSE STOCK_DAY,https://www.twse.com.tw/rwd/zh/afterTrading/STOCK_DAY?date=20240501&stockNo=3017&response=json,2024-05-28 14:00 Asia/Taipei,premarket trade_date may only use row.date < trade_date
2024-05-28,3189,景碩,95.0,96.8,94.6,96.1,2830070.0,270655843.0,TWSE STOCK_DAY,https://www.twse.com.tw/rwd/zh/afterTrading/STOCK_DAY?date=20240501&stockNo=3189&response=json,2024-05-28 14:00 Asia/Taipei,premarket trade_date may only use row.date < trade_date
2024-05-28,3443,創意,1500.0,1580.0,1495.0,1530.0,5082872.0,7873884320.0,TWSE STOCK_DAY,https://www.twse.com.tw/rwd/zh/afterTrading/STOCK_DAY?date=20240501&stockNo=3443&response=json,2024-05-28 14:00 Asia/Taipei,premarket trade_date may only use row.date < trade_date
2024-05-28,6526,達發,767.0,782.0,755.0,760.0,1623993.0,1246184004.0,TWSE STOCK_DAY,https://www.twse.com.tw/rwd/zh/afterTrading/STOCK_DAY?date=20240501&stockNo=6526&response=json,2024-05-28 14:00 Asia/Taipei,premarket trade_date may only use row.date < trade_date
2024-05-29,2345,智邦,497.5,535.0,493.0,527.0,6585127.0,3436142348.0,TWSE STOCK_DAY,https://www.twse.com.tw/rwd/zh/afterTrading/STOCK_DAY?date=20240501&stockNo=2345&response=json,2024-05-29 14:00 Asia/Taipei,premarket trade_date may only use row.date < trade_date
2024-05-29,3017,奇鋐,789.0,817.0,785.0,811.0,16367737.0,13183653212.0,TWSE STOCK_DAY,https://www.twse.com.tw/rwd/zh/afterTrading/STOCK_DAY?date=20240501&stockNo=3017&response=json,2024-05-29 14:00 Asia/Taipei,premarket trade_date may only use row.date < trade_date
2024-05-29,3189,景碩,96.6,100.0,96.3,96.3,5596564.0,547823056.0,TWSE STOCK_DAY,https://www.twse.com.tw/rwd/zh/afterTrading/STOCK_DAY?date=20240501&stockNo=3189&response=json,2024-05-29 14:00 Asia/Taipei,premarket trade_date may only use row.date < trade_date
2024-05-29,3443,創意,1550.0,1565.0,1525.0,1530.0,2540069.0,3931238370.0,TWSE STOCK_DAY,https://www.twse.com.tw/rwd/zh/afterTrading/STOCK_DAY?date=20240501&stockNo=3443&response=json,2024-05-29 14:00 Asia/Taipei,premarket trade_date may only use row.date < trade_date
2024-05-29,6526,達發,760.0,761.0,741.0,747.0,1031760.0,772594162.0,TWSE STOCK_DAY,https://www.twse.com.tw/rwd/zh/afterTrading/STOCK_DAY?date=20240501&stockNo=6526&response=json,2024-05-29 14:00 Asia/Taipei,premarket trade_date may only use row.date < trade_date
2024-05-30,2345,智邦,520.0,536.0,517.0,525.0,4510824.0,2387094306.0,TWSE STOCK_DAY,https://www.twse.com.tw/rwd/zh/afterTrading/STOCK_DAY?date=20240501&stockNo=2345&response=json,2024-05-30 14:00 Asia/Taipei,premarket trade_date may only use row.date < trade_date
2024-05-30,3017,奇鋐,797.0,811.0,781.0,781.0,13394233.0,10645645652.0,TWSE STOCK_DAY,https://www.twse.com.tw/rwd/zh/afterTrading/STOCK_DAY?date=20240501&stockNo=3017&response=json,2024-05-30 14:00 Asia/Taipei,premarket trade_date may only use row.date < trade_date
2024-05-30,3189,景碩,96.0,96.5,95.0,95.8,2128902.0,203541226.0,TWSE STOCK_DAY,https://www.twse.com.tw/rwd/zh/afterTrading/STOCK_DAY?date=20240501&stockNo=3189&response=json,2024-05-30 14:00 Asia/Taipei,premarket trade_date may only use row.date < trade_date
2024-05-30,3443,創意,1505.0,1545.0,1495.0,1510.0,1435762.0,2187032700.0,TWSE STOCK_DAY,https://www.twse.com.tw/rwd/zh/afterTrading/STOCK_DAY?date=20240501&stockNo=3443&response=json,2024-05-30 14:00 Asia/Taipei,premarket trade_date may only use row.date < trade_date
2024-05-30,6526,達發,736.0,748.0,725.0,726.0,1134822.0,832260119.0,TWSE STOCK_DAY,https://www.twse.com.tw/rwd/zh/afterTrading/STOCK_DAY?date=20240501&stockNo=6526&response=json,2024-05-30 14:00 Asia/Taipei,premarket trade_date may only use row.date < trade_date
2024-05-31,2345,智邦,524.0,529.0,504.0,504.0,5720387.0,2917497822.0,TWSE STOCK_DAY,https://www.twse.com.tw/rwd/zh/afterTrading/STOCK_DAY?date=20240501&stockNo=2345&response=json,2024-05-31 14:00 Asia/Taipei,premarket trade_date may only use row.date < trade_date
2024-05-31,3017,奇鋐,790.0,796.0,755.0,769.0,43486215.0,33514461452.0,TWSE STOCK_DAY,https://www.twse.com.tw/rwd/zh/afterTrading/STOCK_DAY?date=20240501&stockNo=3017&response=json,2024-05-31 14:00 Asia/Taipei,premarket trade_date may only use row.date < trade_date
2024-05-31,3189,景碩,95.8,97.0,94.5,94.5,2726390.0,259812749.0,TWSE STOCK_DAY,https://www.twse.com.tw/rwd/zh/afterTrading/STOCK_DAY?date=20240501&stockNo=3189&response=json,2024-05-31 14:00 Asia/Taipei,premarket trade_date may only use row.date < trade_date
2024-05-31,3443,創意,1530.0,1545.0,1450.0,1455.0,3290026.0,4872805525.0,TWSE STOCK_DAY,https://www.twse.com.tw/rwd/zh/afterTrading/STOCK_DAY?date=20240501&stockNo=3443&response=json,2024-05-31 14:00 Asia/Taipei,premarket trade_date may only use row.date < trade_date
2024-05-31,6526,達發,736.0,738.0,706.0,711.0,1293001.0,924876374.0,TWSE STOCK_DAY,https://www.twse.com.tw/rwd/zh/afterTrading/STOCK_DAY?date=20240501&stockNo=6526&response=json,2024-05-31 14:00 Asia/Taipei,premarket trade_date may only use row.date < trade_date
2024-06-03,2345,智邦,520.0,530.0,511.0,525.0,2686167.0,1404764235.0,TWSE STOCK_DAY,https://www.twse.com.tw/rwd/zh/afterTrading/STOCK_DAY?date=20240601&stockNo=2345&response=json,2024-06-03 14:00 Asia/Taipei,premarket trade_date may only use row.date < trade_date
2024-06-03,3017,奇鋐,775.0,794.0,721.0,736.0,18522990.0,13986800135.0,TWSE STOCK_DAY,https://www.twse.com.tw/rwd/zh/afterTrading/STOCK_DAY?date=20240601&stockNo=3017&response=json,2024-06-03 14:00 Asia/Taipei,premarket trade_date may only use row.date < trade_date
2024-06-03,3189,景碩,95.6,96.4,93.5,93.7,3408426.0,321935671.0,TWSE STOCK_DAY,https://www.twse.com.tw/rwd/zh/afterTrading/STOCK_DAY?date=20240601&stockNo=3189&response=json,2024-06-03 14:00 Asia/Taipei,premarket trade_date may only use row.date < trade_date
2024-06-03,3443,創意,1510.0,1585.0,1505.0,1570.0,3859388.0,5986598740.0,TWSE STOCK_DAY,https://www.twse.com.tw/rwd/zh/afterTrading/STOCK_DAY?date=20240601&stockNo=3443&response=json,2024-06-03 14:00 Asia/Taipei,premarket trade_date may only use row.date < trade_date
2024-06-03,6526,達發,727.0,729.0,692.0,704.0,1313469.0,925396225.0,TWSE STOCK_DAY,https://www.twse.com.tw/rwd/zh/afterTrading/STOCK_DAY?date=20240601&stockNo=6526&response=json,2024-06-03 14:00 Asia/Taipei,premarket trade_date may only use row.date < trade_date
2024-06-04,2345,智邦,525.0,537.0,525.0,535.0,4877936.0,2599213728.0,TWSE STOCK_DAY,https://www.twse.com.tw/rwd/zh/afterTrading/STOCK_DAY?date=20240601&stockNo=2345&response=json,2024-06-04 14:00 Asia/Taipei,premarket trade_date may only use row.date < trade_date
2024-06-04,3017,奇鋐,737.0,748.0,710.0,721.0,12697385.0,9224371760.0,TWSE STOCK_DAY,https://www.twse.com.tw/rwd/zh/afterTrading/STOCK_DAY?date=20240601&stockNo=3017&response=json,2024-06-04 14:00 Asia/Taipei,premarket trade_date may only use row.date < trade_date
2024-06-04,3189,景碩,94.9,94.9,92.7,94.3,3689546.0,345054022.0,TWSE STOCK_DAY,https://www.twse.com.tw/rwd/zh/afterTrading/STOCK_DAY?date=20240601&stockNo=3189&response=json,2024-06-04 14:00 Asia/Taipei,premarket trade_date may only use row.date < trade_date
2024-06-04,3443,創意,1575.0,1640.0,1535.0,1535.0,5610623.0,8897066330.0,TWSE STOCK_DAY,https://www.twse.com.tw/rwd/zh/afterTrading/STOCK_DAY?date=20240601&stockNo=3443&response=json,2024-06-04 14:00 Asia/Taipei,premarket trade_date may only use row.date < trade_date
2024-06-04,6526,達發,704.0,738.0,704.0,721.0,1356458.0,981695445.0,TWSE STOCK_DAY,https://www.twse.com.tw/rwd/zh/afterTrading/STOCK_DAY?date=20240601&stockNo=6526&response=json,2024-06-04 14:00 Asia/Taipei,premarket trade_date may only use row.date < trade_date
2024-06-05,2345,智邦,531.0,539.0,522.0,528.0,2991124.0,1583742682.0,TWSE STOCK_DAY,https://www.twse.com.tw/rwd/zh/afterTrading/STOCK_DAY?date=20240601&stockNo=2345&response=json,2024-06-05 14:00 Asia/Taipei,premarket trade_date may only use row.date < trade_date
2024-06-05,3017,奇鋐,725.0,726.0,677.0,685.0,14707031.0,10243145661.0,TWSE STOCK_DAY,https://www.twse.com.tw/rwd/zh/afterTrading/STOCK_DAY?date=20240601&stockNo=3017&response=json,2024-06-05 14:00 Asia/Taipei,premarket trade_date may only use row.date < trade_date
2024-06-05,3189,景碩,94.3,94.4,92.6,93.0,2612311.0,243102295.0,TWSE STOCK_DAY,https://www.twse.com.tw/rwd/zh/afterTrading/STOCK_DAY?date=20240601&stockNo=3189&response=json,2024-06-05 14:00 Asia/Taipei,premarket trade_date may only use row.date < trade_date
2024-06-05,3443,創意,1560.0,1580.0,1505.0,1580.0,2781951.0,4329929270.0,TWSE STOCK_DAY,https://www.twse.com.tw/rwd/zh/afterTrading/STOCK_DAY?date=20240601&stockNo=3443&response=json,2024-06-05 14:00 Asia/Taipei,premarket trade_date may only use row.date < trade_date
2024-06-05,6526,達發,733.0,733.0,710.0,710.0,828831.0,594781082.0,TWSE STOCK_DAY,https://www.twse.com.tw/rwd/zh/afterTrading/STOCK_DAY?date=20240601&stockNo=6526&response=json,2024-06-05 14:00 Asia/Taipei,premarket trade_date may only use row.date < trade_date
2024-06-06,2345,智邦,554.0,560.0,534.0,544.0,9393607.0,5143089435.0,TWSE STOCK_DAY,https://www.twse.com.tw/rwd/zh/afterTrading/STOCK_DAY?date=20240601&stockNo=2345&response=json,2024-06-06 14:00 Asia/Taipei,premarket trade_date may only use row.date < trade_date
2024-06-06,3017,奇鋐,699.0,702.0,646.0,660.0,24963824.0,16682187943.0,TWSE STOCK_DAY,https://www.twse.com.tw/rwd/zh/afterTrading/STOCK_DAY?date=20240601&stockNo=3017&response=json,2024-06-06 14:00 Asia/Taipei,premarket trade_date may only use row.date < trade_date
2024-06-06,3189,景碩,93.0,93.6,92.2,92.3,2510566.0,232724715.0,TWSE STOCK_DAY,https://www.twse.com.tw/rwd/zh/afterTrading/STOCK_DAY?date=20240601&stockNo=3189&response=json,2024-06-06 14:00 Asia/Taipei,premarket trade_date may only use row.date < trade_date
2024-06-06,3443,創意,1565.0,1580.0,1530.0,1545.0,4366956.0,6778410430.0,TWSE STOCK_DAY,https://www.twse.com.tw/rwd/zh/afterTrading/STOCK_DAY?date=20240601&stockNo=3443&response=json,2024-06-06 14:00 Asia/Taipei,premarket trade_date may only use row.date < trade_date
2024-06-06,6526,達發,720.0,729.0,713.0,726.0,757747.0,548032199.0,TWSE STOCK_DAY,https://www.twse.com.tw/rwd/zh/afterTrading/STOCK_DAY?date=20240601&stockNo=6526&response=json,2024-06-06 14:00 Asia/Taipei,premarket trade_date may only use row.date < trade_date
2024-06-07,2345,智邦,540.0,540.0,522.0,532.0,4920215.0,2613016016.0,TWSE STOCK_DAY,https://www.twse.com.tw/rwd/zh/afterTrading/STOCK_DAY?date=20240601&stockNo=2345&response=json,2024-06-07 14:00 Asia/Taipei,premarket trade_date may only use row.date < trade_date
2024-06-07,3017,奇鋐,656.0,665.0,617.0,620.0,24895924.0,15894699083.0,TWSE STOCK_DAY,https://www.twse.com.tw/rwd/zh/afterTrading/STOCK_DAY?date=20240601&stockNo=3017&response=json,2024-06-07 14:00 Asia/Taipei,premarket trade_date may only use row.date < trade_date
2024-06-07,3189,景碩,93.2,94.0,92.6,93.3,1713129.0,159384248.0,TWSE STOCK_DAY,https://www.twse.com.tw/rwd/zh/afterTrading/STOCK_DAY?date=20240601&stockNo=3189&response=json,2024-06-07 14:00 Asia/Taipei,premarket trade_date may only use row.date < trade_date
2024-06-07,3443,創意,1550.0,1625.0,1550.0,1605.0,4138240.0,6608843310.0,TWSE STOCK_DAY,https://www.twse.com.tw/rwd/zh/afterTrading/STOCK_DAY?date=20240601&stockNo=3443&response=json,2024-06-07 14:00 Asia/Taipei,premarket trade_date may only use row.date < trade_date
2024-06-07,6526,達發,730.0,737.0,718.0,732.0,674191.0,493208200.0,TWSE STOCK_DAY,https://www.twse.com.tw/rwd/zh/afterTrading/STOCK_DAY?date=20240601&stockNo=6526&response=json,2024-06-07 14:00 Asia/Taipei,premarket trade_date may only use row.date < trade_date
2024-06-11,2345,智邦,545.0,548.0,524.0,529.0,3961430.0,2101307345.0,TWSE STOCK_DAY,https://www.twse.com.tw/rwd/zh/afterTrading/STOCK_DAY?date=20240601&stockNo=2345&response=json,2024-06-11 14:00 Asia/Taipei,premarket trade_date may only use row.date < trade_date
2024-06-11,3017,奇鋐,646.0,675.0,643.0,665.0,18716056.0,12354933759.0,TWSE STOCK_DAY,https://www.twse.com.tw/rwd/zh/afterTrading/STOCK_DAY?date=20240601&stockNo=3017&response=json,2024-06-11 14:00 Asia/Taipei,premarket trade_date may only use row.date < trade_date
2024-06-11,3189,景碩,93.2,93.2,91.5,92.0,2781432.0,255865852.0,TWSE STOCK_DAY,https://www.twse.com.tw/rwd/zh/afterTrading/STOCK_DAY?date=20240601&stockNo=3189&response=json,2024-06-11 14:00 Asia/Taipei,premarket trade_date may only use row.date < trade_date
2024-06-11,3443,創意,1615.0,1615.0,1535.0,1560.0,2529726.0,3971726610.0,TWSE STOCK_DAY,https://www.twse.com.tw/rwd/zh/afterTrading/STOCK_DAY?date=20240601&stockNo=3443&response=json,2024-06-11 14:00 Asia/Taipei,premarket trade_date may only use row.date < trade_date
2024-06-11,6526,達發,737.0,742.0,725.0,725.0,603872.0,441857343.0,TWSE STOCK_DAY,https://www.twse.com.tw/rwd/zh/afterTrading/STOCK_DAY?date=20240601&stockNo=6526&response=json,2024-06-11 14:00 Asia/Taipei,premarket trade_date may only use row.date < trade_date
2024-06-12,2345,智邦,526.0,548.0,525.0,536.0,2951337.0,1592046006.0,TWSE STOCK_DAY,https://www.twse.com.tw/rwd/zh/afterTrading/STOCK_DAY?date=20240601&stockNo=2345&response=json,2024-06-12 14:00 Asia/Taipei,premarket trade_date may only use row.date < trade_date
2024-06-12,3017,奇鋐,662.0,688.0,638.0,688.0,19448972.0,12899629724.0,TWSE STOCK_DAY,https://www.twse.com.tw/rwd/zh/afterTrading/STOCK_DAY?date=20240601&stockNo=3017&response=json,2024-06-12 14:00 Asia/Taipei,premarket trade_date may only use row.date < trade_date
2024-06-12,3189,景碩,92.0,92.6,90.8,90.8,2044086.0,186631317.0,TWSE STOCK_DAY,https://www.twse.com.tw/rwd/zh/afterTrading/STOCK_DAY?date=20240601&stockNo=3189&response=json,2024-06-12 14:00 Asia/Taipei,premarket trade_date may only use row.date < trade_date
2024-06-12,3443,創意,1565.0,1605.0,1560.0,1585.0,2024425.0,3209626910.0,TWSE STOCK_DAY,https://www.twse.com.tw/rwd/zh/afterTrading/STOCK_DAY?date=20240601&stockNo=3443&response=json,2024-06-12 14:00 Asia/Taipei,premarket trade_date may only use row.date < trade_date
2024-06-12,6526,達發,727.0,749.0,727.0,744.0,1046688.0,776878763.0,TWSE STOCK_DAY,https://www.twse.com.tw/rwd/zh/afterTrading/STOCK_DAY?date=20240601&stockNo=6526&response=json,2024-06-12 14:00 Asia/Taipei,premarket trade_date may only use row.date < trade_date
2024-06-13,2345,智邦,547.0,554.0,537.0,543.0,4228035.0,2303040921.0,TWSE STOCK_DAY,https://www.twse.com.tw/rwd/zh/afterTrading/STOCK_DAY?date=20240601&stockNo=2345&response=json,2024-06-13 14:00 Asia/Taipei,premarket trade_date may only use row.date < trade_date
2024-06-13,3017,奇鋐,716.0,721.0,698.0,712.0,18042667.0,12800728099.0,TWSE STOCK_DAY,https://www.twse.com.tw/rwd/zh/afterTrading/STOCK_DAY?date=20240601&stockNo=3017&response=json,2024-06-13 14:00 Asia/Taipei,premarket trade_date may only use row.date < trade_date
2024-06-13,3189,景碩,91.0,91.6,90.2,90.7,2579160.0,233968798.0,TWSE STOCK_DAY,https://www.twse.com.tw/rwd/zh/afterTrading/STOCK_DAY?date=20240601&stockNo=3189&response=json,2024-06-13 14:00 Asia/Taipei,premarket trade_date may only use row.date < trade_date
2024-06-13,3443,創意,1600.0,1620.0,1550.0,1550.0,2917325.0,4611033540.0,TWSE STOCK_DAY,https://www.twse.com.tw/rwd/zh/afterTrading/STOCK_DAY?date=20240601&stockNo=3443&response=json,2024-06-13 14:00 Asia/Taipei,premarket trade_date may only use row.date < trade_date
2024-06-13,6526,達發,770.0,799.0,762.0,786.0,3492383.0,2728118735.0,TWSE STOCK_DAY,https://www.twse.com.tw/rwd/zh/afterTrading/STOCK_DAY?date=20240601&stockNo=6526&response=json,2024-06-13 14:00 Asia/Taipei,premarket trade_date may only use row.date < trade_date
2024-06-14,2345,智邦,581.0,581.0,546.0,556.0,6356349.0,3557360673.0,TWSE STOCK_DAY,https://www.twse.com.tw/rwd/zh/afterTrading/STOCK_DAY?date=20240601&stockNo=2345&response=json,2024-06-14 14:00 Asia/Taipei,premarket trade_date may only use row.date < trade_date
2024-06-14,3017,奇鋐,717.0,744.0,707.0,739.0,17405424.0,12642592986.0,TWSE STOCK_DAY,https://www.twse.com.tw/rwd/zh/afterTrading/STOCK_DAY?date=20240601&stockNo=3017&response=json,2024-06-14 14:00 Asia/Taipei,premarket trade_date may only use row.date < trade_date
2024-06-14,3189,景碩,91.0,94.2,91.0,92.6,2831764.0,261694286.0,TWSE STOCK_DAY,https://www.twse.com.tw/rwd/zh/afterTrading/STOCK_DAY?date=20240601&stockNo=3189&response=json,2024-06-14 14:00 Asia/Taipei,premarket trade_date may only use row.date < trade_date
2024-06-14,3443,創意,1560.0,1580.0,1520.0,1565.0,2481648.0,3854942465.0,TWSE STOCK_DAY,https://www.twse.com.tw/rwd/zh/afterTrading/STOCK_DAY?date=20240601&stockNo=3443&response=json,2024-06-14 14:00 Asia/Taipei,premarket trade_date may only use row.date < trade_date
2024-06-14,6526,達發,790.0,827.0,781.0,809.0,3427394.0,2773336171.0,TWSE STOCK_DAY,https://www.twse.com.tw/rwd/zh/afterTrading/STOCK_DAY?date=20240601&stockNo=6526&response=json,2024-06-14 14:00 Asia/Taipei,premarket trade_date may only use row.date < trade_date
2024-06-17,2345,智邦,557.0,559.0,539.0,543.0,2272209.0,1236347956.0,TWSE STOCK_DAY,https://www.twse.com.tw/rwd/zh/afterTrading/STOCK_DAY?date=20240601&stockNo=2345&response=json,2024-06-17 14:00 Asia/Taipei,premarket trade_date may only use row.date < trade_date
2024-06-17,3017,奇鋐,750.0,756.0,719.0,723.0,13707644.0,10071688497.0,TWSE STOCK_DAY,https://www.twse.com.tw/rwd/zh/afterTrading/STOCK_DAY?date=20240601&stockNo=3017&response=json,2024-06-17 14:00 Asia/Taipei,premarket trade_date may only use row.date < trade_date
2024-06-17,3189,景碩,92.6,92.7,91.9,92.0,1163111.0,107362374.0,TWSE STOCK_DAY,https://www.twse.com.tw/rwd/zh/afterTrading/STOCK_DAY?date=20240601&stockNo=3189&response=json,2024-06-17 14:00 Asia/Taipei,premarket trade_date may only use row.date < trade_date
2024-06-17,3443,創意,1565.0,1580.0,1540.0,1540.0,1139042.0,1773643260.0,TWSE STOCK_DAY,https://www.twse.com.tw/rwd/zh/afterTrading/STOCK_DAY?date=20240601&stockNo=3443&response=json,2024-06-17 14:00 Asia/Taipei,premarket trade_date may only use row.date < trade_date
2024-06-17,6526,達發,819.0,844.0,796.0,805.0,2415063.0,1977996078.0,TWSE STOCK_DAY,https://www.twse.com.tw/rwd/zh/afterTrading/STOCK_DAY?date=20240601&stockNo=6526&response=json,2024-06-17 14:00 Asia/Taipei,premarket trade_date may only use row.date < trade_date
2024-06-18,2345,智邦,543.0,549.0,536.0,545.0,1334394.0,724590384.0,TWSE STOCK_DAY,https://www.twse.com.tw/rwd/zh/afterTrading/STOCK_DAY?date=20240601&stockNo=2345&response=json,2024-06-18 14:00 Asia/Taipei,premarket trade_date may only use row.date < trade_date
2024-06-18,3017,奇鋐,734.0,737.0,703.0,713.0,10752849.0,7704775312.0,TWSE STOCK_DAY,https://www.twse.com.tw/rwd/zh/afterTrading/STOCK_DAY?date=20240601&stockNo=3017&response=json,2024-06-18 14:00 Asia/Taipei,premarket trade_date may only use row.date < trade_date
2024-06-18,3189,景碩,92.2,93.6,92.0,92.9,1507669.0,139958072.0,TWSE STOCK_DAY,https://www.twse.com.tw/rwd/zh/afterTrading/STOCK_DAY?date=20240601&stockNo=3189&response=json,2024-06-18 14:00 Asia/Taipei,premarket trade_date may only use row.date < trade_date
2024-06-18,3443,創意,1650.0,1690.0,1640.0,1680.0,6259164.0,10469217675.0,TWSE STOCK_DAY,https://www.twse.com.tw/rwd/zh/afterTrading/STOCK_DAY?date=20240601&stockNo=3443&response=json,2024-06-18 14:00 Asia/Taipei,premarket trade_date may only use row.date < trade_date
2024-06-18,6526,達發,815.0,834.0,801.0,810.0,2307840.0,1881318924.0,TWSE STOCK_DAY,https://www.twse.com.tw/rwd/zh/afterTrading/STOCK_DAY?date=20240601&stockNo=6526&response=json,2024-06-18 14:00 Asia/Taipei,premarket trade_date may only use row.date < trade_date
2024-06-19,2345,智邦,550.0,554.0,543.0,552.0,1977683.0,1087241247.0,TWSE STOCK_DAY,https://www.twse.com.tw/rwd/zh/afterTrading/STOCK_DAY?date=20240601&stockNo=2345&response=json,2024-06-19 14:00 Asia/Taipei,premarket trade_date may only use row.date < trade_date
2024-06-19,3017,奇鋐,719.0,720.0,701.0,704.0,14456481.0,10275592553.0,TWSE STOCK_DAY,https://www.twse.com.tw/rwd/zh/afterTrading/STOCK_DAY?date=20240601&stockNo=3017&response=json,2024-06-19 14:00 Asia/Taipei,premarket trade_date may only use row.date < trade_date
2024-06-19,3189,景碩,93.2,93.9,92.0,92.3,2710090.0,251722920.0,TWSE STOCK_DAY,https://www.twse.com.tw/rwd/zh/afterTrading/STOCK_DAY?date=20240601&stockNo=3189&response=json,2024-06-19 14:00 Asia/Taipei,premarket trade_date may only use row.date < trade_date
2024-06-19,3443,創意,1670.0,1670.0,1610.0,1615.0,3749825.0,6134140625.0,TWSE STOCK_DAY,https://www.twse.com.tw/rwd/zh/afterTrading/STOCK_DAY?date=20240601&stockNo=3443&response=json,2024-06-19 14:00 Asia/Taipei,premarket trade_date may only use row.date < trade_date
2024-06-19,6526,達發,811.0,822.0,796.0,800.0,1683992.0,1358963787.0,TWSE STOCK_DAY,https://www.twse.com.tw/rwd/zh/afterTrading/STOCK_DAY?date=20240601&stockNo=6526&response=json,2024-06-19 14:00 Asia/Taipei,premarket trade_date may only use row.date < trade_date
2024-06-20,2345,智邦,552.0,558.0,548.0,553.0,1553948.0,858544559.0,TWSE STOCK_DAY,https://www.twse.com.tw/rwd/zh/afterTrading/STOCK_DAY?date=20240601&stockNo=2345&response=json,2024-06-20 14:00 Asia/Taipei,premarket trade_date may only use row.date < trade_date
2024-06-20,3017,奇鋐,707.0,745.0,707.0,740.0,14033095.0,10287198954.0,TWSE STOCK_DAY,https://www.twse.com.tw/rwd/zh/afterTrading/STOCK_DAY?date=20240601&stockNo=3017&response=json,2024-06-20 14:00 Asia/Taipei,premarket trade_date may only use row.date < trade_date
2024-06-20,3189,景碩,93.3,95.8,92.6,94.2,4968685.0,469203174.0,TWSE STOCK_DAY,https://www.twse.com.tw/rwd/zh/afterTrading/STOCK_DAY?date=20240601&stockNo=3189&response=json,2024-06-20 14:00 Asia/Taipei,premarket trade_date may only use row.date < trade_date
2024-06-20,3443,創意,1615.0,1640.0,1585.0,1625.0,4195043.0,6757989925.0,TWSE STOCK_DAY,https://www.twse.com.tw/rwd/zh/afterTrading/STOCK_DAY?date=20240601&stockNo=3443&response=json,2024-06-20 14:00 Asia/Taipei,premarket trade_date may only use row.date < trade_date
2024-06-20,6526,達發,803.0,804.0,790.0,792.0,857674.0,681529989.0,TWSE STOCK_DAY,https://www.twse.com.tw/rwd/zh/afterTrading/STOCK_DAY?date=20240601&stockNo=6526&response=json,2024-06-20 14:00 Asia/Taipei,premarket trade_date may only use row.date < trade_date
2024-06-21,2345,智邦,551.0,563.0,549.0,555.0,2941497.0,1636672965.0,TWSE STOCK_DAY,https://www.twse.com.tw/rwd/zh/afterTrading/STOCK_DAY?date=20240601&stockNo=2345&response=json,2024-06-21 14:00 Asia/Taipei,premarket trade_date may only use row.date < trade_date
2024-06-21,3017,奇鋐,726.0,742.0,714.0,731.0,15767211.0,11497721871.0,TWSE STOCK_DAY,https://www.twse.com.tw/rwd/zh/afterTrading/STOCK_DAY?date=20240601&stockNo=3017&response=json,2024-06-21 14:00 Asia/Taipei,premarket trade_date may only use row.date < trade_date
2024-06-21,3189,景碩,93.4,95.3,92.3,94.2,5051705.0,473771567.0,TWSE STOCK_DAY,https://www.twse.com.tw/rwd/zh/afterTrading/STOCK_DAY?date=20240601&stockNo=3189&response=json,2024-06-21 14:00 Asia/Taipei,premarket trade_date may only use row.date < trade_date
2024-06-21,3443,創意,1630.0,1660.0,1625.0,1630.0,3186233.0,5227364610.0,TWSE STOCK_DAY,https://www.twse.com.tw/rwd/zh/afterTrading/STOCK_DAY?date=20240601&stockNo=3443&response=json,2024-06-21 14:00 Asia/Taipei,premarket trade_date may only use row.date < trade_date
2024-06-21,6526,達發,788.0,796.0,771.0,792.0,1524274.0,1191170357.0,TWSE STOCK_DAY,https://www.twse.com.tw/rwd/zh/afterTrading/STOCK_DAY?date=20240601&stockNo=6526&response=json,2024-06-21 14:00 Asia/Taipei,premarket trade_date may only use row.date < trade_date
2024-06-24,2345,智邦,555.0,557.0,537.0,537.0,1431614.0,778169460.0,TWSE STOCK_DAY,https://www.twse.com.tw/rwd/zh/afterTrading/STOCK_DAY?date=20240601&stockNo=2345&response=json,2024-06-24 14:00 Asia/Taipei,premarket trade_date may only use row.date < trade_date
2024-06-24,3017,奇鋐,725.0,731.0,711.0,714.0,8890841.0,6401860751.0,TWSE STOCK_DAY,https://www.twse.com.tw/rwd/zh/afterTrading/STOCK_DAY?date=20240601&stockNo=3017&response=json,2024-06-24 14:00 Asia/Taipei,premarket trade_date may only use row.date < trade_date
2024-06-24,3189,景碩,94.0,94.6,92.4,94.5,2861219.0,267270940.0,TWSE STOCK_DAY,https://www.twse.com.tw/rwd/zh/afterTrading/STOCK_DAY?date=20240601&stockNo=3189&response=json,2024-06-24 14:00 Asia/Taipei,premarket trade_date may only use row.date < trade_date
2024-06-24,3443,創意,1605.0,1635.0,1540.0,1550.0,3400149.0,5365129170.0,TWSE STOCK_DAY,https://www.twse.com.tw/rwd/zh/afterTrading/STOCK_DAY?date=20240601&stockNo=3443&response=json,2024-06-24 14:00 Asia/Taipei,premarket trade_date may only use row.date < trade_date
2024-06-24,6526,達發,799.0,804.0,752.0,752.0,2006151.0,1538859237.0,TWSE STOCK_DAY,https://www.twse.com.tw/rwd/zh/afterTrading/STOCK_DAY?date=20240601&stockNo=6526&response=json,2024-06-24 14:00 Asia/Taipei,premarket trade_date may only use row.date < trade_date
2024-06-25,2345,智邦,531.0,534.0,521.0,532.0,2770273.0,1458266242.0,TWSE STOCK_DAY,https://www.twse.com.tw/rwd/zh/afterTrading/STOCK_DAY?date=20240601&stockNo=2345&response=json,2024-06-25 14:00 Asia/Taipei,premarket trade_date may only use row.date < trade_date
2024-06-25,3017,奇鋐,707.0,710.0,686.0,701.0,10997269.0,7651305947.0,TWSE STOCK_DAY,https://www.twse.com.tw/rwd/zh/afterTrading/STOCK_DAY?date=20240601&stockNo=3017&response=json,2024-06-25 14:00 Asia/Taipei,premarket trade_date may only use row.date < trade_date
2024-06-25,3189,景碩,93.7,94.1,93.0,93.0,1659519.0,154872437.0,TWSE STOCK_DAY,https://www.twse.com.tw/rwd/zh/afterTrading/STOCK_DAY?date=20240601&stockNo=3189&response=json,2024-06-25 14:00 Asia/Taipei,premarket trade_date may only use row.date < trade_date
2024-06-25,3443,創意,1535.0,1585.0,1470.0,1585.0,3894323.0,5969796085.0,TWSE STOCK_DAY,https://www.twse.com.tw/rwd/zh/afterTrading/STOCK_DAY?date=20240601&stockNo=3443&response=json,2024-06-25 14:00 Asia/Taipei,premarket trade_date may only use row.date < trade_date
2024-06-25,6526,達發,750.0,752.0,733.0,743.0,1040410.0,773185937.0,TWSE STOCK_DAY,https://www.twse.com.tw/rwd/zh/afterTrading/STOCK_DAY?date=20240601&stockNo=6526&response=json,2024-06-25 14:00 Asia/Taipei,premarket trade_date may only use row.date < trade_date
2024-06-26,2345,智邦,528.0,540.0,526.0,535.0,1346964.0,719442381.0,TWSE STOCK_DAY,https://www.twse.com.tw/rwd/zh/afterTrading/STOCK_DAY?date=20240601&stockNo=2345&response=json,2024-06-26 14:00 Asia/Taipei,premarket trade_date may only use row.date < trade_date
2024-06-26,3017,奇鋐,710.0,749.0,710.0,740.0,13574740.0,9952799251.0,TWSE STOCK_DAY,https://www.twse.com.tw/rwd/zh/afterTrading/STOCK_DAY?date=20240601&stockNo=3017&response=json,2024-06-26 14:00 Asia/Taipei,premarket trade_date may only use row.date < trade_date
2024-06-26,3189,景碩,93.5,93.6,92.2,92.5,1703775.0,157959223.0,TWSE STOCK_DAY,https://www.twse.com.tw/rwd/zh/afterTrading/STOCK_DAY?date=20240601&stockNo=3189&response=json,2024-06-26 14:00 Asia/Taipei,premarket trade_date may only use row.date < trade_date
2024-06-26,3443,創意,1600.0,1610.0,1570.0,1575.0,1751992.0,2777443090.0,TWSE STOCK_DAY,https://www.twse.com.tw/rwd/zh/afterTrading/STOCK_DAY?date=20240601&stockNo=3443&response=json,2024-06-26 14:00 Asia/Taipei,premarket trade_date may only use row.date < trade_date
2024-06-26,6526,達發,751.0,756.0,740.0,748.0,1103691.0,823204963.0,TWSE STOCK_DAY,https://www.twse.com.tw/rwd/zh/afterTrading/STOCK_DAY?date=20240601&stockNo=6526&response=json,2024-06-26 14:00 Asia/Taipei,premarket trade_date may only use row.date < trade_date
2024-06-27,2345,智邦,529.0,539.0,529.0,535.0,1329211.0,710054877.0,TWSE STOCK_DAY,https://www.twse.com.tw/rwd/zh/afterTrading/STOCK_DAY?date=20240601&stockNo=2345&response=json,2024-06-27 14:00 Asia/Taipei,premarket trade_date may only use row.date < trade_date
2024-06-27,3017,奇鋐,730.0,755.0,730.0,736.0,14035976.0,10431465799.0,TWSE STOCK_DAY,https://www.twse.com.tw/rwd/zh/afterTrading/STOCK_DAY?date=20240601&stockNo=3017&response=json,2024-06-27 14:00 Asia/Taipei,premarket trade_date may only use row.date < trade_date
2024-06-27,3189,景碩,92.5,92.5,91.6,91.8,1473347.0,135482992.0,TWSE STOCK_DAY,https://www.twse.com.tw/rwd/zh/afterTrading/STOCK_DAY?date=20240601&stockNo=3189&response=json,2024-06-27 14:00 Asia/Taipei,premarket trade_date may only use row.date < trade_date
2024-06-27,3443,創意,1545.0,1585.0,1540.0,1540.0,1837169.0,2862978330.0,TWSE STOCK_DAY,https://www.twse.com.tw/rwd/zh/afterTrading/STOCK_DAY?date=20240601&stockNo=3443&response=json,2024-06-27 14:00 Asia/Taipei,premarket trade_date may only use row.date < trade_date
2024-06-27,6526,達發,750.0,763.0,743.0,747.0,961621.0,724638617.0,TWSE STOCK_DAY,https://www.twse.com.tw/rwd/zh/afterTrading/STOCK_DAY?date=20240601&stockNo=6526&response=json,2024-06-27 14:00 Asia/Taipei,premarket trade_date may only use row.date < trade_date
2024-06-28,2345,智邦,541.0,562.0,541.0,555.0,3155486.0,1750328678.0,TWSE STOCK_DAY,https://www.twse.com.tw/rwd/zh/afterTrading/STOCK_DAY?date=20240601&stockNo=2345&response=json,2024-06-28 14:00 Asia/Taipei,premarket trade_date may only use row.date < trade_date
2024-06-28,3017,奇鋐,756.0,773.0,745.0,765.0,16873124.0,12849541075.0,TWSE STOCK_DAY,https://www.twse.com.tw/rwd/zh/afterTrading/STOCK_DAY?date=20240601&stockNo=3017&response=json,2024-06-28 14:00 Asia/Taipei,premarket trade_date may only use row.date < trade_date
2024-06-28,3189,景碩,92.0,92.7,91.5,92.4,2105583.0,193904832.0,TWSE STOCK_DAY,https://www.twse.com.tw/rwd/zh/afterTrading/STOCK_DAY?date=20240601&stockNo=3189&response=json,2024-06-28 14:00 Asia/Taipei,premarket trade_date may only use row.date < trade_date
2024-06-28,3443,創意,1550.0,1615.0,1550.0,1605.0,2150209.0,3422921465.0,TWSE STOCK_DAY,https://www.twse.com.tw/rwd/zh/afterTrading/STOCK_DAY?date=20240601&stockNo=3443&response=json,2024-06-28 14:00 Asia/Taipei,premarket trade_date may only use row.date < trade_date
2024-06-28,6526,達發,762.0,765.0,736.0,739.0,1211646.0,904231366.0,TWSE STOCK_DAY,https://www.twse.com.tw/rwd/zh/afterTrading/STOCK_DAY?date=20240601&stockNo=6526&response=json,2024-06-28 14:00 Asia/Taipei,premarket trade_date may only use row.date < trade_date
2024-07-01,2345,智邦,555.0,563.0,547.0,549.0,2203571.0,1219234912.0,TWSE STOCK_DAY,https://www.twse.com.tw/rwd/zh/afterTrading/STOCK_DAY?date=20240701&stockNo=2345&response=json,2024-07-01 14:00 Asia/Taipei,premarket trade_date may only use row.date < trade_date
2024-07-01,3017,奇鋐,765.0,786.0,741.0,743.0,15583669.0,11937347985.0,TWSE STOCK_DAY,https://www.twse.com.tw/rwd/zh/afterTrading/STOCK_DAY?date=20240701&stockNo=3017&response=json,2024-07-01 14:00 Asia/Taipei,premarket trade_date may only use row.date < trade_date
2024-07-01,3189,景碩,92.5,94.4,91.7,94.4,5847640.0,545992021.0,TWSE STOCK_DAY,https://www.twse.com.tw/rwd/zh/afterTrading/STOCK_DAY?date=20240701&stockNo=3189&response=json,2024-07-01 14:00 Asia/Taipei,premarket trade_date may only use row.date < trade_date
2024-07-01,3443,創意,1625.0,1630.0,1580.0,1580.0,1859295.0,2974079780.0,TWSE STOCK_DAY,https://www.twse.com.tw/rwd/zh/afterTrading/STOCK_DAY?date=20240701&stockNo=3443&response=json,2024-07-01 14:00 Asia/Taipei,premarket trade_date may only use row.date < trade_date
2024-07-01,6526,達發,743.0,756.0,740.0,742.0,846089.0,632704537.0,TWSE STOCK_DAY,https://www.twse.com.tw/rwd/zh/afterTrading/STOCK_DAY?date=20240701&stockNo=6526&response=json,2024-07-01 14:00 Asia/Taipei,premarket trade_date may only use row.date < trade_date
2024-07-02,2345,智邦,546.0,554.0,538.0,551.0,1885147.0,1030393129.0,TWSE STOCK_DAY,https://www.twse.com.tw/rwd/zh/afterTrading/STOCK_DAY?date=20240701&stockNo=2345&response=json,2024-07-02 14:00 Asia/Taipei,premarket trade_date may only use row.date < trade_date
2024-07-02,3017,奇鋐,743.0,756.0,730.0,752.0,11471651.0,8549117187.0,TWSE STOCK_DAY,https://www.twse.com.tw/rwd/zh/afterTrading/STOCK_DAY?date=20240701&stockNo=3017&response=json,2024-07-02 14:00 Asia/Taipei,premarket trade_date may only use row.date < trade_date
2024-07-02,3189,景碩,94.4,94.5,92.8,94.5,4727878.0,442117612.0,TWSE STOCK_DAY,https://www.twse.com.tw/rwd/zh/afterTrading/STOCK_DAY?date=20240701&stockNo=3189&response=json,2024-07-02 14:00 Asia/Taipei,premarket trade_date may only use row.date < trade_date
2024-07-02,3443,創意,1580.0,1580.0,1510.0,1540.0,3587091.0,5493227750.0,TWSE STOCK_DAY,https://www.twse.com.tw/rwd/zh/afterTrading/STOCK_DAY?date=20240701&stockNo=3443&response=json,2024-07-02 14:00 Asia/Taipei,premarket trade_date may only use row.date < trade_date
2024-07-02,6526,達發,748.0,748.0,732.0,734.0,936864.0,690234803.0,TWSE STOCK_DAY,https://www.twse.com.tw/rwd/zh/afterTrading/STOCK_DAY?date=20240701&stockNo=6526&response=json,2024-07-02 14:00 Asia/Taipei,premarket trade_date may only use row.date < trade_date
2024-07-03,2345,智邦,552.0,556.0,543.0,543.0,1307900.0,715554157.0,TWSE STOCK_DAY,https://www.twse.com.tw/rwd/zh/afterTrading/STOCK_DAY?date=20240701&stockNo=2345&response=json,2024-07-03 14:00 Asia/Taipei,premarket trade_date may only use row.date < trade_date
2024-07-03,3017,奇鋐,757.0,770.0,743.0,745.0,13049882.0,9867177364.0,TWSE STOCK_DAY,https://www.twse.com.tw/rwd/zh/afterTrading/STOCK_DAY?date=20240701&stockNo=3017&response=json,2024-07-03 14:00 Asia/Taipei,premarket trade_date may only use row.date < trade_date
2024-07-03,3189,景碩,94.5,95.1,93.3,95.1,4801317.0,453119950.0,TWSE STOCK_DAY,https://www.twse.com.tw/rwd/zh/afterTrading/STOCK_DAY?date=20240701&stockNo=3189&response=json,2024-07-03 14:00 Asia/Taipei,premarket trade_date may only use row.date < trade_date
2024-07-03,3443,創意,1605.0,1640.0,1555.0,1600.0,5187290.0,8311961285.0,TWSE STOCK_DAY,https://www.twse.com.tw/rwd/zh/afterTrading/STOCK_DAY?date=20240701&stockNo=3443&response=json,2024-07-03 14:00 Asia/Taipei,premarket trade_date may only use row.date < trade_date
2024-07-03,6526,達發,747.0,759.0,744.0,744.0,1357225.0,1018631918.0,TWSE STOCK_DAY,https://www.twse.com.tw/rwd/zh/afterTrading/STOCK_DAY?date=20240701&stockNo=6526&response=json,2024-07-03 14:00 Asia/Taipei,premarket trade_date may only use row.date < trade_date
2024-07-04,2345,智邦,554.0,574.0,550.0,571.0,3587306.0,2039910987.0,TWSE STOCK_DAY,https://www.twse.com.tw/rwd/zh/afterTrading/STOCK_DAY?date=20240701&stockNo=2345&response=json,2024-07-04 14:00 Asia/Taipei,premarket trade_date may only use row.date < trade_date
2024-07-04,3017,奇鋐,758.0,768.0,748.0,752.0,8633055.0,6523013594.0,TWSE STOCK_DAY,https://www.twse.com.tw/rwd/zh/afterTrading/STOCK_DAY?date=20240701&stockNo=3017&response=json,2024-07-04 14:00 Asia/Taipei,premarket trade_date may only use row.date < trade_date
2024-07-04,3189,景碩,94.9,94.9,89.7,90.2,20431036.0,1858874965.0,TWSE STOCK_DAY,https://www.twse.com.tw/rwd/zh/afterTrading/STOCK_DAY?date=20240701&stockNo=3189&response=json,2024-07-04 14:00 Asia/Taipei,premarket trade_date may only use row.date < trade_date
2024-07-04,3443,創意,1625.0,1630.0,1590.0,1615.0,3027398.0,4879492825.0,TWSE STOCK_DAY,https://www.twse.com.tw/rwd/zh/afterTrading/STOCK_DAY?date=20240701&stockNo=3443&response=json,2024-07-04 14:00 Asia/Taipei,premarket trade_date may only use row.date < trade_date
2024-07-04,6526,達發,755.0,761.0,736.0,740.0,1184336.0,881455264.0,TWSE STOCK_DAY,https://www.twse.com.tw/rwd/zh/afterTrading/STOCK_DAY?date=20240701&stockNo=6526&response=json,2024-07-04 14:00 Asia/Taipei,premarket trade_date may only use row.date < trade_date
2024-07-05,2345,智邦,569.0,570.0,557.0,557.0,1836123.0,1030181874.0,TWSE STOCK_DAY,https://www.twse.com.tw/rwd/zh/afterTrading/STOCK_DAY?date=20240701&stockNo=2345&response=json,2024-07-05 14:00 Asia/Taipei,premarket trade_date may only use row.date < trade_date
2024-07-05,3017,奇鋐,759.0,767.0,748.0,764.0,7951054.0,6030438595.0,TWSE STOCK_DAY,https://www.twse.com.tw/rwd/zh/afterTrading/STOCK_DAY?date=20240701&stockNo=3017&response=json,2024-07-05 14:00 Asia/Taipei,premarket trade_date may only use row.date < trade_date
2024-07-05,3189,景碩,91.0,92.8,90.8,92.7,9333656.0,858865226.0,TWSE STOCK_DAY,https://www.twse.com.tw/rwd/zh/afterTrading/STOCK_DAY?date=20240701&stockNo=3189&response=json,2024-07-05 14:00 Asia/Taipei,premarket trade_date may only use row.date < trade_date
2024-07-05,3443,創意,1615.0,1625.0,1590.0,1600.0,1746637.0,2800069010.0,TWSE STOCK_DAY,https://www.twse.com.tw/rwd/zh/afterTrading/STOCK_DAY?date=20240701&stockNo=3443&response=json,2024-07-05 14:00 Asia/Taipei,premarket trade_date may only use row.date < trade_date
2024-07-05,6526,達發,747.0,750.0,732.0,738.0,1034939.0,763238188.0,TWSE STOCK_DAY,https://www.twse.com.tw/rwd/zh/afterTrading/STOCK_DAY?date=20240701&stockNo=6526&response=json,2024-07-05 14:00 Asia/Taipei,premarket trade_date may only use row.date < trade_date
2024-07-08,2345,智邦,557.0,565.0,547.0,563.0,2772627.0,1549920034.0,TWSE STOCK_DAY,https://www.twse.com.tw/rwd/zh/afterTrading/STOCK_DAY?date=20240701&stockNo=2345&response=json,2024-07-08 14:00 Asia/Taipei,premarket trade_date may only use row.date < trade_date
2024-07-08,3017,奇鋐,773.0,776.0,735.0,745.0,10919573.0,8181488137.0,TWSE STOCK_DAY,https://www.twse.com.tw/rwd/zh/afterTrading/STOCK_DAY?date=20240701&stockNo=3017&response=json,2024-07-08 14:00 Asia/Taipei,premarket trade_date may only use row.date < trade_date
2024-07-08,3189,景碩,93.1,95.8,92.9,94.4,9163444.0,864975872.0,TWSE STOCK_DAY,https://www.twse.com.tw/rwd/zh/afterTrading/STOCK_DAY?date=20240701&stockNo=3189&response=json,2024-07-08 14:00 Asia/Taipei,premarket trade_date may only use row.date < trade_date
2024-07-08,3443,創意,1595.0,1600.0,1540.0,1550.0,2876461.0,4491262140.0,TWSE STOCK_DAY,https://www.twse.com.tw/rwd/zh/afterTrading/STOCK_DAY?date=20240701&stockNo=3443&response=json,2024-07-08 14:00 Asia/Taipei,premarket trade_date may only use row.date < trade_date
2024-07-08,6526,達發,737.0,746.0,733.0,738.0,741513.0,547922785.0,TWSE STOCK_DAY,https://www.twse.com.tw/rwd/zh/afterTrading/STOCK_DAY?date=20240701&stockNo=6526&response=json,2024-07-08 14:00 Asia/Taipei,premarket trade_date may only use row.date < trade_date
2024-07-09,2345,智邦,560.0,570.0,559.0,567.0,2014456.0,1135604265.0,TWSE STOCK_DAY,https://www.twse.com.tw/rwd/zh/afterTrading/STOCK_DAY?date=20240701&stockNo=2345&response=json,2024-07-09 14:00 Asia/Taipei,premarket trade_date may only use row.date < trade_date
2024-07-09,3017,奇鋐,750.0,754.0,710.0,727.0,10962546.0,7989458389.0,TWSE STOCK_DAY,https://www.twse.com.tw/rwd/zh/afterTrading/STOCK_DAY?date=20240701&stockNo=3017&response=json,2024-07-09 14:00 Asia/Taipei,premarket trade_date may only use row.date < trade_date
2024-07-09,3189,景碩,94.8,95.2,92.8,94.8,4509080.0,423677128.0,TWSE STOCK_DAY,https://www.twse.com.tw/rwd/zh/afterTrading/STOCK_DAY?date=20240701&stockNo=3189&response=json,2024-07-09 14:00 Asia/Taipei,premarket trade_date may only use row.date < trade_date
2024-07-09,3443,創意,1560.0,1635.0,1535.0,1635.0,3925596.0,6237693430.0,TWSE STOCK_DAY,https://www.twse.com.tw/rwd/zh/afterTrading/STOCK_DAY?date=20240701&stockNo=3443&response=json,2024-07-09 14:00 Asia/Taipei,premarket trade_date may only use row.date < trade_date
2024-07-09,6526,達發,744.0,753.0,723.0,732.0,1239026.0,914019478.0,TWSE STOCK_DAY,https://www.twse.com.tw/rwd/zh/afterTrading/STOCK_DAY?date=20240701&stockNo=6526&response=json,2024-07-09 14:00 Asia/Taipei,premarket trade_date may only use row.date < trade_date
2024-07-10,2345,智邦,570.0,576.0,564.0,575.0,1580257.0,903819917.0,TWSE STOCK_DAY,https://www.twse.com.tw/rwd/zh/afterTrading/STOCK_DAY?date=20240701&stockNo=2345&response=json,2024-07-10 14:00 Asia/Taipei,premarket trade_date may only use row.date < trade_date
2024-07-10,3017,奇鋐,734.0,736.0,723.0,726.0,6270580.0,4571260614.0,TWSE STOCK_DAY,https://www.twse.com.tw/rwd/zh/afterTrading/STOCK_DAY?date=20240701&stockNo=3017&response=json,2024-07-10 14:00 Asia/Taipei,premarket trade_date may only use row.date < trade_date
2024-07-10,3189,景碩,95.2,99.6,93.6,99.4,9488482.0,920502468.0,TWSE STOCK_DAY,https://www.twse.com.tw/rwd/zh/afterTrading/STOCK_DAY?date=20240701&stockNo=3189&response=json,2024-07-10 14:00 Asia/Taipei,premarket trade_date may only use row.date < trade_date
2024-07-10,3443,創意,1620.0,1635.0,1585.0,1605.0,2108278.0,3385792720.0,TWSE STOCK_DAY,https://www.twse.com.tw/rwd/zh/afterTrading/STOCK_DAY?date=20240701&stockNo=3443&response=json,2024-07-10 14:00 Asia/Taipei,premarket trade_date may only use row.date < trade_date
2024-07-10,6526,達發,735.0,746.0,727.0,741.0,679498.0,499364741.0,TWSE STOCK_DAY,https://www.twse.com.tw/rwd/zh/afterTrading/STOCK_DAY?date=20240701&stockNo=6526&response=json,2024-07-10 14:00 Asia/Taipei,premarket trade_date may only use row.date < trade_date
2024-07-11,2345,智邦,576.0,583.0,573.0,578.0,2270485.0,1311858798.0,TWSE STOCK_DAY,https://www.twse.com.tw/rwd/zh/afterTrading/STOCK_DAY?date=20240701&stockNo=2345&response=json,2024-07-11 14:00 Asia/Taipei,premarket trade_date may only use row.date < trade_date
2024-07-11,3017,奇鋐,733.0,737.0,708.0,714.0,8484104.0,6089392196.0,TWSE STOCK_DAY,https://www.twse.com.tw/rwd/zh/afterTrading/STOCK_DAY?date=20240701&stockNo=3017&response=json,2024-07-11 14:00 Asia/Taipei,premarket trade_date may only use row.date < trade_date
2024-07-11,3189,景碩,107.0,109.0,106.5,109.0,32620723.0,3536846973.0,TWSE STOCK_DAY,https://www.twse.com.tw/rwd/zh/afterTrading/STOCK_DAY?date=20240701&stockNo=3189&response=json,2024-07-11 14:00 Asia/Taipei,premarket trade_date may only use row.date < trade_date
2024-07-11,3443,創意,1630.0,1640.0,1575.0,1595.0,2768428.0,4432000105.0,TWSE STOCK_DAY,https://www.twse.com.tw/rwd/zh/afterTrading/STOCK_DAY?date=20240701&stockNo=3443&response=json,2024-07-11 14:00 Asia/Taipei,premarket trade_date may only use row.date < trade_date
2024-07-11,6526,達發,753.0,753.0,721.0,721.0,1800608.0,1314646763.0,TWSE STOCK_DAY,https://www.twse.com.tw/rwd/zh/afterTrading/STOCK_DAY?date=20240701&stockNo=6526&response=json,2024-07-11 14:00 Asia/Taipei,premarket trade_date may only use row.date < trade_date
2024-07-12,2345,智邦,578.0,588.0,566.0,571.0,2964456.0,1701103680.0,TWSE STOCK_DAY,https://www.twse.com.tw/rwd/zh/afterTrading/STOCK_DAY?date=20240701&stockNo=2345&response=json,2024-07-12 14:00 Asia/Taipei,premarket trade_date may only use row.date < trade_date
2024-07-12,3017,奇鋐,707.0,721.0,701.0,709.0,7224346.0,5119121588.0,TWSE STOCK_DAY,https://www.twse.com.tw/rwd/zh/afterTrading/STOCK_DAY?date=20240701&stockNo=3017&response=json,2024-07-12 14:00 Asia/Taipei,premarket trade_date may only use row.date < trade_date
2024-07-12,3189,景碩,111.0,119.5,110.0,119.5,69841144.0,8107701645.0,TWSE STOCK_DAY,https://www.twse.com.tw/rwd/zh/afterTrading/STOCK_DAY?date=20240701&stockNo=3189&response=json,2024-07-12 14:00 Asia/Taipei,premarket trade_date may only use row.date < trade_date
2024-07-12,3443,創意,1565.0,1595.0,1550.0,1575.0,1733171.0,2720406590.0,TWSE STOCK_DAY,https://www.twse.com.tw/rwd/zh/afterTrading/STOCK_DAY?date=20240701&stockNo=3443&response=json,2024-07-12 14:00 Asia/Taipei,premarket trade_date may only use row.date < trade_date
2024-07-12,6526,達發,716.0,716.0,690.0,690.0,1779348.0,1241796677.0,TWSE STOCK_DAY,https://www.twse.com.tw/rwd/zh/afterTrading/STOCK_DAY?date=20240701&stockNo=6526&response=json,2024-07-12 14:00 Asia/Taipei,premarket trade_date may only use row.date < trade_date
2024-07-15,2345,智邦,571.0,571.0,539.0,542.0,3574143.0,1955939736.0,TWSE STOCK_DAY,https://www.twse.com.tw/rwd/zh/afterTrading/STOCK_DAY?date=20240701&stockNo=2345&response=json,2024-07-15 14:00 Asia/Taipei,premarket trade_date may only use row.date < trade_date
2024-07-15,3017,奇鋐,712.0,713.0,694.0,702.0,6438853.0,4509684481.0,TWSE STOCK_DAY,https://www.twse.com.tw/rwd/zh/afterTrading/STOCK_DAY?date=20240701&stockNo=3017&response=json,2024-07-15 14:00 Asia/Taipei,premarket trade_date may only use row.date < trade_date
2024-07-15,3189,景碩,120.0,122.5,115.0,120.0,38870261.0,4619878559.0,TWSE STOCK_DAY,https://www.twse.com.tw/rwd/zh/afterTrading/STOCK_DAY?date=20240701&stockNo=3189&response=json,2024-07-15 14:00 Asia/Taipei,premarket trade_date may only use row.date < trade_date
2024-07-15,3443,創意,1605.0,1605.0,1555.0,1555.0,1261902.0,1982171675.0,TWSE STOCK_DAY,https://www.twse.com.tw/rwd/zh/afterTrading/STOCK_DAY?date=20240701&stockNo=3443&response=json,2024-07-15 14:00 Asia/Taipei,premarket trade_date may only use row.date < trade_date
2024-07-15,6526,達發,694.0,699.0,689.0,692.0,481519.0,334122454.0,TWSE STOCK_DAY,https://www.twse.com.tw/rwd/zh/afterTrading/STOCK_DAY?date=20240701&stockNo=6526&response=json,2024-07-15 14:00 Asia/Taipei,premarket trade_date may only use row.date < trade_date
2024-07-16,2345,智邦,542.0,548.0,535.0,544.0,2111320.0,1143639990.0,TWSE STOCK_DAY,https://www.twse.com.tw/rwd/zh/afterTrading/STOCK_DAY?date=20240701&stockNo=2345&response=json,2024-07-16 14:00 Asia/Taipei,premarket trade_date may only use row.date < trade_date
2024-07-16,3017,奇鋐,704.0,709.0,690.0,691.0,5781944.0,4027111113.0,TWSE STOCK_DAY,https://www.twse.com.tw/rwd/zh/afterTrading/STOCK_DAY?date=20240701&stockNo=3017&response=json,2024-07-16 14:00 Asia/Taipei,premarket trade_date may only use row.date < trade_date
2024-07-16,3189,景碩,119.5,122.0,117.0,120.0,23424161.0,2794740601.0,TWSE STOCK_DAY,https://www.twse.com.tw/rwd/zh/afterTrading/STOCK_DAY?date=20240701&stockNo=3189&response=json,2024-07-16 14:00 Asia/Taipei,premarket trade_date may only use row.date < trade_date
2024-07-16,3443,創意,1560.0,1610.0,1555.0,1565.0,1931779.0,3055957590.0,TWSE STOCK_DAY,https://www.twse.com.tw/rwd/zh/afterTrading/STOCK_DAY?date=20240701&stockNo=3443&response=json,2024-07-16 14:00 Asia/Taipei,premarket trade_date may only use row.date < trade_date
2024-07-16,6526,達發,694.0,707.0,692.0,692.0,597164.0,417035677.0,TWSE STOCK_DAY,https://www.twse.com.tw/rwd/zh/afterTrading/STOCK_DAY?date=20240701&stockNo=6526&response=json,2024-07-16 14:00 Asia/Taipei,premarket trade_date may only use row.date < trade_date
2024-07-17,2345,智邦,540.0,545.0,523.0,526.0,2184187.0,1158614682.0,TWSE STOCK_DAY,https://www.twse.com.tw/rwd/zh/afterTrading/STOCK_DAY?date=20240701&stockNo=2345&response=json,2024-07-17 14:00 Asia/Taipei,premarket trade_date may only use row.date < trade_date
2024-07-17,3017,奇鋐,694.0,710.0,690.0,690.0,6402006.0,4472486188.0,TWSE STOCK_DAY,https://www.twse.com.tw/rwd/zh/afterTrading/STOCK_DAY?date=20240701&stockNo=3017&response=json,2024-07-17 14:00 Asia/Taipei,premarket trade_date may only use row.date < trade_date
2024-07-17,3189,景碩,120.5,132.0,119.5,132.0,44274859.0,5668716452.0,TWSE STOCK_DAY,https://www.twse.com.tw/rwd/zh/afterTrading/STOCK_DAY?date=20240701&stockNo=3189&response=json,2024-07-17 14:00 Asia/Taipei,premarket trade_date may only use row.date < trade_date
2024-07-17,3443,創意,1565.0,1575.0,1510.0,1515.0,1914601.0,2943543480.0,TWSE STOCK_DAY,https://www.twse.com.tw/rwd/zh/afterTrading/STOCK_DAY?date=20240701&stockNo=3443&response=json,2024-07-17 14:00 Asia/Taipei,premarket trade_date may only use row.date < trade_date
2024-07-17,6526,達發,697.0,699.0,682.0,688.0,568353.0,390504072.0,TWSE STOCK_DAY,https://www.twse.com.tw/rwd/zh/afterTrading/STOCK_DAY?date=20240701&stockNo=6526&response=json,2024-07-17 14:00 Asia/Taipei,premarket trade_date may only use row.date < trade_date
2024-07-18,2345,智邦,515.0,515.0,497.0,503.0,4516090.0,2267467803.0,TWSE STOCK_DAY,https://www.twse.com.tw/rwd/zh/afterTrading/STOCK_DAY?date=20240701&stockNo=2345&response=json,2024-07-18 14:00 Asia/Taipei,premarket trade_date may only use row.date < trade_date
2024-07-18,3017,奇鋐,670.0,680.0,653.0,675.0,9811674.0,6523730083.0,TWSE STOCK_DAY,https://www.twse.com.tw/rwd/zh/afterTrading/STOCK_DAY?date=20240701&stockNo=3017&response=json,2024-07-18 14:00 Asia/Taipei,premarket trade_date may only use row.date < trade_date
2024-07-18,3189,景碩,128.5,129.5,122.0,125.0,49181953.0,6210685251.0,TWSE STOCK_DAY,https://www.twse.com.tw/rwd/zh/afterTrading/STOCK_DAY?date=20240701&stockNo=3189&response=json,2024-07-18 14:00 Asia/Taipei,premarket trade_date may only use row.date < trade_date
2024-07-18,3443,創意,1490.0,1490.0,1415.0,1470.0,2957488.0,4298287895.0,TWSE STOCK_DAY,https://www.twse.com.tw/rwd/zh/afterTrading/STOCK_DAY?date=20240701&stockNo=3443&response=json,2024-07-18 14:00 Asia/Taipei,premarket trade_date may only use row.date < trade_date
2024-07-18,6526,達發,672.0,673.0,643.0,657.0,1944228.0,1274717997.0,TWSE STOCK_DAY,https://www.twse.com.tw/rwd/zh/afterTrading/STOCK_DAY?date=20240701&stockNo=6526&response=json,2024-07-18 14:00 Asia/Taipei,premarket trade_date may only use row.date < trade_date
2024-07-19,2345,智邦,501.0,523.0,495.0,521.0,3876472.0,1967371179.0,TWSE STOCK_DAY,https://www.twse.com.tw/rwd/zh/afterTrading/STOCK_DAY?date=20240701&stockNo=2345&response=json,2024-07-19 14:00 Asia/Taipei,premarket trade_date may only use row.date < trade_date
2024-07-19,3017,奇鋐,676.0,698.0,670.0,687.0,8237795.0,5646863810.0,TWSE STOCK_DAY,https://www.twse.com.tw/rwd/zh/afterTrading/STOCK_DAY?date=20240701&stockNo=3017&response=json,2024-07-19 14:00 Asia/Taipei,premarket trade_date may only use row.date < trade_date
2024-07-19,3189,景碩,125.0,126.5,115.0,117.5,31258287.0,3752499189.0,TWSE STOCK_DAY,https://www.twse.com.tw/rwd/zh/afterTrading/STOCK_DAY?date=20240701&stockNo=3189&response=json,2024-07-19 14:00 Asia/Taipei,premarket trade_date may only use row.date < trade_date
2024-07-19,3443,創意,1470.0,1490.0,1435.0,1440.0,1640308.0,2397760405.0,TWSE STOCK_DAY,https://www.twse.com.tw/rwd/zh/afterTrading/STOCK_DAY?date=20240701&stockNo=3443&response=json,2024-07-19 14:00 Asia/Taipei,premarket trade_date may only use row.date < trade_date
2024-07-19,6526,達發,656.0,657.0,635.0,635.0,1318329.0,845510335.0,TWSE STOCK_DAY,https://www.twse.com.tw/rwd/zh/afterTrading/STOCK_DAY?date=20240701&stockNo=6526&response=json,2024-07-19 14:00 Asia/Taipei,premarket trade_date may only use row.date < trade_date
2024-07-22,2345,智邦,516.0,528.0,501.0,511.0,3919908.0,2001579583.0,TWSE STOCK_DAY,https://www.twse.com.tw/rwd/zh/afterTrading/STOCK_DAY?date=20240701&stockNo=2345&response=json,2024-07-22 14:00 Asia/Taipei,premarket trade_date may only use row.date < trade_date
2024-07-22,3017,奇鋐,696.0,697.0,628.0,634.0,14539598.0,9510132069.0,TWSE STOCK_DAY,https://www.twse.com.tw/rwd/zh/afterTrading/STOCK_DAY?date=20240701&stockNo=3017&response=json,2024-07-22 14:00 Asia/Taipei,premarket trade_date may only use row.date < trade_date
2024-07-22,3189,景碩,119.5,120.0,111.0,115.5,24089910.0,2785310958.0,TWSE STOCK_DAY,https://www.twse.com.tw/rwd/zh/afterTrading/STOCK_DAY?date=20240701&stockNo=3189&response=json,2024-07-22 14:00 Asia/Taipei,premarket trade_date may only use row.date < trade_date
2024-07-22,3443,創意,1435.0,1450.0,1390.0,1435.0,1875303.0,2661100060.0,TWSE STOCK_DAY,https://www.twse.com.tw/rwd/zh/afterTrading/STOCK_DAY?date=20240701&stockNo=3443&response=json,2024-07-22 14:00 Asia/Taipei,premarket trade_date may only use row.date < trade_date
2024-07-22,6526,達發,639.0,639.0,598.0,606.0,2172423.0,1320758572.0,TWSE STOCK_DAY,https://www.twse.com.tw/rwd/zh/afterTrading/STOCK_DAY?date=20240701&stockNo=6526&response=json,2024-07-22 14:00 Asia/Taipei,premarket trade_date may only use row.date < trade_date
2024-07-23,2345,智邦,518.0,522.0,501.0,512.0,3523316.0,1794709433.0,TWSE STOCK_DAY,https://www.twse.com.tw/rwd/zh/afterTrading/STOCK_DAY?date=20240701&stockNo=2345&response=json,2024-07-23 14:00 Asia/Taipei,premarket trade_date may only use row.date < trade_date
2024-07-23,3017,奇鋐,647.0,676.0,643.0,669.0,8659947.0,5728860754.0,TWSE STOCK_DAY,https://www.twse.com.tw/rwd/zh/afterTrading/STOCK_DAY?date=20240701&stockNo=3017&response=json,2024-07-23 14:00 Asia/Taipei,premarket trade_date may only use row.date < trade_date
2024-07-23,3189,景碩,119.0,124.0,118.0,119.0,31282461.0,3782777702.0,TWSE STOCK_DAY,https://www.twse.com.tw/rwd/zh/afterTrading/STOCK_DAY?date=20240701&stockNo=3189&response=json,2024-07-23 14:00 Asia/Taipei,premarket trade_date may only use row.date < trade_date
2024-07-23,3443,創意,1475.0,1480.0,1420.0,1430.0,2117434.0,3061019060.0,TWSE STOCK_DAY,https://www.twse.com.tw/rwd/zh/afterTrading/STOCK_DAY?date=20240701&stockNo=3443&response=json,2024-07-23 14:00 Asia/Taipei,premarket trade_date may only use row.date < trade_date
2024-07-23,6526,達發,618.0,621.0,611.0,616.0,785226.0,482992203.0,TWSE STOCK_DAY,https://www.twse.com.tw/rwd/zh/afterTrading/STOCK_DAY?date=20240701&stockNo=6526&response=json,2024-07-23 14:00 Asia/Taipei,premarket trade_date may only use row.date < trade_date
2024-07-26,2345,智邦,485.0,516.0,485.0,511.0,4003347.0,2022391191.0,TWSE STOCK_DAY,https://www.twse.com.tw/rwd/zh/afterTrading/STOCK_DAY?date=20240701&stockNo=2345&response=json,2024-07-26 14:00 Asia/Taipei,premarket trade_date may only use row.date < trade_date
2024-07-26,3017,奇鋐,623.0,636.0,612.0,613.0,11013333.0,6846729688.0,TWSE STOCK_DAY,https://www.twse.com.tw/rwd/zh/afterTrading/STOCK_DAY?date=20240701&stockNo=3017&response=json,2024-07-26 14:00 Asia/Taipei,premarket trade_date may only use row.date < trade_date
2024-07-26,3189,景碩,112.0,122.0,110.0,120.0,21103318.0,2473426284.0,TWSE STOCK_DAY,https://www.twse.com.tw/rwd/zh/afterTrading/STOCK_DAY?date=20240701&stockNo=3189&response=json,2024-07-26 14:00 Asia/Taipei,premarket trade_date may only use row.date < trade_date
2024-07-26,3443,創意,1340.0,1375.0,1325.0,1335.0,2104757.0,2833823620.0,TWSE STOCK_DAY,https://www.twse.com.tw/rwd/zh/afterTrading/STOCK_DAY?date=20240701&stockNo=3443&response=json,2024-07-26 14:00 Asia/Taipei,premarket trade_date may only use row.date < trade_date
2024-07-26,6526,達發,590.0,608.0,588.0,606.0,786383.0,471325146.0,TWSE STOCK_DAY,https://www.twse.com.tw/rwd/zh/afterTrading/STOCK_DAY?date=20240701&stockNo=6526&response=json,2024-07-26 14:00 Asia/Taipei,premarket trade_date may only use row.date < trade_date
2024-07-29,2345,智邦,522.0,536.0,503.0,505.0,2935455.0,1522515844.0,TWSE STOCK_DAY,https://www.twse.com.tw/rwd/zh/afterTrading/STOCK_DAY?date=20240701&stockNo=2345&response=json,2024-07-29 14:00 Asia/Taipei,premarket trade_date may only use row.date < trade_date
2024-07-29,3017,奇鋐,628.0,628.0,588.0,590.0,12621304.0,7623723892.0,TWSE STOCK_DAY,https://www.twse.com.tw/rwd/zh/afterTrading/STOCK_DAY?date=20240701&stockNo=3017&response=json,2024-07-29 14:00 Asia/Taipei,premarket trade_date may only use row.date < trade_date
2024-07-29,3189,景碩,123.5,127.5,117.5,119.0,35014682.0,4268714635.0,TWSE STOCK_DAY,https://www.twse.com.tw/rwd/zh/afterTrading/STOCK_DAY?date=20240701&stockNo=3189&response=json,2024-07-29 14:00 Asia/Taipei,premarket trade_date may only use row.date < trade_date
2024-07-29,3443,創意,1215.0,1220.0,1205.0,1205.0,1934015.0,2334646660.0,TWSE STOCK_DAY,https://www.twse.com.tw/rwd/zh/afterTrading/STOCK_DAY?date=20240701&stockNo=3443&response=json,2024-07-29 14:00 Asia/Taipei,premarket trade_date may only use row.date < trade_date
2024-07-29,6526,達發,624.0,628.0,596.0,599.0,1013338.0,620147891.0,TWSE STOCK_DAY,https://www.twse.com.tw/rwd/zh/afterTrading/STOCK_DAY?date=20240701&stockNo=6526&response=json,2024-07-29 14:00 Asia/Taipei,premarket trade_date may only use row.date < trade_date
2024-07-30,2345,智邦,505.0,512.0,497.5,510.0,1803048.0,911978746.0,TWSE STOCK_DAY,https://www.twse.com.tw/rwd/zh/afterTrading/STOCK_DAY?date=20240701&stockNo=2345&response=json,2024-07-30 14:00 Asia/Taipei,premarket trade_date may only use row.date < trade_date
2024-07-30,3017,奇鋐,600.0,643.0,593.0,639.0,13952089.0,8654784767.0,TWSE STOCK_DAY,https://www.twse.com.tw/rwd/zh/afterTrading/STOCK_DAY?date=20240701&stockNo=3017&response=json,2024-07-30 14:00 Asia/Taipei,premarket trade_date may only use row.date < trade_date
2024-07-30,3189,景碩,114.0,116.5,107.5,111.0,36589604.0,4025366880.0,TWSE STOCK_DAY,https://www.twse.com.tw/rwd/zh/afterTrading/STOCK_DAY?date=20240701&stockNo=3189&response=json,2024-07-30 14:00 Asia/Taipei,premarket trade_date may only use row.date < trade_date
2024-07-30,3443,創意,1125.0,1140.0,1085.0,1095.0,8418532.0,9251599680.0,TWSE STOCK_DAY,https://www.twse.com.tw/rwd/zh/afterTrading/STOCK_DAY?date=20240701&stockNo=3443&response=json,2024-07-30 14:00 Asia/Taipei,premarket trade_date may only use row.date < trade_date
2024-07-30,6526,達發,593.0,611.0,592.0,611.0,513837.0,308591559.0,TWSE STOCK_DAY,https://www.twse.com.tw/rwd/zh/afterTrading/STOCK_DAY?date=20240701&stockNo=6526&response=json,2024-07-30 14:00 Asia/Taipei,premarket trade_date may only use row.date < trade_date
2024-07-31,2345,智邦,498.0,511.0,496.0,507.0,2132920.0,1074382971.0,TWSE STOCK_DAY,https://www.twse.com.tw/rwd/zh/afterTrading/STOCK_DAY?date=20240701&stockNo=2345&response=json,2024-07-31 14:00 Asia/Taipei,premarket trade_date may only use row.date < trade_date
2024-07-31,3017,奇鋐,631.0,656.0,628.0,636.0,9467722.0,6092591189.0,TWSE STOCK_DAY,https://www.twse.com.tw/rwd/zh/afterTrading/STOCK_DAY?date=20240701&stockNo=3017&response=json,2024-07-31 14:00 Asia/Taipei,premarket trade_date may only use row.date < trade_date
2024-07-31,3189,景碩,109.0,110.0,102.5,106.5,25611956.0,2718200671.0,TWSE STOCK_DAY,https://www.twse.com.tw/rwd/zh/afterTrading/STOCK_DAY?date=20240701&stockNo=3189&response=json,2024-07-31 14:00 Asia/Taipei,premarket trade_date may only use row.date < trade_date
2024-07-31,3443,創意,1095.0,1170.0,1080.0,1150.0,6450947.0,7297713895.0,TWSE STOCK_DAY,https://www.twse.com.tw/rwd/zh/afterTrading/STOCK_DAY?date=20240701&stockNo=3443&response=json,2024-07-31 14:00 Asia/Taipei,premarket trade_date may only use row.date < trade_date
2024-07-31,6526,達發,605.0,620.0,598.0,616.0,616521.0,377085709.0,TWSE STOCK_DAY,https://www.twse.com.tw/rwd/zh/afterTrading/STOCK_DAY?date=20240701&stockNo=6526&response=json,2024-07-31 14:00 Asia/Taipei,premarket trade_date may only use row.date < trade_date
2024-08-01,2345,智邦,521.0,528.0,515.0,520.0,2287009.0,1194384156.0,TWSE STOCK_DAY,https://www.twse.com.tw/rwd/zh/afterTrading/STOCK_DAY?date=20240801&stockNo=2345&response=json,2024-08-01 14:00 Asia/Taipei,premarket trade_date may only use row.date < trade_date
2024-08-01,3017,奇鋐,668.0,668.0,648.0,655.0,7932609.0,5212292300.0,TWSE STOCK_DAY,https://www.twse.com.tw/rwd/zh/afterTrading/STOCK_DAY?date=20240801&stockNo=3017&response=json,2024-08-01 14:00 Asia/Taipei,premarket trade_date may only use row.date < trade_date
2024-08-01,3189,景碩,110.0,116.5,109.5,111.0,24235099.0,2740853125.0,TWSE STOCK_DAY,https://www.twse.com.tw/rwd/zh/afterTrading/STOCK_DAY?date=20240801&stockNo=3189&response=json,2024-08-01 14:00 Asia/Taipei,premarket trade_date may only use row.date < trade_date
2024-08-01,3443,創意,1175.0,1185.0,1135.0,1140.0,3501029.0,4037905540.0,TWSE STOCK_DAY,https://www.twse.com.tw/rwd/zh/afterTrading/STOCK_DAY?date=20240801&stockNo=3443&response=json,2024-08-01 14:00 Asia/Taipei,premarket trade_date may only use row.date < trade_date
2024-08-01,6526,達發,633.0,635.0,616.0,626.0,856499.0,535745115.0,TWSE STOCK_DAY,https://www.twse.com.tw/rwd/zh/afterTrading/STOCK_DAY?date=20240801&stockNo=6526&response=json,2024-08-01 14:00 Asia/Taipei,premarket trade_date may only use row.date < trade_date
2024-08-02,2345,智邦,510.0,521.0,495.0,496.0,2326556.0,1172789567.0,TWSE STOCK_DAY,https://www.twse.com.tw/rwd/zh/afterTrading/STOCK_DAY?date=20240801&stockNo=2345&response=json,2024-08-02 14:00 Asia/Taipei,premarket trade_date may only use row.date < trade_date
2024-08-02,3017,奇鋐,608.0,640.0,592.0,594.0,12864948.0,7871029042.0,TWSE STOCK_DAY,https://www.twse.com.tw/rwd/zh/afterTrading/STOCK_DAY?date=20240801&stockNo=3017&response=json,2024-08-02 14:00 Asia/Taipei,premarket trade_date may only use row.date < trade_date
2024-08-02,3189,景碩,105.5,108.0,103.5,104.5,13895323.0,1469167510.0,TWSE STOCK_DAY,https://www.twse.com.tw/rwd/zh/afterTrading/STOCK_DAY?date=20240801&stockNo=3189&response=json,2024-08-02 14:00 Asia/Taipei,premarket trade_date may only use row.date < trade_date
2024-08-02,3443,創意,1090.0,1120.0,1060.0,1060.0,3136176.0,3409259415.0,TWSE STOCK_DAY,https://www.twse.com.tw/rwd/zh/afterTrading/STOCK_DAY?date=20240801&stockNo=3443&response=json,2024-08-02 14:00 Asia/Taipei,premarket trade_date may only use row.date < trade_date
2024-08-02,6526,達發,601.0,613.0,588.0,588.0,858125.0,514121902.0,TWSE STOCK_DAY,https://www.twse.com.tw/rwd/zh/afterTrading/STOCK_DAY?date=20240801&stockNo=6526&response=json,2024-08-02 14:00 Asia/Taipei,premarket trade_date may only use row.date < trade_date
2024-08-05,2345,智邦,470.0,470.0,446.5,446.5,2566698.0,1161478183.0,TWSE STOCK_DAY,https://www.twse.com.tw/rwd/zh/afterTrading/STOCK_DAY?date=20240801&stockNo=2345&response=json,2024-08-05 14:00 Asia/Taipei,premarket trade_date may only use row.date < trade_date
2024-08-05,3017,奇鋐,536.0,549.0,535.0,535.0,9196285.0,4943726605.0,TWSE STOCK_DAY,https://www.twse.com.tw/rwd/zh/afterTrading/STOCK_DAY?date=20240801&stockNo=3017&response=json,2024-08-05 14:00 Asia/Taipei,premarket trade_date may only use row.date < trade_date
2024-08-05,3189,景碩,97.5,101.5,94.1,97.0,24930470.0,2411041535.0,TWSE STOCK_DAY,https://www.twse.com.tw/rwd/zh/afterTrading/STOCK_DAY?date=20240801&stockNo=3189&response=json,2024-08-05 14:00 Asia/Taipei,premarket trade_date may only use row.date < trade_date
2024-08-05,3443,創意,960.0,969.0,954.0,954.0,2327845.0,2228656751.0,TWSE STOCK_DAY,https://www.twse.com.tw/rwd/zh/afterTrading/STOCK_DAY?date=20240801&stockNo=3443&response=json,2024-08-05 14:00 Asia/Taipei,premarket trade_date may only use row.date < trade_date
2024-08-05,6526,達發,544.0,547.0,530.0,530.0,890040.0,474180303.0,TWSE STOCK_DAY,https://www.twse.com.tw/rwd/zh/afterTrading/STOCK_DAY?date=20240801&stockNo=6526&response=json,2024-08-05 14:00 Asia/Taipei,premarket trade_date may only use row.date < trade_date
2024-08-06,2345,智邦,465.0,468.5,426.5,453.5,3612585.0,1635202667.0,TWSE STOCK_DAY,https://www.twse.com.tw/rwd/zh/afterTrading/STOCK_DAY?date=20240801&stockNo=2345&response=json,2024-08-06 14:00 Asia/Taipei,premarket trade_date may only use row.date < trade_date
2024-08-06,3017,奇鋐,561.0,561.0,484.0,526.0,15925656.0,8380570137.0,TWSE STOCK_DAY,https://www.twse.com.tw/rwd/zh/afterTrading/STOCK_DAY?date=20240801&stockNo=3017&response=json,2024-08-06 14:00 Asia/Taipei,premarket trade_date may only use row.date < trade_date
2024-08-06,3189,景碩,103.0,103.5,88.1,90.8,28217203.0,2650503427.0,TWSE STOCK_DAY,https://www.twse.com.tw/rwd/zh/afterTrading/STOCK_DAY?date=20240801&stockNo=3189&response=json,2024-08-06 14:00 Asia/Taipei,premarket trade_date may only use row.date < trade_date
2024-08-06,3443,創意,991.0,991.0,862.0,942.0,7079843.0,6538277982.0,TWSE STOCK_DAY,https://www.twse.com.tw/rwd/zh/afterTrading/STOCK_DAY?date=20240801&stockNo=3443&response=json,2024-08-06 14:00 Asia/Taipei,premarket trade_date may only use row.date < trade_date
2024-08-06,6526,達發,544.0,555.0,496.5,532.0,1330664.0,699040206.0,TWSE STOCK_DAY,https://www.twse.com.tw/rwd/zh/afterTrading/STOCK_DAY?date=20240801&stockNo=6526&response=json,2024-08-06 14:00 Asia/Taipei,premarket trade_date may only use row.date < trade_date
2024-08-07,2345,智邦,451.5,498.5,450.0,495.5,5432903.0,2662538231.0,TWSE STOCK_DAY,https://www.twse.com.tw/rwd/zh/afterTrading/STOCK_DAY?date=20240801&stockNo=2345&response=json,2024-08-07 14:00 Asia/Taipei,premarket trade_date may only use row.date < trade_date
2024-08-07,3017,奇鋐,533.0,576.0,528.0,559.0,11662628.0,6463541738.0,TWSE STOCK_DAY,https://www.twse.com.tw/rwd/zh/afterTrading/STOCK_DAY?date=20240801&stockNo=3017&response=json,2024-08-07 14:00 Asia/Taipei,premarket trade_date may only use row.date < trade_date
2024-08-07,3189,景碩,92.4,99.8,92.1,99.8,18341583.0,1769178384.0,TWSE STOCK_DAY,https://www.twse.com.tw/rwd/zh/afterTrading/STOCK_DAY?date=20240801&stockNo=3189&response=json,2024-08-07 14:00 Asia/Taipei,premarket trade_date may only use row.date < trade_date
2024-08-07,3443,創意,954.0,1035.0,954.0,1015.0,4745494.0,4744515610.0,TWSE STOCK_DAY,https://www.twse.com.tw/rwd/zh/afterTrading/STOCK_DAY?date=20240801&stockNo=3443&response=json,2024-08-07 14:00 Asia/Taipei,premarket trade_date may only use row.date < trade_date
2024-08-07,6526,達發,534.0,569.0,533.0,564.0,749235.0,416844227.0,TWSE STOCK_DAY,https://www.twse.com.tw/rwd/zh/afterTrading/STOCK_DAY?date=20240801&stockNo=6526&response=json,2024-08-07 14:00 Asia/Taipei,premarket trade_date may only use row.date < trade_date
2024-08-08,2345,智邦,489.5,511.0,489.5,491.0,3148659.0,1559961935.0,TWSE STOCK_DAY,https://www.twse.com.tw/rwd/zh/afterTrading/STOCK_DAY?date=20240801&stockNo=2345&response=json,2024-08-08 14:00 Asia/Taipei,premarket trade_date may only use row.date < trade_date
2024-08-08,3017,奇鋐,541.0,549.0,521.0,530.0,13326706.0,7127858233.0,TWSE STOCK_DAY,https://www.twse.com.tw/rwd/zh/afterTrading/STOCK_DAY?date=20240801&stockNo=3017&response=json,2024-08-08 14:00 Asia/Taipei,premarket trade_date may only use row.date < trade_date
2024-08-08,3189,景碩,98.8,105.0,97.7,102.0,23895958.0,2414622510.0,TWSE STOCK_DAY,https://www.twse.com.tw/rwd/zh/afterTrading/STOCK_DAY?date=20240801&stockNo=3189&response=json,2024-08-08 14:00 Asia/Taipei,premarket trade_date may only use row.date < trade_date
2024-08-08,3443,創意,985.0,1005.0,971.0,998.0,3114137.0,3092533989.0,TWSE STOCK_DAY,https://www.twse.com.tw/rwd/zh/afterTrading/STOCK_DAY?date=20240801&stockNo=3443&response=json,2024-08-08 14:00 Asia/Taipei,premarket trade_date may only use row.date < trade_date
2024-08-08,6526,達發,550.0,566.0,543.0,554.0,519232.0,288444882.0,TWSE STOCK_DAY,https://www.twse.com.tw/rwd/zh/afterTrading/STOCK_DAY?date=20240801&stockNo=6526&response=json,2024-08-08 14:00 Asia/Taipei,premarket trade_date may only use row.date < trade_date
2024-08-09,2345,智邦,502.0,505.0,491.0,493.0,3840240.0,1912324767.0,TWSE STOCK_DAY,https://www.twse.com.tw/rwd/zh/afterTrading/STOCK_DAY?date=20240801&stockNo=2345&response=json,2024-08-09 14:00 Asia/Taipei,premarket trade_date may only use row.date < trade_date
2024-08-09,3017,奇鋐,560.0,582.0,554.0,568.0,10122414.0,5789067765.0,TWSE STOCK_DAY,https://www.twse.com.tw/rwd/zh/afterTrading/STOCK_DAY?date=20240801&stockNo=3017&response=json,2024-08-09 14:00 Asia/Taipei,premarket trade_date may only use row.date < trade_date
2024-08-09,3189,景碩,108.0,108.5,103.5,105.0,18101307.0,1919103528.0,TWSE STOCK_DAY,https://www.twse.com.tw/rwd/zh/afterTrading/STOCK_DAY?date=20240801&stockNo=3189&response=json,2024-08-09 14:00 Asia/Taipei,premarket trade_date may only use row.date < trade_date
2024-08-09,3443,創意,1040.0,1065.0,1015.0,1035.0,3002848.0,3117195415.0,TWSE STOCK_DAY,https://www.twse.com.tw/rwd/zh/afterTrading/STOCK_DAY?date=20240801&stockNo=3443&response=json,2024-08-09 14:00 Asia/Taipei,premarket trade_date may only use row.date < trade_date
2024-08-09,6526,達發,571.0,575.0,556.0,556.0,862348.0,485860585.0,TWSE STOCK_DAY,https://www.twse.com.tw/rwd/zh/afterTrading/STOCK_DAY?date=20240801&stockNo=6526&response=json,2024-08-09 14:00 Asia/Taipei,premarket trade_date may only use row.date < trade_date
2024-08-12,2345,智邦,495.5,518.0,495.5,509.0,2345792.0,1198473653.0,TWSE STOCK_DAY,https://www.twse.com.tw/rwd/zh/afterTrading/STOCK_DAY?date=20240801&stockNo=2345&response=json,2024-08-12 14:00 Asia/Taipei,premarket trade_date may only use row.date < trade_date
2024-08-12,3017,奇鋐,580.0,605.0,573.0,585.0,16980984.0,9995177152.0,TWSE STOCK_DAY,https://www.twse.com.tw/rwd/zh/afterTrading/STOCK_DAY?date=20240801&stockNo=3017&response=json,2024-08-12 14:00 Asia/Taipei,premarket trade_date may only use row.date < trade_date
2024-08-12,3189,景碩,106.5,110.0,105.0,107.0,14535939.0,1564940987.0,TWSE STOCK_DAY,https://www.twse.com.tw/rwd/zh/afterTrading/STOCK_DAY?date=20240801&stockNo=3189&response=json,2024-08-12 14:00 Asia/Taipei,premarket trade_date may only use row.date < trade_date
2024-08-12,3443,創意,1030.0,1070.0,1030.0,1060.0,1553692.0,1634750280.0,TWSE STOCK_DAY,https://www.twse.com.tw/rwd/zh/afterTrading/STOCK_DAY?date=20240801&stockNo=3443&response=json,2024-08-12 14:00 Asia/Taipei,premarket trade_date may only use row.date < trade_date
2024-08-12,6526,達發,569.0,587.0,567.0,580.0,717871.0,415574317.0,TWSE STOCK_DAY,https://www.twse.com.tw/rwd/zh/afterTrading/STOCK_DAY?date=20240801&stockNo=6526&response=json,2024-08-12 14:00 Asia/Taipei,premarket trade_date may only use row.date < trade_date
2024-08-13,2345,智邦,512.0,515.0,502.0,502.0,1562350.0,792100644.0,TWSE STOCK_DAY,https://www.twse.com.tw/rwd/zh/afterTrading/STOCK_DAY?date=20240801&stockNo=2345&response=json,2024-08-13 14:00 Asia/Taipei,premarket trade_date may only use row.date < trade_date
2024-08-13,3017,奇鋐,602.0,605.0,576.0,587.0,9714063.0,5735393060.0,TWSE STOCK_DAY,https://www.twse.com.tw/rwd/zh/afterTrading/STOCK_DAY?date=20240801&stockNo=3017&response=json,2024-08-13 14:00 Asia/Taipei,premarket trade_date may only use row.date < trade_date
2024-08-13,3189,景碩,107.0,108.0,105.5,107.0,7301142.0,779396299.0,TWSE STOCK_DAY,https://www.twse.com.tw/rwd/zh/afterTrading/STOCK_DAY?date=20240801&stockNo=3189&response=json,2024-08-13 14:00 Asia/Taipei,premarket trade_date may only use row.date < trade_date
2024-08-13,3443,創意,1070.0,1075.0,1040.0,1050.0,2071484.0,2190712980.0,TWSE STOCK_DAY,https://www.twse.com.tw/rwd/zh/afterTrading/STOCK_DAY?date=20240801&stockNo=3443&response=json,2024-08-13 14:00 Asia/Taipei,premarket trade_date may only use row.date < trade_date
2024-08-13,6526,達發,585.0,591.0,573.0,587.0,439154.0,256101330.0,TWSE STOCK_DAY,https://www.twse.com.tw/rwd/zh/afterTrading/STOCK_DAY?date=20240801&stockNo=6526&response=json,2024-08-13 14:00 Asia/Taipei,premarket trade_date may only use row.date < trade_date
2024-08-14,2345,智邦,512.0,515.0,501.0,502.0,1906255.0,963750500.0,TWSE STOCK_DAY,https://www.twse.com.tw/rwd/zh/afterTrading/STOCK_DAY?date=20240801&stockNo=2345&response=json,2024-08-14 14:00 Asia/Taipei,premarket trade_date may only use row.date < trade_date
2024-08-14,3017,奇鋐,606.0,617.0,593.0,597.0,8339410.0,5025372412.0,TWSE STOCK_DAY,https://www.twse.com.tw/rwd/zh/afterTrading/STOCK_DAY?date=20240801&stockNo=3017&response=json,2024-08-14 14:00 Asia/Taipei,premarket trade_date may only use row.date < trade_date
2024-08-14,3189,景碩,108.5,109.0,104.5,105.5,10749273.0,1141709420.0,TWSE STOCK_DAY,https://www.twse.com.tw/rwd/zh/afterTrading/STOCK_DAY?date=20240801&stockNo=3189&response=json,2024-08-14 14:00 Asia/Taipei,premarket trade_date may only use row.date < trade_date
2024-08-14,3443,創意,1080.0,1125.0,1070.0,1085.0,2617408.0,2863350090.0,TWSE STOCK_DAY,https://www.twse.com.tw/rwd/zh/afterTrading/STOCK_DAY?date=20240801&stockNo=3443&response=json,2024-08-14 14:00 Asia/Taipei,premarket trade_date may only use row.date < trade_date
2024-08-14,6526,達發,601.0,608.0,596.0,598.0,640958.0,385462765.0,TWSE STOCK_DAY,https://www.twse.com.tw/rwd/zh/afterTrading/STOCK_DAY?date=20240801&stockNo=6526&response=json,2024-08-14 14:00 Asia/Taipei,premarket trade_date may only use row.date < trade_date
2024-08-15,2345,智邦,506.0,511.0,500.0,500.0,1495183.0,753686936.0,TWSE STOCK_DAY,https://www.twse.com.tw/rwd/zh/afterTrading/STOCK_DAY?date=20240801&stockNo=2345&response=json,2024-08-15 14:00 Asia/Taipei,premarket trade_date may only use row.date < trade_date
2024-08-15,3017,奇鋐,599.0,613.0,593.0,594.0,7435359.0,4477834571.0,TWSE STOCK_DAY,https://www.twse.com.tw/rwd/zh/afterTrading/STOCK_DAY?date=20240801&stockNo=3017&response=json,2024-08-15 14:00 Asia/Taipei,premarket trade_date may only use row.date < trade_date
2024-08-15,3189,景碩,105.5,106.0,102.0,102.5,8137801.0,841509861.0,TWSE STOCK_DAY,https://www.twse.com.tw/rwd/zh/afterTrading/STOCK_DAY?date=20240801&stockNo=3189&response=json,2024-08-15 14:00 Asia/Taipei,premarket trade_date may only use row.date < trade_date
2024-08-15,3443,創意,1080.0,1125.0,1070.0,1115.0,2036846.0,2250717655.0,TWSE STOCK_DAY,https://www.twse.com.tw/rwd/zh/afterTrading/STOCK_DAY?date=20240801&stockNo=3443&response=json,2024-08-15 14:00 Asia/Taipei,premarket trade_date may only use row.date < trade_date
2024-08-15,6526,達發,601.0,611.0,595.0,605.0,457441.0,276380549.0,TWSE STOCK_DAY,https://www.twse.com.tw/rwd/zh/afterTrading/STOCK_DAY?date=20240801&stockNo=6526&response=json,2024-08-15 14:00 Asia/Taipei,premarket trade_date may only use row.date < trade_date
2024-08-16,2345,智邦,509.0,524.0,505.0,515.0,3476424.0,1798324518.0,TWSE STOCK_DAY,https://www.twse.com.tw/rwd/zh/afterTrading/STOCK_DAY?date=20240801&stockNo=2345&response=json,2024-08-16 14:00 Asia/Taipei,premarket trade_date may only use row.date < trade_date
2024-08-16,3017,奇鋐,614.0,634.0,606.0,626.0,10542659.0,6577674997.0,TWSE STOCK_DAY,https://www.twse.com.tw/rwd/zh/afterTrading/STOCK_DAY?date=20240801&stockNo=3017&response=json,2024-08-16 14:00 Asia/Taipei,premarket trade_date may only use row.date < trade_date
2024-08-16,3189,景碩,105.5,107.5,104.5,105.5,7304608.0,772712104.0,TWSE STOCK_DAY,https://www.twse.com.tw/rwd/zh/afterTrading/STOCK_DAY?date=20240801&stockNo=3189&response=json,2024-08-16 14:00 Asia/Taipei,premarket trade_date may only use row.date < trade_date
2024-08-16,3443,創意,1140.0,1180.0,1110.0,1155.0,3848708.0,4390936476.0,TWSE STOCK_DAY,https://www.twse.com.tw/rwd/zh/afterTrading/STOCK_DAY?date=20240801&stockNo=3443&response=json,2024-08-16 14:00 Asia/Taipei,premarket trade_date may only use row.date < trade_date
2024-08-16,6526,達發,615.0,621.0,612.0,619.0,728561.0,449597180.0,TWSE STOCK_DAY,https://www.twse.com.tw/rwd/zh/afterTrading/STOCK_DAY?date=20240801&stockNo=6526&response=json,2024-08-16 14:00 Asia/Taipei,premarket trade_date may only use row.date < trade_date
2024-08-19,2345,智邦,519.0,525.0,518.0,525.0,940623.0,491628082.0,TWSE STOCK_DAY,https://www.twse.com.tw/rwd/zh/afterTrading/STOCK_DAY?date=20240801&stockNo=2345&response=json,2024-08-19 14:00 Asia/Taipei,premarket trade_date may only use row.date < trade_date
2024-08-19,3017,奇鋐,629.0,629.0,609.0,617.0,7446692.0,4601406388.0,TWSE STOCK_DAY,https://www.twse.com.tw/rwd/zh/afterTrading/STOCK_DAY?date=20240801&stockNo=3017&response=json,2024-08-19 14:00 Asia/Taipei,premarket trade_date may only use row.date < trade_date
2024-08-19,3189,景碩,105.5,106.5,104.0,104.5,4171737.0,437610531.0,TWSE STOCK_DAY,https://www.twse.com.tw/rwd/zh/afterTrading/STOCK_DAY?date=20240801&stockNo=3189&response=json,2024-08-19 14:00 Asia/Taipei,premarket trade_date may only use row.date < trade_date
2024-08-19,3443,創意,1160.0,1180.0,1145.0,1180.0,2094284.0,2443900730.0,TWSE STOCK_DAY,https://www.twse.com.tw/rwd/zh/afterTrading/STOCK_DAY?date=20240801&stockNo=3443&response=json,2024-08-19 14:00 Asia/Taipei,premarket trade_date may only use row.date < trade_date
2024-08-19,6526,達發,619.0,621.0,610.0,615.0,499805.0,308018136.0,TWSE STOCK_DAY,https://www.twse.com.tw/rwd/zh/afterTrading/STOCK_DAY?date=20240801&stockNo=6526&response=json,2024-08-19 14:00 Asia/Taipei,premarket trade_date may only use row.date < trade_date
2024-08-20,2345,智邦,530.0,545.0,528.0,533.0,2143826.0,1149881367.0,TWSE STOCK_DAY,https://www.twse.com.tw/rwd/zh/afterTrading/STOCK_DAY?date=20240801&stockNo=2345&response=json,2024-08-20 14:00 Asia/Taipei,premarket trade_date may only use row.date < trade_date
2024-08-20,3017,奇鋐,625.0,635.0,611.0,616.0,6817021.0,4230475261.0,TWSE STOCK_DAY,https://www.twse.com.tw/rwd/zh/afterTrading/STOCK_DAY?date=20240801&stockNo=3017&response=json,2024-08-20 14:00 Asia/Taipei,premarket trade_date may only use row.date < trade_date
2024-08-20,3189,景碩,105.0,107.5,105.0,105.5,4457331.0,472134155.0,TWSE STOCK_DAY,https://www.twse.com.tw/rwd/zh/afterTrading/STOCK_DAY?date=20240801&stockNo=3189&response=json,2024-08-20 14:00 Asia/Taipei,premarket trade_date may only use row.date < trade_date
2024-08-20,3443,創意,1180.0,1200.0,1170.0,1180.0,2571764.0,3036627085.0,TWSE STOCK_DAY,https://www.twse.com.tw/rwd/zh/afterTrading/STOCK_DAY?date=20240801&stockNo=3443&response=json,2024-08-20 14:00 Asia/Taipei,premarket trade_date may only use row.date < trade_date
2024-08-20,6526,達發,620.0,624.0,613.0,613.0,384491.0,237522185.0,TWSE STOCK_DAY,https://www.twse.com.tw/rwd/zh/afterTrading/STOCK_DAY?date=20240801&stockNo=6526&response=json,2024-08-20 14:00 Asia/Taipei,premarket trade_date may only use row.date < trade_date
2024-08-21,2345,智邦,535.0,537.0,526.0,530.0,1218494.0,645476824.0,TWSE STOCK_DAY,https://www.twse.com.tw/rwd/zh/afterTrading/STOCK_DAY?date=20240801&stockNo=2345&response=json,2024-08-21 14:00 Asia/Taipei,premarket trade_date may only use row.date < trade_date
2024-08-21,3017,奇鋐,605.0,620.0,604.0,606.0,4713149.0,2872794859.0,TWSE STOCK_DAY,https://www.twse.com.tw/rwd/zh/afterTrading/STOCK_DAY?date=20240801&stockNo=3017&response=json,2024-08-21 14:00 Asia/Taipei,premarket trade_date may only use row.date < trade_date
2024-08-21,3189,景碩,105.0,106.5,102.0,103.0,4746229.0,492914854.0,TWSE STOCK_DAY,https://www.twse.com.tw/rwd/zh/afterTrading/STOCK_DAY?date=20240801&stockNo=3189&response=json,2024-08-21 14:00 Asia/Taipei,premarket trade_date may only use row.date < trade_date
2024-08-21,3443,創意,1180.0,1190.0,1150.0,1165.0,1897000.0,2214815529.0,TWSE STOCK_DAY,https://www.twse.com.tw/rwd/zh/afterTrading/STOCK_DAY?date=20240801&stockNo=3443&response=json,2024-08-21 14:00 Asia/Taipei,premarket trade_date may only use row.date < trade_date
2024-08-21,6526,達發,611.0,614.0,602.0,606.0,458816.0,278361046.0,TWSE STOCK_DAY,https://www.twse.com.tw/rwd/zh/afterTrading/STOCK_DAY?date=20240801&stockNo=6526&response=json,2024-08-21 14:00 Asia/Taipei,premarket trade_date may only use row.date < trade_date
2024-08-22,2345,智邦,530.0,533.0,518.0,520.0,1028720.0,536998900.0,TWSE STOCK_DAY,https://www.twse.com.tw/rwd/zh/afterTrading/STOCK_DAY?date=20240801&stockNo=2345&response=json,2024-08-22 14:00 Asia/Taipei,premarket trade_date may only use row.date < trade_date
2024-08-22,3017,奇鋐,611.0,614.0,599.0,606.0,3954867.0,2395469215.0,TWSE STOCK_DAY,https://www.twse.com.tw/rwd/zh/afterTrading/STOCK_DAY?date=20240801&stockNo=3017&response=json,2024-08-22 14:00 Asia/Taipei,premarket trade_date may only use row.date < trade_date
2024-08-22,3189,景碩,103.0,113.0,102.5,113.0,16794602.0,1842599644.0,TWSE STOCK_DAY,https://www.twse.com.tw/rwd/zh/afterTrading/STOCK_DAY?date=20240801&stockNo=3189&response=json,2024-08-22 14:00 Asia/Taipei,premarket trade_date may only use row.date < trade_date
2024-08-22,3443,創意,1175.0,1215.0,1170.0,1175.0,1937089.0,2304470295.0,TWSE STOCK_DAY,https://www.twse.com.tw/rwd/zh/afterTrading/STOCK_DAY?date=20240801&stockNo=3443&response=json,2024-08-22 14:00 Asia/Taipei,premarket trade_date may only use row.date < trade_date
2024-08-22,6526,達發,613.0,613.0,597.0,600.0,217238.0,131007530.0,TWSE STOCK_DAY,https://www.twse.com.tw/rwd/zh/afterTrading/STOCK_DAY?date=20240801&stockNo=6526&response=json,2024-08-22 14:00 Asia/Taipei,premarket trade_date may only use row.date < trade_date
2024-08-23,2345,智邦,520.0,520.0,511.0,515.0,1500507.0,771499668.0,TWSE STOCK_DAY,https://www.twse.com.tw/rwd/zh/afterTrading/STOCK_DAY?date=20240801&stockNo=2345&response=json,2024-08-23 14:00 Asia/Taipei,premarket trade_date may only use row.date < trade_date
2024-08-23,3017,奇鋐,599.0,612.0,594.0,612.0,5171682.0,3121548149.0,TWSE STOCK_DAY,https://www.twse.com.tw/rwd/zh/afterTrading/STOCK_DAY?date=20240801&stockNo=3017&response=json,2024-08-23 14:00 Asia/Taipei,premarket trade_date may only use row.date < trade_date
2024-08-23,3189,景碩,114.5,115.5,111.0,112.5,48830673.0,5513269946.0,TWSE STOCK_DAY,https://www.twse.com.tw/rwd/zh/afterTrading/STOCK_DAY?date=20240801&stockNo=3189&response=json,2024-08-23 14:00 Asia/Taipei,premarket trade_date may only use row.date < trade_date
2024-08-23,3443,創意,1170.0,1170.0,1140.0,1150.0,1906182.0,2194297015.0,TWSE STOCK_DAY,https://www.twse.com.tw/rwd/zh/afterTrading/STOCK_DAY?date=20240801&stockNo=3443&response=json,2024-08-23 14:00 Asia/Taipei,premarket trade_date may only use row.date < trade_date
2024-08-23,6526,達發,597.0,600.0,579.0,598.0,791956.0,466078495.0,TWSE STOCK_DAY,https://www.twse.com.tw/rwd/zh/afterTrading/STOCK_DAY?date=20240801&stockNo=6526&response=json,2024-08-23 14:00 Asia/Taipei,premarket trade_date may only use row.date < trade_date
2024-08-26,2345,智邦,516.0,528.0,512.0,519.0,1161140.0,604307077.0,TWSE STOCK_DAY,https://www.twse.com.tw/rwd/zh/afterTrading/STOCK_DAY?date=20240801&stockNo=2345&response=json,2024-08-26 14:00 Asia/Taipei,premarket trade_date may only use row.date < trade_date
2024-08-26,3017,奇鋐,620.0,632.0,610.0,610.0,9086053.0,5646959751.0,TWSE STOCK_DAY,https://www.twse.com.tw/rwd/zh/afterTrading/STOCK_DAY?date=20240801&stockNo=3017&response=json,2024-08-26 14:00 Asia/Taipei,premarket trade_date may only use row.date < trade_date
2024-08-26,3189,景碩,112.5,114.0,109.5,110.0,17577388.0,1961717749.0,TWSE STOCK_DAY,https://www.twse.com.tw/rwd/zh/afterTrading/STOCK_DAY?date=20240801&stockNo=3189&response=json,2024-08-26 14:00 Asia/Taipei,premarket trade_date may only use row.date < trade_date
2024-08-26,3443,創意,1160.0,1175.0,1130.0,1130.0,1543533.0,1775236080.0,TWSE STOCK_DAY,https://www.twse.com.tw/rwd/zh/afterTrading/STOCK_DAY?date=20240801&stockNo=3443&response=json,2024-08-26 14:00 Asia/Taipei,premarket trade_date may only use row.date < trade_date
2024-08-26,6526,達發,608.0,614.0,598.0,599.0,422322.0,255776723.0,TWSE STOCK_DAY,https://www.twse.com.tw/rwd/zh/afterTrading/STOCK_DAY?date=20240801&stockNo=6526&response=json,2024-08-26 14:00 Asia/Taipei,premarket trade_date may only use row.date < trade_date
2024-08-27,2345,智邦,519.0,532.0,516.0,522.0,1189113.0,623591538.0,TWSE STOCK_DAY,https://www.twse.com.tw/rwd/zh/afterTrading/STOCK_DAY?date=20240801&stockNo=2345&response=json,2024-08-27 14:00 Asia/Taipei,premarket trade_date may only use row.date < trade_date
2024-08-27,3017,奇鋐,610.0,614.0,598.0,613.0,6281747.0,3808875633.0,TWSE STOCK_DAY,https://www.twse.com.tw/rwd/zh/afterTrading/STOCK_DAY?date=20240801&stockNo=3017&response=json,2024-08-27 14:00 Asia/Taipei,premarket trade_date may only use row.date < trade_date
2024-08-27,3189,景碩,108.0,111.0,108.0,110.0,10269103.0,1124161482.0,TWSE STOCK_DAY,https://www.twse.com.tw/rwd/zh/afterTrading/STOCK_DAY?date=20240801&stockNo=3189&response=json,2024-08-27 14:00 Asia/Taipei,premarket trade_date may only use row.date < trade_date
2024-08-27,3443,創意,1130.0,1150.0,1125.0,1135.0,812381.0,923406770.0,TWSE STOCK_DAY,https://www.twse.com.tw/rwd/zh/afterTrading/STOCK_DAY?date=20240801&stockNo=3443&response=json,2024-08-27 14:00 Asia/Taipei,premarket trade_date may only use row.date < trade_date
2024-08-27,6526,達發,595.0,606.0,595.0,600.0,250328.0,150447888.0,TWSE STOCK_DAY,https://www.twse.com.tw/rwd/zh/afterTrading/STOCK_DAY?date=20240801&stockNo=6526&response=json,2024-08-27 14:00 Asia/Taipei,premarket trade_date may only use row.date < trade_date
2024-08-28,2345,智邦,523.0,524.0,510.0,510.0,1208016.0,620455995.0,TWSE STOCK_DAY,https://www.twse.com.tw/rwd/zh/afterTrading/STOCK_DAY?date=20240801&stockNo=2345&response=json,2024-08-28 14:00 Asia/Taipei,premarket trade_date may only use row.date < trade_date
2024-08-28,3017,奇鋐,617.0,620.0,603.0,613.0,6124327.0,3753278356.0,TWSE STOCK_DAY,https://www.twse.com.tw/rwd/zh/afterTrading/STOCK_DAY?date=20240801&stockNo=3017&response=json,2024-08-28 14:00 Asia/Taipei,premarket trade_date may only use row.date < trade_date
2024-08-28,3189,景碩,110.0,113.0,109.0,113.0,12697322.0,1417502163.0,TWSE STOCK_DAY,https://www.twse.com.tw/rwd/zh/afterTrading/STOCK_DAY?date=20240801&stockNo=3189&response=json,2024-08-28 14:00 Asia/Taipei,premarket trade_date may only use row.date < trade_date
2024-08-28,3443,創意,1140.0,1145.0,1110.0,1120.0,1240647.0,1396197490.0,TWSE STOCK_DAY,https://www.twse.com.tw/rwd/zh/afterTrading/STOCK_DAY?date=20240801&stockNo=3443&response=json,2024-08-28 14:00 Asia/Taipei,premarket trade_date may only use row.date < trade_date
2024-08-28,6526,達發,605.0,605.0,591.0,599.0,276459.0,165412671.0,TWSE STOCK_DAY,https://www.twse.com.tw/rwd/zh/afterTrading/STOCK_DAY?date=20240801&stockNo=6526&response=json,2024-08-28 14:00 Asia/Taipei,premarket trade_date may only use row.date < trade_date
2024-08-29,2345,智邦,510.0,517.0,502.0,514.0,984190.0,502821555.0,TWSE STOCK_DAY,https://www.twse.com.tw/rwd/zh/afterTrading/STOCK_DAY?date=20240801&stockNo=2345&response=json,2024-08-29 14:00 Asia/Taipei,premarket trade_date may only use row.date < trade_date
2024-08-29,3017,奇鋐,600.0,604.0,592.0,598.0,6377175.0,3814151335.0,TWSE STOCK_DAY,https://www.twse.com.tw/rwd/zh/afterTrading/STOCK_DAY?date=20240801&stockNo=3017&response=json,2024-08-29 14:00 Asia/Taipei,premarket trade_date may only use row.date < trade_date
2024-08-29,3189,景碩,111.5,122.0,111.0,118.5,40401285.0,4786890114.0,TWSE STOCK_DAY,https://www.twse.com.tw/rwd/zh/afterTrading/STOCK_DAY?date=20240801&stockNo=3189&response=json,2024-08-29 14:00 Asia/Taipei,premarket trade_date may only use row.date < trade_date
2024-08-29,3443,創意,1085.0,1130.0,1080.0,1105.0,1839089.0,2041349325.0,TWSE STOCK_DAY,https://www.twse.com.tw/rwd/zh/afterTrading/STOCK_DAY?date=20240801&stockNo=3443&response=json,2024-08-29 14:00 Asia/Taipei,premarket trade_date may only use row.date < trade_date
2024-08-29,6526,達發,592.0,657.0,590.0,652.0,2341977.0,1496013373.0,TWSE STOCK_DAY,https://www.twse.com.tw/rwd/zh/afterTrading/STOCK_DAY?date=20240801&stockNo=6526&response=json,2024-08-29 14:00 Asia/Taipei,premarket trade_date may only use row.date < trade_date
2024-08-30,2345,智邦,517.0,524.0,508.0,508.0,3062253.0,1567662540.0,TWSE STOCK_DAY,https://www.twse.com.tw/rwd/zh/afterTrading/STOCK_DAY?date=20240801&stockNo=2345&response=json,2024-08-30 14:00 Asia/Taipei,premarket trade_date may only use row.date < trade_date
2024-08-30,3017,奇鋐,602.0,606.0,597.0,606.0,6622199.0,3995243283.0,TWSE STOCK_DAY,https://www.twse.com.tw/rwd/zh/afterTrading/STOCK_DAY?date=20240801&stockNo=3017&response=json,2024-08-30 14:00 Asia/Taipei,premarket trade_date may only use row.date < trade_date
2024-08-30,3189,景碩,120.5,124.0,117.0,118.5,29315907.0,3515532442.0,TWSE STOCK_DAY,https://www.twse.com.tw/rwd/zh/afterTrading/STOCK_DAY?date=20240801&stockNo=3189&response=json,2024-08-30 14:00 Asia/Taipei,premarket trade_date may only use row.date < trade_date
2024-08-30,3443,創意,1115.0,1125.0,1110.0,1115.0,1151599.0,1284776195.0,TWSE STOCK_DAY,https://www.twse.com.tw/rwd/zh/afterTrading/STOCK_DAY?date=20240801&stockNo=3443&response=json,2024-08-30 14:00 Asia/Taipei,premarket trade_date may only use row.date < trade_date
2024-08-30,6526,達發,660.0,668.0,642.0,646.0,1240272.0,810260391.0,TWSE STOCK_DAY,https://www.twse.com.tw/rwd/zh/afterTrading/STOCK_DAY?date=20240801&stockNo=6526&response=json,2024-08-30 14:00 Asia/Taipei,premarket trade_date may only use row.date < trade_date
2024-09-02,2345,智邦,519.0,540.0,515.0,531.0,5069459.0,2691258916.0,TWSE STOCK_DAY,https://www.twse.com.tw/rwd/zh/afterTrading/STOCK_DAY?date=20240901&stockNo=2345&response=json,2024-09-02 14:00 Asia/Taipei,premarket trade_date may only use row.date < trade_date
2024-09-02,3017,奇鋐,602.0,611.0,568.0,574.0,10026720.0,5889265555.0,TWSE STOCK_DAY,https://www.twse.com.tw/rwd/zh/afterTrading/STOCK_DAY?date=20240901&stockNo=3017&response=json,2024-09-02 14:00 Asia/Taipei,premarket trade_date may only use row.date < trade_date
2024-09-02,3189,景碩,116.5,118.0,112.5,114.5,19114623.0,2195326789.0,TWSE STOCK_DAY,https://www.twse.com.tw/rwd/zh/afterTrading/STOCK_DAY?date=20240901&stockNo=3189&response=json,2024-09-02 14:00 Asia/Taipei,premarket trade_date may only use row.date < trade_date
2024-09-02,3443,創意,1130.0,1135.0,1090.0,1095.0,763831.0,850922040.0,TWSE STOCK_DAY,https://www.twse.com.tw/rwd/zh/afterTrading/STOCK_DAY?date=20240901&stockNo=3443&response=json,2024-09-02 14:00 Asia/Taipei,premarket trade_date may only use row.date < trade_date
2024-09-02,6526,達發,655.0,655.0,633.0,635.0,569394.0,364063031.0,TWSE STOCK_DAY,https://www.twse.com.tw/rwd/zh/afterTrading/STOCK_DAY?date=20240901&stockNo=6526&response=json,2024-09-02 14:00 Asia/Taipei,premarket trade_date may only use row.date < trade_date
2024-09-03,2345,智邦,529.0,532.0,521.0,527.0,1901419.0,1000502383.0,TWSE STOCK_DAY,https://www.twse.com.tw/rwd/zh/afterTrading/STOCK_DAY?date=20240901&stockNo=2345&response=json,2024-09-03 14:00 Asia/Taipei,premarket trade_date may only use row.date < trade_date
2024-09-03,3017,奇鋐,575.0,597.0,570.0,570.0,9081000.0,5268011596.0,TWSE STOCK_DAY,https://www.twse.com.tw/rwd/zh/afterTrading/STOCK_DAY?date=20240901&stockNo=3017&response=json,2024-09-03 14:00 Asia/Taipei,premarket trade_date may only use row.date < trade_date
2024-09-03,3189,景碩,115.0,117.0,111.5,111.5,11116130.0,1262759388.0,TWSE STOCK_DAY,https://www.twse.com.tw/rwd/zh/afterTrading/STOCK_DAY?date=20240901&stockNo=3189&response=json,2024-09-03 14:00 Asia/Taipei,premarket trade_date may only use row.date < trade_date
2024-09-03,3443,創意,1100.0,1110.0,1065.0,1070.0,1245045.0,1346624315.0,TWSE STOCK_DAY,https://www.twse.com.tw/rwd/zh/afterTrading/STOCK_DAY?date=20240901&stockNo=3443&response=json,2024-09-03 14:00 Asia/Taipei,premarket trade_date may only use row.date < trade_date
2024-09-03,6526,達發,633.0,645.0,624.0,624.0,550792.0,347829790.0,TWSE STOCK_DAY,https://www.twse.com.tw/rwd/zh/afterTrading/STOCK_DAY?date=20240901&stockNo=6526&response=json,2024-09-03 14:00 Asia/Taipei,premarket trade_date may only use row.date < trade_date
2024-09-04,2345,智邦,504.0,517.0,498.0,502.0,2870811.0,1450839601.0,TWSE STOCK_DAY,https://www.twse.com.tw/rwd/zh/afterTrading/STOCK_DAY?date=20240901&stockNo=2345&response=json,2024-09-04 14:00 Asia/Taipei,premarket trade_date may only use row.date < trade_date
2024-09-04,3017,奇鋐,516.0,542.0,513.0,515.0,12058015.0,6305856353.0,TWSE STOCK_DAY,https://www.twse.com.tw/rwd/zh/afterTrading/STOCK_DAY?date=20240901&stockNo=3017&response=json,2024-09-04 14:00 Asia/Taipei,premarket trade_date may only use row.date < trade_date
2024-09-04,3189,景碩,102.5,107.0,101.0,104.0,15577271.0,1624559323.0,TWSE STOCK_DAY,https://www.twse.com.tw/rwd/zh/afterTrading/STOCK_DAY?date=20240901&stockNo=3189&response=json,2024-09-04 14:00 Asia/Taipei,premarket trade_date may only use row.date < trade_date
2024-09-04,3443,創意,1000.0,1005.0,978.0,987.0,2688851.0,2667963032.0,TWSE STOCK_DAY,https://www.twse.com.tw/rwd/zh/afterTrading/STOCK_DAY?date=20240901&stockNo=3443&response=json,2024-09-04 14:00 Asia/Taipei,premarket trade_date may only use row.date < trade_date
2024-09-04,6526,達發,588.0,593.0,568.0,579.0,1161673.0,677672738.0,TWSE STOCK_DAY,https://www.twse.com.tw/rwd/zh/afterTrading/STOCK_DAY?date=20240901&stockNo=6526&response=json,2024-09-04 14:00 Asia/Taipei,premarket trade_date may only use row.date < trade_date
2024-09-05,2345,智邦,512.0,528.0,507.0,514.0,2665708.0,1383002265.0,TWSE STOCK_DAY,https://www.twse.com.tw/rwd/zh/afterTrading/STOCK_DAY?date=20240901&stockNo=2345&response=json,2024-09-05 14:00 Asia/Taipei,premarket trade_date may only use row.date < trade_date
2024-09-05,3017,奇鋐,518.0,538.0,507.0,525.0,13236060.0,6896421410.0,TWSE STOCK_DAY,https://www.twse.com.tw/rwd/zh/afterTrading/STOCK_DAY?date=20240901&stockNo=3017&response=json,2024-09-05 14:00 Asia/Taipei,premarket trade_date may only use row.date < trade_date
2024-09-05,3189,景碩,106.0,107.0,102.5,103.5,8344254.0,870179399.0,TWSE STOCK_DAY,https://www.twse.com.tw/rwd/zh/afterTrading/STOCK_DAY?date=20240901&stockNo=3189&response=json,2024-09-05 14:00 Asia/Taipei,premarket trade_date may only use row.date < trade_date
2024-09-05,3443,創意,1000.0,1005.0,985.0,985.0,1539093.0,1531060250.0,TWSE STOCK_DAY,https://www.twse.com.tw/rwd/zh/afterTrading/STOCK_DAY?date=20240901&stockNo=3443&response=json,2024-09-05 14:00 Asia/Taipei,premarket trade_date may only use row.date < trade_date
2024-09-05,6526,達發,585.0,590.0,567.0,569.0,593130.0,342249935.0,TWSE STOCK_DAY,https://www.twse.com.tw/rwd/zh/afterTrading/STOCK_DAY?date=20240901&stockNo=6526&response=json,2024-09-05 14:00 Asia/Taipei,premarket trade_date may only use row.date < trade_date
2024-09-06,2345,智邦,516.0,525.0,503.0,520.0,3200708.0,1655789975.0,TWSE STOCK_DAY,https://www.twse.com.tw/rwd/zh/afterTrading/STOCK_DAY?date=20240901&stockNo=2345&response=json,2024-09-06 14:00 Asia/Taipei,premarket trade_date may only use row.date < trade_date
2024-09-06,3017,奇鋐,527.0,534.0,510.0,511.0,10304152.0,5331763775.0,TWSE STOCK_DAY,https://www.twse.com.tw/rwd/zh/afterTrading/STOCK_DAY?date=20240901&stockNo=3017&response=json,2024-09-06 14:00 Asia/Taipei,premarket trade_date may only use row.date < trade_date
2024-09-06,3189,景碩,104.0,105.0,103.0,103.5,3261926.0,338409422.0,TWSE STOCK_DAY,https://www.twse.com.tw/rwd/zh/afterTrading/STOCK_DAY?date=20240901&stockNo=3189&response=json,2024-09-06 14:00 Asia/Taipei,premarket trade_date may only use row.date < trade_date
2024-09-06,3443,創意,973.0,1030.0,963.0,1020.0,2258267.0,2285418997.0,TWSE STOCK_DAY,https://www.twse.com.tw/rwd/zh/afterTrading/STOCK_DAY?date=20240901&stockNo=3443&response=json,2024-09-06 14:00 Asia/Taipei,premarket trade_date may only use row.date < trade_date
2024-09-06,6526,達發,571.0,580.0,563.0,580.0,364733.0,209838063.0,TWSE STOCK_DAY,https://www.twse.com.tw/rwd/zh/afterTrading/STOCK_DAY?date=20240901&stockNo=6526&response=json,2024-09-06 14:00 Asia/Taipei,premarket trade_date may only use row.date < trade_date
2024-09-09,2345,智邦,507.0,517.0,507.0,515.0,1456263.0,745295542.0,TWSE STOCK_DAY,https://www.twse.com.tw/rwd/zh/afterTrading/STOCK_DAY?date=20240901&stockNo=2345&response=json,2024-09-09 14:00 Asia/Taipei,premarket trade_date may only use row.date < trade_date
2024-09-09,3017,奇鋐,496.0,549.0,495.5,545.0,13760038.0,7243733490.0,TWSE STOCK_DAY,https://www.twse.com.tw/rwd/zh/afterTrading/STOCK_DAY?date=20240901&stockNo=3017&response=json,2024-09-09 14:00 Asia/Taipei,premarket trade_date may only use row.date < trade_date
2024-09-09,3189,景碩,100.5,103.5,100.5,102.5,5259569.0,538133432.0,TWSE STOCK_DAY,https://www.twse.com.tw/rwd/zh/afterTrading/STOCK_DAY?date=20240901&stockNo=3189&response=json,2024-09-09 14:00 Asia/Taipei,premarket trade_date may only use row.date < trade_date
2024-09-09,3443,創意,995.0,1030.0,992.0,1020.0,1724443.0,1752445100.0,TWSE STOCK_DAY,https://www.twse.com.tw/rwd/zh/afterTrading/STOCK_DAY?date=20240901&stockNo=3443&response=json,2024-09-09 14:00 Asia/Taipei,premarket trade_date may only use row.date < trade_date
2024-09-09,6526,達發,565.0,578.0,564.0,575.0,325552.0,185675973.0,TWSE STOCK_DAY,https://www.twse.com.tw/rwd/zh/afterTrading/STOCK_DAY?date=20240901&stockNo=6526&response=json,2024-09-09 14:00 Asia/Taipei,premarket trade_date may only use row.date < trade_date
2024-09-10,2345,智邦,517.0,520.0,495.0,495.0,2189642.0,1109205942.0,TWSE STOCK_DAY,https://www.twse.com.tw/rwd/zh/afterTrading/STOCK_DAY?date=20240901&stockNo=2345&response=json,2024-09-10 14:00 Asia/Taipei,premarket trade_date may only use row.date < trade_date
2024-09-10,3017,奇鋐,548.0,555.0,505.0,512.0,17357772.0,9175892128.0,TWSE STOCK_DAY,https://www.twse.com.tw/rwd/zh/afterTrading/STOCK_DAY?date=20240901&stockNo=3017&response=json,2024-09-10 14:00 Asia/Taipei,premarket trade_date may only use row.date < trade_date
2024-09-10,3189,景碩,104.0,104.5,96.2,98.4,13098828.0,1300106187.0,TWSE STOCK_DAY,https://www.twse.com.tw/rwd/zh/afterTrading/STOCK_DAY?date=20240901&stockNo=3189&response=json,2024-09-10 14:00 Asia/Taipei,premarket trade_date may only use row.date < trade_date
2024-09-10,3443,創意,1030.0,1040.0,992.0,999.0,1208323.0,1226226462.0,TWSE STOCK_DAY,https://www.twse.com.tw/rwd/zh/afterTrading/STOCK_DAY?date=20240901&stockNo=3443&response=json,2024-09-10 14:00 Asia/Taipei,premarket trade_date may only use row.date < trade_date
2024-09-10,6526,達發,579.0,584.0,551.0,558.0,542658.0,306737024.0,TWSE STOCK_DAY,https://www.twse.com.tw/rwd/zh/afterTrading/STOCK_DAY?date=20240901&stockNo=6526&response=json,2024-09-10 14:00 Asia/Taipei,premarket trade_date may only use row.date < trade_date
2024-09-11,2345,智邦,499.0,504.0,494.0,494.5,2053233.0,1020831986.0,TWSE STOCK_DAY,https://www.twse.com.tw/rwd/zh/afterTrading/STOCK_DAY?date=20240901&stockNo=2345&response=json,2024-09-11 14:00 Asia/Taipei,premarket trade_date may only use row.date < trade_date
2024-09-11,3017,奇鋐,521.0,530.0,512.0,521.0,8034908.0,4192220545.0,TWSE STOCK_DAY,https://www.twse.com.tw/rwd/zh/afterTrading/STOCK_DAY?date=20240901&stockNo=3017&response=json,2024-09-11 14:00 Asia/Taipei,premarket trade_date may only use row.date < trade_date
2024-09-11,3189,景碩,99.4,101.0,98.3,99.3,6345116.0,632033028.0,TWSE STOCK_DAY,https://www.twse.com.tw/rwd/zh/afterTrading/STOCK_DAY?date=20240901&stockNo=3189&response=json,2024-09-11 14:00 Asia/Taipei,premarket trade_date may only use row.date < trade_date
2024-09-11,3443,創意,1000.0,1025.0,1000.0,1015.0,784433.0,794435850.0,TWSE STOCK_DAY,https://www.twse.com.tw/rwd/zh/afterTrading/STOCK_DAY?date=20240901&stockNo=3443&response=json,2024-09-11 14:00 Asia/Taipei,premarket trade_date may only use row.date < trade_date
2024-09-11,6526,達發,560.0,578.0,559.0,570.0,516766.0,294145507.0,TWSE STOCK_DAY,https://www.twse.com.tw/rwd/zh/afterTrading/STOCK_DAY?date=20240901&stockNo=6526&response=json,2024-09-11 14:00 Asia/Taipei,premarket trade_date may only use row.date < trade_date
2024-09-12,2345,智邦,505.0,524.0,505.0,518.0,3721436.0,1924792335.0,TWSE STOCK_DAY,https://www.twse.com.tw/rwd/zh/afterTrading/STOCK_DAY?date=20240901&stockNo=2345&response=json,2024-09-12 14:00 Asia/Taipei,premarket trade_date may only use row.date < trade_date
2024-09-12,3017,奇鋐,557.0,563.0,541.0,555.0,12572548.0,6961200558.0,TWSE STOCK_DAY,https://www.twse.com.tw/rwd/zh/afterTrading/STOCK_DAY?date=20240901&stockNo=3017&response=json,2024-09-12 14:00 Asia/Taipei,premarket trade_date may only use row.date < trade_date
2024-09-12,3189,景碩,102.0,108.5,101.5,107.5,14808182.0,1560697879.0,TWSE STOCK_DAY,https://www.twse.com.tw/rwd/zh/afterTrading/STOCK_DAY?date=20240901&stockNo=3189&response=json,2024-09-12 14:00 Asia/Taipei,premarket trade_date may only use row.date < trade_date
2024-09-12,3443,創意,1050.0,1070.0,1040.0,1060.0,1688428.0,1782133595.0,TWSE STOCK_DAY,https://www.twse.com.tw/rwd/zh/afterTrading/STOCK_DAY?date=20240901&stockNo=3443&response=json,2024-09-12 14:00 Asia/Taipei,premarket trade_date may only use row.date < trade_date
2024-09-12,6526,達發,583.0,592.0,576.0,586.0,592045.0,346121784.0,TWSE STOCK_DAY,https://www.twse.com.tw/rwd/zh/afterTrading/STOCK_DAY?date=20240901&stockNo=6526&response=json,2024-09-12 14:00 Asia/Taipei,premarket trade_date may only use row.date < trade_date
2024-09-13,2345,智邦,516.0,526.0,515.0,526.0,1665497.0,871532274.0,TWSE STOCK_DAY,https://www.twse.com.tw/rwd/zh/afterTrading/STOCK_DAY?date=20240901&stockNo=2345&response=json,2024-09-13 14:00 Asia/Taipei,premarket trade_date may only use row.date < trade_date
2024-09-13,3017,奇鋐,560.0,562.0,546.0,554.0,6904913.0,3815635909.0,TWSE STOCK_DAY,https://www.twse.com.tw/rwd/zh/afterTrading/STOCK_DAY?date=20240901&stockNo=3017&response=json,2024-09-13 14:00 Asia/Taipei,premarket trade_date may only use row.date < trade_date
2024-09-13,3189,景碩,108.0,111.5,106.0,109.0,11465114.0,1244453149.0,TWSE STOCK_DAY,https://www.twse.com.tw/rwd/zh/afterTrading/STOCK_DAY?date=20240901&stockNo=3189&response=json,2024-09-13 14:00 Asia/Taipei,premarket trade_date may only use row.date < trade_date
2024-09-13,3443,創意,1060.0,1070.0,1035.0,1040.0,864825.0,906411200.0,TWSE STOCK_DAY,https://www.twse.com.tw/rwd/zh/afterTrading/STOCK_DAY?date=20240901&stockNo=3443&response=json,2024-09-13 14:00 Asia/Taipei,premarket trade_date may only use row.date < trade_date
2024-09-13,6526,達發,586.0,591.0,577.0,587.0,362296.0,211612729.0,TWSE STOCK_DAY,https://www.twse.com.tw/rwd/zh/afterTrading/STOCK_DAY?date=20240901&stockNo=6526&response=json,2024-09-13 14:00 Asia/Taipei,premarket trade_date may only use row.date < trade_date
2024-09-16,2345,智邦,529.0,552.0,521.0,550.0,4562459.0,2471077593.0,TWSE STOCK_DAY,https://www.twse.com.tw/rwd/zh/afterTrading/STOCK_DAY?date=20240901&stockNo=2345&response=json,2024-09-16 14:00 Asia/Taipei,premarket trade_date may only use row.date < trade_date
2024-09-16,3017,奇鋐,555.0,558.0,542.0,544.0,4386299.0,2397673921.0,TWSE STOCK_DAY,https://www.twse.com.tw/rwd/zh/afterTrading/STOCK_DAY?date=20240901&stockNo=3017&response=json,2024-09-16 14:00 Asia/Taipei,premarket trade_date may only use row.date < trade_date
2024-09-16,3189,景碩,108.0,110.5,107.0,107.0,5489509.0,593799048.0,TWSE STOCK_DAY,https://www.twse.com.tw/rwd/zh/afterTrading/STOCK_DAY?date=20240901&stockNo=3189&response=json,2024-09-16 14:00 Asia/Taipei,premarket trade_date may only use row.date < trade_date
2024-09-16,3443,創意,1040.0,1050.0,1025.0,1045.0,614697.0,637662780.0,TWSE STOCK_DAY,https://www.twse.com.tw/rwd/zh/afterTrading/STOCK_DAY?date=20240901&stockNo=3443&response=json,2024-09-16 14:00 Asia/Taipei,premarket trade_date may only use row.date < trade_date
2024-09-16,6526,達發,590.0,592.0,582.0,590.0,226466.0,133337699.0,TWSE STOCK_DAY,https://www.twse.com.tw/rwd/zh/afterTrading/STOCK_DAY?date=20240901&stockNo=6526&response=json,2024-09-16 14:00 Asia/Taipei,premarket trade_date may only use row.date < trade_date
2024-09-18,2345,智邦,546.0,547.0,520.0,521.0,2506204.0,1333027262.0,TWSE STOCK_DAY,https://www.twse.com.tw/rwd/zh/afterTrading/STOCK_DAY?date=20240901&stockNo=2345&response=json,2024-09-18 14:00 Asia/Taipei,premarket trade_date may only use row.date < trade_date
2024-09-18,3017,奇鋐,553.0,554.0,529.0,537.0,6491391.0,3523010122.0,TWSE STOCK_DAY,https://www.twse.com.tw/rwd/zh/afterTrading/STOCK_DAY?date=20240901&stockNo=3017&response=json,2024-09-18 14:00 Asia/Taipei,premarket trade_date may only use row.date < trade_date
2024-09-18,3189,景碩,107.5,107.5,101.5,104.0,14890223.0,1545936689.0,TWSE STOCK_DAY,https://www.twse.com.tw/rwd/zh/afterTrading/STOCK_DAY?date=20240901&stockNo=3189&response=json,2024-09-18 14:00 Asia/Taipei,premarket trade_date may only use row.date < trade_date
2024-09-18,3443,創意,1035.0,1040.0,998.0,998.0,1360006.0,1373460260.0,TWSE STOCK_DAY,https://www.twse.com.tw/rwd/zh/afterTrading/STOCK_DAY?date=20240901&stockNo=3443&response=json,2024-09-18 14:00 Asia/Taipei,premarket trade_date may only use row.date < trade_date
2024-09-18,6526,達發,585.0,586.0,561.0,561.0,927199.0,528233384.0,TWSE STOCK_DAY,https://www.twse.com.tw/rwd/zh/afterTrading/STOCK_DAY?date=20240901&stockNo=6526&response=json,2024-09-18 14:00 Asia/Taipei,premarket trade_date may only use row.date < trade_date
2024-09-19,2345,智邦,523.0,547.0,519.0,547.0,2484563.0,1331129745.0,TWSE STOCK_DAY,https://www.twse.com.tw/rwd/zh/afterTrading/STOCK_DAY?date=20240901&stockNo=2345&response=json,2024-09-19 14:00 Asia/Taipei,premarket trade_date may only use row.date < trade_date
2024-09-19,3017,奇鋐,546.0,563.0,545.0,561.0,8786554.0,4887663243.0,TWSE STOCK_DAY,https://www.twse.com.tw/rwd/zh/afterTrading/STOCK_DAY?date=20240901&stockNo=3017&response=json,2024-09-19 14:00 Asia/Taipei,premarket trade_date may only use row.date < trade_date
2024-09-19,3189,景碩,104.5,106.0,102.5,105.5,6858060.0,715768108.0,TWSE STOCK_DAY,https://www.twse.com.tw/rwd/zh/afterTrading/STOCK_DAY?date=20240901&stockNo=3189&response=json,2024-09-19 14:00 Asia/Taipei,premarket trade_date may only use row.date < trade_date
2024-09-19,3443,創意,1005.0,1030.0,1000.0,1020.0,1087761.0,1107789735.0,TWSE STOCK_DAY,https://www.twse.com.tw/rwd/zh/afterTrading/STOCK_DAY?date=20240901&stockNo=3443&response=json,2024-09-19 14:00 Asia/Taipei,premarket trade_date may only use row.date < trade_date
2024-09-19,6526,達發,563.0,584.0,561.0,579.0,668501.0,383797077.0,TWSE STOCK_DAY,https://www.twse.com.tw/rwd/zh/afterTrading/STOCK_DAY?date=20240901&stockNo=6526&response=json,2024-09-19 14:00 Asia/Taipei,premarket trade_date may only use row.date < trade_date
2024-09-20,2345,智邦,552.0,559.0,543.0,545.0,2932211.0,1609345306.0,TWSE STOCK_DAY,https://www.twse.com.tw/rwd/zh/afterTrading/STOCK_DAY?date=20240901&stockNo=2345&response=json,2024-09-20 14:00 Asia/Taipei,premarket trade_date may only use row.date < trade_date
2024-09-20,3017,奇鋐,576.0,579.0,556.0,558.0,10272136.0,5792465186.0,TWSE STOCK_DAY,https://www.twse.com.tw/rwd/zh/afterTrading/STOCK_DAY?date=20240901&stockNo=3017&response=json,2024-09-20 14:00 Asia/Taipei,premarket trade_date may only use row.date < trade_date
2024-09-20,3189,景碩,107.5,110.0,104.5,104.5,8445191.0,899588226.0,TWSE STOCK_DAY,https://www.twse.com.tw/rwd/zh/afterTrading/STOCK_DAY?date=20240901&stockNo=3189&response=json,2024-09-20 14:00 Asia/Taipei,premarket trade_date may only use row.date < trade_date
2024-09-20,3443,創意,1045.0,1050.0,1020.0,1040.0,1385366.0,1434184130.0,TWSE STOCK_DAY,https://www.twse.com.tw/rwd/zh/afterTrading/STOCK_DAY?date=20240901&stockNo=3443&response=json,2024-09-20 14:00 Asia/Taipei,premarket trade_date may only use row.date < trade_date
2024-09-20,6526,達發,583.0,605.0,583.0,600.0,2206924.0,1320275159.0,TWSE STOCK_DAY,https://www.twse.com.tw/rwd/zh/afterTrading/STOCK_DAY?date=20240901&stockNo=6526&response=json,2024-09-20 14:00 Asia/Taipei,premarket trade_date may only use row.date < trade_date
2024-09-23,2345,智邦,545.0,562.0,545.0,552.0,2317657.0,1285223872.0,TWSE STOCK_DAY,https://www.twse.com.tw/rwd/zh/afterTrading/STOCK_DAY?date=20240901&stockNo=2345&response=json,2024-09-23 14:00 Asia/Taipei,premarket trade_date may only use row.date < trade_date
2024-09-23,3017,奇鋐,568.0,584.0,564.0,569.0,8864935.0,5075883463.0,TWSE STOCK_DAY,https://www.twse.com.tw/rwd/zh/afterTrading/STOCK_DAY?date=20240901&stockNo=3017&response=json,2024-09-23 14:00 Asia/Taipei,premarket trade_date may only use row.date < trade_date
2024-09-23,3189,景碩,105.0,106.0,104.5,104.5,2768728.0,290590180.0,TWSE STOCK_DAY,https://www.twse.com.tw/rwd/zh/afterTrading/STOCK_DAY?date=20240901&stockNo=3189&response=json,2024-09-23 14:00 Asia/Taipei,premarket trade_date may only use row.date < trade_date
2024-09-23,3443,創意,1030.0,1060.0,1030.0,1045.0,892896.0,933696655.0,TWSE STOCK_DAY,https://www.twse.com.tw/rwd/zh/afterTrading/STOCK_DAY?date=20240901&stockNo=3443&response=json,2024-09-23 14:00 Asia/Taipei,premarket trade_date may only use row.date < trade_date
2024-09-23,6526,達發,603.0,640.0,603.0,620.0,1219065.0,762180239.0,TWSE STOCK_DAY,https://www.twse.com.tw/rwd/zh/afterTrading/STOCK_DAY?date=20240901&stockNo=6526&response=json,2024-09-23 14:00 Asia/Taipei,premarket trade_date may only use row.date < trade_date
2024-09-24,2345,智邦,550.0,566.0,546.0,566.0,2353995.0,1312120599.0,TWSE STOCK_DAY,https://www.twse.com.tw/rwd/zh/afterTrading/STOCK_DAY?date=20240901&stockNo=2345&response=json,2024-09-24 14:00 Asia/Taipei,premarket trade_date may only use row.date < trade_date
2024-09-24,3017,奇鋐,565.0,571.0,559.0,571.0,5971306.0,3380079320.0,TWSE STOCK_DAY,https://www.twse.com.tw/rwd/zh/afterTrading/STOCK_DAY?date=20240901&stockNo=3017&response=json,2024-09-24 14:00 Asia/Taipei,premarket trade_date may only use row.date < trade_date
2024-09-24,3189,景碩,105.0,105.5,102.5,103.5,3279187.0,339728183.0,TWSE STOCK_DAY,https://www.twse.com.tw/rwd/zh/afterTrading/STOCK_DAY?date=20240901&stockNo=3189&response=json,2024-09-24 14:00 Asia/Taipei,premarket trade_date may only use row.date < trade_date
2024-09-24,3443,創意,1045.0,1065.0,1020.0,1065.0,1295789.0,1351821790.0,TWSE STOCK_DAY,https://www.twse.com.tw/rwd/zh/afterTrading/STOCK_DAY?date=20240901&stockNo=3443&response=json,2024-09-24 14:00 Asia/Taipei,premarket trade_date may only use row.date < trade_date
2024-09-24,6526,達發,624.0,631.0,616.0,629.0,640897.0,400615291.0,TWSE STOCK_DAY,https://www.twse.com.tw/rwd/zh/afterTrading/STOCK_DAY?date=20240901&stockNo=6526&response=json,2024-09-24 14:00 Asia/Taipei,premarket trade_date may only use row.date < trade_date
2024-09-25,2345,智邦,580.0,583.0,543.0,550.0,7880765.0,4383215783.0,TWSE STOCK_DAY,https://www.twse.com.tw/rwd/zh/afterTrading/STOCK_DAY?date=20240901&stockNo=2345&response=json,2024-09-25 14:00 Asia/Taipei,premarket trade_date may only use row.date < trade_date
2024-09-25,3017,奇鋐,578.0,597.0,572.0,581.0,9940104.0,5795525705.0,TWSE STOCK_DAY,https://www.twse.com.tw/rwd/zh/afterTrading/STOCK_DAY?date=20240901&stockNo=3017&response=json,2024-09-25 14:00 Asia/Taipei,premarket trade_date may only use row.date < trade_date
2024-09-25,3189,景碩,105.5,108.5,105.0,106.5,7705095.0,821988681.0,TWSE STOCK_DAY,https://www.twse.com.tw/rwd/zh/afterTrading/STOCK_DAY?date=20240901&stockNo=3189&response=json,2024-09-25 14:00 Asia/Taipei,premarket trade_date may only use row.date < trade_date
2024-09-25,3443,創意,1170.0,1170.0,1170.0,1170.0,987842.0,1155775140.0,TWSE STOCK_DAY,https://www.twse.com.tw/rwd/zh/afterTrading/STOCK_DAY?date=20240901&stockNo=3443&response=json,2024-09-25 14:00 Asia/Taipei,premarket trade_date may only use row.date < trade_date
2024-09-25,6526,達發,640.0,640.0,627.0,631.0,458197.0,290207418.0,TWSE STOCK_DAY,https://www.twse.com.tw/rwd/zh/afterTrading/STOCK_DAY?date=20240901&stockNo=6526&response=json,2024-09-25 14:00 Asia/Taipei,premarket trade_date may only use row.date < trade_date
2024-09-26,2345,智邦,546.0,555.0,530.0,532.0,7883511.0,4259976436.0,TWSE STOCK_DAY,https://www.twse.com.tw/rwd/zh/afterTrading/STOCK_DAY?date=20240901&stockNo=2345&response=json,2024-09-26 14:00 Asia/Taipei,premarket trade_date may only use row.date < trade_date
2024-09-26,3017,奇鋐,589.0,633.0,585.0,617.0,23594666.0,14455699713.0,TWSE STOCK_DAY,https://www.twse.com.tw/rwd/zh/afterTrading/STOCK_DAY?date=20240901&stockNo=3017&response=json,2024-09-26 14:00 Asia/Taipei,premarket trade_date may only use row.date < trade_date
2024-09-26,3189,景碩,108.5,111.0,106.5,107.5,11199747.0,1218051537.0,TWSE STOCK_DAY,https://www.twse.com.tw/rwd/zh/afterTrading/STOCK_DAY?date=20240901&stockNo=3189&response=json,2024-09-26 14:00 Asia/Taipei,premarket trade_date may only use row.date < trade_date
2024-09-26,3443,創意,1220.0,1220.0,1110.0,1125.0,4307263.0,4985295175.0,TWSE STOCK_DAY,https://www.twse.com.tw/rwd/zh/afterTrading/STOCK_DAY?date=20240901&stockNo=3443&response=json,2024-09-26 14:00 Asia/Taipei,premarket trade_date may only use row.date < trade_date
2024-09-26,6526,達發,637.0,654.0,631.0,641.0,1159323.0,746296457.0,TWSE STOCK_DAY,https://www.twse.com.tw/rwd/zh/afterTrading/STOCK_DAY?date=20240901&stockNo=6526&response=json,2024-09-26 14:00 Asia/Taipei,premarket trade_date may only use row.date < trade_date
2024-09-27,2345,智邦,542.0,548.0,536.0,542.0,4526106.0,2454145896.0,TWSE STOCK_DAY,https://www.twse.com.tw/rwd/zh/afterTrading/STOCK_DAY?date=20240901&stockNo=2345&response=json,2024-09-27 14:00 Asia/Taipei,premarket trade_date may only use row.date < trade_date
2024-09-27,3017,奇鋐,623.0,630.0,611.0,624.0,15090320.0,9362269556.0,TWSE STOCK_DAY,https://www.twse.com.tw/rwd/zh/afterTrading/STOCK_DAY?date=20240901&stockNo=3017&response=json,2024-09-27 14:00 Asia/Taipei,premarket trade_date may only use row.date < trade_date
2024-09-27,3189,景碩,111.0,117.0,110.5,112.0,36518226.0,4142337183.0,TWSE STOCK_DAY,https://www.twse.com.tw/rwd/zh/afterTrading/STOCK_DAY?date=20240901&stockNo=3189&response=json,2024-09-27 14:00 Asia/Taipei,premarket trade_date may only use row.date < trade_date
2024-09-27,3443,創意,1140.0,1160.0,1120.0,1120.0,1600168.0,1822373230.0,TWSE STOCK_DAY,https://www.twse.com.tw/rwd/zh/afterTrading/STOCK_DAY?date=20240901&stockNo=3443&response=json,2024-09-27 14:00 Asia/Taipei,premarket trade_date may only use row.date < trade_date
2024-09-27,6526,達發,650.0,653.0,630.0,631.0,668375.0,427149189.0,TWSE STOCK_DAY,https://www.twse.com.tw/rwd/zh/afterTrading/STOCK_DAY?date=20240901&stockNo=6526&response=json,2024-09-27 14:00 Asia/Taipei,premarket trade_date may only use row.date < trade_date
2024-09-30,2345,智邦,530.0,545.0,528.0,532.0,3029800.0,1620333951.0,TWSE STOCK_DAY,https://www.twse.com.tw/rwd/zh/afterTrading/STOCK_DAY?date=20240901&stockNo=2345&response=json,2024-09-30 14:00 Asia/Taipei,premarket trade_date may only use row.date < trade_date
2024-09-30,3017,奇鋐,619.0,623.0,590.0,590.0,11149278.0,6722629146.0,TWSE STOCK_DAY,https://www.twse.com.tw/rwd/zh/afterTrading/STOCK_DAY?date=20240901&stockNo=3017&response=json,2024-09-30 14:00 Asia/Taipei,premarket trade_date may only use row.date < trade_date
2024-09-30,3189,景碩,111.5,113.0,109.0,110.0,8044296.0,890970322.0,TWSE STOCK_DAY,https://www.twse.com.tw/rwd/zh/afterTrading/STOCK_DAY?date=20240901&stockNo=3189&response=json,2024-09-30 14:00 Asia/Taipei,premarket trade_date may only use row.date < trade_date
2024-09-30,3443,創意,1110.0,1135.0,1100.0,1100.0,1143246.0,1277478325.0,TWSE STOCK_DAY,https://www.twse.com.tw/rwd/zh/afterTrading/STOCK_DAY?date=20240901&stockNo=3443&response=json,2024-09-30 14:00 Asia/Taipei,premarket trade_date may only use row.date < trade_date
2024-09-30,6526,達發,628.0,641.0,623.0,632.0,485075.0,307165375.0,TWSE STOCK_DAY,https://www.twse.com.tw/rwd/zh/afterTrading/STOCK_DAY?date=20240901&stockNo=6526&response=json,2024-09-30 14:00 Asia/Taipei,premarket trade_date may only use row.date < trade_date
2024-10-01,2345,智邦,532.0,536.0,517.0,524.0,2313696.0,1213298065.0,TWSE STOCK_DAY,https://www.twse.com.tw/rwd/zh/afterTrading/STOCK_DAY?date=20241001&stockNo=2345&response=json,2024-10-01 14:00 Asia/Taipei,premarket trade_date may only use row.date < trade_date
2024-10-01,3017,奇鋐,598.0,606.0,582.0,585.0,8197085.0,4863960856.0,TWSE STOCK_DAY,https://www.twse.com.tw/rwd/zh/afterTrading/STOCK_DAY?date=20241001&stockNo=3017&response=json,2024-10-01 14:00 Asia/Taipei,premarket trade_date may only use row.date < trade_date
2024-10-01,3189,景碩,111.0,112.5,108.0,110.0,6973530.0,768548665.0,TWSE STOCK_DAY,https://www.twse.com.tw/rwd/zh/afterTrading/STOCK_DAY?date=20241001&stockNo=3189&response=json,2024-10-01 14:00 Asia/Taipei,premarket trade_date may only use row.date < trade_date
2024-10-01,3443,創意,1110.0,1120.0,1060.0,1060.0,1488596.0,1611755805.0,TWSE STOCK_DAY,https://www.twse.com.tw/rwd/zh/afterTrading/STOCK_DAY?date=20241001&stockNo=3443&response=json,2024-10-01 14:00 Asia/Taipei,premarket trade_date may only use row.date < trade_date
2024-10-01,6526,達發,642.0,643.0,625.0,625.0,729760.0,462844558.0,TWSE STOCK_DAY,https://www.twse.com.tw/rwd/zh/afterTrading/STOCK_DAY?date=20241001&stockNo=6526&response=json,2024-10-01 14:00 Asia/Taipei,premarket trade_date may only use row.date < trade_date
2024-10-04,2345,智邦,515.0,528.0,492.0,492.0,5374120.0,2722413414.0,TWSE STOCK_DAY,https://www.twse.com.tw/rwd/zh/afterTrading/STOCK_DAY?date=20241001&stockNo=2345&response=json,2024-10-04 14:00 Asia/Taipei,premarket trade_date may only use row.date < trade_date
2024-10-04,3017,奇鋐,594.0,612.0,592.0,604.0,10105054.0,6105758953.0,TWSE STOCK_DAY,https://www.twse.com.tw/rwd/zh/afterTrading/STOCK_DAY?date=20241001&stockNo=3017&response=json,2024-10-04 14:00 Asia/Taipei,premarket trade_date may only use row.date < trade_date
2024-10-04,3189,景碩,110.0,110.5,105.5,105.5,6729007.0,721600320.0,TWSE STOCK_DAY,https://www.twse.com.tw/rwd/zh/afterTrading/STOCK_DAY?date=20241001&stockNo=3189&response=json,2024-10-04 14:00 Asia/Taipei,premarket trade_date may only use row.date < trade_date
2024-10-04,3443,創意,1065.0,1080.0,1030.0,1040.0,1584044.0,1674673940.0,TWSE STOCK_DAY,https://www.twse.com.tw/rwd/zh/afterTrading/STOCK_DAY?date=20241001&stockNo=3443&response=json,2024-10-04 14:00 Asia/Taipei,premarket trade_date may only use row.date < trade_date
2024-10-04,6526,達發,632.0,646.0,630.0,636.0,524136.0,334404797.0,TWSE STOCK_DAY,https://www.twse.com.tw/rwd/zh/afterTrading/STOCK_DAY?date=20241001&stockNo=6526&response=json,2024-10-04 14:00 Asia/Taipei,premarket trade_date may only use row.date < trade_date
2024-10-07,2345,智邦,507.0,521.0,502.0,506.0,3974192.0,2026616934.0,TWSE STOCK_DAY,https://www.twse.com.tw/rwd/zh/afterTrading/STOCK_DAY?date=20241001&stockNo=2345&response=json,2024-10-07 14:00 Asia/Taipei,premarket trade_date may only use row.date < trade_date
2024-10-07,3017,奇鋐,617.0,618.0,608.0,611.0,7101570.0,4348532155.0,TWSE STOCK_DAY,https://www.twse.com.tw/rwd/zh/afterTrading/STOCK_DAY?date=20241001&stockNo=3017&response=json,2024-10-07 14:00 Asia/Taipei,premarket trade_date may only use row.date < trade_date
2024-10-07,3189,景碩,107.0,113.0,106.0,109.5,7505838.0,817352617.0,TWSE STOCK_DAY,https://www.twse.com.tw/rwd/zh/afterTrading/STOCK_DAY?date=20241001&stockNo=3189&response=json,2024-10-07 14:00 Asia/Taipei,premarket trade_date may only use row.date < trade_date
2024-10-07,3443,創意,1060.0,1125.0,1050.0,1110.0,1787950.0,1970123650.0,TWSE STOCK_DAY,https://www.twse.com.tw/rwd/zh/afterTrading/STOCK_DAY?date=20241001&stockNo=3443&response=json,2024-10-07 14:00 Asia/Taipei,premarket trade_date may only use row.date < trade_date
2024-10-07,6526,達發,642.0,644.0,635.0,635.0,252041.0,160728826.0,TWSE STOCK_DAY,https://www.twse.com.tw/rwd/zh/afterTrading/STOCK_DAY?date=20241001&stockNo=6526&response=json,2024-10-07 14:00 Asia/Taipei,premarket trade_date may only use row.date < trade_date
2024-10-08,2345,智邦,495.5,520.0,495.5,520.0,5994674.0,3066475080.0,TWSE STOCK_DAY,https://www.twse.com.tw/rwd/zh/afterTrading/STOCK_DAY?date=20241001&stockNo=2345&response=json,2024-10-08 14:00 Asia/Taipei,premarket trade_date may only use row.date < trade_date
2024-10-08,3017,奇鋐,611.0,622.0,608.0,611.0,6572281.0,4031453478.0,TWSE STOCK_DAY,https://www.twse.com.tw/rwd/zh/afterTrading/STOCK_DAY?date=20241001&stockNo=3017&response=json,2024-10-08 14:00 Asia/Taipei,premarket trade_date may only use row.date < trade_date
2024-10-08,3189,景碩,108.5,109.0,105.5,106.0,5251334.0,560173422.0,TWSE STOCK_DAY,https://www.twse.com.tw/rwd/zh/afterTrading/STOCK_DAY?date=20241001&stockNo=3189&response=json,2024-10-08 14:00 Asia/Taipei,premarket trade_date may only use row.date < trade_date
2024-10-08,3443,創意,1100.0,1180.0,1100.0,1170.0,3125204.0,3583963640.0,TWSE STOCK_DAY,https://www.twse.com.tw/rwd/zh/afterTrading/STOCK_DAY?date=20241001&stockNo=3443&response=json,2024-10-08 14:00 Asia/Taipei,premarket trade_date may only use row.date < trade_date
2024-10-08,6526,達發,637.0,637.0,618.0,633.0,448271.0,280949953.0,TWSE STOCK_DAY,https://www.twse.com.tw/rwd/zh/afterTrading/STOCK_DAY?date=20241001&stockNo=6526&response=json,2024-10-08 14:00 Asia/Taipei,premarket trade_date may only use row.date < trade_date
2024-10-09,2345,智邦,533.0,549.0,529.0,532.0,5886532.0,3178029248.0,TWSE STOCK_DAY,https://www.twse.com.tw/rwd/zh/afterTrading/STOCK_DAY?date=20241001&stockNo=2345&response=json,2024-10-09 14:00 Asia/Taipei,premarket trade_date may only use row.date < trade_date
2024-10-09,3017,奇鋐,620.0,622.0,605.0,605.0,5902050.0,3619905059.0,TWSE STOCK_DAY,https://www.twse.com.tw/rwd/zh/afterTrading/STOCK_DAY?date=20241001&stockNo=3017&response=json,2024-10-09 14:00 Asia/Taipei,premarket trade_date may only use row.date < trade_date
2024-10-09,3189,景碩,108.0,111.0,106.5,106.5,9279579.0,1008557204.0,TWSE STOCK_DAY,https://www.twse.com.tw/rwd/zh/afterTrading/STOCK_DAY?date=20241001&stockNo=3189&response=json,2024-10-09 14:00 Asia/Taipei,premarket trade_date may only use row.date < trade_date
2024-10-09,3443,創意,1175.0,1210.0,1155.0,1180.0,3138556.0,3722417930.0,TWSE STOCK_DAY,https://www.twse.com.tw/rwd/zh/afterTrading/STOCK_DAY?date=20241001&stockNo=3443&response=json,2024-10-09 14:00 Asia/Taipei,premarket trade_date may only use row.date < trade_date
2024-10-09,6526,達發,636.0,641.0,630.0,630.0,261028.0,165171050.0,TWSE STOCK_DAY,https://www.twse.com.tw/rwd/zh/afterTrading/STOCK_DAY?date=20241001&stockNo=6526&response=json,2024-10-09 14:00 Asia/Taipei,premarket trade_date may only use row.date < trade_date
2024-10-11,2345,智邦,527.0,538.0,525.0,537.0,2275294.0,1211906857.0,TWSE STOCK_DAY,https://www.twse.com.tw/rwd/zh/afterTrading/STOCK_DAY?date=20241001&stockNo=2345&response=json,2024-10-11 14:00 Asia/Taipei,premarket trade_date may only use row.date < trade_date
2024-10-11,3017,奇鋐,615.0,638.0,614.0,629.0,13756372.0,8657520314.0,TWSE STOCK_DAY,https://www.twse.com.tw/rwd/zh/afterTrading/STOCK_DAY?date=20241001&stockNo=3017&response=json,2024-10-11 14:00 Asia/Taipei,premarket trade_date may only use row.date < trade_date
2024-10-11,3189,景碩,107.0,109.0,105.5,105.5,4793548.0,510713950.0,TWSE STOCK_DAY,https://www.twse.com.tw/rwd/zh/afterTrading/STOCK_DAY?date=20241001&stockNo=3189&response=json,2024-10-11 14:00 Asia/Taipei,premarket trade_date may only use row.date < trade_date
2024-10-11,3443,創意,1185.0,1225.0,1175.0,1195.0,2386974.0,2879770050.0,TWSE STOCK_DAY,https://www.twse.com.tw/rwd/zh/afterTrading/STOCK_DAY?date=20241001&stockNo=3443&response=json,2024-10-11 14:00 Asia/Taipei,premarket trade_date may only use row.date < trade_date
2024-10-11,6526,達發,637.0,642.0,631.0,638.0,443999.0,283017837.0,TWSE STOCK_DAY,https://www.twse.com.tw/rwd/zh/afterTrading/STOCK_DAY?date=20241001&stockNo=6526&response=json,2024-10-11 14:00 Asia/Taipei,premarket trade_date may only use row.date < trade_date
2024-10-14,2345,智邦,533.0,557.0,532.0,556.0,2606058.0,1430966413.0,TWSE STOCK_DAY,https://www.twse.com.tw/rwd/zh/afterTrading/STOCK_DAY?date=20241001&stockNo=2345&response=json,2024-10-14 14:00 Asia/Taipei,premarket trade_date may only use row.date < trade_date
2024-10-14,3017,奇鋐,632.0,658.0,630.0,647.0,13255904.0,8559406515.0,TWSE STOCK_DAY,https://www.twse.com.tw/rwd/zh/afterTrading/STOCK_DAY?date=20241001&stockNo=3017&response=json,2024-10-14 14:00 Asia/Taipei,premarket trade_date may only use row.date < trade_date
2024-10-14,3189,景碩,106.0,107.5,105.0,107.0,3045259.0,324189412.0,TWSE STOCK_DAY,https://www.twse.com.tw/rwd/zh/afterTrading/STOCK_DAY?date=20241001&stockNo=3189&response=json,2024-10-14 14:00 Asia/Taipei,premarket trade_date may only use row.date < trade_date
2024-10-14,3443,創意,1195.0,1220.0,1185.0,1215.0,1377586.0,1658958840.0,TWSE STOCK_DAY,https://www.twse.com.tw/rwd/zh/afterTrading/STOCK_DAY?date=20241001&stockNo=3443&response=json,2024-10-14 14:00 Asia/Taipei,premarket trade_date may only use row.date < trade_date
2024-10-14,6526,達發,640.0,641.0,616.0,633.0,805041.0,505648215.0,TWSE STOCK_DAY,https://www.twse.com.tw/rwd/zh/afterTrading/STOCK_DAY?date=20241001&stockNo=6526&response=json,2024-10-14 14:00 Asia/Taipei,premarket trade_date may only use row.date < trade_date
2024-10-15,2345,智邦,562.0,562.0,546.0,558.0,2998098.0,1662453601.0,TWSE STOCK_DAY,https://www.twse.com.tw/rwd/zh/afterTrading/STOCK_DAY?date=20241001&stockNo=2345&response=json,2024-10-15 14:00 Asia/Taipei,premarket trade_date may only use row.date < trade_date
2024-10-15,3017,奇鋐,658.0,680.0,654.0,679.0,15412738.0,10305742586.0,TWSE STOCK_DAY,https://www.twse.com.tw/rwd/zh/afterTrading/STOCK_DAY?date=20241001&stockNo=3017&response=json,2024-10-15 14:00 Asia/Taipei,premarket trade_date may only use row.date < trade_date
2024-10-15,3189,景碩,107.5,108.0,104.5,105.5,4779266.0,506710899.0,TWSE STOCK_DAY,https://www.twse.com.tw/rwd/zh/afterTrading/STOCK_DAY?date=20241001&stockNo=3189&response=json,2024-10-15 14:00 Asia/Taipei,premarket trade_date may only use row.date < trade_date
2024-10-15,3443,創意,1220.0,1240.0,1210.0,1215.0,1548279.0,1887943865.0,TWSE STOCK_DAY,https://www.twse.com.tw/rwd/zh/afterTrading/STOCK_DAY?date=20241001&stockNo=3443&response=json,2024-10-15 14:00 Asia/Taipei,premarket trade_date may only use row.date < trade_date
2024-10-15,6526,達發,640.0,646.0,636.0,638.0,545800.0,349629050.0,TWSE STOCK_DAY,https://www.twse.com.tw/rwd/zh/afterTrading/STOCK_DAY?date=20241001&stockNo=6526&response=json,2024-10-15 14:00 Asia/Taipei,premarket trade_date may only use row.date < trade_date
2024-10-16,2345,智邦,546.0,555.0,536.0,554.0,2962421.0,1625990907.0,TWSE STOCK_DAY,https://www.twse.com.tw/rwd/zh/afterTrading/STOCK_DAY?date=20241001&stockNo=2345&response=json,2024-10-16 14:00 Asia/Taipei,premarket trade_date may only use row.date < trade_date
2024-10-16,3017,奇鋐,666.0,681.0,658.0,676.0,10274768.0,6891743871.0,TWSE STOCK_DAY,https://www.twse.com.tw/rwd/zh/afterTrading/STOCK_DAY?date=20241001&stockNo=3017&response=json,2024-10-16 14:00 Asia/Taipei,premarket trade_date may only use row.date < trade_date
2024-10-16,3189,景碩,104.0,104.5,101.0,102.5,9117854.0,936500667.0,TWSE STOCK_DAY,https://www.twse.com.tw/rwd/zh/afterTrading/STOCK_DAY?date=20241001&stockNo=3189&response=json,2024-10-16 14:00 Asia/Taipei,premarket trade_date may only use row.date < trade_date
2024-10-16,3443,創意,1190.0,1215.0,1185.0,1210.0,962092.0,1157594805.0,TWSE STOCK_DAY,https://www.twse.com.tw/rwd/zh/afterTrading/STOCK_DAY?date=20241001&stockNo=3443&response=json,2024-10-16 14:00 Asia/Taipei,premarket trade_date may only use row.date < trade_date
2024-10-16,6526,達發,630.0,633.0,626.0,629.0,448943.0,282789547.0,TWSE STOCK_DAY,https://www.twse.com.tw/rwd/zh/afterTrading/STOCK_DAY?date=20241001&stockNo=6526&response=json,2024-10-16 14:00 Asia/Taipei,premarket trade_date may only use row.date < trade_date
2024-10-17,2345,智邦,554.0,554.0,540.0,543.0,2465150.0,1341441184.0,TWSE STOCK_DAY,https://www.twse.com.tw/rwd/zh/afterTrading/STOCK_DAY?date=20241001&stockNo=2345&response=json,2024-10-17 14:00 Asia/Taipei,premarket trade_date may only use row.date < trade_date
2024-10-17,3017,奇鋐,678.0,683.0,666.0,679.0,8558641.0,5785778903.0,TWSE STOCK_DAY,https://www.twse.com.tw/rwd/zh/afterTrading/STOCK_DAY?date=20241001&stockNo=3017&response=json,2024-10-17 14:00 Asia/Taipei,premarket trade_date may only use row.date < trade_date
2024-10-17,3189,景碩,104.0,107.5,103.0,105.5,6470754.0,684757703.0,TWSE STOCK_DAY,https://www.twse.com.tw/rwd/zh/afterTrading/STOCK_DAY?date=20241001&stockNo=3189&response=json,2024-10-17 14:00 Asia/Taipei,premarket trade_date may only use row.date < trade_date
2024-10-17,3443,創意,1210.0,1230.0,1200.0,1215.0,1089012.0,1323378620.0,TWSE STOCK_DAY,https://www.twse.com.tw/rwd/zh/afterTrading/STOCK_DAY?date=20241001&stockNo=3443&response=json,2024-10-17 14:00 Asia/Taipei,premarket trade_date may only use row.date < trade_date
2024-10-17,6526,達發,631.0,632.0,623.0,632.0,414015.0,260312329.0,TWSE STOCK_DAY,https://www.twse.com.tw/rwd/zh/afterTrading/STOCK_DAY?date=20241001&stockNo=6526&response=json,2024-10-17 14:00 Asia/Taipei,premarket trade_date may only use row.date < trade_date
2024-10-18,2345,智邦,553.0,576.0,553.0,569.0,5449083.0,3093041776.0,TWSE STOCK_DAY,https://www.twse.com.tw/rwd/zh/afterTrading/STOCK_DAY?date=20241001&stockNo=2345&response=json,2024-10-18 14:00 Asia/Taipei,premarket trade_date may only use row.date < trade_date
2024-10-18,3017,奇鋐,691.0,699.0,676.0,681.0,12884187.0,8851424285.0,TWSE STOCK_DAY,https://www.twse.com.tw/rwd/zh/afterTrading/STOCK_DAY?date=20241001&stockNo=3017&response=json,2024-10-18 14:00 Asia/Taipei,premarket trade_date may only use row.date < trade_date
2024-10-18,3189,景碩,107.0,107.5,104.5,105.0,6168738.0,651657489.0,TWSE STOCK_DAY,https://www.twse.com.tw/rwd/zh/afterTrading/STOCK_DAY?date=20241001&stockNo=3189&response=json,2024-10-18 14:00 Asia/Taipei,premarket trade_date may only use row.date < trade_date
2024-10-18,3443,創意,1240.0,1245.0,1200.0,1200.0,1470440.0,1795579070.0,TWSE STOCK_DAY,https://www.twse.com.tw/rwd/zh/afterTrading/STOCK_DAY?date=20241001&stockNo=3443&response=json,2024-10-18 14:00 Asia/Taipei,premarket trade_date may only use row.date < trade_date
2024-10-18,6526,達發,636.0,642.0,626.0,630.0,306262.0,193963437.0,TWSE STOCK_DAY,https://www.twse.com.tw/rwd/zh/afterTrading/STOCK_DAY?date=20241001&stockNo=6526&response=json,2024-10-18 14:00 Asia/Taipei,premarket trade_date may only use row.date < trade_date
2024-10-21,2345,智邦,563.0,582.0,563.0,578.0,3812997.0,2190548880.0,TWSE STOCK_DAY,https://www.twse.com.tw/rwd/zh/afterTrading/STOCK_DAY?date=20241001&stockNo=2345&response=json,2024-10-21 14:00 Asia/Taipei,premarket trade_date may only use row.date < trade_date
2024-10-21,3017,奇鋐,681.0,695.0,677.0,677.0,8323429.0,5702282598.0,TWSE STOCK_DAY,https://www.twse.com.tw/rwd/zh/afterTrading/STOCK_DAY?date=20241001&stockNo=3017&response=json,2024-10-21 14:00 Asia/Taipei,premarket trade_date may only use row.date < trade_date
2024-10-21,3189,景碩,107.0,115.5,105.5,115.5,32565008.0,3690013639.0,TWSE STOCK_DAY,https://www.twse.com.tw/rwd/zh/afterTrading/STOCK_DAY?date=20241001&stockNo=3189&response=json,2024-10-21 14:00 Asia/Taipei,premarket trade_date may only use row.date < trade_date
2024-10-21,3443,創意,1205.0,1265.0,1205.0,1265.0,2304204.0,2877179765.0,TWSE STOCK_DAY,https://www.twse.com.tw/rwd/zh/afterTrading/STOCK_DAY?date=20241001&stockNo=3443&response=json,2024-10-21 14:00 Asia/Taipei,premarket trade_date may only use row.date < trade_date
2024-10-21,6526,達發,636.0,674.0,634.0,664.0,1469522.0,969591595.0,TWSE STOCK_DAY,https://www.twse.com.tw/rwd/zh/afterTrading/STOCK_DAY?date=20241001&stockNo=6526&response=json,2024-10-21 14:00 Asia/Taipei,premarket trade_date may only use row.date < trade_date
2024-10-22,2345,智邦,573.0,586.0,568.0,586.0,3737675.0,2162085813.0,TWSE STOCK_DAY,https://www.twse.com.tw/rwd/zh/afterTrading/STOCK_DAY?date=20241001&stockNo=2345&response=json,2024-10-22 14:00 Asia/Taipei,premarket trade_date may only use row.date < trade_date
2024-10-22,3017,奇鋐,677.0,687.0,674.0,683.0,4804114.0,3266741205.0,TWSE STOCK_DAY,https://www.twse.com.tw/rwd/zh/afterTrading/STOCK_DAY?date=20241001&stockNo=3017&response=json,2024-10-22 14:00 Asia/Taipei,premarket trade_date may only use row.date < trade_date
2024-10-22,3189,景碩,117.0,121.5,115.0,116.0,66339709.0,7793172238.0,TWSE STOCK_DAY,https://www.twse.com.tw/rwd/zh/afterTrading/STOCK_DAY?date=20241001&stockNo=3189&response=json,2024-10-22 14:00 Asia/Taipei,premarket trade_date may only use row.date < trade_date
2024-10-22,3443,創意,1250.0,1325.0,1235.0,1280.0,3041134.0,3906262795.0,TWSE STOCK_DAY,https://www.twse.com.tw/rwd/zh/afterTrading/STOCK_DAY?date=20241001&stockNo=3443&response=json,2024-10-22 14:00 Asia/Taipei,premarket trade_date may only use row.date < trade_date
2024-10-22,6526,達發,664.0,667.0,652.0,656.0,503102.0,331049196.0,TWSE STOCK_DAY,https://www.twse.com.tw/rwd/zh/afterTrading/STOCK_DAY?date=20241001&stockNo=6526&response=json,2024-10-22 14:00 Asia/Taipei,premarket trade_date may only use row.date < trade_date
2024-10-23,2345,智邦,580.0,585.0,563.0,565.0,2865641.0,1629703581.0,TWSE STOCK_DAY,https://www.twse.com.tw/rwd/zh/afterTrading/STOCK_DAY?date=20241001&stockNo=2345&response=json,2024-10-23 14:00 Asia/Taipei,premarket trade_date may only use row.date < trade_date
2024-10-23,3017,奇鋐,681.0,693.0,676.0,686.0,5432962.0,3728433919.0,TWSE STOCK_DAY,https://www.twse.com.tw/rwd/zh/afterTrading/STOCK_DAY?date=20241001&stockNo=3017&response=json,2024-10-23 14:00 Asia/Taipei,premarket trade_date may only use row.date < trade_date
2024-10-23,3189,景碩,116.0,117.0,114.0,115.0,20008610.0,2308490622.0,TWSE STOCK_DAY,https://www.twse.com.tw/rwd/zh/afterTrading/STOCK_DAY?date=20241001&stockNo=3189&response=json,2024-10-23 14:00 Asia/Taipei,premarket trade_date may only use row.date < trade_date
2024-10-23,3443,創意,1265.0,1315.0,1265.0,1315.0,2084139.0,2700638690.0,TWSE STOCK_DAY,https://www.twse.com.tw/rwd/zh/afterTrading/STOCK_DAY?date=20241001&stockNo=3443&response=json,2024-10-23 14:00 Asia/Taipei,premarket trade_date may only use row.date < trade_date
2024-10-23,6526,達發,660.0,669.0,656.0,658.0,479593.0,317283460.0,TWSE STOCK_DAY,https://www.twse.com.tw/rwd/zh/afterTrading/STOCK_DAY?date=20241001&stockNo=6526&response=json,2024-10-23 14:00 Asia/Taipei,premarket trade_date may only use row.date < trade_date
2024-10-24,2345,智邦,562.0,573.0,556.0,570.0,2218262.0,1258040090.0,TWSE STOCK_DAY,https://www.twse.com.tw/rwd/zh/afterTrading/STOCK_DAY?date=20241001&stockNo=2345&response=json,2024-10-24 14:00 Asia/Taipei,premarket trade_date may only use row.date < trade_date
2024-10-24,3017,奇鋐,688.0,689.0,651.0,656.0,11019725.0,7312469474.0,TWSE STOCK_DAY,https://www.twse.com.tw/rwd/zh/afterTrading/STOCK_DAY?date=20241001&stockNo=3017&response=json,2024-10-24 14:00 Asia/Taipei,premarket trade_date may only use row.date < trade_date
2024-10-24,3189,景碩,115.0,116.0,112.0,113.0,15577836.0,1777575154.0,TWSE STOCK_DAY,https://www.twse.com.tw/rwd/zh/afterTrading/STOCK_DAY?date=20241001&stockNo=3189&response=json,2024-10-24 14:00 Asia/Taipei,premarket trade_date may only use row.date < trade_date
2024-10-24,3443,創意,1305.0,1320.0,1270.0,1280.0,1889413.0,2448775365.0,TWSE STOCK_DAY,https://www.twse.com.tw/rwd/zh/afterTrading/STOCK_DAY?date=20241001&stockNo=3443&response=json,2024-10-24 14:00 Asia/Taipei,premarket trade_date may only use row.date < trade_date
2024-10-24,6526,達發,666.0,674.0,652.0,652.0,941158.0,624820167.0,TWSE STOCK_DAY,https://www.twse.com.tw/rwd/zh/afterTrading/STOCK_DAY?date=20241001&stockNo=6526&response=json,2024-10-24 14:00 Asia/Taipei,premarket trade_date may only use row.date < trade_date
2024-10-25,2345,智邦,580.0,596.0,577.0,596.0,5449030.0,3223903056.0,TWSE STOCK_DAY,https://www.twse.com.tw/rwd/zh/afterTrading/STOCK_DAY?date=20241001&stockNo=2345&response=json,2024-10-25 14:00 Asia/Taipei,premarket trade_date may only use row.date < trade_date
2024-10-25,3017,奇鋐,657.0,664.0,653.0,664.0,5140180.0,3383821790.0,TWSE STOCK_DAY,https://www.twse.com.tw/rwd/zh/afterTrading/STOCK_DAY?date=20241001&stockNo=3017&response=json,2024-10-25 14:00 Asia/Taipei,premarket trade_date may only use row.date < trade_date
2024-10-25,3189,景碩,114.0,116.0,110.5,115.5,13752671.0,1556994875.0,TWSE STOCK_DAY,https://www.twse.com.tw/rwd/zh/afterTrading/STOCK_DAY?date=20241001&stockNo=3189&response=json,2024-10-25 14:00 Asia/Taipei,premarket trade_date may only use row.date < trade_date
2024-10-25,3443,創意,1295.0,1295.0,1250.0,1285.0,1431076.0,1820426600.0,TWSE STOCK_DAY,https://www.twse.com.tw/rwd/zh/afterTrading/STOCK_DAY?date=20241001&stockNo=3443&response=json,2024-10-25 14:00 Asia/Taipei,premarket trade_date may only use row.date < trade_date
2024-10-25,6526,達發,653.0,657.0,644.0,653.0,330788.0,215051534.0,TWSE STOCK_DAY,https://www.twse.com.tw/rwd/zh/afterTrading/STOCK_DAY?date=20241001&stockNo=6526&response=json,2024-10-25 14:00 Asia/Taipei,premarket trade_date may only use row.date < trade_date
2024-10-28,2345,智邦,590.0,598.0,573.0,573.0,4289118.0,2497076105.0,TWSE STOCK_DAY,https://www.twse.com.tw/rwd/zh/afterTrading/STOCK_DAY?date=20241001&stockNo=2345&response=json,2024-10-28 14:00 Asia/Taipei,premarket trade_date may only use row.date < trade_date
2024-10-28,3017,奇鋐,663.0,666.0,640.0,648.0,7029020.0,4563062831.0,TWSE STOCK_DAY,https://www.twse.com.tw/rwd/zh/afterTrading/STOCK_DAY?date=20241001&stockNo=3017&response=json,2024-10-28 14:00 Asia/Taipei,premarket trade_date may only use row.date < trade_date
2024-10-28,3189,景碩,114.5,115.5,110.0,112.5,12980580.0,1454645930.0,TWSE STOCK_DAY,https://www.twse.com.tw/rwd/zh/afterTrading/STOCK_DAY?date=20241001&stockNo=3189&response=json,2024-10-28 14:00 Asia/Taipei,premarket trade_date may only use row.date < trade_date
2024-10-28,3443,創意,1285.0,1295.0,1260.0,1260.0,1720730.0,2196512960.0,TWSE STOCK_DAY,https://www.twse.com.tw/rwd/zh/afterTrading/STOCK_DAY?date=20241001&stockNo=3443&response=json,2024-10-28 14:00 Asia/Taipei,premarket trade_date may only use row.date < trade_date
2024-10-28,6526,達發,655.0,656.0,625.0,625.0,1131976.0,715689271.0,TWSE STOCK_DAY,https://www.twse.com.tw/rwd/zh/afterTrading/STOCK_DAY?date=20241001&stockNo=6526&response=json,2024-10-28 14:00 Asia/Taipei,premarket trade_date may only use row.date < trade_date
2024-10-29,2345,智邦,567.0,567.0,549.0,553.0,4521159.0,2506025031.0,TWSE STOCK_DAY,https://www.twse.com.tw/rwd/zh/afterTrading/STOCK_DAY?date=20241001&stockNo=2345&response=json,2024-10-29 14:00 Asia/Taipei,premarket trade_date may only use row.date < trade_date
2024-10-29,3017,奇鋐,641.0,642.0,620.0,626.0,7342277.0,4621842799.0,TWSE STOCK_DAY,https://www.twse.com.tw/rwd/zh/afterTrading/STOCK_DAY?date=20241001&stockNo=3017&response=json,2024-10-29 14:00 Asia/Taipei,premarket trade_date may only use row.date < trade_date
2024-10-29,3189,景碩,111.0,111.5,104.5,105.5,18374643.0,1960357647.0,TWSE STOCK_DAY,https://www.twse.com.tw/rwd/zh/afterTrading/STOCK_DAY?date=20241001&stockNo=3189&response=json,2024-10-29 14:00 Asia/Taipei,premarket trade_date may only use row.date < trade_date
2024-10-29,3443,創意,1245.0,1245.0,1210.0,1235.0,1755102.0,2154143415.0,TWSE STOCK_DAY,https://www.twse.com.tw/rwd/zh/afterTrading/STOCK_DAY?date=20241001&stockNo=3443&response=json,2024-10-29 14:00 Asia/Taipei,premarket trade_date may only use row.date < trade_date
2024-10-29,6526,達發,618.0,621.0,605.0,616.0,515852.0,315904773.0,TWSE STOCK_DAY,https://www.twse.com.tw/rwd/zh/afterTrading/STOCK_DAY?date=20241001&stockNo=6526&response=json,2024-10-29 14:00 Asia/Taipei,premarket trade_date may only use row.date < trade_date
2024-10-30,2345,智邦,553.0,568.0,548.0,552.0,4432910.0,2466095740.0,TWSE STOCK_DAY,https://www.twse.com.tw/rwd/zh/afterTrading/STOCK_DAY?date=20241001&stockNo=2345&response=json,2024-10-30 14:00 Asia/Taipei,premarket trade_date may only use row.date < trade_date
2024-10-30,3017,奇鋐,633.0,653.0,631.0,638.0,8528797.0,5476894418.0,TWSE STOCK_DAY,https://www.twse.com.tw/rwd/zh/afterTrading/STOCK_DAY?date=20241001&stockNo=3017&response=json,2024-10-30 14:00 Asia/Taipei,premarket trade_date may only use row.date < trade_date
2024-10-30,3189,景碩,106.0,110.5,104.5,107.5,9288093.0,1000387114.0,TWSE STOCK_DAY,https://www.twse.com.tw/rwd/zh/afterTrading/STOCK_DAY?date=20241001&stockNo=3189&response=json,2024-10-30 14:00 Asia/Taipei,premarket trade_date may only use row.date < trade_date
2024-10-30,3443,創意,1235.0,1290.0,1225.0,1235.0,1684005.0,2116160020.0,TWSE STOCK_DAY,https://www.twse.com.tw/rwd/zh/afterTrading/STOCK_DAY?date=20241001&stockNo=3443&response=json,2024-10-30 14:00 Asia/Taipei,premarket trade_date may only use row.date < trade_date
2024-10-30,6526,達發,617.0,631.0,613.0,621.0,368212.0,228964826.0,TWSE STOCK_DAY,https://www.twse.com.tw/rwd/zh/afterTrading/STOCK_DAY?date=20241001&stockNo=6526&response=json,2024-10-30 14:00 Asia/Taipei,premarket trade_date may only use row.date < trade_date
2024-11-01,2345,智邦,530.0,553.0,530.0,553.0,4620793.0,2525485322.0,TWSE STOCK_DAY,https://www.twse.com.tw/rwd/zh/afterTrading/STOCK_DAY?date=20241101&stockNo=2345&response=json,2024-11-01 14:00 Asia/Taipei,premarket trade_date may only use row.date < trade_date
2024-11-01,3017,奇鋐,610.0,641.0,608.0,637.0,6752112.0,4246064430.0,TWSE STOCK_DAY,https://www.twse.com.tw/rwd/zh/afterTrading/STOCK_DAY?date=20241101&stockNo=3017&response=json,2024-11-01 14:00 Asia/Taipei,premarket trade_date may only use row.date < trade_date
2024-11-01,3189,景碩,104.5,108.5,103.5,108.0,7241196.0,771959498.0,TWSE STOCK_DAY,https://www.twse.com.tw/rwd/zh/afterTrading/STOCK_DAY?date=20241101&stockNo=3189&response=json,2024-11-01 14:00 Asia/Taipei,premarket trade_date may only use row.date < trade_date
2024-11-01,3443,創意,1130.0,1195.0,1115.0,1180.0,4490754.0,5125184215.0,TWSE STOCK_DAY,https://www.twse.com.tw/rwd/zh/afterTrading/STOCK_DAY?date=20241101&stockNo=3443&response=json,2024-11-01 14:00 Asia/Taipei,premarket trade_date may only use row.date < trade_date
2024-11-01,6526,達發,606.0,632.0,601.0,631.0,337505.0,209051544.0,TWSE STOCK_DAY,https://www.twse.com.tw/rwd/zh/afterTrading/STOCK_DAY?date=20241101&stockNo=6526&response=json,2024-11-01 14:00 Asia/Taipei,premarket trade_date may only use row.date < trade_date
2024-11-04,2345,智邦,553.0,553.0,535.0,542.0,2964068.0,1606704695.0,TWSE STOCK_DAY,https://www.twse.com.tw/rwd/zh/afterTrading/STOCK_DAY?date=20241101&stockNo=2345&response=json,2024-11-04 14:00 Asia/Taipei,premarket trade_date may only use row.date < trade_date
2024-11-04,3017,奇鋐,637.0,654.0,625.0,654.0,5074682.0,3254853750.0,TWSE STOCK_DAY,https://www.twse.com.tw/rwd/zh/afterTrading/STOCK_DAY?date=20241101&stockNo=3017&response=json,2024-11-04 14:00 Asia/Taipei,premarket trade_date may only use row.date < trade_date
2024-11-04,3189,景碩,107.0,107.5,104.5,104.5,5820826.0,614326931.0,TWSE STOCK_DAY,https://www.twse.com.tw/rwd/zh/afterTrading/STOCK_DAY?date=20241101&stockNo=3189&response=json,2024-11-04 14:00 Asia/Taipei,premarket trade_date may only use row.date < trade_date
2024-11-04,3443,創意,1185.0,1235.0,1180.0,1235.0,2265088.0,2748255110.0,TWSE STOCK_DAY,https://www.twse.com.tw/rwd/zh/afterTrading/STOCK_DAY?date=20241101&stockNo=3443&response=json,2024-11-04 14:00 Asia/Taipei,premarket trade_date may only use row.date < trade_date
2024-11-04,6526,達發,625.0,631.0,621.0,630.0,236277.0,148373792.0,TWSE STOCK_DAY,https://www.twse.com.tw/rwd/zh/afterTrading/STOCK_DAY?date=20241101&stockNo=6526&response=json,2024-11-04 14:00 Asia/Taipei,premarket trade_date may only use row.date < trade_date
2024-11-05,2345,智邦,539.0,556.0,539.0,551.0,3862502.0,2120968088.0,TWSE STOCK_DAY,https://www.twse.com.tw/rwd/zh/afterTrading/STOCK_DAY?date=20241101&stockNo=2345&response=json,2024-11-05 14:00 Asia/Taipei,premarket trade_date may only use row.date < trade_date
2024-11-05,3017,奇鋐,649.0,659.0,646.0,656.0,4719313.0,3083550864.0,TWSE STOCK_DAY,https://www.twse.com.tw/rwd/zh/afterTrading/STOCK_DAY?date=20241101&stockNo=3017&response=json,2024-11-05 14:00 Asia/Taipei,premarket trade_date may only use row.date < trade_date
2024-11-05,3189,景碩,105.5,107.5,105.5,106.0,5071449.0,539312128.0,TWSE STOCK_DAY,https://www.twse.com.tw/rwd/zh/afterTrading/STOCK_DAY?date=20241101&stockNo=3189&response=json,2024-11-05 14:00 Asia/Taipei,premarket trade_date may only use row.date < trade_date
2024-11-05,3443,創意,1220.0,1245.0,1210.0,1215.0,1576997.0,1929389600.0,TWSE STOCK_DAY,https://www.twse.com.tw/rwd/zh/afterTrading/STOCK_DAY?date=20241101&stockNo=3443&response=json,2024-11-05 14:00 Asia/Taipei,premarket trade_date may only use row.date < trade_date
2024-11-05,6526,達發,625.0,634.0,625.0,630.0,179535.0,113163842.0,TWSE STOCK_DAY,https://www.twse.com.tw/rwd/zh/afterTrading/STOCK_DAY?date=20241101&stockNo=6526&response=json,2024-11-05 14:00 Asia/Taipei,premarket trade_date may only use row.date < trade_date
2024-11-06,2345,智邦,568.0,586.0,559.0,574.0,5616413.0,3223054307.0,TWSE STOCK_DAY,https://www.twse.com.tw/rwd/zh/afterTrading/STOCK_DAY?date=20241101&stockNo=2345&response=json,2024-11-06 14:00 Asia/Taipei,premarket trade_date may only use row.date < trade_date
2024-11-06,3017,奇鋐,666.0,680.0,659.0,674.0,8446571.0,5676851557.0,TWSE STOCK_DAY,https://www.twse.com.tw/rwd/zh/afterTrading/STOCK_DAY?date=20241101&stockNo=3017&response=json,2024-11-06 14:00 Asia/Taipei,premarket trade_date may only use row.date < trade_date
2024-11-06,3189,景碩,106.5,108.0,105.5,106.0,5822662.0,620884896.0,TWSE STOCK_DAY,https://www.twse.com.tw/rwd/zh/afterTrading/STOCK_DAY?date=20241101&stockNo=3189&response=json,2024-11-06 14:00 Asia/Taipei,premarket trade_date may only use row.date < trade_date
2024-11-06,3443,創意,1220.0,1270.0,1190.0,1255.0,2632758.0,3270132210.0,TWSE STOCK_DAY,https://www.twse.com.tw/rwd/zh/afterTrading/STOCK_DAY?date=20241101&stockNo=3443&response=json,2024-11-06 14:00 Asia/Taipei,premarket trade_date may only use row.date < trade_date
2024-11-06,6526,達發,632.0,638.0,627.0,635.0,254336.0,161020480.0,TWSE STOCK_DAY,https://www.twse.com.tw/rwd/zh/afterTrading/STOCK_DAY?date=20241101&stockNo=6526&response=json,2024-11-06 14:00 Asia/Taipei,premarket trade_date may only use row.date < trade_date
2024-11-07,2345,智邦,572.0,594.0,570.0,588.0,4473589.0,2612522745.0,TWSE STOCK_DAY,https://www.twse.com.tw/rwd/zh/afterTrading/STOCK_DAY?date=20241101&stockNo=2345&response=json,2024-11-07 14:00 Asia/Taipei,premarket trade_date may only use row.date < trade_date
2024-11-07,3017,奇鋐,674.0,683.0,671.0,675.0,6013520.0,4066949935.0,TWSE STOCK_DAY,https://www.twse.com.tw/rwd/zh/afterTrading/STOCK_DAY?date=20241101&stockNo=3017&response=json,2024-11-07 14:00 Asia/Taipei,premarket trade_date may only use row.date < trade_date
2024-11-07,3189,景碩,106.5,110.5,106.5,108.0,13154284.0,1433326673.0,TWSE STOCK_DAY,https://www.twse.com.tw/rwd/zh/afterTrading/STOCK_DAY?date=20241101&stockNo=3189&response=json,2024-11-07 14:00 Asia/Taipei,premarket trade_date may only use row.date < trade_date
2024-11-07,3443,創意,1275.0,1310.0,1255.0,1285.0,2536449.0,3264035535.0,TWSE STOCK_DAY,https://www.twse.com.tw/rwd/zh/afterTrading/STOCK_DAY?date=20241101&stockNo=3443&response=json,2024-11-07 14:00 Asia/Taipei,premarket trade_date may only use row.date < trade_date
2024-11-07,6526,達發,635.0,642.0,635.0,636.0,167277.0,106925160.0,TWSE STOCK_DAY,https://www.twse.com.tw/rwd/zh/afterTrading/STOCK_DAY?date=20241101&stockNo=6526&response=json,2024-11-07 14:00 Asia/Taipei,premarket trade_date may only use row.date < trade_date
2024-11-08,2345,智邦,594.0,603.0,579.0,584.0,9124830.0,5369133743.0,TWSE STOCK_DAY,https://www.twse.com.tw/rwd/zh/afterTrading/STOCK_DAY?date=20241101&stockNo=2345&response=json,2024-11-08 14:00 Asia/Taipei,premarket trade_date may only use row.date < trade_date
2024-11-08,3017,奇鋐,686.0,694.0,682.0,687.0,8898073.0,6122298631.0,TWSE STOCK_DAY,https://www.twse.com.tw/rwd/zh/afterTrading/STOCK_DAY?date=20241101&stockNo=3017&response=json,2024-11-08 14:00 Asia/Taipei,premarket trade_date may only use row.date < trade_date
2024-11-08,3189,景碩,108.5,109.5,105.0,105.0,9344937.0,997555540.0,TWSE STOCK_DAY,https://www.twse.com.tw/rwd/zh/afterTrading/STOCK_DAY?date=20241101&stockNo=3189&response=json,2024-11-08 14:00 Asia/Taipei,premarket trade_date may only use row.date < trade_date
2024-11-08,3443,創意,1300.0,1310.0,1280.0,1280.0,1527783.0,1970725345.0,TWSE STOCK_DAY,https://www.twse.com.tw/rwd/zh/afterTrading/STOCK_DAY?date=20241101&stockNo=3443&response=json,2024-11-08 14:00 Asia/Taipei,premarket trade_date may only use row.date < trade_date
2024-11-08,6526,達發,637.0,643.0,626.0,630.0,245421.0,155148054.0,TWSE STOCK_DAY,https://www.twse.com.tw/rwd/zh/afterTrading/STOCK_DAY?date=20241101&stockNo=6526&response=json,2024-11-08 14:00 Asia/Taipei,premarket trade_date may only use row.date < trade_date
2024-11-11,2345,智邦,587.0,599.0,572.0,579.0,3285616.0,1916769892.0,TWSE STOCK_DAY,https://www.twse.com.tw/rwd/zh/afterTrading/STOCK_DAY?date=20241101&stockNo=2345&response=json,2024-11-11 14:00 Asia/Taipei,premarket trade_date may only use row.date < trade_date
2024-11-11,3017,奇鋐,687.0,691.0,679.0,687.0,3177423.0,2175403561.0,TWSE STOCK_DAY,https://www.twse.com.tw/rwd/zh/afterTrading/STOCK_DAY?date=20241101&stockNo=3017&response=json,2024-11-11 14:00 Asia/Taipei,premarket trade_date may only use row.date < trade_date
2024-11-11,3189,景碩,105.0,105.0,103.0,103.5,6608180.0,685561455.0,TWSE STOCK_DAY,https://www.twse.com.tw/rwd/zh/afterTrading/STOCK_DAY?date=20241101&stockNo=3189&response=json,2024-11-11 14:00 Asia/Taipei,premarket trade_date may only use row.date < trade_date
2024-11-11,3443,創意,1280.0,1300.0,1260.0,1265.0,1151630.0,1469481830.0,TWSE STOCK_DAY,https://www.twse.com.tw/rwd/zh/afterTrading/STOCK_DAY?date=20241101&stockNo=3443&response=json,2024-11-11 14:00 Asia/Taipei,premarket trade_date may only use row.date < trade_date
2024-11-11,6526,達發,621.0,628.0,619.0,624.0,241117.0,150387520.0,TWSE STOCK_DAY,https://www.twse.com.tw/rwd/zh/afterTrading/STOCK_DAY?date=20241101&stockNo=6526&response=json,2024-11-11 14:00 Asia/Taipei,premarket trade_date may only use row.date < trade_date
2024-11-12,2345,智邦,575.0,576.0,564.0,564.0,3462271.0,1971107778.0,TWSE STOCK_DAY,https://www.twse.com.tw/rwd/zh/afterTrading/STOCK_DAY?date=20241101&stockNo=2345&response=json,2024-11-12 14:00 Asia/Taipei,premarket trade_date may only use row.date < trade_date
2024-11-12,3017,奇鋐,680.0,684.0,661.0,661.0,4994339.0,3345091557.0,TWSE STOCK_DAY,https://www.twse.com.tw/rwd/zh/afterTrading/STOCK_DAY?date=20241101&stockNo=3017&response=json,2024-11-12 14:00 Asia/Taipei,premarket trade_date may only use row.date < trade_date
2024-11-12,3189,景碩,102.5,103.0,101.0,101.0,6264549.0,636435992.0,TWSE STOCK_DAY,https://www.twse.com.tw/rwd/zh/afterTrading/STOCK_DAY?date=20241101&stockNo=3189&response=json,2024-11-12 14:00 Asia/Taipei,premarket trade_date may only use row.date < trade_date
2024-11-12,3443,創意,1240.0,1290.0,1240.0,1245.0,1974347.0,2497889215.0,TWSE STOCK_DAY,https://www.twse.com.tw/rwd/zh/afterTrading/STOCK_DAY?date=20241101&stockNo=3443&response=json,2024-11-12 14:00 Asia/Taipei,premarket trade_date may only use row.date < trade_date
2024-11-12,6526,達發,614.0,619.0,603.0,604.0,400169.0,243895181.0,TWSE STOCK_DAY,https://www.twse.com.tw/rwd/zh/afterTrading/STOCK_DAY?date=20241101&stockNo=6526&response=json,2024-11-12 14:00 Asia/Taipei,premarket trade_date may only use row.date < trade_date
2024-11-13,2345,智邦,567.0,617.0,567.0,608.0,8029567.0,4812371781.0,TWSE STOCK_DAY,https://www.twse.com.tw/rwd/zh/afterTrading/STOCK_DAY?date=20241101&stockNo=2345&response=json,2024-11-13 14:00 Asia/Taipei,premarket trade_date may only use row.date < trade_date
2024-11-13,3017,奇鋐,661.0,674.0,656.0,661.0,5166270.0,3435694194.0,TWSE STOCK_DAY,https://www.twse.com.tw/rwd/zh/afterTrading/STOCK_DAY?date=20241101&stockNo=3017&response=json,2024-11-13 14:00 Asia/Taipei,premarket trade_date may only use row.date < trade_date
2024-11-13,3189,景碩,101.0,102.0,98.2,99.1,13485992.0,1342394294.0,TWSE STOCK_DAY,https://www.twse.com.tw/rwd/zh/afterTrading/STOCK_DAY?date=20241101&stockNo=3189&response=json,2024-11-13 14:00 Asia/Taipei,premarket trade_date may only use row.date < trade_date
2024-11-13,3443,創意,1255.0,1255.0,1185.0,1195.0,2792363.0,3373033880.0,TWSE STOCK_DAY,https://www.twse.com.tw/rwd/zh/afterTrading/STOCK_DAY?date=20241101&stockNo=3443&response=json,2024-11-13 14:00 Asia/Taipei,premarket trade_date may only use row.date < trade_date
2024-11-13,6526,達發,605.0,615.0,603.0,603.0,231861.0,140831242.0,TWSE STOCK_DAY,https://www.twse.com.tw/rwd/zh/afterTrading/STOCK_DAY?date=20241101&stockNo=6526&response=json,2024-11-13 14:00 Asia/Taipei,premarket trade_date may only use row.date < trade_date
2024-11-14,2345,智邦,608.0,622.0,593.0,594.0,4974241.0,3024217484.0,TWSE STOCK_DAY,https://www.twse.com.tw/rwd/zh/afterTrading/STOCK_DAY?date=20241101&stockNo=2345&response=json,2024-11-14 14:00 Asia/Taipei,premarket trade_date may only use row.date < trade_date
2024-11-14,3017,奇鋐,680.0,694.0,670.0,685.0,10804194.0,7359676864.0,TWSE STOCK_DAY,https://www.twse.com.tw/rwd/zh/afterTrading/STOCK_DAY?date=20241101&stockNo=3017&response=json,2024-11-14 14:00 Asia/Taipei,premarket trade_date may only use row.date < trade_date
2024-11-14,3189,景碩,99.7,100.5,97.0,97.2,7981479.0,783215314.0,TWSE STOCK_DAY,https://www.twse.com.tw/rwd/zh/afterTrading/STOCK_DAY?date=20241101&stockNo=3189&response=json,2024-11-14 14:00 Asia/Taipei,premarket trade_date may only use row.date < trade_date
2024-11-14,3443,創意,1200.0,1240.0,1185.0,1230.0,1705021.0,2069661105.0,TWSE STOCK_DAY,https://www.twse.com.tw/rwd/zh/afterTrading/STOCK_DAY?date=20241101&stockNo=3443&response=json,2024-11-14 14:00 Asia/Taipei,premarket trade_date may only use row.date < trade_date
2024-11-14,6526,達發,605.0,607.0,584.0,584.0,638749.0,376947275.0,TWSE STOCK_DAY,https://www.twse.com.tw/rwd/zh/afterTrading/STOCK_DAY?date=20241101&stockNo=6526&response=json,2024-11-14 14:00 Asia/Taipei,premarket trade_date may only use row.date < trade_date
2024-11-15,2345,智邦,600.0,606.0,591.0,600.0,2938458.0,1758198787.0,TWSE STOCK_DAY,https://www.twse.com.tw/rwd/zh/afterTrading/STOCK_DAY?date=20241101&stockNo=2345&response=json,2024-11-15 14:00 Asia/Taipei,premarket trade_date may only use row.date < trade_date
2024-11-15,3017,奇鋐,693.0,698.0,644.0,648.0,15673137.0,10403714355.0,TWSE STOCK_DAY,https://www.twse.com.tw/rwd/zh/afterTrading/STOCK_DAY?date=20241101&stockNo=3017&response=json,2024-11-15 14:00 Asia/Taipei,premarket trade_date may only use row.date < trade_date
2024-11-15,3189,景碩,97.6,99.6,96.4,98.6,4678411.0,459114735.0,TWSE STOCK_DAY,https://www.twse.com.tw/rwd/zh/afterTrading/STOCK_DAY?date=20241101&stockNo=3189&response=json,2024-11-15 14:00 Asia/Taipei,premarket trade_date may only use row.date < trade_date
2024-11-15,3443,創意,1230.0,1245.0,1205.0,1220.0,1192186.0,1460080980.0,TWSE STOCK_DAY,https://www.twse.com.tw/rwd/zh/afterTrading/STOCK_DAY?date=20241101&stockNo=3443&response=json,2024-11-15 14:00 Asia/Taipei,premarket trade_date may only use row.date < trade_date
2024-11-15,6526,達發,588.0,597.0,581.0,584.0,342148.0,201145659.0,TWSE STOCK_DAY,https://www.twse.com.tw/rwd/zh/afterTrading/STOCK_DAY?date=20241101&stockNo=6526&response=json,2024-11-15 14:00 Asia/Taipei,premarket trade_date may only use row.date < trade_date
2024-11-18,2345,智邦,600.0,606.0,590.0,592.0,3970727.0,2372942136.0,TWSE STOCK_DAY,https://www.twse.com.tw/rwd/zh/afterTrading/STOCK_DAY?date=20241101&stockNo=2345&response=json,2024-11-18 14:00 Asia/Taipei,premarket trade_date may only use row.date < trade_date
2024-11-18,3017,奇鋐,650.0,659.0,636.0,638.0,6234714.0,4021635385.0,TWSE STOCK_DAY,https://www.twse.com.tw/rwd/zh/afterTrading/STOCK_DAY?date=20241101&stockNo=3017&response=json,2024-11-18 14:00 Asia/Taipei,premarket trade_date may only use row.date < trade_date
2024-11-18,3189,景碩,98.5,98.7,96.4,97.5,3945193.0,384112483.0,TWSE STOCK_DAY,https://www.twse.com.tw/rwd/zh/afterTrading/STOCK_DAY?date=20241101&stockNo=3189&response=json,2024-11-18 14:00 Asia/Taipei,premarket trade_date may only use row.date < trade_date
2024-11-18,3443,創意,1230.0,1230.0,1180.0,1180.0,1286875.0,1534934270.0,TWSE STOCK_DAY,https://www.twse.com.tw/rwd/zh/afterTrading/STOCK_DAY?date=20241101&stockNo=3443&response=json,2024-11-18 14:00 Asia/Taipei,premarket trade_date may only use row.date < trade_date
2024-11-18,6526,達發,585.0,585.0,566.0,569.0,363683.0,207629319.0,TWSE STOCK_DAY,https://www.twse.com.tw/rwd/zh/afterTrading/STOCK_DAY?date=20241101&stockNo=6526&response=json,2024-11-18 14:00 Asia/Taipei,premarket trade_date may only use row.date < trade_date
2024-11-19,2345,智邦,605.0,612.0,596.0,606.0,2247514.0,1358439667.0,TWSE STOCK_DAY,https://www.twse.com.tw/rwd/zh/afterTrading/STOCK_DAY?date=20241101&stockNo=2345&response=json,2024-11-19 14:00 Asia/Taipei,premarket trade_date may only use row.date < trade_date
2024-11-19,3017,奇鋐,645.0,662.0,638.0,648.0,7558736.0,4911953727.0,TWSE STOCK_DAY,https://www.twse.com.tw/rwd/zh/afterTrading/STOCK_DAY?date=20241101&stockNo=3017&response=json,2024-11-19 14:00 Asia/Taipei,premarket trade_date may only use row.date < trade_date
2024-11-19,3189,景碩,98.2,98.7,97.1,98.3,2995837.0,293291421.0,TWSE STOCK_DAY,https://www.twse.com.tw/rwd/zh/afterTrading/STOCK_DAY?date=20241101&stockNo=3189&response=json,2024-11-19 14:00 Asia/Taipei,premarket trade_date may only use row.date < trade_date
2024-11-19,3443,創意,1205.0,1260.0,1170.0,1245.0,2130374.0,2584503915.0,TWSE STOCK_DAY,https://www.twse.com.tw/rwd/zh/afterTrading/STOCK_DAY?date=20241101&stockNo=3443&response=json,2024-11-19 14:00 Asia/Taipei,premarket trade_date may only use row.date < trade_date
2024-11-19,6526,達發,579.0,596.0,571.0,594.0,322834.0,189372758.0,TWSE STOCK_DAY,https://www.twse.com.tw/rwd/zh/afterTrading/STOCK_DAY?date=20241101&stockNo=6526&response=json,2024-11-19 14:00 Asia/Taipei,premarket trade_date may only use row.date < trade_date
2024-11-20,2345,智邦,606.0,626.0,605.0,625.0,4204044.0,2595501608.0,TWSE STOCK_DAY,https://www.twse.com.tw/rwd/zh/afterTrading/STOCK_DAY?date=20241101&stockNo=2345&response=json,2024-11-20 14:00 Asia/Taipei,premarket trade_date may only use row.date < trade_date
2024-11-20,3017,奇鋐,659.0,675.0,659.0,666.0,8351821.0,5571865553.0,TWSE STOCK_DAY,https://www.twse.com.tw/rwd/zh/afterTrading/STOCK_DAY?date=20241101&stockNo=3017&response=json,2024-11-20 14:00 Asia/Taipei,premarket trade_date may only use row.date < trade_date
2024-11-20,3189,景碩,98.5,98.7,94.8,95.5,7391370.0,711164439.0,TWSE STOCK_DAY,https://www.twse.com.tw/rwd/zh/afterTrading/STOCK_DAY?date=20241101&stockNo=3189&response=json,2024-11-20 14:00 Asia/Taipei,premarket trade_date may only use row.date < trade_date
2024-11-20,3443,創意,1250.0,1255.0,1200.0,1215.0,1443380.0,1768730175.0,TWSE STOCK_DAY,https://www.twse.com.tw/rwd/zh/afterTrading/STOCK_DAY?date=20241101&stockNo=3443&response=json,2024-11-20 14:00 Asia/Taipei,premarket trade_date may only use row.date < trade_date
2024-11-20,6526,達發,592.0,605.0,589.0,600.0,344997.0,206923235.0,TWSE STOCK_DAY,https://www.twse.com.tw/rwd/zh/afterTrading/STOCK_DAY?date=20241101&stockNo=6526&response=json,2024-11-20 14:00 Asia/Taipei,premarket trade_date may only use row.date < trade_date
2024-11-21,2345,智邦,616.0,638.0,606.0,630.0,5380345.0,3357242227.0,TWSE STOCK_DAY,https://www.twse.com.tw/rwd/zh/afterTrading/STOCK_DAY?date=20241101&stockNo=2345&response=json,2024-11-21 14:00 Asia/Taipei,premarket trade_date may only use row.date < trade_date
2024-11-21,3017,奇鋐,659.0,673.0,648.0,650.0,7323694.0,4815182219.0,TWSE STOCK_DAY,https://www.twse.com.tw/rwd/zh/afterTrading/STOCK_DAY?date=20241101&stockNo=3017&response=json,2024-11-21 14:00 Asia/Taipei,premarket trade_date may only use row.date < trade_date
2024-11-21,3189,景碩,95.4,97.9,95.4,96.5,4447913.0,430386630.0,TWSE STOCK_DAY,https://www.twse.com.tw/rwd/zh/afterTrading/STOCK_DAY?date=20241101&stockNo=3189&response=json,2024-11-21 14:00 Asia/Taipei,premarket trade_date may only use row.date < trade_date
2024-11-21,3443,創意,1215.0,1275.0,1215.0,1265.0,2423791.0,3034990790.0,TWSE STOCK_DAY,https://www.twse.com.tw/rwd/zh/afterTrading/STOCK_DAY?date=20241101&stockNo=3443&response=json,2024-11-21 14:00 Asia/Taipei,premarket trade_date may only use row.date < trade_date
2024-11-21,6526,達發,601.0,604.0,592.0,601.0,144369.0,86676795.0,TWSE STOCK_DAY,https://www.twse.com.tw/rwd/zh/afterTrading/STOCK_DAY?date=20241101&stockNo=6526&response=json,2024-11-21 14:00 Asia/Taipei,premarket trade_date may only use row.date < trade_date
2024-11-22,2345,智邦,633.0,662.0,633.0,640.0,5209057.0,3367331724.0,TWSE STOCK_DAY,https://www.twse.com.tw/rwd/zh/afterTrading/STOCK_DAY?date=20241101&stockNo=2345&response=json,2024-11-22 14:00 Asia/Taipei,premarket trade_date may only use row.date < trade_date
2024-11-22,3017,奇鋐,661.0,664.0,651.0,652.0,4742900.0,3114484883.0,TWSE STOCK_DAY,https://www.twse.com.tw/rwd/zh/afterTrading/STOCK_DAY?date=20241101&stockNo=3017&response=json,2024-11-22 14:00 Asia/Taipei,premarket trade_date may only use row.date < trade_date
2024-11-22,3189,景碩,97.3,97.8,95.9,96.0,4032486.0,389663798.0,TWSE STOCK_DAY,https://www.twse.com.tw/rwd/zh/afterTrading/STOCK_DAY?date=20241101&stockNo=3189&response=json,2024-11-22 14:00 Asia/Taipei,premarket trade_date may only use row.date < trade_date
2024-11-22,3443,創意,1275.0,1290.0,1245.0,1245.0,1871531.0,2368514100.0,TWSE STOCK_DAY,https://www.twse.com.tw/rwd/zh/afterTrading/STOCK_DAY?date=20241101&stockNo=3443&response=json,2024-11-22 14:00 Asia/Taipei,premarket trade_date may only use row.date < trade_date
2024-11-22,6526,達發,600.0,622.0,600.0,622.0,477249.0,293177079.0,TWSE STOCK_DAY,https://www.twse.com.tw/rwd/zh/afterTrading/STOCK_DAY?date=20241101&stockNo=6526&response=json,2024-11-22 14:00 Asia/Taipei,premarket trade_date may only use row.date < trade_date
2024-11-25,2345,智邦,646.0,666.0,640.0,640.0,6613545.0,4309480623.0,TWSE STOCK_DAY,https://www.twse.com.tw/rwd/zh/afterTrading/STOCK_DAY?date=20241101&stockNo=2345&response=json,2024-11-25 14:00 Asia/Taipei,premarket trade_date may only use row.date < trade_date
2024-11-25,3017,奇鋐,657.0,670.0,656.0,669.0,5538693.0,3685050279.0,TWSE STOCK_DAY,https://www.twse.com.tw/rwd/zh/afterTrading/STOCK_DAY?date=20241101&stockNo=3017&response=json,2024-11-25 14:00 Asia/Taipei,premarket trade_date may only use row.date < trade_date
2024-11-25,3189,景碩,96.9,97.9,96.7,97.1,2498582.0,243258288.0,TWSE STOCK_DAY,https://www.twse.com.tw/rwd/zh/afterTrading/STOCK_DAY?date=20241101&stockNo=3189&response=json,2024-11-25 14:00 Asia/Taipei,premarket trade_date may only use row.date < trade_date
2024-11-25,3443,創意,1255.0,1305.0,1255.0,1275.0,2449776.0,3146360870.0,TWSE STOCK_DAY,https://www.twse.com.tw/rwd/zh/afterTrading/STOCK_DAY?date=20241101&stockNo=3443&response=json,2024-11-25 14:00 Asia/Taipei,premarket trade_date may only use row.date < trade_date
2024-11-25,6526,達發,632.0,634.0,617.0,630.0,590772.0,370305910.0,TWSE STOCK_DAY,https://www.twse.com.tw/rwd/zh/afterTrading/STOCK_DAY?date=20241101&stockNo=6526&response=json,2024-11-25 14:00 Asia/Taipei,premarket trade_date may only use row.date < trade_date
2024-11-26,2345,智邦,642.0,653.0,632.0,632.0,3665012.0,2353740006.0,TWSE STOCK_DAY,https://www.twse.com.tw/rwd/zh/afterTrading/STOCK_DAY?date=20241101&stockNo=2345&response=json,2024-11-26 14:00 Asia/Taipei,premarket trade_date may only use row.date < trade_date
2024-11-26,3017,奇鋐,660.0,664.0,646.0,649.0,5923796.0,3857105241.0,TWSE STOCK_DAY,https://www.twse.com.tw/rwd/zh/afterTrading/STOCK_DAY?date=20241101&stockNo=3017&response=json,2024-11-26 14:00 Asia/Taipei,premarket trade_date may only use row.date < trade_date
2024-11-26,3189,景碩,97.0,98.3,95.6,97.0,3157485.0,306624885.0,TWSE STOCK_DAY,https://www.twse.com.tw/rwd/zh/afterTrading/STOCK_DAY?date=20241101&stockNo=3189&response=json,2024-11-26 14:00 Asia/Taipei,premarket trade_date may only use row.date < trade_date
2024-11-26,3443,創意,1260.0,1265.0,1220.0,1220.0,1433289.0,1767941715.0,TWSE STOCK_DAY,https://www.twse.com.tw/rwd/zh/afterTrading/STOCK_DAY?date=20241101&stockNo=3443&response=json,2024-11-26 14:00 Asia/Taipei,premarket trade_date may only use row.date < trade_date
2024-11-26,6526,達發,630.0,632.0,620.0,624.0,414317.0,259776961.0,TWSE STOCK_DAY,https://www.twse.com.tw/rwd/zh/afterTrading/STOCK_DAY?date=20241101&stockNo=6526&response=json,2024-11-26 14:00 Asia/Taipei,premarket trade_date may only use row.date < trade_date
2024-11-27,2345,智邦,637.0,675.0,637.0,658.0,8213811.0,5418535074.0,TWSE STOCK_DAY,https://www.twse.com.tw/rwd/zh/afterTrading/STOCK_DAY?date=20241101&stockNo=2345&response=json,2024-11-27 14:00 Asia/Taipei,premarket trade_date may only use row.date < trade_date
2024-11-27,3017,奇鋐,650.0,658.0,630.0,630.0,5368528.0,3445403611.0,TWSE STOCK_DAY,https://www.twse.com.tw/rwd/zh/afterTrading/STOCK_DAY?date=20241101&stockNo=3017&response=json,2024-11-27 14:00 Asia/Taipei,premarket trade_date may only use row.date < trade_date
2024-11-27,3189,景碩,98.0,98.0,92.6,92.6,7174375.0,677824989.0,TWSE STOCK_DAY,https://www.twse.com.tw/rwd/zh/afterTrading/STOCK_DAY?date=20241101&stockNo=3189&response=json,2024-11-27 14:00 Asia/Taipei,premarket trade_date may only use row.date < trade_date
2024-11-27,3443,創意,1230.0,1240.0,1180.0,1180.0,1194363.0,1438664840.0,TWSE STOCK_DAY,https://www.twse.com.tw/rwd/zh/afterTrading/STOCK_DAY?date=20241101&stockNo=3443&response=json,2024-11-27 14:00 Asia/Taipei,premarket trade_date may only use row.date < trade_date
2024-11-27,6526,達發,629.0,629.0,606.0,606.0,305731.0,188780316.0,TWSE STOCK_DAY,https://www.twse.com.tw/rwd/zh/afterTrading/STOCK_DAY?date=20241101&stockNo=6526&response=json,2024-11-27 14:00 Asia/Taipei,premarket trade_date may only use row.date < trade_date
2024-11-28,2345,智邦,659.0,669.0,642.0,647.0,4396733.0,2861191595.0,TWSE STOCK_DAY,https://www.twse.com.tw/rwd/zh/afterTrading/STOCK_DAY?date=20241101&stockNo=2345&response=json,2024-11-28 14:00 Asia/Taipei,premarket trade_date may only use row.date < trade_date
2024-11-28,3017,奇鋐,631.0,640.0,621.0,640.0,5175118.0,3267856998.0,TWSE STOCK_DAY,https://www.twse.com.tw/rwd/zh/afterTrading/STOCK_DAY?date=20241101&stockNo=3017&response=json,2024-11-28 14:00 Asia/Taipei,premarket trade_date may only use row.date < trade_date
2024-11-28,3189,景碩,92.8,93.1,90.1,92.5,3809193.0,348888472.0,TWSE STOCK_DAY,https://www.twse.com.tw/rwd/zh/afterTrading/STOCK_DAY?date=20241101&stockNo=3189&response=json,2024-11-28 14:00 Asia/Taipei,premarket trade_date may only use row.date < trade_date
2024-11-28,3443,創意,1195.0,1200.0,1130.0,1150.0,1836422.0,2128982090.0,TWSE STOCK_DAY,https://www.twse.com.tw/rwd/zh/afterTrading/STOCK_DAY?date=20241101&stockNo=3443&response=json,2024-11-28 14:00 Asia/Taipei,premarket trade_date may only use row.date < trade_date
2024-11-28,6526,達發,607.0,611.0,590.0,609.0,226916.0,136316206.0,TWSE STOCK_DAY,https://www.twse.com.tw/rwd/zh/afterTrading/STOCK_DAY?date=20241101&stockNo=6526&response=json,2024-11-28 14:00 Asia/Taipei,premarket trade_date may only use row.date < trade_date
2024-11-29,2345,智邦,635.0,663.0,634.0,657.0,4082417.0,2659178062.0,TWSE STOCK_DAY,https://www.twse.com.tw/rwd/zh/afterTrading/STOCK_DAY?date=20241101&stockNo=2345&response=json,2024-11-29 14:00 Asia/Taipei,premarket trade_date may only use row.date < trade_date
2024-11-29,3017,奇鋐,632.0,646.0,630.0,643.0,3597478.0,2302101703.0,TWSE STOCK_DAY,https://www.twse.com.tw/rwd/zh/afterTrading/STOCK_DAY?date=20241101&stockNo=3017&response=json,2024-11-29 14:00 Asia/Taipei,premarket trade_date may only use row.date < trade_date
2024-11-29,3189,景碩,92.5,94.6,91.9,94.5,2910701.0,272187046.0,TWSE STOCK_DAY,https://www.twse.com.tw/rwd/zh/afterTrading/STOCK_DAY?date=20241101&stockNo=3189&response=json,2024-11-29 14:00 Asia/Taipei,premarket trade_date may only use row.date < trade_date
2024-11-29,3443,創意,1155.0,1200.0,1140.0,1190.0,1631870.0,1915454100.0,TWSE STOCK_DAY,https://www.twse.com.tw/rwd/zh/afterTrading/STOCK_DAY?date=20241101&stockNo=3443&response=json,2024-11-29 14:00 Asia/Taipei,premarket trade_date may only use row.date < trade_date
2024-11-29,6526,達發,613.0,629.0,609.0,624.0,427581.0,265945989.0,TWSE STOCK_DAY,https://www.twse.com.tw/rwd/zh/afterTrading/STOCK_DAY?date=20241101&stockNo=6526&response=json,2024-11-29 14:00 Asia/Taipei,premarket trade_date may only use row.date < trade_date
2024-12-02,2345,智邦,651.0,722.0,651.0,704.0,12850120.0,9052549187.0,TWSE STOCK_DAY,https://www.twse.com.tw/rwd/zh/afterTrading/STOCK_DAY?date=20241201&stockNo=2345&response=json,2024-12-02 14:00 Asia/Taipei,premarket trade_date may only use row.date < trade_date
2024-12-02,3017,奇鋐,648.0,684.0,647.0,678.0,12958124.0,8728133520.0,TWSE STOCK_DAY,https://www.twse.com.tw/rwd/zh/afterTrading/STOCK_DAY?date=20241201&stockNo=3017&response=json,2024-12-02 14:00 Asia/Taipei,premarket trade_date may only use row.date < trade_date
2024-12-02,3189,景碩,95.5,95.9,93.6,93.7,2871498.0,271011542.0,TWSE STOCK_DAY,https://www.twse.com.tw/rwd/zh/afterTrading/STOCK_DAY?date=20241201&stockNo=3189&response=json,2024-12-02 14:00 Asia/Taipei,premarket trade_date may only use row.date < trade_date
2024-12-02,3443,創意,1205.0,1210.0,1175.0,1175.0,1177592.0,1399202205.0,TWSE STOCK_DAY,https://www.twse.com.tw/rwd/zh/afterTrading/STOCK_DAY?date=20241201&stockNo=3443&response=json,2024-12-02 14:00 Asia/Taipei,premarket trade_date may only use row.date < trade_date
2024-12-02,6526,達發,628.0,639.0,624.0,631.0,484689.0,306673698.0,TWSE STOCK_DAY,https://www.twse.com.tw/rwd/zh/afterTrading/STOCK_DAY?date=20241201&stockNo=6526&response=json,2024-12-02 14:00 Asia/Taipei,premarket trade_date may only use row.date < trade_date
2024-12-03,2345,智邦,718.0,718.0,699.0,708.0,6926459.0,4903866724.0,TWSE STOCK_DAY,https://www.twse.com.tw/rwd/zh/afterTrading/STOCK_DAY?date=20241201&stockNo=2345&response=json,2024-12-03 14:00 Asia/Taipei,premarket trade_date may only use row.date < trade_date
2024-12-03,3017,奇鋐,692.0,718.0,684.0,697.0,15290442.0,10719850937.0,TWSE STOCK_DAY,https://www.twse.com.tw/rwd/zh/afterTrading/STOCK_DAY?date=20241201&stockNo=3017&response=json,2024-12-03 14:00 Asia/Taipei,premarket trade_date may only use row.date < trade_date
2024-12-03,3189,景碩,95.6,96.0,93.5,94.0,3081517.0,291332930.0,TWSE STOCK_DAY,https://www.twse.com.tw/rwd/zh/afterTrading/STOCK_DAY?date=20241201&stockNo=3189&response=json,2024-12-03 14:00 Asia/Taipei,premarket trade_date may only use row.date < trade_date
2024-12-03,3443,創意,1200.0,1210.0,1170.0,1190.0,1234292.0,1468123105.0,TWSE STOCK_DAY,https://www.twse.com.tw/rwd/zh/afterTrading/STOCK_DAY?date=20241201&stockNo=3443&response=json,2024-12-03 14:00 Asia/Taipei,premarket trade_date may only use row.date < trade_date
2024-12-03,6526,達發,642.0,665.0,639.0,660.0,1529893.0,1004581557.0,TWSE STOCK_DAY,https://www.twse.com.tw/rwd/zh/afterTrading/STOCK_DAY?date=20241201&stockNo=6526&response=json,2024-12-03 14:00 Asia/Taipei,premarket trade_date may only use row.date < trade_date
2024-12-04,2345,智邦,703.0,735.0,703.0,735.0,6189540.0,4457873081.0,TWSE STOCK_DAY,https://www.twse.com.tw/rwd/zh/afterTrading/STOCK_DAY?date=20241201&stockNo=2345&response=json,2024-12-04 14:00 Asia/Taipei,premarket trade_date may only use row.date < trade_date
2024-12-04,3017,奇鋐,705.0,714.0,696.0,714.0,8590761.0,6070544986.0,TWSE STOCK_DAY,https://www.twse.com.tw/rwd/zh/afterTrading/STOCK_DAY?date=20241201&stockNo=3017&response=json,2024-12-04 14:00 Asia/Taipei,premarket trade_date may only use row.date < trade_date
2024-12-04,3189,景碩,94.3,95.9,94.2,95.9,2324424.0,221217091.0,TWSE STOCK_DAY,https://www.twse.com.tw/rwd/zh/afterTrading/STOCK_DAY?date=20241201&stockNo=3189&response=json,2024-12-04 14:00 Asia/Taipei,premarket trade_date may only use row.date < trade_date
2024-12-04,3443,創意,1195.0,1245.0,1190.0,1215.0,1907750.0,2339448215.0,TWSE STOCK_DAY,https://www.twse.com.tw/rwd/zh/afterTrading/STOCK_DAY?date=20241201&stockNo=3443&response=json,2024-12-04 14:00 Asia/Taipei,premarket trade_date may only use row.date < trade_date
2024-12-04,6526,達發,668.0,693.0,663.0,677.0,2173712.0,1477447467.0,TWSE STOCK_DAY,https://www.twse.com.tw/rwd/zh/afterTrading/STOCK_DAY?date=20241201&stockNo=6526&response=json,2024-12-04 14:00 Asia/Taipei,premarket trade_date may only use row.date < trade_date
2024-12-05,2345,智邦,730.0,733.0,703.0,709.0,8829575.0,6291338604.0,TWSE STOCK_DAY,https://www.twse.com.tw/rwd/zh/afterTrading/STOCK_DAY?date=20241201&stockNo=2345&response=json,2024-12-05 14:00 Asia/Taipei,premarket trade_date may only use row.date < trade_date
2024-12-05,3017,奇鋐,722.0,726.0,711.0,715.0,6117937.0,4391984849.0,TWSE STOCK_DAY,https://www.twse.com.tw/rwd/zh/afterTrading/STOCK_DAY?date=20241201&stockNo=3017&response=json,2024-12-05 14:00 Asia/Taipei,premarket trade_date may only use row.date < trade_date
2024-12-05,3189,景碩,96.3,98.5,95.3,96.4,5072299.0,490772894.0,TWSE STOCK_DAY,https://www.twse.com.tw/rwd/zh/afterTrading/STOCK_DAY?date=20241201&stockNo=3189&response=json,2024-12-05 14:00 Asia/Taipei,premarket trade_date may only use row.date < trade_date
2024-12-05,3443,創意,1235.0,1245.0,1215.0,1225.0,1603102.0,1967509140.0,TWSE STOCK_DAY,https://www.twse.com.tw/rwd/zh/afterTrading/STOCK_DAY?date=20241201&stockNo=3443&response=json,2024-12-05 14:00 Asia/Taipei,premarket trade_date may only use row.date < trade_date
2024-12-05,6526,達發,684.0,684.0,666.0,680.0,795141.0,536812665.0,TWSE STOCK_DAY,https://www.twse.com.tw/rwd/zh/afterTrading/STOCK_DAY?date=20241201&stockNo=6526&response=json,2024-12-05 14:00 Asia/Taipei,premarket trade_date may only use row.date < trade_date
2024-12-06,2345,智邦,720.0,725.0,704.0,705.0,6979389.0,4982929994.0,TWSE STOCK_DAY,https://www.twse.com.tw/rwd/zh/afterTrading/STOCK_DAY?date=20241201&stockNo=2345&response=json,2024-12-06 14:00 Asia/Taipei,premarket trade_date may only use row.date < trade_date
2024-12-06,3017,奇鋐,715.0,721.0,708.0,711.0,5307157.0,3789704256.0,TWSE STOCK_DAY,https://www.twse.com.tw/rwd/zh/afterTrading/STOCK_DAY?date=20241201&stockNo=3017&response=json,2024-12-06 14:00 Asia/Taipei,premarket trade_date may only use row.date < trade_date
2024-12-06,3189,景碩,96.5,97.4,95.4,95.7,1983454.0,190921956.0,TWSE STOCK_DAY,https://www.twse.com.tw/rwd/zh/afterTrading/STOCK_DAY?date=20241201&stockNo=3189&response=json,2024-12-06 14:00 Asia/Taipei,premarket trade_date may only use row.date < trade_date
2024-12-06,3443,創意,1205.0,1290.0,1190.0,1220.0,4374633.0,5443887345.0,TWSE STOCK_DAY,https://www.twse.com.tw/rwd/zh/afterTrading/STOCK_DAY?date=20241201&stockNo=3443&response=json,2024-12-06 14:00 Asia/Taipei,premarket trade_date may only use row.date < trade_date
2024-12-06,6526,達發,680.0,680.0,669.0,675.0,398614.0,268877718.0,TWSE STOCK_DAY,https://www.twse.com.tw/rwd/zh/afterTrading/STOCK_DAY?date=20241201&stockNo=6526&response=json,2024-12-06 14:00 Asia/Taipei,premarket trade_date may only use row.date < trade_date
2024-12-09,2345,智邦,701.0,733.0,701.0,720.0,6887078.0,4969531952.0,TWSE STOCK_DAY,https://www.twse.com.tw/rwd/zh/afterTrading/STOCK_DAY?date=20241201&stockNo=2345&response=json,2024-12-09 14:00 Asia/Taipei,premarket trade_date may only use row.date < trade_date
2024-12-09,3017,奇鋐,710.0,712.0,693.0,708.0,7494660.0,5262190471.0,TWSE STOCK_DAY,https://www.twse.com.tw/rwd/zh/afterTrading/STOCK_DAY?date=20241201&stockNo=3017&response=json,2024-12-09 14:00 Asia/Taipei,premarket trade_date may only use row.date < trade_date
2024-12-09,3189,景碩,95.7,96.0,94.0,94.3,2190001.0,207483982.0,TWSE STOCK_DAY,https://www.twse.com.tw/rwd/zh/afterTrading/STOCK_DAY?date=20241201&stockNo=3189&response=json,2024-12-09 14:00 Asia/Taipei,premarket trade_date may only use row.date < trade_date
2024-12-09,3443,創意,1240.0,1260.0,1225.0,1225.0,1689034.0,2093952195.0,TWSE STOCK_DAY,https://www.twse.com.tw/rwd/zh/afterTrading/STOCK_DAY?date=20241201&stockNo=3443&response=json,2024-12-09 14:00 Asia/Taipei,premarket trade_date may only use row.date < trade_date
2024-12-09,6526,達發,678.0,685.0,670.0,685.0,479806.0,325428050.0,TWSE STOCK_DAY,https://www.twse.com.tw/rwd/zh/afterTrading/STOCK_DAY?date=20241201&stockNo=6526&response=json,2024-12-09 14:00 Asia/Taipei,premarket trade_date may only use row.date < trade_date
2024-12-10,2345,智邦,718.0,734.0,699.0,706.0,7572105.0,5391684146.0,TWSE STOCK_DAY,https://www.twse.com.tw/rwd/zh/afterTrading/STOCK_DAY?date=20241201&stockNo=2345&response=json,2024-12-10 14:00 Asia/Taipei,premarket trade_date may only use row.date < trade_date
2024-12-10,3017,奇鋐,702.0,703.0,682.0,682.0,7558764.0,5201131171.0,TWSE STOCK_DAY,https://www.twse.com.tw/rwd/zh/afterTrading/STOCK_DAY?date=20241201&stockNo=3017&response=json,2024-12-10 14:00 Asia/Taipei,premarket trade_date may only use row.date < trade_date
2024-12-10,3189,景碩,94.4,101.0,94.3,99.0,11828513.0,1163293841.0,TWSE STOCK_DAY,https://www.twse.com.tw/rwd/zh/afterTrading/STOCK_DAY?date=20241201&stockNo=3189&response=json,2024-12-10 14:00 Asia/Taipei,premarket trade_date may only use row.date < trade_date
2024-12-10,3443,創意,1230.0,1285.0,1225.0,1270.0,2761742.0,3490687715.0,TWSE STOCK_DAY,https://www.twse.com.tw/rwd/zh/afterTrading/STOCK_DAY?date=20241201&stockNo=3443&response=json,2024-12-10 14:00 Asia/Taipei,premarket trade_date may only use row.date < trade_date
2024-12-10,6526,達發,688.0,692.0,673.0,676.0,715864.0,487357595.0,TWSE STOCK_DAY,https://www.twse.com.tw/rwd/zh/afterTrading/STOCK_DAY?date=20241201&stockNo=6526&response=json,2024-12-10 14:00 Asia/Taipei,premarket trade_date may only use row.date < trade_date
2024-12-11,2345,智邦,708.0,745.0,708.0,730.0,10129731.0,7410047336.0,TWSE STOCK_DAY,https://www.twse.com.tw/rwd/zh/afterTrading/STOCK_DAY?date=20241201&stockNo=2345&response=json,2024-12-11 14:00 Asia/Taipei,premarket trade_date may only use row.date < trade_date
2024-12-11,3017,奇鋐,676.0,703.0,676.0,700.0,7540380.0,5239143098.0,TWSE STOCK_DAY,https://www.twse.com.tw/rwd/zh/afterTrading/STOCK_DAY?date=20241201&stockNo=3017&response=json,2024-12-11 14:00 Asia/Taipei,premarket trade_date may only use row.date < trade_date
2024-12-11,3189,景碩,98.0,103.0,97.7,101.5,12886408.0,1304865050.0,TWSE STOCK_DAY,https://www.twse.com.tw/rwd/zh/afterTrading/STOCK_DAY?date=20241201&stockNo=3189&response=json,2024-12-11 14:00 Asia/Taipei,premarket trade_date may only use row.date < trade_date
2024-12-11,3443,創意,1245.0,1270.0,1240.0,1250.0,1680475.0,2108165145.0,TWSE STOCK_DAY,https://www.twse.com.tw/rwd/zh/afterTrading/STOCK_DAY?date=20241201&stockNo=3443&response=json,2024-12-11 14:00 Asia/Taipei,premarket trade_date may only use row.date < trade_date
2024-12-11,6526,達發,671.0,688.0,666.0,681.0,738981.0,502571411.0,TWSE STOCK_DAY,https://www.twse.com.tw/rwd/zh/afterTrading/STOCK_DAY?date=20241201&stockNo=6526&response=json,2024-12-11 14:00 Asia/Taipei,premarket trade_date may only use row.date < trade_date
2024-12-12,2345,智邦,740.0,746.0,712.0,712.0,6898219.0,5012823450.0,TWSE STOCK_DAY,https://www.twse.com.tw/rwd/zh/afterTrading/STOCK_DAY?date=20241201&stockNo=2345&response=json,2024-12-12 14:00 Asia/Taipei,premarket trade_date may only use row.date < trade_date
2024-12-12,3017,奇鋐,709.0,716.0,691.0,693.0,6723450.0,4715636721.0,TWSE STOCK_DAY,https://www.twse.com.tw/rwd/zh/afterTrading/STOCK_DAY?date=20241201&stockNo=3017&response=json,2024-12-12 14:00 Asia/Taipei,premarket trade_date may only use row.date < trade_date
2024-12-12,3189,景碩,104.0,104.0,99.6,99.6,6528354.0,661532002.0,TWSE STOCK_DAY,https://www.twse.com.tw/rwd/zh/afterTrading/STOCK_DAY?date=20241201&stockNo=3189&response=json,2024-12-12 14:00 Asia/Taipei,premarket trade_date may only use row.date < trade_date
2024-12-12,3443,創意,1270.0,1325.0,1250.0,1325.0,3406454.0,4415406165.0,TWSE STOCK_DAY,https://www.twse.com.tw/rwd/zh/afterTrading/STOCK_DAY?date=20241201&stockNo=3443&response=json,2024-12-12 14:00 Asia/Taipei,premarket trade_date may only use row.date < trade_date
2024-12-12,6526,達發,688.0,739.0,687.0,721.0,3925308.0,2846978851.0,TWSE STOCK_DAY,https://www.twse.com.tw/rwd/zh/afterTrading/STOCK_DAY?date=20241201&stockNo=6526&response=json,2024-12-12 14:00 Asia/Taipei,premarket trade_date may only use row.date < trade_date
2024-12-13,2345,智邦,719.0,762.0,719.0,746.0,11713996.0,8702866051.0,TWSE STOCK_DAY,https://www.twse.com.tw/rwd/zh/afterTrading/STOCK_DAY?date=20241201&stockNo=2345&response=json,2024-12-13 14:00 Asia/Taipei,premarket trade_date may only use row.date < trade_date
2024-12-13,3017,奇鋐,693.0,699.0,683.0,686.0,3091220.0,2131469126.0,TWSE STOCK_DAY,https://www.twse.com.tw/rwd/zh/afterTrading/STOCK_DAY?date=20241201&stockNo=3017&response=json,2024-12-13 14:00 Asia/Taipei,premarket trade_date may only use row.date < trade_date
2024-12-13,3189,景碩,99.6,100.5,97.0,98.3,5556595.0,548480663.0,TWSE STOCK_DAY,https://www.twse.com.tw/rwd/zh/afterTrading/STOCK_DAY?date=20241201&stockNo=3189&response=json,2024-12-13 14:00 Asia/Taipei,premarket trade_date may only use row.date < trade_date
2024-12-13,3443,創意,1325.0,1355.0,1300.0,1325.0,4059507.0,5383027885.0,TWSE STOCK_DAY,https://www.twse.com.tw/rwd/zh/afterTrading/STOCK_DAY?date=20241201&stockNo=3443&response=json,2024-12-13 14:00 Asia/Taipei,premarket trade_date may only use row.date < trade_date
2024-12-13,6526,達發,730.0,738.0,714.0,722.0,2033797.0,1479280603.0,TWSE STOCK_DAY,https://www.twse.com.tw/rwd/zh/afterTrading/STOCK_DAY?date=20241201&stockNo=6526&response=json,2024-12-13 14:00 Asia/Taipei,premarket trade_date may only use row.date < trade_date
2024-12-16,2345,智邦,752.0,765.0,730.0,736.0,8400916.0,6257800067.0,TWSE STOCK_DAY,https://www.twse.com.tw/rwd/zh/afterTrading/STOCK_DAY?date=20241201&stockNo=2345&response=json,2024-12-16 14:00 Asia/Taipei,premarket trade_date may only use row.date < trade_date
2024-12-16,3017,奇鋐,690.0,695.0,637.0,637.0,12387010.0,8090375934.0,TWSE STOCK_DAY,https://www.twse.com.tw/rwd/zh/afterTrading/STOCK_DAY?date=20241201&stockNo=3017&response=json,2024-12-16 14:00 Asia/Taipei,premarket trade_date may only use row.date < trade_date
2024-12-16,3189,景碩,98.2,98.3,94.3,94.3,6106505.0,583775702.0,TWSE STOCK_DAY,https://www.twse.com.tw/rwd/zh/afterTrading/STOCK_DAY?date=20241201&stockNo=3189&response=json,2024-12-16 14:00 Asia/Taipei,premarket trade_date may only use row.date < trade_date
2024-12-16,3443,創意,1355.0,1455.0,1355.0,1365.0,8359102.0,11728386075.0,TWSE STOCK_DAY,https://www.twse.com.tw/rwd/zh/afterTrading/STOCK_DAY?date=20241201&stockNo=3443&response=json,2024-12-16 14:00 Asia/Taipei,premarket trade_date may only use row.date < trade_date
2024-12-16,6526,達發,738.0,742.0,707.0,709.0,1887445.0,1368945322.0,TWSE STOCK_DAY,https://www.twse.com.tw/rwd/zh/afterTrading/STOCK_DAY?date=20241201&stockNo=6526&response=json,2024-12-16 14:00 Asia/Taipei,premarket trade_date may only use row.date < trade_date
2024-12-17,2345,智邦,734.0,741.0,725.0,740.0,4781948.0,3508898314.0,TWSE STOCK_DAY,https://www.twse.com.tw/rwd/zh/afterTrading/STOCK_DAY?date=20241201&stockNo=2345&response=json,2024-12-17 14:00 Asia/Taipei,premarket trade_date may only use row.date < trade_date
2024-12-17,3017,奇鋐,639.0,655.0,639.0,651.0,5933039.0,3845055653.0,TWSE STOCK_DAY,https://www.twse.com.tw/rwd/zh/afterTrading/STOCK_DAY?date=20241201&stockNo=3017&response=json,2024-12-17 14:00 Asia/Taipei,premarket trade_date may only use row.date < trade_date
2024-12-17,3189,景碩,94.5,95.7,92.9,93.2,4349638.0,408903643.0,TWSE STOCK_DAY,https://www.twse.com.tw/rwd/zh/afterTrading/STOCK_DAY?date=20241201&stockNo=3189&response=json,2024-12-17 14:00 Asia/Taipei,premarket trade_date may only use row.date < trade_date
2024-12-17,3443,創意,1395.0,1500.0,1390.0,1485.0,8272722.0,12098982840.0,TWSE STOCK_DAY,https://www.twse.com.tw/rwd/zh/afterTrading/STOCK_DAY?date=20241201&stockNo=3443&response=json,2024-12-17 14:00 Asia/Taipei,premarket trade_date may only use row.date < trade_date
2024-12-17,6526,達發,717.0,749.0,715.0,736.0,2472789.0,1820945655.0,TWSE STOCK_DAY,https://www.twse.com.tw/rwd/zh/afterTrading/STOCK_DAY?date=20241201&stockNo=6526&response=json,2024-12-17 14:00 Asia/Taipei,premarket trade_date may only use row.date < trade_date
2024-12-18,2345,智邦,733.0,737.0,718.0,735.0,4764059.0,3466264822.0,TWSE STOCK_DAY,https://www.twse.com.tw/rwd/zh/afterTrading/STOCK_DAY?date=20241201&stockNo=2345&response=json,2024-12-18 14:00 Asia/Taipei,premarket trade_date may only use row.date < trade_date
2024-12-18,3017,奇鋐,645.0,647.0,616.0,630.0,11170566.0,6998269501.0,TWSE STOCK_DAY,https://www.twse.com.tw/rwd/zh/afterTrading/STOCK_DAY?date=20241201&stockNo=3017&response=json,2024-12-18 14:00 Asia/Taipei,premarket trade_date may only use row.date < trade_date
2024-12-18,3189,景碩,92.9,93.8,92.1,92.8,5326798.0,494252086.0,TWSE STOCK_DAY,https://www.twse.com.tw/rwd/zh/afterTrading/STOCK_DAY?date=20241201&stockNo=3189&response=json,2024-12-18 14:00 Asia/Taipei,premarket trade_date may only use row.date < trade_date
2024-12-18,3443,創意,1480.0,1485.0,1410.0,1430.0,4421204.0,6382841355.0,TWSE STOCK_DAY,https://www.twse.com.tw/rwd/zh/afterTrading/STOCK_DAY?date=20241201&stockNo=3443&response=json,2024-12-18 14:00 Asia/Taipei,premarket trade_date may only use row.date < trade_date
2024-12-18,6526,達發,736.0,741.0,722.0,726.0,1114389.0,811144021.0,TWSE STOCK_DAY,https://www.twse.com.tw/rwd/zh/afterTrading/STOCK_DAY?date=20241201&stockNo=6526&response=json,2024-12-18 14:00 Asia/Taipei,premarket trade_date may only use row.date < trade_date
2024-12-19,2345,智邦,715.0,755.0,714.0,742.0,6600977.0,4857086005.0,TWSE STOCK_DAY,https://www.twse.com.tw/rwd/zh/afterTrading/STOCK_DAY?date=20241201&stockNo=2345&response=json,2024-12-19 14:00 Asia/Taipei,premarket trade_date may only use row.date < trade_date
2024-12-19,3017,奇鋐,613.0,636.0,613.0,633.0,5896201.0,3703958446.0,TWSE STOCK_DAY,https://www.twse.com.tw/rwd/zh/afterTrading/STOCK_DAY?date=20241201&stockNo=3017&response=json,2024-12-19 14:00 Asia/Taipei,premarket trade_date may only use row.date < trade_date
2024-12-19,3189,景碩,91.7,93.8,91.1,93.8,2882017.0,267746487.0,TWSE STOCK_DAY,https://www.twse.com.tw/rwd/zh/afterTrading/STOCK_DAY?date=20241201&stockNo=3189&response=json,2024-12-19 14:00 Asia/Taipei,premarket trade_date may only use row.date < trade_date
2024-12-19,3443,創意,1355.0,1410.0,1350.0,1390.0,3529682.0,4890795850.0,TWSE STOCK_DAY,https://www.twse.com.tw/rwd/zh/afterTrading/STOCK_DAY?date=20241201&stockNo=3443&response=json,2024-12-19 14:00 Asia/Taipei,premarket trade_date may only use row.date < trade_date
2024-12-19,6526,達發,711.0,721.0,707.0,713.0,1302623.0,927883587.0,TWSE STOCK_DAY,https://www.twse.com.tw/rwd/zh/afterTrading/STOCK_DAY?date=20241201&stockNo=6526&response=json,2024-12-19 14:00 Asia/Taipei,premarket trade_date may only use row.date < trade_date
2024-12-20,2345,智邦,740.0,787.0,740.0,757.0,10810607.0,8283211667.0,TWSE STOCK_DAY,https://www.twse.com.tw/rwd/zh/afterTrading/STOCK_DAY?date=20241201&stockNo=2345&response=json,2024-12-20 14:00 Asia/Taipei,premarket trade_date may only use row.date < trade_date
2024-12-20,3017,奇鋐,629.0,640.0,621.0,634.0,9296739.0,5861388619.0,TWSE STOCK_DAY,https://www.twse.com.tw/rwd/zh/afterTrading/STOCK_DAY?date=20241201&stockNo=3017&response=json,2024-12-20 14:00 Asia/Taipei,premarket trade_date may only use row.date < trade_date
2024-12-20,3189,景碩,94.0,94.3,91.7,92.0,3168268.0,293436254.0,TWSE STOCK_DAY,https://www.twse.com.tw/rwd/zh/afterTrading/STOCK_DAY?date=20241201&stockNo=3189&response=json,2024-12-20 14:00 Asia/Taipei,premarket trade_date may only use row.date < trade_date
2024-12-20,3443,創意,1390.0,1410.0,1335.0,1350.0,3482788.0,4753489615.0,TWSE STOCK_DAY,https://www.twse.com.tw/rwd/zh/afterTrading/STOCK_DAY?date=20241201&stockNo=3443&response=json,2024-12-20 14:00 Asia/Taipei,premarket trade_date may only use row.date < trade_date
2024-12-20,6526,達發,714.0,719.0,691.0,691.0,1002202.0,703091855.0,TWSE STOCK_DAY,https://www.twse.com.tw/rwd/zh/afterTrading/STOCK_DAY?date=20241201&stockNo=6526&response=json,2024-12-20 14:00 Asia/Taipei,premarket trade_date may only use row.date < trade_date
2024-12-23,2345,智邦,769.0,772.0,750.0,763.0,3755120.0,2855479012.0,TWSE STOCK_DAY,https://www.twse.com.tw/rwd/zh/afterTrading/STOCK_DAY?date=20241201&stockNo=2345&response=json,2024-12-23 14:00 Asia/Taipei,premarket trade_date may only use row.date < trade_date
2024-12-23,3017,奇鋐,644.0,650.0,635.0,636.0,5264830.0,3377713838.0,TWSE STOCK_DAY,https://www.twse.com.tw/rwd/zh/afterTrading/STOCK_DAY?date=20241201&stockNo=3017&response=json,2024-12-23 14:00 Asia/Taipei,premarket trade_date may only use row.date < trade_date
2024-12-23,3189,景碩,93.2,101.0,93.1,101.0,18094607.0,1798011785.0,TWSE STOCK_DAY,https://www.twse.com.tw/rwd/zh/afterTrading/STOCK_DAY?date=20241201&stockNo=3189&response=json,2024-12-23 14:00 Asia/Taipei,premarket trade_date may only use row.date < trade_date
2024-12-23,3443,創意,1380.0,1385.0,1350.0,1355.0,1832655.0,2506431075.0,TWSE STOCK_DAY,https://www.twse.com.tw/rwd/zh/afterTrading/STOCK_DAY?date=20241201&stockNo=3443&response=json,2024-12-23 14:00 Asia/Taipei,premarket trade_date may only use row.date < trade_date
2024-12-23,6526,達發,703.0,707.0,693.0,705.0,560202.0,392214477.0,TWSE STOCK_DAY,https://www.twse.com.tw/rwd/zh/afterTrading/STOCK_DAY?date=20241201&stockNo=6526&response=json,2024-12-23 14:00 Asia/Taipei,premarket trade_date may only use row.date < trade_date
2024-12-24,2345,智邦,767.0,774.0,753.0,755.0,4097990.0,3124982903.0,TWSE STOCK_DAY,https://www.twse.com.tw/rwd/zh/afterTrading/STOCK_DAY?date=20241201&stockNo=2345&response=json,2024-12-24 14:00 Asia/Taipei,premarket trade_date may only use row.date < trade_date
2024-12-24,3017,奇鋐,644.0,645.0,633.0,634.0,3976698.0,2534111774.0,TWSE STOCK_DAY,https://www.twse.com.tw/rwd/zh/afterTrading/STOCK_DAY?date=20241201&stockNo=3017&response=json,2024-12-24 14:00 Asia/Taipei,premarket trade_date may only use row.date < trade_date
2024-12-24,3189,景碩,102.5,108.0,100.0,101.5,31871765.0,3309109757.0,TWSE STOCK_DAY,https://www.twse.com.tw/rwd/zh/afterTrading/STOCK_DAY?date=20241201&stockNo=3189&response=json,2024-12-24 14:00 Asia/Taipei,premarket trade_date may only use row.date < trade_date
2024-12-24,3443,創意,1370.0,1380.0,1310.0,1320.0,3063450.0,4096269385.0,TWSE STOCK_DAY,https://www.twse.com.tw/rwd/zh/afterTrading/STOCK_DAY?date=20241201&stockNo=3443&response=json,2024-12-24 14:00 Asia/Taipei,premarket trade_date may only use row.date < trade_date
2024-12-24,6526,達發,709.0,710.0,692.0,692.0,601045.0,419528600.0,TWSE STOCK_DAY,https://www.twse.com.tw/rwd/zh/afterTrading/STOCK_DAY?date=20241201&stockNo=6526&response=json,2024-12-24 14:00 Asia/Taipei,premarket trade_date may only use row.date < trade_date
2024-12-25,2345,智邦,765.0,774.0,752.0,760.0,2934466.0,2234702724.0,TWSE STOCK_DAY,https://www.twse.com.tw/rwd/zh/afterTrading/STOCK_DAY?date=20241201&stockNo=2345&response=json,2024-12-25 14:00 Asia/Taipei,premarket trade_date may only use row.date < trade_date
2024-12-25,3017,奇鋐,638.0,643.0,635.0,636.0,2390222.0,1526127794.0,TWSE STOCK_DAY,https://www.twse.com.tw/rwd/zh/afterTrading/STOCK_DAY?date=20241201&stockNo=3017&response=json,2024-12-25 14:00 Asia/Taipei,premarket trade_date may only use row.date < trade_date
2024-12-25,3189,景碩,102.5,107.5,102.5,106.5,18606406.0,1970316042.0,TWSE STOCK_DAY,https://www.twse.com.tw/rwd/zh/afterTrading/STOCK_DAY?date=20241201&stockNo=3189&response=json,2024-12-25 14:00 Asia/Taipei,premarket trade_date may only use row.date < trade_date
2024-12-25,3443,創意,1340.0,1345.0,1320.0,1320.0,1326484.0,1767814940.0,TWSE STOCK_DAY,https://www.twse.com.tw/rwd/zh/afterTrading/STOCK_DAY?date=20241201&stockNo=3443&response=json,2024-12-25 14:00 Asia/Taipei,premarket trade_date may only use row.date < trade_date
2024-12-25,6526,達發,695.0,732.0,695.0,719.0,1751211.0,1259216182.0,TWSE STOCK_DAY,https://www.twse.com.tw/rwd/zh/afterTrading/STOCK_DAY?date=20241201&stockNo=6526&response=json,2024-12-25 14:00 Asia/Taipei,premarket trade_date may only use row.date < trade_date
2024-12-26,2345,智邦,763.0,765.0,753.0,754.0,2037551.0,1543245929.0,TWSE STOCK_DAY,https://www.twse.com.tw/rwd/zh/afterTrading/STOCK_DAY?date=20241201&stockNo=2345&response=json,2024-12-26 14:00 Asia/Taipei,premarket trade_date may only use row.date < trade_date
2024-12-26,3017,奇鋐,639.0,651.0,632.0,642.0,4014343.0,2582464862.0,TWSE STOCK_DAY,https://www.twse.com.tw/rwd/zh/afterTrading/STOCK_DAY?date=20241201&stockNo=3017&response=json,2024-12-26 14:00 Asia/Taipei,premarket trade_date may only use row.date < trade_date
2024-12-26,3189,景碩,106.5,106.5,103.0,103.5,6910746.0,723454780.0,TWSE STOCK_DAY,https://www.twse.com.tw/rwd/zh/afterTrading/STOCK_DAY?date=20241201&stockNo=3189&response=json,2024-12-26 14:00 Asia/Taipei,premarket trade_date may only use row.date < trade_date
2024-12-26,3443,創意,1325.0,1350.0,1315.0,1345.0,1303861.0,1739577250.0,TWSE STOCK_DAY,https://www.twse.com.tw/rwd/zh/afterTrading/STOCK_DAY?date=20241201&stockNo=3443&response=json,2024-12-26 14:00 Asia/Taipei,premarket trade_date may only use row.date < trade_date
2024-12-26,6526,達發,726.0,726.0,709.0,713.0,498484.0,357127281.0,TWSE STOCK_DAY,https://www.twse.com.tw/rwd/zh/afterTrading/STOCK_DAY?date=20241201&stockNo=6526&response=json,2024-12-26 14:00 Asia/Taipei,premarket trade_date may only use row.date < trade_date
2024-12-27,2345,智邦,754.0,784.0,754.0,777.0,4043832.0,3130656364.0,TWSE STOCK_DAY,https://www.twse.com.tw/rwd/zh/afterTrading/STOCK_DAY?date=20241201&stockNo=2345&response=json,2024-12-27 14:00 Asia/Taipei,premarket trade_date may only use row.date < trade_date
2024-12-27,3017,奇鋐,645.0,645.0,633.0,636.0,3157986.0,2012543433.0,TWSE STOCK_DAY,https://www.twse.com.tw/rwd/zh/afterTrading/STOCK_DAY?date=20241201&stockNo=3017&response=json,2024-12-27 14:00 Asia/Taipei,premarket trade_date may only use row.date < trade_date
2024-12-27,3189,景碩,103.5,105.0,103.0,104.0,5315818.0,552566011.0,TWSE STOCK_DAY,https://www.twse.com.tw/rwd/zh/afterTrading/STOCK_DAY?date=20241201&stockNo=3189&response=json,2024-12-27 14:00 Asia/Taipei,premarket trade_date may only use row.date < trade_date
2024-12-27,3443,創意,1340.0,1380.0,1335.0,1380.0,1990770.0,2711879920.0,TWSE STOCK_DAY,https://www.twse.com.tw/rwd/zh/afterTrading/STOCK_DAY?date=20241201&stockNo=3443&response=json,2024-12-27 14:00 Asia/Taipei,premarket trade_date may only use row.date < trade_date
2024-12-27,6526,達發,712.0,719.0,707.0,711.0,286512.0,204333150.0,TWSE STOCK_DAY,https://www.twse.com.tw/rwd/zh/afterTrading/STOCK_DAY?date=20241201&stockNo=6526&response=json,2024-12-27 14:00 Asia/Taipei,premarket trade_date may only use row.date < trade_date
2024-12-30,2345,智邦,773.0,775.0,760.0,761.0,1589992.0,1216783315.0,TWSE STOCK_DAY,https://www.twse.com.tw/rwd/zh/afterTrading/STOCK_DAY?date=20241201&stockNo=2345&response=json,2024-12-30 14:00 Asia/Taipei,premarket trade_date may only use row.date < trade_date
2024-12-30,3017,奇鋐,634.0,643.0,627.0,627.0,3368938.0,2132190378.0,TWSE STOCK_DAY,https://www.twse.com.tw/rwd/zh/afterTrading/STOCK_DAY?date=20241201&stockNo=3017&response=json,2024-12-30 14:00 Asia/Taipei,premarket trade_date may only use row.date < trade_date
2024-12-30,3189,景碩,104.5,105.0,101.0,102.0,4407105.0,451465947.0,TWSE STOCK_DAY,https://www.twse.com.tw/rwd/zh/afterTrading/STOCK_DAY?date=20241201&stockNo=3189&response=json,2024-12-30 14:00 Asia/Taipei,premarket trade_date may only use row.date < trade_date
2024-12-30,3443,創意,1385.0,1385.0,1325.0,1325.0,1624279.0,2182351165.0,TWSE STOCK_DAY,https://www.twse.com.tw/rwd/zh/afterTrading/STOCK_DAY?date=20241201&stockNo=3443&response=json,2024-12-30 14:00 Asia/Taipei,premarket trade_date may only use row.date < trade_date
2024-12-30,6526,達發,711.0,711.0,692.0,692.0,817859.0,570666174.0,TWSE STOCK_DAY,https://www.twse.com.tw/rwd/zh/afterTrading/STOCK_DAY?date=20241201&stockNo=6526&response=json,2024-12-30 14:00 Asia/Taipei,premarket trade_date may only use row.date < trade_date
2024-12-31,2345,智邦,758.0,787.0,756.0,773.0,3477710.0,2683706411.0,TWSE STOCK_DAY,https://www.twse.com.tw/rwd/zh/afterTrading/STOCK_DAY?date=20241201&stockNo=2345&response=json,2024-12-31 14:00 Asia/Taipei,premarket trade_date may only use row.date < trade_date
2024-12-31,3017,奇鋐,628.0,632.0,622.0,623.0,2860038.0,1786633032.0,TWSE STOCK_DAY,https://www.twse.com.tw/rwd/zh/afterTrading/STOCK_DAY?date=20241201&stockNo=3017&response=json,2024-12-31 14:00 Asia/Taipei,premarket trade_date may only use row.date < trade_date
2024-12-31,3189,景碩,104.0,106.5,98.6,101.0,16480944.0,1665334646.0,TWSE STOCK_DAY,https://www.twse.com.tw/rwd/zh/afterTrading/STOCK_DAY?date=20241201&stockNo=3189&response=json,2024-12-31 14:00 Asia/Taipei,premarket trade_date may only use row.date < trade_date
2024-12-31,3443,創意,1310.0,1360.0,1310.0,1360.0,1458397.0,1966255430.0,TWSE STOCK_DAY,https://www.twse.com.tw/rwd/zh/afterTrading/STOCK_DAY?date=20241201&stockNo=3443&response=json,2024-12-31 14:00 Asia/Taipei,premarket trade_date may only use row.date < trade_date
2024-12-31,6526,達發,696.0,705.0,692.0,704.0,423731.0,296504085.0,TWSE STOCK_DAY,https://www.twse.com.tw/rwd/zh/afterTrading/STOCK_DAY?date=20241201&stockNo=6526&response=json,2024-12-31 14:00 Asia/Taipei,premarket trade_date may only use row.date < trade_date
2025-01-02,2345,智邦,769.0,784.0,745.0,754.0,5227858.0,3969736075.0,TWSE STOCK_DAY,https://www.twse.com.tw/rwd/zh/afterTrading/STOCK_DAY?date=20250101&stockNo=2345&response=json,2025-01-02 14:00 Asia/Taipei,premarket trade_date may only use row.date < trade_date
2025-01-02,3017,奇鋐,623.0,639.0,614.0,615.0,4734406.0,2957686538.0,TWSE STOCK_DAY,https://www.twse.com.tw/rwd/zh/afterTrading/STOCK_DAY?date=20250101&stockNo=3017&response=json,2025-01-02 14:00 Asia/Taipei,premarket trade_date may only use row.date < trade_date
2025-01-02,3189,景碩,100.5,104.5,100.0,100.5,7845163.0,798622031.0,TWSE STOCK_DAY,https://www.twse.com.tw/rwd/zh/afterTrading/STOCK_DAY?date=20250101&stockNo=3189&response=json,2025-01-02 14:00 Asia/Taipei,premarket trade_date may only use row.date < trade_date
2025-01-02,3443,創意,1365.0,1365.0,1280.0,1285.0,2330466.0,3047524125.0,TWSE STOCK_DAY,https://www.twse.com.tw/rwd/zh/afterTrading/STOCK_DAY?date=20250101&stockNo=3443&response=json,2025-01-02 14:00 Asia/Taipei,premarket trade_date may only use row.date < trade_date
2025-01-02,6526,達發,699.0,700.0,666.0,670.0,1212124.0,822871948.0,TWSE STOCK_DAY,https://www.twse.com.tw/rwd/zh/afterTrading/STOCK_DAY?date=20250101&stockNo=6526&response=json,2025-01-02 14:00 Asia/Taipei,premarket trade_date may only use row.date < trade_date
2025-01-03,2345,智邦,761.0,767.0,749.0,766.0,4391132.0,3337108537.0,TWSE STOCK_DAY,https://www.twse.com.tw/rwd/zh/afterTrading/STOCK_DAY?date=20250101&stockNo=2345&response=json,2025-01-03 14:00 Asia/Taipei,premarket trade_date may only use row.date < trade_date
2025-01-03,3017,奇鋐,620.0,626.0,611.0,624.0,3713963.0,2302673750.0,TWSE STOCK_DAY,https://www.twse.com.tw/rwd/zh/afterTrading/STOCK_DAY?date=20250101&stockNo=3017&response=json,2025-01-03 14:00 Asia/Taipei,premarket trade_date may only use row.date < trade_date
2025-01-03,3189,景碩,102.0,105.0,98.6,103.0,11962557.0,1222375434.0,TWSE STOCK_DAY,https://www.twse.com.tw/rwd/zh/afterTrading/STOCK_DAY?date=20250101&stockNo=3189&response=json,2025-01-03 14:00 Asia/Taipei,premarket trade_date may only use row.date < trade_date
2025-01-03,3443,創意,1300.0,1310.0,1265.0,1270.0,1725986.0,2215308990.0,TWSE STOCK_DAY,https://www.twse.com.tw/rwd/zh/afterTrading/STOCK_DAY?date=20250101&stockNo=3443&response=json,2025-01-03 14:00 Asia/Taipei,premarket trade_date may only use row.date < trade_date
2025-01-03,6526,達發,671.0,677.0,658.0,663.0,642217.0,426550607.0,TWSE STOCK_DAY,https://www.twse.com.tw/rwd/zh/afterTrading/STOCK_DAY?date=20250101&stockNo=6526&response=json,2025-01-03 14:00 Asia/Taipei,premarket trade_date may only use row.date < trade_date
2025-01-06,2345,智邦,780.0,781.0,754.0,774.0,4477816.0,3437499705.0,TWSE STOCK_DAY,https://www.twse.com.tw/rwd/zh/afterTrading/STOCK_DAY?date=20250101&stockNo=2345&response=json,2025-01-06 14:00 Asia/Taipei,premarket trade_date may only use row.date < trade_date
2025-01-06,3017,奇鋐,632.0,636.0,627.0,627.0,4444331.0,2800812549.0,TWSE STOCK_DAY,https://www.twse.com.tw/rwd/zh/afterTrading/STOCK_DAY?date=20250101&stockNo=3017&response=json,2025-01-06 14:00 Asia/Taipei,premarket trade_date may only use row.date < trade_date
2025-01-06,3189,景碩,107.0,110.0,104.0,109.5,24707188.0,2671668419.0,TWSE STOCK_DAY,https://www.twse.com.tw/rwd/zh/afterTrading/STOCK_DAY?date=20250101&stockNo=3189&response=json,2025-01-06 14:00 Asia/Taipei,premarket trade_date may only use row.date < trade_date
2025-01-06,3443,創意,1300.0,1340.0,1290.0,1340.0,1821143.0,2402614145.0,TWSE STOCK_DAY,https://www.twse.com.tw/rwd/zh/afterTrading/STOCK_DAY?date=20250101&stockNo=3443&response=json,2025-01-06 14:00 Asia/Taipei,premarket trade_date may only use row.date < trade_date
2025-01-06,6526,達發,675.0,684.0,672.0,682.0,414992.0,281902824.0,TWSE STOCK_DAY,https://www.twse.com.tw/rwd/zh/afterTrading/STOCK_DAY?date=20250101&stockNo=6526&response=json,2025-01-06 14:00 Asia/Taipei,premarket trade_date may only use row.date < trade_date
2025-01-07,2345,智邦,776.0,782.0,762.0,766.0,4098054.0,3152007540.0,TWSE STOCK_DAY,https://www.twse.com.tw/rwd/zh/afterTrading/STOCK_DAY?date=20250101&stockNo=2345&response=json,2025-01-07 14:00 Asia/Taipei,premarket trade_date may only use row.date < trade_date
2025-01-07,3017,奇鋐,636.0,642.0,634.0,637.0,4232160.0,2697080997.0,TWSE STOCK_DAY,https://www.twse.com.tw/rwd/zh/afterTrading/STOCK_DAY?date=20250101&stockNo=3017&response=json,2025-01-07 14:00 Asia/Taipei,premarket trade_date may only use row.date < trade_date
2025-01-07,3189,景碩,108.0,113.0,107.0,109.5,25685523.0,2821231299.0,TWSE STOCK_DAY,https://www.twse.com.tw/rwd/zh/afterTrading/STOCK_DAY?date=20250101&stockNo=3189&response=json,2025-01-07 14:00 Asia/Taipei,premarket trade_date may only use row.date < trade_date
2025-01-07,3443,創意,1365.0,1370.0,1330.0,1340.0,2126872.0,2858857520.0,TWSE STOCK_DAY,https://www.twse.com.tw/rwd/zh/afterTrading/STOCK_DAY?date=20250101&stockNo=3443&response=json,2025-01-07 14:00 Asia/Taipei,premarket trade_date may only use row.date < trade_date
2025-01-07,6526,達發,685.0,694.0,668.0,686.0,826067.0,561787547.0,TWSE STOCK_DAY,https://www.twse.com.tw/rwd/zh/afterTrading/STOCK_DAY?date=20250101&stockNo=6526&response=json,2025-01-07 14:00 Asia/Taipei,premarket trade_date may only use row.date < trade_date
2025-01-08,2345,智邦,785.0,806.0,755.0,768.0,16413396.0,12766426743.0,TWSE STOCK_DAY,https://www.twse.com.tw/rwd/zh/afterTrading/STOCK_DAY?date=20250101&stockNo=2345&response=json,2025-01-08 14:00 Asia/Taipei,premarket trade_date may only use row.date < trade_date
2025-01-08,3017,奇鋐,632.0,633.0,611.0,615.0,6713301.0,4156009386.0,TWSE STOCK_DAY,https://www.twse.com.tw/rwd/zh/afterTrading/STOCK_DAY?date=20250101&stockNo=3017&response=json,2025-01-08 14:00 Asia/Taipei,premarket trade_date may only use row.date < trade_date
2025-01-08,3189,景碩,109.5,111.5,106.0,106.5,13021918.0,1410822414.0,TWSE STOCK_DAY,https://www.twse.com.tw/rwd/zh/afterTrading/STOCK_DAY?date=20250101&stockNo=3189&response=json,2025-01-08 14:00 Asia/Taipei,premarket trade_date may only use row.date < trade_date
2025-01-08,3443,創意,1330.0,1355.0,1290.0,1290.0,1750630.0,2298517780.0,TWSE STOCK_DAY,https://www.twse.com.tw/rwd/zh/afterTrading/STOCK_DAY?date=20250101&stockNo=3443&response=json,2025-01-08 14:00 Asia/Taipei,premarket trade_date may only use row.date < trade_date
2025-01-08,6526,達發,682.0,688.0,670.0,672.0,575211.0,388845888.0,TWSE STOCK_DAY,https://www.twse.com.tw/rwd/zh/afterTrading/STOCK_DAY?date=20250101&stockNo=6526&response=json,2025-01-08 14:00 Asia/Taipei,premarket trade_date may only use row.date < trade_date
2025-01-09,2345,智邦,771.0,780.0,743.0,743.0,5001095.0,3789507177.0,TWSE STOCK_DAY,https://www.twse.com.tw/rwd/zh/afterTrading/STOCK_DAY?date=20250101&stockNo=2345&response=json,2025-01-09 14:00 Asia/Taipei,premarket trade_date may only use row.date < trade_date
2025-01-09,3017,奇鋐,616.0,618.0,572.0,574.0,13456408.0,7932120922.0,TWSE STOCK_DAY,https://www.twse.com.tw/rwd/zh/afterTrading/STOCK_DAY?date=20250101&stockNo=3017&response=json,2025-01-09 14:00 Asia/Taipei,premarket trade_date may only use row.date < trade_date
2025-01-09,3189,景碩,107.0,107.5,102.0,102.5,7947294.0,828268366.0,TWSE STOCK_DAY,https://www.twse.com.tw/rwd/zh/afterTrading/STOCK_DAY?date=20250101&stockNo=3189&response=json,2025-01-09 14:00 Asia/Taipei,premarket trade_date may only use row.date < trade_date
2025-01-09,3443,創意,1295.0,1320.0,1285.0,1295.0,1256655.0,1634153955.0,TWSE STOCK_DAY,https://www.twse.com.tw/rwd/zh/afterTrading/STOCK_DAY?date=20250101&stockNo=3443&response=json,2025-01-09 14:00 Asia/Taipei,premarket trade_date may only use row.date < trade_date
2025-01-09,6526,達發,677.0,685.0,660.0,662.0,549396.0,368971282.0,TWSE STOCK_DAY,https://www.twse.com.tw/rwd/zh/afterTrading/STOCK_DAY?date=20250101&stockNo=6526&response=json,2025-01-09 14:00 Asia/Taipei,premarket trade_date may only use row.date < trade_date
2025-01-10,2345,智邦,746.0,746.0,721.0,729.0,6603539.0,4818479874.0,TWSE STOCK_DAY,https://www.twse.com.tw/rwd/zh/afterTrading/STOCK_DAY?date=20250101&stockNo=2345&response=json,2025-01-10 14:00 Asia/Taipei,premarket trade_date may only use row.date < trade_date
2025-01-10,3017,奇鋐,575.0,576.0,545.0,549.0,11796683.0,6553218720.0,TWSE STOCK_DAY,https://www.twse.com.tw/rwd/zh/afterTrading/STOCK_DAY?date=20250101&stockNo=3017&response=json,2025-01-10 14:00 Asia/Taipei,premarket trade_date may only use row.date < trade_date
2025-01-10,3189,景碩,102.0,104.5,101.5,102.5,5847461.0,601496981.0,TWSE STOCK_DAY,https://www.twse.com.tw/rwd/zh/afterTrading/STOCK_DAY?date=20250101&stockNo=3189&response=json,2025-01-10 14:00 Asia/Taipei,premarket trade_date may only use row.date < trade_date
2025-01-10,3443,創意,1295.0,1310.0,1265.0,1270.0,1395752.0,1788626085.0,TWSE STOCK_DAY,https://www.twse.com.tw/rwd/zh/afterTrading/STOCK_DAY?date=20250101&stockNo=3443&response=json,2025-01-10 14:00 Asia/Taipei,premarket trade_date may only use row.date < trade_date
2025-01-10,6526,達發,661.0,682.0,661.0,676.0,638464.0,431017330.0,TWSE STOCK_DAY,https://www.twse.com.tw/rwd/zh/afterTrading/STOCK_DAY?date=20250101&stockNo=6526&response=json,2025-01-10 14:00 Asia/Taipei,premarket trade_date may only use row.date < trade_date
2025-01-13,2345,智邦,715.0,728.0,690.0,699.0,8128016.0,5730453229.0,TWSE STOCK_DAY,https://www.twse.com.tw/rwd/zh/afterTrading/STOCK_DAY?date=20250101&stockNo=2345&response=json,2025-01-13 14:00 Asia/Taipei,premarket trade_date may only use row.date < trade_date
2025-01-13,3017,奇鋐,547.0,551.0,515.0,516.0,10814033.0,5681171640.0,TWSE STOCK_DAY,https://www.twse.com.tw/rwd/zh/afterTrading/STOCK_DAY?date=20250101&stockNo=3017&response=json,2025-01-13 14:00 Asia/Taipei,premarket trade_date may only use row.date < trade_date
2025-01-13,3189,景碩,101.5,101.5,94.0,96.0,15702457.0,1516740854.0,TWSE STOCK_DAY,https://www.twse.com.tw/rwd/zh/afterTrading/STOCK_DAY?date=20250101&stockNo=3189&response=json,2025-01-13 14:00 Asia/Taipei,premarket trade_date may only use row.date < trade_date
2025-01-13,3443,創意,1260.0,1270.0,1175.0,1180.0,2674577.0,3220655580.0,TWSE STOCK_DAY,https://www.twse.com.tw/rwd/zh/afterTrading/STOCK_DAY?date=20250101&stockNo=3443&response=json,2025-01-13 14:00 Asia/Taipei,premarket trade_date may only use row.date < trade_date
2025-01-13,6526,達發,671.0,671.0,628.0,631.0,1078310.0,691075786.0,TWSE STOCK_DAY,https://www.twse.com.tw/rwd/zh/afterTrading/STOCK_DAY?date=20250101&stockNo=6526&response=json,2025-01-13 14:00 Asia/Taipei,premarket trade_date may only use row.date < trade_date
2025-01-14,2345,智邦,700.0,743.0,695.0,737.0,6584927.0,4777955699.0,TWSE STOCK_DAY,https://www.twse.com.tw/rwd/zh/afterTrading/STOCK_DAY?date=20250101&stockNo=2345&response=json,2025-01-14 14:00 Asia/Taipei,premarket trade_date may only use row.date < trade_date
2025-01-14,3017,奇鋐,520.0,525.0,513.0,520.0,8788193.0,4556983379.0,TWSE STOCK_DAY,https://www.twse.com.tw/rwd/zh/afterTrading/STOCK_DAY?date=20250101&stockNo=3017&response=json,2025-01-14 14:00 Asia/Taipei,premarket trade_date may only use row.date < trade_date
2025-01-14,3189,景碩,97.0,98.6,95.4,98.5,6019549.0,582999591.0,TWSE STOCK_DAY,https://www.twse.com.tw/rwd/zh/afterTrading/STOCK_DAY?date=20250101&stockNo=3189&response=json,2025-01-14 14:00 Asia/Taipei,premarket trade_date may only use row.date < trade_date
2025-01-14,3443,創意,1190.0,1215.0,1180.0,1205.0,1228863.0,1476153145.0,TWSE STOCK_DAY,https://www.twse.com.tw/rwd/zh/afterTrading/STOCK_DAY?date=20250101&stockNo=3443&response=json,2025-01-14 14:00 Asia/Taipei,premarket trade_date may only use row.date < trade_date
2025-01-14,6526,達發,634.0,644.0,631.0,639.0,327195.0,208723806.0,TWSE STOCK_DAY,https://www.twse.com.tw/rwd/zh/afterTrading/STOCK_DAY?date=20250101&stockNo=6526&response=json,2025-01-14 14:00 Asia/Taipei,premarket trade_date may only use row.date < trade_date
2025-01-15,2345,智邦,735.0,740.0,717.0,724.0,4196892.0,3048656476.0,TWSE STOCK_DAY,https://www.twse.com.tw/rwd/zh/afterTrading/STOCK_DAY?date=20250101&stockNo=2345&response=json,2025-01-15 14:00 Asia/Taipei,premarket trade_date may only use row.date < trade_date
2025-01-15,3017,奇鋐,516.0,522.0,500.0,502.0,7652794.0,3889889542.0,TWSE STOCK_DAY,https://www.twse.com.tw/rwd/zh/afterTrading/STOCK_DAY?date=20250101&stockNo=3017&response=json,2025-01-15 14:00 Asia/Taipei,premarket trade_date may only use row.date < trade_date
2025-01-15,3189,景碩,97.1,99.2,96.0,96.6,8942700.0,868092660.0,TWSE STOCK_DAY,https://www.twse.com.tw/rwd/zh/afterTrading/STOCK_DAY?date=20250101&stockNo=3189&response=json,2025-01-15 14:00 Asia/Taipei,premarket trade_date may only use row.date < trade_date
2025-01-15,3443,創意,1210.0,1215.0,1185.0,1195.0,1152643.0,1382913470.0,TWSE STOCK_DAY,https://www.twse.com.tw/rwd/zh/afterTrading/STOCK_DAY?date=20250101&stockNo=3443&response=json,2025-01-15 14:00 Asia/Taipei,premarket trade_date may only use row.date < trade_date
2025-01-15,6526,達發,639.0,647.0,631.0,640.0,282598.0,180546243.0,TWSE STOCK_DAY,https://www.twse.com.tw/rwd/zh/afterTrading/STOCK_DAY?date=20250101&stockNo=6526&response=json,2025-01-15 14:00 Asia/Taipei,premarket trade_date may only use row.date < trade_date
2025-01-16,2345,智邦,748.0,752.0,728.0,731.0,4476931.0,3308841935.0,TWSE STOCK_DAY,https://www.twse.com.tw/rwd/zh/afterTrading/STOCK_DAY?date=20250101&stockNo=2345&response=json,2025-01-16 14:00 Asia/Taipei,premarket trade_date may only use row.date < trade_date
2025-01-16,3017,奇鋐,518.0,533.0,514.0,527.0,7120252.0,3721762619.0,TWSE STOCK_DAY,https://www.twse.com.tw/rwd/zh/afterTrading/STOCK_DAY?date=20250101&stockNo=3017&response=json,2025-01-16 14:00 Asia/Taipei,premarket trade_date may only use row.date < trade_date
2025-01-16,3189,景碩,98.2,98.8,97.4,97.7,4828392.0,473051395.0,TWSE STOCK_DAY,https://www.twse.com.tw/rwd/zh/afterTrading/STOCK_DAY?date=20250101&stockNo=3189&response=json,2025-01-16 14:00 Asia/Taipei,premarket trade_date may only use row.date < trade_date
2025-01-16,3443,創意,1230.0,1255.0,1215.0,1255.0,1221717.0,1514186450.0,TWSE STOCK_DAY,https://www.twse.com.tw/rwd/zh/afterTrading/STOCK_DAY?date=20250101&stockNo=3443&response=json,2025-01-16 14:00 Asia/Taipei,premarket trade_date may only use row.date < trade_date
2025-01-16,6526,達發,649.0,656.0,645.0,652.0,407241.0,265536978.0,TWSE STOCK_DAY,https://www.twse.com.tw/rwd/zh/afterTrading/STOCK_DAY?date=20250101&stockNo=6526&response=json,2025-01-16 14:00 Asia/Taipei,premarket trade_date may only use row.date < trade_date
2025-01-17,2345,智邦,731.0,737.0,718.0,734.0,2935624.0,2138672270.0,TWSE STOCK_DAY,https://www.twse.com.tw/rwd/zh/afterTrading/STOCK_DAY?date=20250101&stockNo=2345&response=json,2025-01-17 14:00 Asia/Taipei,premarket trade_date may only use row.date < trade_date
2025-01-17,3017,奇鋐,526.0,539.0,508.0,530.0,10135724.0,5295045020.0,TWSE STOCK_DAY,https://www.twse.com.tw/rwd/zh/afterTrading/STOCK_DAY?date=20250101&stockNo=3017&response=json,2025-01-17 14:00 Asia/Taipei,premarket trade_date may only use row.date < trade_date
2025-01-17,3189,景碩,98.0,98.8,96.5,97.8,2762630.0,269143730.0,TWSE STOCK_DAY,https://www.twse.com.tw/rwd/zh/afterTrading/STOCK_DAY?date=20250101&stockNo=3189&response=json,2025-01-17 14:00 Asia/Taipei,premarket trade_date may only use row.date < trade_date
2025-01-17,3443,創意,1255.0,1265.0,1215.0,1225.0,1198260.0,1477368935.0,TWSE STOCK_DAY,https://www.twse.com.tw/rwd/zh/afterTrading/STOCK_DAY?date=20250101&stockNo=3443&response=json,2025-01-17 14:00 Asia/Taipei,premarket trade_date may only use row.date < trade_date
2025-01-17,6526,達發,654.0,654.0,640.0,646.0,247443.0,159546669.0,TWSE STOCK_DAY,https://www.twse.com.tw/rwd/zh/afterTrading/STOCK_DAY?date=20250101&stockNo=6526&response=json,2025-01-17 14:00 Asia/Taipei,premarket trade_date may only use row.date < trade_date
2025-01-20,2345,智邦,728.0,739.0,726.0,736.0,2443232.0,1789131374.0,TWSE STOCK_DAY,https://www.twse.com.tw/rwd/zh/afterTrading/STOCK_DAY?date=20250101&stockNo=2345&response=json,2025-01-20 14:00 Asia/Taipei,premarket trade_date may only use row.date < trade_date
2025-01-20,3017,奇鋐,538.0,566.0,535.0,565.0,9214658.0,5118792869.0,TWSE STOCK_DAY,https://www.twse.com.tw/rwd/zh/afterTrading/STOCK_DAY?date=20250101&stockNo=3017&response=json,2025-01-20 14:00 Asia/Taipei,premarket trade_date may only use row.date < trade_date
2025-01-20,3189,景碩,97.9,97.9,96.6,97.7,2463848.0,239884971.0,TWSE STOCK_DAY,https://www.twse.com.tw/rwd/zh/afterTrading/STOCK_DAY?date=20250101&stockNo=3189&response=json,2025-01-20 14:00 Asia/Taipei,premarket trade_date may only use row.date < trade_date
2025-01-20,3443,創意,1235.0,1325.0,1235.0,1325.0,3240926.0,4184800620.0,TWSE STOCK_DAY,https://www.twse.com.tw/rwd/zh/afterTrading/STOCK_DAY?date=20250101&stockNo=3443&response=json,2025-01-20 14:00 Asia/Taipei,premarket trade_date may only use row.date < trade_date
2025-01-20,6526,達發,647.0,667.0,647.0,667.0,375269.0,247754070.0,TWSE STOCK_DAY,https://www.twse.com.tw/rwd/zh/afterTrading/STOCK_DAY?date=20250101&stockNo=6526&response=json,2025-01-20 14:00 Asia/Taipei,premarket trade_date may only use row.date < trade_date
2025-01-21,2345,智邦,736.0,751.0,732.0,743.0,3470625.0,2582273480.0,TWSE STOCK_DAY,https://www.twse.com.tw/rwd/zh/afterTrading/STOCK_DAY?date=20250101&stockNo=2345&response=json,2025-01-21 14:00 Asia/Taipei,premarket trade_date may only use row.date < trade_date
2025-01-21,3017,奇鋐,565.0,565.0,550.0,552.0,6737935.0,3737709389.0,TWSE STOCK_DAY,https://www.twse.com.tw/rwd/zh/afterTrading/STOCK_DAY?date=20250101&stockNo=3017&response=json,2025-01-21 14:00 Asia/Taipei,premarket trade_date may only use row.date < trade_date
2025-01-21,3189,景碩,97.8,97.8,96.5,97.8,1891534.0,183879713.0,TWSE STOCK_DAY,https://www.twse.com.tw/rwd/zh/afterTrading/STOCK_DAY?date=20250101&stockNo=3189&response=json,2025-01-21 14:00 Asia/Taipei,premarket trade_date may only use row.date < trade_date
2025-01-21,3443,創意,1310.0,1330.0,1300.0,1330.0,1301536.0,1712408940.0,TWSE STOCK_DAY,https://www.twse.com.tw/rwd/zh/afterTrading/STOCK_DAY?date=20250101&stockNo=3443&response=json,2025-01-21 14:00 Asia/Taipei,premarket trade_date may only use row.date < trade_date
2025-01-21,6526,達發,667.0,670.0,659.0,670.0,349895.0,233147622.0,TWSE STOCK_DAY,https://www.twse.com.tw/rwd/zh/afterTrading/STOCK_DAY?date=20250101&stockNo=6526&response=json,2025-01-21 14:00 Asia/Taipei,premarket trade_date may only use row.date < trade_date
2025-01-22,2345,智邦,749.0,768.0,741.0,763.0,6744630.0,5112487754.0,TWSE STOCK_DAY,https://www.twse.com.tw/rwd/zh/afterTrading/STOCK_DAY?date=20250101&stockNo=2345&response=json,2025-01-22 14:00 Asia/Taipei,premarket trade_date may only use row.date < trade_date
2025-01-22,3017,奇鋐,563.0,581.0,562.0,579.0,9315682.0,5338973187.0,TWSE STOCK_DAY,https://www.twse.com.tw/rwd/zh/afterTrading/STOCK_DAY?date=20250101&stockNo=3017&response=json,2025-01-22 14:00 Asia/Taipei,premarket trade_date may only use row.date < trade_date
2025-01-22,3189,景碩,98.4,98.5,97.2,98.1,2915501.0,285422163.0,TWSE STOCK_DAY,https://www.twse.com.tw/rwd/zh/afterTrading/STOCK_DAY?date=20250101&stockNo=3189&response=json,2025-01-22 14:00 Asia/Taipei,premarket trade_date may only use row.date < trade_date
2025-01-22,3443,創意,1350.0,1350.0,1310.0,1320.0,2476018.0,3277090710.0,TWSE STOCK_DAY,https://www.twse.com.tw/rwd/zh/afterTrading/STOCK_DAY?date=20250101&stockNo=3443&response=json,2025-01-22 14:00 Asia/Taipei,premarket trade_date may only use row.date < trade_date
2025-01-22,6526,達發,679.0,681.0,668.0,680.0,531929.0,360308556.0,TWSE STOCK_DAY,https://www.twse.com.tw/rwd/zh/afterTrading/STOCK_DAY?date=20250101&stockNo=6526&response=json,2025-01-22 14:00 Asia/Taipei,premarket trade_date may only use row.date < trade_date
2025-02-03,2345,智邦,700.0,725.0,688.0,714.0,9908554.0,6958189384.0,TWSE STOCK_DAY,https://www.twse.com.tw/rwd/zh/afterTrading/STOCK_DAY?date=20250201&stockNo=2345&response=json,2025-02-03 14:00 Asia/Taipei,premarket trade_date may only use row.date < trade_date
2025-02-03,3017,奇鋐,522.0,522.0,522.0,522.0,3560200.0,1858591994.0,TWSE STOCK_DAY,https://www.twse.com.tw/rwd/zh/afterTrading/STOCK_DAY?date=20250201&stockNo=3017&response=json,2025-02-03 14:00 Asia/Taipei,premarket trade_date may only use row.date < trade_date
2025-02-03,3189,景碩,95.8,96.7,90.6,96.7,6513331.0,608863409.0,TWSE STOCK_DAY,https://www.twse.com.tw/rwd/zh/afterTrading/STOCK_DAY?date=20250201&stockNo=3189&response=json,2025-02-03 14:00 Asia/Taipei,premarket trade_date may only use row.date < trade_date
2025-02-03,3443,創意,1230.0,1295.0,1230.0,1280.0,1950097.0,2468005760.0,TWSE STOCK_DAY,https://www.twse.com.tw/rwd/zh/afterTrading/STOCK_DAY?date=20250201&stockNo=3443&response=json,2025-02-03 14:00 Asia/Taipei,premarket trade_date may only use row.date < trade_date
2025-02-03,6526,達發,658.0,670.0,652.0,662.0,522341.0,344319098.0,TWSE STOCK_DAY,https://www.twse.com.tw/rwd/zh/afterTrading/STOCK_DAY?date=20250201&stockNo=6526&response=json,2025-02-03 14:00 Asia/Taipei,premarket trade_date may only use row.date < trade_date
2025-02-04,2345,智邦,729.0,741.0,720.0,734.0,7324330.0,5346365599.0,TWSE STOCK_DAY,https://www.twse.com.tw/rwd/zh/afterTrading/STOCK_DAY?date=20250201&stockNo=2345&response=json,2025-02-04 14:00 Asia/Taipei,premarket trade_date may only use row.date < trade_date
2025-02-04,3017,奇鋐,519.0,524.0,486.0,508.0,22732433.0,11428372521.0,TWSE STOCK_DAY,https://www.twse.com.tw/rwd/zh/afterTrading/STOCK_DAY?date=20250201&stockNo=3017&response=json,2025-02-04 14:00 Asia/Taipei,premarket trade_date may only use row.date < trade_date
2025-02-04,3189,景碩,96.0,96.3,93.1,93.7,5148390.0,485217901.0,TWSE STOCK_DAY,https://www.twse.com.tw/rwd/zh/afterTrading/STOCK_DAY?date=20250201&stockNo=3189&response=json,2025-02-04 14:00 Asia/Taipei,premarket trade_date may only use row.date < trade_date
2025-02-04,3443,創意,1300.0,1355.0,1295.0,1315.0,3238192.0,4303327795.0,TWSE STOCK_DAY,https://www.twse.com.tw/rwd/zh/afterTrading/STOCK_DAY?date=20250201&stockNo=3443&response=json,2025-02-04 14:00 Asia/Taipei,premarket trade_date may only use row.date < trade_date
2025-02-04,6526,達發,666.0,676.0,661.0,671.0,479725.0,321587841.0,TWSE STOCK_DAY,https://www.twse.com.tw/rwd/zh/afterTrading/STOCK_DAY?date=20250201&stockNo=6526&response=json,2025-02-04 14:00 Asia/Taipei,premarket trade_date may only use row.date < trade_date
2025-02-05,2345,智邦,744.0,760.0,740.0,759.0,4899965.0,3696419804.0,TWSE STOCK_DAY,https://www.twse.com.tw/rwd/zh/afterTrading/STOCK_DAY?date=20250201&stockNo=2345&response=json,2025-02-05 14:00 Asia/Taipei,premarket trade_date may only use row.date < trade_date
2025-02-05,3017,奇鋐,524.0,543.0,519.0,526.0,12455579.0,6594755342.0,TWSE STOCK_DAY,https://www.twse.com.tw/rwd/zh/afterTrading/STOCK_DAY?date=20250201&stockNo=3017&response=json,2025-02-05 14:00 Asia/Taipei,premarket trade_date may only use row.date < trade_date
2025-02-05,3189,景碩,94.5,96.3,93.9,95.1,3565545.0,340426938.0,TWSE STOCK_DAY,https://www.twse.com.tw/rwd/zh/afterTrading/STOCK_DAY?date=20250201&stockNo=3189&response=json,2025-02-05 14:00 Asia/Taipei,premarket trade_date may only use row.date < trade_date
2025-02-05,3443,創意,1340.0,1370.0,1320.0,1350.0,3440214.0,4635131955.0,TWSE STOCK_DAY,https://www.twse.com.tw/rwd/zh/afterTrading/STOCK_DAY?date=20250201&stockNo=3443&response=json,2025-02-05 14:00 Asia/Taipei,premarket trade_date may only use row.date < trade_date
2025-02-05,6526,達發,681.0,707.0,679.0,691.0,1066868.0,741236235.0,TWSE STOCK_DAY,https://www.twse.com.tw/rwd/zh/afterTrading/STOCK_DAY?date=20250201&stockNo=6526&response=json,2025-02-05 14:00 Asia/Taipei,premarket trade_date may only use row.date < trade_date
2025-02-06,2345,智邦,765.0,770.0,747.0,759.0,4765786.0,3607246271.0,TWSE STOCK_DAY,https://www.twse.com.tw/rwd/zh/afterTrading/STOCK_DAY?date=20250201&stockNo=2345&response=json,2025-02-06 14:00 Asia/Taipei,premarket trade_date may only use row.date < trade_date
2025-02-06,3017,奇鋐,531.0,547.0,531.0,535.0,8799982.0,4740273835.0,TWSE STOCK_DAY,https://www.twse.com.tw/rwd/zh/afterTrading/STOCK_DAY?date=20250201&stockNo=3017&response=json,2025-02-06 14:00 Asia/Taipei,premarket trade_date may only use row.date < trade_date
2025-02-06,3189,景碩,95.6,98.4,94.0,97.6,7705100.0,740160652.0,TWSE STOCK_DAY,https://www.twse.com.tw/rwd/zh/afterTrading/STOCK_DAY?date=20250201&stockNo=3189&response=json,2025-02-06 14:00 Asia/Taipei,premarket trade_date may only use row.date < trade_date
2025-02-06,3443,創意,1365.0,1365.0,1305.0,1325.0,2423546.0,3226611920.0,TWSE STOCK_DAY,https://www.twse.com.tw/rwd/zh/afterTrading/STOCK_DAY?date=20250201&stockNo=3443&response=json,2025-02-06 14:00 Asia/Taipei,premarket trade_date may only use row.date < trade_date
2025-02-06,6526,達發,696.0,698.0,684.0,689.0,459586.0,317366921.0,TWSE STOCK_DAY,https://www.twse.com.tw/rwd/zh/afterTrading/STOCK_DAY?date=20250201&stockNo=6526&response=json,2025-02-06 14:00 Asia/Taipei,premarket trade_date may only use row.date < trade_date
2025-02-07,2345,智邦,760.0,778.0,755.0,774.0,5059615.0,3879606752.0,TWSE STOCK_DAY,https://www.twse.com.tw/rwd/zh/afterTrading/STOCK_DAY?date=20250201&stockNo=2345&response=json,2025-02-07 14:00 Asia/Taipei,premarket trade_date may only use row.date < trade_date
2025-02-07,3017,奇鋐,543.0,549.0,531.0,549.0,6696356.0,3629072262.0,TWSE STOCK_DAY,https://www.twse.com.tw/rwd/zh/afterTrading/STOCK_DAY?date=20250201&stockNo=3017&response=json,2025-02-07 14:00 Asia/Taipei,premarket trade_date may only use row.date < trade_date
2025-02-07,3189,景碩,97.6,97.6,96.2,96.5,4516603.0,436680698.0,TWSE STOCK_DAY,https://www.twse.com.tw/rwd/zh/afterTrading/STOCK_DAY?date=20250201&stockNo=3189&response=json,2025-02-07 14:00 Asia/Taipei,premarket trade_date may only use row.date < trade_date
2025-02-07,3443,創意,1340.0,1390.0,1335.0,1380.0,3164650.0,4343819675.0,TWSE STOCK_DAY,https://www.twse.com.tw/rwd/zh/afterTrading/STOCK_DAY?date=20250201&stockNo=3443&response=json,2025-02-07 14:00 Asia/Taipei,premarket trade_date may only use row.date < trade_date
2025-02-07,6526,達發,693.0,693.0,683.0,684.0,386315.0,265448255.0,TWSE STOCK_DAY,https://www.twse.com.tw/rwd/zh/afterTrading/STOCK_DAY?date=20250201&stockNo=6526&response=json,2025-02-07 14:00 Asia/Taipei,premarket trade_date may only use row.date < trade_date
2025-02-10,2345,智邦,781.0,781.0,750.0,755.0,4587907.0,3488711020.0,TWSE STOCK_DAY,https://www.twse.com.tw/rwd/zh/afterTrading/STOCK_DAY?date=20250201&stockNo=2345&response=json,2025-02-10 14:00 Asia/Taipei,premarket trade_date may only use row.date < trade_date
2025-02-10,3017,奇鋐,530.0,541.0,524.0,538.0,9422423.0,5020310382.0,TWSE STOCK_DAY,https://www.twse.com.tw/rwd/zh/afterTrading/STOCK_DAY?date=20250201&stockNo=3017&response=json,2025-02-10 14:00 Asia/Taipei,premarket trade_date may only use row.date < trade_date
2025-02-10,3189,景碩,96.1,96.2,94.5,95.7,3598298.0,342693853.0,TWSE STOCK_DAY,https://www.twse.com.tw/rwd/zh/afterTrading/STOCK_DAY?date=20250201&stockNo=3189&response=json,2025-02-10 14:00 Asia/Taipei,premarket trade_date may only use row.date < trade_date
2025-02-10,3443,創意,1350.0,1370.0,1305.0,1335.0,2647436.0,3521520485.0,TWSE STOCK_DAY,https://www.twse.com.tw/rwd/zh/afterTrading/STOCK_DAY?date=20250201&stockNo=3443&response=json,2025-02-10 14:00 Asia/Taipei,premarket trade_date may only use row.date < trade_date
2025-02-10,6526,達發,682.0,682.0,670.0,678.0,281573.0,189961273.0,TWSE STOCK_DAY,https://www.twse.com.tw/rwd/zh/afterTrading/STOCK_DAY?date=20250201&stockNo=6526&response=json,2025-02-10 14:00 Asia/Taipei,premarket trade_date may only use row.date < trade_date
2025-02-11,2345,智邦,760.0,778.0,759.0,773.0,4844210.0,3724061323.0,TWSE STOCK_DAY,https://www.twse.com.tw/rwd/zh/afterTrading/STOCK_DAY?date=20250201&stockNo=2345&response=json,2025-02-11 14:00 Asia/Taipei,premarket trade_date may only use row.date < trade_date
2025-02-11,3017,奇鋐,543.0,552.0,541.0,545.0,7556974.0,4126901341.0,TWSE STOCK_DAY,https://www.twse.com.tw/rwd/zh/afterTrading/STOCK_DAY?date=20250201&stockNo=3017&response=json,2025-02-11 14:00 Asia/Taipei,premarket trade_date may only use row.date < trade_date
2025-02-11,3189,景碩,96.1,96.4,94.5,94.5,3196325.0,304697067.0,TWSE STOCK_DAY,https://www.twse.com.tw/rwd/zh/afterTrading/STOCK_DAY?date=20250201&stockNo=3189&response=json,2025-02-11 14:00 Asia/Taipei,premarket trade_date may only use row.date < trade_date
2025-02-11,3443,創意,1350.0,1360.0,1335.0,1350.0,1190748.0,1605015205.0,TWSE STOCK_DAY,https://www.twse.com.tw/rwd/zh/afterTrading/STOCK_DAY?date=20250201&stockNo=3443&response=json,2025-02-11 14:00 Asia/Taipei,premarket trade_date may only use row.date < trade_date
2025-02-11,6526,達發,689.0,708.0,685.0,705.0,1390923.0,975716667.0,TWSE STOCK_DAY,https://www.twse.com.tw/rwd/zh/afterTrading/STOCK_DAY?date=20250201&stockNo=6526&response=json,2025-02-11 14:00 Asia/Taipei,premarket trade_date may only use row.date < trade_date
2025-02-12,2345,智邦,782.0,782.0,732.0,732.0,6525803.0,4900070452.0,TWSE STOCK_DAY,https://www.twse.com.tw/rwd/zh/afterTrading/STOCK_DAY?date=20250201&stockNo=2345&response=json,2025-02-12 14:00 Asia/Taipei,premarket trade_date may only use row.date < trade_date
2025-02-12,3017,奇鋐,545.0,565.0,543.0,553.0,9906875.0,5503758317.0,TWSE STOCK_DAY,https://www.twse.com.tw/rwd/zh/afterTrading/STOCK_DAY?date=20250201&stockNo=3017&response=json,2025-02-12 14:00 Asia/Taipei,premarket trade_date may only use row.date < trade_date
2025-02-12,3189,景碩,95.0,95.9,92.7,93.0,4085948.0,383299872.0,TWSE STOCK_DAY,https://www.twse.com.tw/rwd/zh/afterTrading/STOCK_DAY?date=20250201&stockNo=3189&response=json,2025-02-12 14:00 Asia/Taipei,premarket trade_date may only use row.date < trade_date
2025-02-12,3443,創意,1375.0,1375.0,1335.0,1335.0,937462.0,1264028960.0,TWSE STOCK_DAY,https://www.twse.com.tw/rwd/zh/afterTrading/STOCK_DAY?date=20250201&stockNo=3443&response=json,2025-02-12 14:00 Asia/Taipei,premarket trade_date may only use row.date < trade_date
2025-02-12,6526,達發,708.0,715.0,698.0,698.0,810092.0,570664477.0,TWSE STOCK_DAY,https://www.twse.com.tw/rwd/zh/afterTrading/STOCK_DAY?date=20250201&stockNo=6526&response=json,2025-02-12 14:00 Asia/Taipei,premarket trade_date may only use row.date < trade_date
2025-02-13,2345,智邦,728.0,741.0,722.0,725.0,6080201.0,4436059684.0,TWSE STOCK_DAY,https://www.twse.com.tw/rwd/zh/afterTrading/STOCK_DAY?date=20250201&stockNo=2345&response=json,2025-02-13 14:00 Asia/Taipei,premarket trade_date may only use row.date < trade_date
2025-02-13,3017,奇鋐,557.0,563.0,549.0,556.0,6952028.0,3872883638.0,TWSE STOCK_DAY,https://www.twse.com.tw/rwd/zh/afterTrading/STOCK_DAY?date=20250201&stockNo=3017&response=json,2025-02-13 14:00 Asia/Taipei,premarket trade_date may only use row.date < trade_date
2025-02-13,3189,景碩,93.4,97.2,93.4,96.7,7053421.0,677838745.0,TWSE STOCK_DAY,https://www.twse.com.tw/rwd/zh/afterTrading/STOCK_DAY?date=20250201&stockNo=3189&response=json,2025-02-13 14:00 Asia/Taipei,premarket trade_date may only use row.date < trade_date
2025-02-13,3443,創意,1345.0,1365.0,1335.0,1335.0,1101629.0,1483684330.0,TWSE STOCK_DAY,https://www.twse.com.tw/rwd/zh/afterTrading/STOCK_DAY?date=20250201&stockNo=3443&response=json,2025-02-13 14:00 Asia/Taipei,premarket trade_date may only use row.date < trade_date
2025-02-13,6526,達發,702.0,709.0,696.0,709.0,509531.0,359130765.0,TWSE STOCK_DAY,https://www.twse.com.tw/rwd/zh/afterTrading/STOCK_DAY?date=20250201&stockNo=6526&response=json,2025-02-13 14:00 Asia/Taipei,premarket trade_date may only use row.date < trade_date
2025-02-14,2345,智邦,725.0,737.0,716.0,725.0,4589555.0,3329193728.0,TWSE STOCK_DAY,https://www.twse.com.tw/rwd/zh/afterTrading/STOCK_DAY?date=20250201&stockNo=2345&response=json,2025-02-14 14:00 Asia/Taipei,premarket trade_date may only use row.date < trade_date
2025-02-14,3017,奇鋐,556.0,565.0,546.0,560.0,5727340.0,3188099954.0,TWSE STOCK_DAY,https://www.twse.com.tw/rwd/zh/afterTrading/STOCK_DAY?date=20250201&stockNo=3017&response=json,2025-02-14 14:00 Asia/Taipei,premarket trade_date may only use row.date < trade_date
2025-02-14,3189,景碩,96.2,97.5,95.3,96.9,3094515.0,298928707.0,TWSE STOCK_DAY,https://www.twse.com.tw/rwd/zh/afterTrading/STOCK_DAY?date=20250201&stockNo=3189&response=json,2025-02-14 14:00 Asia/Taipei,premarket trade_date may only use row.date < trade_date
2025-02-14,3443,創意,1345.0,1350.0,1315.0,1320.0,1312258.0,1743799140.0,TWSE STOCK_DAY,https://www.twse.com.tw/rwd/zh/afterTrading/STOCK_DAY?date=20250201&stockNo=3443&response=json,2025-02-14 14:00 Asia/Taipei,premarket trade_date may only use row.date < trade_date
2025-02-14,6526,達發,710.0,714.0,693.0,694.0,562975.0,394596242.0,TWSE STOCK_DAY,https://www.twse.com.tw/rwd/zh/afterTrading/STOCK_DAY?date=20250201&stockNo=6526&response=json,2025-02-14 14:00 Asia/Taipei,premarket trade_date may only use row.date < trade_date
2025-02-17,2345,智邦,729.0,758.0,729.0,758.0,5114368.0,3822119437.0,TWSE STOCK_DAY,https://www.twse.com.tw/rwd/zh/afterTrading/STOCK_DAY?date=20250201&stockNo=2345&response=json,2025-02-17 14:00 Asia/Taipei,premarket trade_date may only use row.date < trade_date
2025-02-17,3017,奇鋐,565.0,574.0,558.0,562.0,6055245.0,3428413645.0,TWSE STOCK_DAY,https://www.twse.com.tw/rwd/zh/afterTrading/STOCK_DAY?date=20250201&stockNo=3017&response=json,2025-02-17 14:00 Asia/Taipei,premarket trade_date may only use row.date < trade_date
2025-02-17,3189,景碩,97.0,103.0,96.1,100.0,11235103.0,1129879387.0,TWSE STOCK_DAY,https://www.twse.com.tw/rwd/zh/afterTrading/STOCK_DAY?date=20250201&stockNo=3189&response=json,2025-02-17 14:00 Asia/Taipei,premarket trade_date may only use row.date < trade_date
2025-02-17,3443,創意,1355.0,1435.0,1345.0,1415.0,4777679.0,6697429895.0,TWSE STOCK_DAY,https://www.twse.com.tw/rwd/zh/afterTrading/STOCK_DAY?date=20250201&stockNo=3443&response=json,2025-02-17 14:00 Asia/Taipei,premarket trade_date may only use row.date < trade_date
2025-02-17,6526,達發,695.0,708.0,695.0,702.0,441962.0,310452661.0,TWSE STOCK_DAY,https://www.twse.com.tw/rwd/zh/afterTrading/STOCK_DAY?date=20250201&stockNo=6526&response=json,2025-02-17 14:00 Asia/Taipei,premarket trade_date may only use row.date < trade_date
2025-02-18,2345,智邦,764.0,767.0,745.0,758.0,2983648.0,2256022746.0,TWSE STOCK_DAY,https://www.twse.com.tw/rwd/zh/afterTrading/STOCK_DAY?date=20250201&stockNo=2345&response=json,2025-02-18 14:00 Asia/Taipei,premarket trade_date may only use row.date < trade_date
2025-02-18,3017,奇鋐,563.0,579.0,559.0,579.0,5778691.0,3299679005.0,TWSE STOCK_DAY,https://www.twse.com.tw/rwd/zh/afterTrading/STOCK_DAY?date=20250201&stockNo=3017&response=json,2025-02-18 14:00 Asia/Taipei,premarket trade_date may only use row.date < trade_date
2025-02-18,3189,景碩,100.0,104.0,97.5,103.5,15223700.0,1538577557.0,TWSE STOCK_DAY,https://www.twse.com.tw/rwd/zh/afterTrading/STOCK_DAY?date=20250201&stockNo=3189&response=json,2025-02-18 14:00 Asia/Taipei,premarket trade_date may only use row.date < trade_date
2025-02-18,3443,創意,1430.0,1480.0,1415.0,1450.0,4594739.0,6680198370.0,TWSE STOCK_DAY,https://www.twse.com.tw/rwd/zh/afterTrading/STOCK_DAY?date=20250201&stockNo=3443&response=json,2025-02-18 14:00 Asia/Taipei,premarket trade_date may only use row.date < trade_date
2025-02-18,6526,達發,710.0,710.0,698.0,704.0,358907.0,252858922.0,TWSE STOCK_DAY,https://www.twse.com.tw/rwd/zh/afterTrading/STOCK_DAY?date=20250201&stockNo=6526&response=json,2025-02-18 14:00 Asia/Taipei,premarket trade_date may only use row.date < trade_date
2025-02-19,2345,智邦,700.0,726.0,700.0,713.0,14131004.0,10108669208.0,TWSE STOCK_DAY,https://www.twse.com.tw/rwd/zh/afterTrading/STOCK_DAY?date=20250201&stockNo=2345&response=json,2025-02-19 14:00 Asia/Taipei,premarket trade_date may only use row.date < trade_date
2025-02-19,3017,奇鋐,581.0,583.0,564.0,564.0,6621890.0,3788428113.0,TWSE STOCK_DAY,https://www.twse.com.tw/rwd/zh/afterTrading/STOCK_DAY?date=20250201&stockNo=3017&response=json,2025-02-19 14:00 Asia/Taipei,premarket trade_date may only use row.date < trade_date
2025-02-19,3189,景碩,104.0,110.0,104.0,106.0,23426481.0,2515973856.0,TWSE STOCK_DAY,https://www.twse.com.tw/rwd/zh/afterTrading/STOCK_DAY?date=20250201&stockNo=3189&response=json,2025-02-19 14:00 Asia/Taipei,premarket trade_date may only use row.date < trade_date
2025-02-19,3443,創意,1475.0,1490.0,1415.0,1420.0,3903511.0,5655297055.0,TWSE STOCK_DAY,https://www.twse.com.tw/rwd/zh/afterTrading/STOCK_DAY?date=20250201&stockNo=3443&response=json,2025-02-19 14:00 Asia/Taipei,premarket trade_date may only use row.date < trade_date
2025-02-19,6526,達發,702.0,702.0,697.0,698.0,311075.0,217449981.0,TWSE STOCK_DAY,https://www.twse.com.tw/rwd/zh/afterTrading/STOCK_DAY?date=20250201&stockNo=6526&response=json,2025-02-19 14:00 Asia/Taipei,premarket trade_date may only use row.date < trade_date
2025-02-20,2345,智邦,721.0,724.0,706.0,706.0,7878586.0,5630994871.0,TWSE STOCK_DAY,https://www.twse.com.tw/rwd/zh/afterTrading/STOCK_DAY?date=20250201&stockNo=2345&response=json,2025-02-20 14:00 Asia/Taipei,premarket trade_date may only use row.date < trade_date
2025-02-20,3017,奇鋐,564.0,569.0,555.0,563.0,3523021.0,1980487929.0,TWSE STOCK_DAY,https://www.twse.com.tw/rwd/zh/afterTrading/STOCK_DAY?date=20250201&stockNo=3017&response=json,2025-02-20 14:00 Asia/Taipei,premarket trade_date may only use row.date < trade_date
2025-02-20,3189,景碩,106.5,108.0,105.0,107.0,8353844.0,889505599.0,TWSE STOCK_DAY,https://www.twse.com.tw/rwd/zh/afterTrading/STOCK_DAY?date=20250201&stockNo=3189&response=json,2025-02-20 14:00 Asia/Taipei,premarket trade_date may only use row.date < trade_date
2025-02-20,3443,創意,1425.0,1435.0,1405.0,1415.0,1679923.0,2385115705.0,TWSE STOCK_DAY,https://www.twse.com.tw/rwd/zh/afterTrading/STOCK_DAY?date=20250201&stockNo=3443&response=json,2025-02-20 14:00 Asia/Taipei,premarket trade_date may only use row.date < trade_date
2025-02-20,6526,達發,698.0,700.0,686.0,692.0,411174.0,284573177.0,TWSE STOCK_DAY,https://www.twse.com.tw/rwd/zh/afterTrading/STOCK_DAY?date=20250201&stockNo=6526&response=json,2025-02-20 14:00 Asia/Taipei,premarket trade_date may only use row.date < trade_date
2025-02-21,2345,智邦,720.0,733.0,707.0,721.0,9820888.0,7063216390.0,TWSE STOCK_DAY,https://www.twse.com.tw/rwd/zh/afterTrading/STOCK_DAY?date=20250201&stockNo=2345&response=json,2025-02-21 14:00 Asia/Taipei,premarket trade_date may only use row.date < trade_date
2025-02-21,3017,奇鋐,564.0,569.0,558.0,568.0,3182727.0,1800075125.0,TWSE STOCK_DAY,https://www.twse.com.tw/rwd/zh/afterTrading/STOCK_DAY?date=20250201&stockNo=3017&response=json,2025-02-21 14:00 Asia/Taipei,premarket trade_date may only use row.date < trade_date
2025-02-21,3189,景碩,106.5,109.0,105.0,107.0,4902589.0,522564666.0,TWSE STOCK_DAY,https://www.twse.com.tw/rwd/zh/afterTrading/STOCK_DAY?date=20250201&stockNo=3189&response=json,2025-02-21 14:00 Asia/Taipei,premarket trade_date may only use row.date < trade_date
2025-02-21,3443,創意,1415.0,1420.0,1390.0,1405.0,1647238.0,2316635500.0,TWSE STOCK_DAY,https://www.twse.com.tw/rwd/zh/afterTrading/STOCK_DAY?date=20250201&stockNo=3443&response=json,2025-02-21 14:00 Asia/Taipei,premarket trade_date may only use row.date < trade_date
2025-02-21,6526,達發,690.0,693.0,687.0,689.0,240853.0,166174387.0,TWSE STOCK_DAY,https://www.twse.com.tw/rwd/zh/afterTrading/STOCK_DAY?date=20250201&stockNo=6526&response=json,2025-02-21 14:00 Asia/Taipei,premarket trade_date may only use row.date < trade_date
2025-02-24,2345,智邦,698.0,709.0,679.0,705.0,10247928.0,7156104405.0,TWSE STOCK_DAY,https://www.twse.com.tw/rwd/zh/afterTrading/STOCK_DAY?date=20250201&stockNo=2345&response=json,2025-02-24 14:00 Asia/Taipei,premarket trade_date may only use row.date < trade_date
2025-02-24,3017,奇鋐,554.0,556.0,541.0,542.0,8755605.0,4770174922.0,TWSE STOCK_DAY,https://www.twse.com.tw/rwd/zh/afterTrading/STOCK_DAY?date=20250201&stockNo=3017&response=json,2025-02-24 14:00 Asia/Taipei,premarket trade_date may only use row.date < trade_date
2025-02-24,3189,景碩,105.5,107.0,103.0,104.0,6199055.0,647412952.0,TWSE STOCK_DAY,https://www.twse.com.tw/rwd/zh/afterTrading/STOCK_DAY?date=20250201&stockNo=3189&response=json,2025-02-24 14:00 Asia/Taipei,premarket trade_date may only use row.date < trade_date
2025-02-24,3443,創意,1395.0,1420.0,1375.0,1415.0,1392662.0,1946148720.0,TWSE STOCK_DAY,https://www.twse.com.tw/rwd/zh/afterTrading/STOCK_DAY?date=20250201&stockNo=3443&response=json,2025-02-24 14:00 Asia/Taipei,premarket trade_date may only use row.date < trade_date
2025-02-24,6526,達發,683.0,686.0,678.0,685.0,240811.0,164460844.0,TWSE STOCK_DAY,https://www.twse.com.tw/rwd/zh/afterTrading/STOCK_DAY?date=20250201&stockNo=6526&response=json,2025-02-24 14:00 Asia/Taipei,premarket trade_date may only use row.date < trade_date
2025-02-25,2345,智邦,700.0,705.0,678.0,680.0,8004664.0,5497343940.0,TWSE STOCK_DAY,https://www.twse.com.tw/rwd/zh/afterTrading/STOCK_DAY?date=20250201&stockNo=2345&response=json,2025-02-25 14:00 Asia/Taipei,premarket trade_date may only use row.date < trade_date
2025-02-25,3017,奇鋐,528.0,539.0,523.0,528.0,6405932.0,3387114755.0,TWSE STOCK_DAY,https://www.twse.com.tw/rwd/zh/afterTrading/STOCK_DAY?date=20250201&stockNo=3017&response=json,2025-02-25 14:00 Asia/Taipei,premarket trade_date may only use row.date < trade_date
2025-02-25,3189,景碩,104.0,107.5,103.5,105.0,9003987.0,953623986.0,TWSE STOCK_DAY,https://www.twse.com.tw/rwd/zh/afterTrading/STOCK_DAY?date=20250201&stockNo=3189&response=json,2025-02-25 14:00 Asia/Taipei,premarket trade_date may only use row.date < trade_date
2025-02-25,3443,創意,1400.0,1410.0,1380.0,1410.0,899162.0,1258869305.0,TWSE STOCK_DAY,https://www.twse.com.tw/rwd/zh/afterTrading/STOCK_DAY?date=20250201&stockNo=3443&response=json,2025-02-25 14:00 Asia/Taipei,premarket trade_date may only use row.date < trade_date
2025-02-25,6526,達發,680.0,680.0,672.0,676.0,362416.0,245002714.0,TWSE STOCK_DAY,https://www.twse.com.tw/rwd/zh/afterTrading/STOCK_DAY?date=20250201&stockNo=6526&response=json,2025-02-25 14:00 Asia/Taipei,premarket trade_date may only use row.date < trade_date
2025-02-26,2345,智邦,677.0,697.0,676.0,695.0,5105560.0,3526446148.0,TWSE STOCK_DAY,https://www.twse.com.tw/rwd/zh/afterTrading/STOCK_DAY?date=20250201&stockNo=2345&response=json,2025-02-26 14:00 Asia/Taipei,premarket trade_date may only use row.date < trade_date
2025-02-26,3017,奇鋐,525.0,554.0,524.0,549.0,8688661.0,4706990884.0,TWSE STOCK_DAY,https://www.twse.com.tw/rwd/zh/afterTrading/STOCK_DAY?date=20250201&stockNo=3017&response=json,2025-02-26 14:00 Asia/Taipei,premarket trade_date may only use row.date < trade_date
2025-02-26,3189,景碩,104.5,105.5,103.0,104.0,5894571.0,613468364.0,TWSE STOCK_DAY,https://www.twse.com.tw/rwd/zh/afterTrading/STOCK_DAY?date=20250201&stockNo=3189&response=json,2025-02-26 14:00 Asia/Taipei,premarket trade_date may only use row.date < trade_date
2025-02-26,3443,創意,1410.0,1415.0,1390.0,1395.0,1231056.0,1722155355.0,TWSE STOCK_DAY,https://www.twse.com.tw/rwd/zh/afterTrading/STOCK_DAY?date=20250201&stockNo=3443&response=json,2025-02-26 14:00 Asia/Taipei,premarket trade_date may only use row.date < trade_date
2025-02-26,6526,達發,673.0,684.0,667.0,678.0,450431.0,305088789.0,TWSE STOCK_DAY,https://www.twse.com.tw/rwd/zh/afterTrading/STOCK_DAY?date=20250201&stockNo=6526&response=json,2025-02-26 14:00 Asia/Taipei,premarket trade_date may only use row.date < trade_date
2025-02-27,2345,智邦,700.0,705.0,669.0,673.0,8291139.0,5615210320.0,TWSE STOCK_DAY,https://www.twse.com.tw/rwd/zh/afterTrading/STOCK_DAY?date=20250201&stockNo=2345&response=json,2025-02-27 14:00 Asia/Taipei,premarket trade_date may only use row.date < trade_date
2025-02-27,3017,奇鋐,553.0,567.0,536.0,537.0,10141764.0,5551885904.0,TWSE STOCK_DAY,https://www.twse.com.tw/rwd/zh/afterTrading/STOCK_DAY?date=20250201&stockNo=3017&response=json,2025-02-27 14:00 Asia/Taipei,premarket trade_date may only use row.date < trade_date
2025-02-27,3189,景碩,104.5,105.0,100.5,101.0,6628881.0,675836208.0,TWSE STOCK_DAY,https://www.twse.com.tw/rwd/zh/afterTrading/STOCK_DAY?date=20250201&stockNo=3189&response=json,2025-02-27 14:00 Asia/Taipei,premarket trade_date may only use row.date < trade_date
2025-02-27,3443,創意,1405.0,1430.0,1340.0,1340.0,2910589.0,3991648264.0,TWSE STOCK_DAY,https://www.twse.com.tw/rwd/zh/afterTrading/STOCK_DAY?date=20250201&stockNo=3443&response=json,2025-02-27 14:00 Asia/Taipei,premarket trade_date may only use row.date < trade_date
2025-02-27,6526,達發,677.0,683.0,659.0,659.0,613422.0,408562562.0,TWSE STOCK_DAY,https://www.twse.com.tw/rwd/zh/afterTrading/STOCK_DAY?date=20250201&stockNo=6526&response=json,2025-02-27 14:00 Asia/Taipei,premarket trade_date may only use row.date < trade_date
2025-03-03,2345,智邦,658.0,673.0,656.0,656.0,7377245.0,4886286216.0,TWSE STOCK_DAY,https://www.twse.com.tw/rwd/zh/afterTrading/STOCK_DAY?date=20250301&stockNo=2345&response=json,2025-03-03 14:00 Asia/Taipei,premarket trade_date may only use row.date < trade_date
2025-03-03,3017,奇鋐,528.0,533.0,519.0,519.0,5256958.0,2757095492.0,TWSE STOCK_DAY,https://www.twse.com.tw/rwd/zh/afterTrading/STOCK_DAY?date=20250301&stockNo=3017&response=json,2025-03-03 14:00 Asia/Taipei,premarket trade_date may only use row.date < trade_date
2025-03-03,3189,景碩,99.1,101.0,96.7,97.5,7123128.0,698167591.0,TWSE STOCK_DAY,https://www.twse.com.tw/rwd/zh/afterTrading/STOCK_DAY?date=20250301&stockNo=3189&response=json,2025-03-03 14:00 Asia/Taipei,premarket trade_date may only use row.date < trade_date
2025-03-03,3443,創意,1315.0,1345.0,1280.0,1320.0,2422451.0,3186480730.0,TWSE STOCK_DAY,https://www.twse.com.tw/rwd/zh/afterTrading/STOCK_DAY?date=20250301&stockNo=3443&response=json,2025-03-03 14:00 Asia/Taipei,premarket trade_date may only use row.date < trade_date
2025-03-03,6526,達發,653.0,655.0,636.0,643.0,489125.0,315084912.0,TWSE STOCK_DAY,https://www.twse.com.tw/rwd/zh/afterTrading/STOCK_DAY?date=20250301&stockNo=6526&response=json,2025-03-03 14:00 Asia/Taipei,premarket trade_date may only use row.date < trade_date
2025-03-04,2345,智邦,648.0,682.0,648.0,681.0,7697350.0,5168651346.0,TWSE STOCK_DAY,https://www.twse.com.tw/rwd/zh/afterTrading/STOCK_DAY?date=20250301&stockNo=2345&response=json,2025-03-04 14:00 Asia/Taipei,premarket trade_date may only use row.date < trade_date
2025-03-04,3017,奇鋐,506.0,537.0,500.0,534.0,7628957.0,3989250173.0,TWSE STOCK_DAY,https://www.twse.com.tw/rwd/zh/afterTrading/STOCK_DAY?date=20250301&stockNo=3017&response=json,2025-03-04 14:00 Asia/Taipei,premarket trade_date may only use row.date < trade_date
2025-03-04,3189,景碩,95.8,98.2,94.8,97.5,4695084.0,454424100.0,TWSE STOCK_DAY,https://www.twse.com.tw/rwd/zh/afterTrading/STOCK_DAY?date=20250301&stockNo=3189&response=json,2025-03-04 14:00 Asia/Taipei,premarket trade_date may only use row.date < trade_date
2025-03-04,3443,創意,1285.0,1310.0,1250.0,1285.0,2381849.0,3043102945.0,TWSE STOCK_DAY,https://www.twse.com.tw/rwd/zh/afterTrading/STOCK_DAY?date=20250301&stockNo=3443&response=json,2025-03-04 14:00 Asia/Taipei,premarket trade_date may only use row.date < trade_date
2025-03-04,6526,達發,634.0,655.0,624.0,652.0,435265.0,278681808.0,TWSE STOCK_DAY,https://www.twse.com.tw/rwd/zh/afterTrading/STOCK_DAY?date=20250301&stockNo=6526&response=json,2025-03-04 14:00 Asia/Taipei,premarket trade_date may only use row.date < trade_date
2025-03-05,2345,智邦,690.0,692.0,673.0,687.0,4865577.0,3326127057.0,TWSE STOCK_DAY,https://www.twse.com.tw/rwd/zh/afterTrading/STOCK_DAY?date=20250301&stockNo=2345&response=json,2025-03-05 14:00 Asia/Taipei,premarket trade_date may only use row.date < trade_date
2025-03-05,3017,奇鋐,549.0,576.0,548.0,566.0,14570981.0,8202609379.0,TWSE STOCK_DAY,https://www.twse.com.tw/rwd/zh/afterTrading/STOCK_DAY?date=20250301&stockNo=3017&response=json,2025-03-05 14:00 Asia/Taipei,premarket trade_date may only use row.date < trade_date
2025-03-05,3189,景碩,97.6,104.5,97.6,104.5,8842048.0,903667654.0,TWSE STOCK_DAY,https://www.twse.com.tw/rwd/zh/afterTrading/STOCK_DAY?date=20250301&stockNo=3189&response=json,2025-03-05 14:00 Asia/Taipei,premarket trade_date may only use row.date < trade_date
2025-03-05,3443,創意,1300.0,1330.0,1295.0,1315.0,1817472.0,2391366340.0,TWSE STOCK_DAY,https://www.twse.com.tw/rwd/zh/afterTrading/STOCK_DAY?date=20250301&stockNo=3443&response=json,2025-03-05 14:00 Asia/Taipei,premarket trade_date may only use row.date < trade_date
2025-03-05,6526,達發,652.0,656.0,648.0,650.0,224395.0,146289174.0,TWSE STOCK_DAY,https://www.twse.com.tw/rwd/zh/afterTrading/STOCK_DAY?date=20250301&stockNo=6526&response=json,2025-03-05 14:00 Asia/Taipei,premarket trade_date may only use row.date < trade_date
2025-03-06,2345,智邦,681.0,705.0,681.0,695.0,6926137.0,4810598217.0,TWSE STOCK_DAY,https://www.twse.com.tw/rwd/zh/afterTrading/STOCK_DAY?date=20250301&stockNo=2345&response=json,2025-03-06 14:00 Asia/Taipei,premarket trade_date may only use row.date < trade_date
2025-03-06,3017,奇鋐,570.0,582.0,562.0,576.0,11321459.0,6498990984.0,TWSE STOCK_DAY,https://www.twse.com.tw/rwd/zh/afterTrading/STOCK_DAY?date=20250301&stockNo=3017&response=json,2025-03-06 14:00 Asia/Taipei,premarket trade_date may only use row.date < trade_date
2025-03-06,3189,景碩,104.0,104.5,101.0,101.5,4838209.0,496308169.0,TWSE STOCK_DAY,https://www.twse.com.tw/rwd/zh/afterTrading/STOCK_DAY?date=20250301&stockNo=3189&response=json,2025-03-06 14:00 Asia/Taipei,premarket trade_date may only use row.date < trade_date
2025-03-06,3443,創意,1330.0,1345.0,1310.0,1335.0,1185625.0,1579712365.0,TWSE STOCK_DAY,https://www.twse.com.tw/rwd/zh/afterTrading/STOCK_DAY?date=20250301&stockNo=3443&response=json,2025-03-06 14:00 Asia/Taipei,premarket trade_date may only use row.date < trade_date
2025-03-06,6526,達發,654.0,660.0,650.0,651.0,272640.0,178153342.0,TWSE STOCK_DAY,https://www.twse.com.tw/rwd/zh/afterTrading/STOCK_DAY?date=20250301&stockNo=6526&response=json,2025-03-06 14:00 Asia/Taipei,premarket trade_date may only use row.date < trade_date
2025-03-07,2345,智邦,681.0,686.0,662.0,662.0,9028042.0,6047229512.0,TWSE STOCK_DAY,https://www.twse.com.tw/rwd/zh/afterTrading/STOCK_DAY?date=20250301&stockNo=2345&response=json,2025-03-07 14:00 Asia/Taipei,premarket trade_date may only use row.date < trade_date
2025-03-07,3017,奇鋐,566.0,573.0,558.0,559.0,9004617.0,5077385947.0,TWSE STOCK_DAY,https://www.twse.com.tw/rwd/zh/afterTrading/STOCK_DAY?date=20250301&stockNo=3017&response=json,2025-03-07 14:00 Asia/Taipei,premarket trade_date may only use row.date < trade_date
2025-03-07,3189,景碩,100.5,102.5,99.3,99.4,3501704.0,351319559.0,TWSE STOCK_DAY,https://www.twse.com.tw/rwd/zh/afterTrading/STOCK_DAY?date=20250301&stockNo=3189&response=json,2025-03-07 14:00 Asia/Taipei,premarket trade_date may only use row.date < trade_date
2025-03-07,3443,創意,1315.0,1330.0,1290.0,1290.0,1224592.0,1596783945.0,TWSE STOCK_DAY,https://www.twse.com.tw/rwd/zh/afterTrading/STOCK_DAY?date=20250301&stockNo=3443&response=json,2025-03-07 14:00 Asia/Taipei,premarket trade_date may only use row.date < trade_date
2025-03-07,6526,達發,645.0,649.0,635.0,635.0,361475.0,231141103.0,TWSE STOCK_DAY,https://www.twse.com.tw/rwd/zh/afterTrading/STOCK_DAY?date=20250301&stockNo=6526&response=json,2025-03-07 14:00 Asia/Taipei,premarket trade_date may only use row.date < trade_date
2025-03-10,2345,智邦,658.0,665.0,649.0,649.0,7258471.0,4762066479.0,TWSE STOCK_DAY,https://www.twse.com.tw/rwd/zh/afterTrading/STOCK_DAY?date=20250301&stockNo=2345&response=json,2025-03-10 14:00 Asia/Taipei,premarket trade_date may only use row.date < trade_date
2025-03-10,3017,奇鋐,570.0,576.0,561.0,564.0,6749861.0,3830927861.0,TWSE STOCK_DAY,https://www.twse.com.tw/rwd/zh/afterTrading/STOCK_DAY?date=20250301&stockNo=3017&response=json,2025-03-10 14:00 Asia/Taipei,premarket trade_date may only use row.date < trade_date
2025-03-10,3189,景碩,101.0,101.5,97.8,97.8,3703205.0,367628801.0,TWSE STOCK_DAY,https://www.twse.com.tw/rwd/zh/afterTrading/STOCK_DAY?date=20250301&stockNo=3189&response=json,2025-03-10 14:00 Asia/Taipei,premarket trade_date may only use row.date < trade_date
2025-03-10,3443,創意,1305.0,1310.0,1255.0,1255.0,919936.0,1176135030.0,TWSE STOCK_DAY,https://www.twse.com.tw/rwd/zh/afterTrading/STOCK_DAY?date=20250301&stockNo=3443&response=json,2025-03-10 14:00 Asia/Taipei,premarket trade_date may only use row.date < trade_date
2025-03-10,6526,達發,636.0,647.0,630.0,633.0,264355.0,168618377.0,TWSE STOCK_DAY,https://www.twse.com.tw/rwd/zh/afterTrading/STOCK_DAY?date=20250301&stockNo=6526&response=json,2025-03-10 14:00 Asia/Taipei,premarket trade_date may only use row.date < trade_date
2025-03-11,2345,智邦,630.0,634.0,613.0,634.0,5422055.0,3384731760.0,TWSE STOCK_DAY,https://www.twse.com.tw/rwd/zh/afterTrading/STOCK_DAY?date=20250301&stockNo=2345&response=json,2025-03-11 14:00 Asia/Taipei,premarket trade_date may only use row.date < trade_date
2025-03-11,3017,奇鋐,548.0,570.0,540.0,560.0,9632730.0,5371742875.0,TWSE STOCK_DAY,https://www.twse.com.tw/rwd/zh/afterTrading/STOCK_DAY?date=20250301&stockNo=3017&response=json,2025-03-11 14:00 Asia/Taipei,premarket trade_date may only use row.date < trade_date
2025-03-11,3189,景碩,95.6,98.2,94.3,98.2,3563101.0,343542800.0,TWSE STOCK_DAY,https://www.twse.com.tw/rwd/zh/afterTrading/STOCK_DAY?date=20250301&stockNo=3189&response=json,2025-03-11 14:00 Asia/Taipei,premarket trade_date may only use row.date < trade_date
2025-03-11,3443,創意,1200.0,1225.0,1165.0,1210.0,2078988.0,2494390040.0,TWSE STOCK_DAY,https://www.twse.com.tw/rwd/zh/afterTrading/STOCK_DAY?date=20250301&stockNo=3443&response=json,2025-03-11 14:00 Asia/Taipei,premarket trade_date may only use row.date < trade_date
2025-03-11,6526,達發,625.0,625.0,602.0,614.0,511827.0,312800518.0,TWSE STOCK_DAY,https://www.twse.com.tw/rwd/zh/afterTrading/STOCK_DAY?date=20250301&stockNo=6526&response=json,2025-03-11 14:00 Asia/Taipei,premarket trade_date may only use row.date < trade_date
2025-03-12,2345,智邦,635.0,651.0,635.0,639.0,3952710.0,2536900225.0,TWSE STOCK_DAY,https://www.twse.com.tw/rwd/zh/afterTrading/STOCK_DAY?date=20250301&stockNo=2345&response=json,2025-03-12 14:00 Asia/Taipei,premarket trade_date may only use row.date < trade_date
2025-03-12,3017,奇鋐,567.0,578.0,555.0,556.0,8575540.0,4854308469.0,TWSE STOCK_DAY,https://www.twse.com.tw/rwd/zh/afterTrading/STOCK_DAY?date=20250301&stockNo=3017&response=json,2025-03-12 14:00 Asia/Taipei,premarket trade_date may only use row.date < trade_date
2025-03-12,3189,景碩,98.4,100.5,97.5,98.2,3703482.0,365976012.0,TWSE STOCK_DAY,https://www.twse.com.tw/rwd/zh/afterTrading/STOCK_DAY?date=20250301&stockNo=3189&response=json,2025-03-12 14:00 Asia/Taipei,premarket trade_date may only use row.date < trade_date
2025-03-12,3443,創意,1235.0,1250.0,1210.0,1210.0,844255.0,1034405425.0,TWSE STOCK_DAY,https://www.twse.com.tw/rwd/zh/afterTrading/STOCK_DAY?date=20250301&stockNo=3443&response=json,2025-03-12 14:00 Asia/Taipei,premarket trade_date may only use row.date < trade_date
2025-03-12,6526,達發,618.0,626.0,615.0,622.0,349424.0,217077307.0,TWSE STOCK_DAY,https://www.twse.com.tw/rwd/zh/afterTrading/STOCK_DAY?date=20250301&stockNo=6526&response=json,2025-03-12 14:00 Asia/Taipei,premarket trade_date may only use row.date < trade_date
2025-03-13,2345,智邦,653.0,665.0,645.0,650.0,5680807.0,3714659093.0,TWSE STOCK_DAY,https://www.twse.com.tw/rwd/zh/afterTrading/STOCK_DAY?date=20250301&stockNo=2345&response=json,2025-03-13 14:00 Asia/Taipei,premarket trade_date may only use row.date < trade_date
2025-03-13,3017,奇鋐,574.0,582.0,564.0,566.0,15444533.0,8853727105.0,TWSE STOCK_DAY,https://www.twse.com.tw/rwd/zh/afterTrading/STOCK_DAY?date=20250301&stockNo=3017&response=json,2025-03-13 14:00 Asia/Taipei,premarket trade_date may only use row.date < trade_date
2025-03-13,3189,景碩,100.0,100.5,96.0,96.0,3932087.0,384001833.0,TWSE STOCK_DAY,https://www.twse.com.tw/rwd/zh/afterTrading/STOCK_DAY?date=20250301&stockNo=3189&response=json,2025-03-13 14:00 Asia/Taipei,premarket trade_date may only use row.date < trade_date
2025-03-13,3443,創意,1235.0,1245.0,1175.0,1175.0,990474.0,1188970680.0,TWSE STOCK_DAY,https://www.twse.com.tw/rwd/zh/afterTrading/STOCK_DAY?date=20250301&stockNo=3443&response=json,2025-03-13 14:00 Asia/Taipei,premarket trade_date may only use row.date < trade_date
2025-03-13,6526,達發,630.0,634.0,609.0,611.0,269475.0,166810657.0,TWSE STOCK_DAY,https://www.twse.com.tw/rwd/zh/afterTrading/STOCK_DAY?date=20250301&stockNo=6526&response=json,2025-03-13 14:00 Asia/Taipei,premarket trade_date may only use row.date < trade_date
2025-03-14,2345,智邦,641.0,646.0,605.0,639.0,9123037.0,5752807237.0,TWSE STOCK_DAY,https://www.twse.com.tw/rwd/zh/afterTrading/STOCK_DAY?date=20250301&stockNo=2345&response=json,2025-03-14 14:00 Asia/Taipei,premarket trade_date may only use row.date < trade_date
2025-03-14,3017,奇鋐,573.0,579.0,563.0,576.0,9754386.0,5583104890.0,TWSE STOCK_DAY,https://www.twse.com.tw/rwd/zh/afterTrading/STOCK_DAY?date=20250301&stockNo=3017&response=json,2025-03-14 14:00 Asia/Taipei,premarket trade_date may only use row.date < trade_date
2025-03-14,3189,景碩,96.5,97.1,95.0,96.7,2687564.0,258425532.0,TWSE STOCK_DAY,https://www.twse.com.tw/rwd/zh/afterTrading/STOCK_DAY?date=20250301&stockNo=3189&response=json,2025-03-14 14:00 Asia/Taipei,premarket trade_date may only use row.date < trade_date
2025-03-14,3443,創意,1185.0,1215.0,1175.0,1205.0,799676.0,957134060.0,TWSE STOCK_DAY,https://www.twse.com.tw/rwd/zh/afterTrading/STOCK_DAY?date=20250301&stockNo=3443&response=json,2025-03-14 14:00 Asia/Taipei,premarket trade_date may only use row.date < trade_date
2025-03-14,6526,達發,612.0,616.0,607.0,611.0,207804.0,126932846.0,TWSE STOCK_DAY,https://www.twse.com.tw/rwd/zh/afterTrading/STOCK_DAY?date=20250301&stockNo=6526&response=json,2025-03-14 14:00 Asia/Taipei,premarket trade_date may only use row.date < trade_date
2025-03-17,2345,智邦,653.0,661.0,647.0,653.0,3918577.0,2567231852.0,TWSE STOCK_DAY,https://www.twse.com.tw/rwd/zh/afterTrading/STOCK_DAY?date=20250301&stockNo=2345&response=json,2025-03-17 14:00 Asia/Taipei,premarket trade_date may only use row.date < trade_date
2025-03-17,3017,奇鋐,580.0,587.0,560.0,561.0,8647320.0,4936050368.0,TWSE STOCK_DAY,https://www.twse.com.tw/rwd/zh/afterTrading/STOCK_DAY?date=20250301&stockNo=3017&response=json,2025-03-17 14:00 Asia/Taipei,premarket trade_date may only use row.date < trade_date
2025-03-17,3189,景碩,97.3,97.8,96.5,96.7,1580793.0,153455957.0,TWSE STOCK_DAY,https://www.twse.com.tw/rwd/zh/afterTrading/STOCK_DAY?date=20250301&stockNo=3189&response=json,2025-03-17 14:00 Asia/Taipei,premarket trade_date may only use row.date < trade_date
2025-03-17,3443,創意,1225.0,1240.0,1195.0,1200.0,948856.0,1151240765.0,TWSE STOCK_DAY,https://www.twse.com.tw/rwd/zh/afterTrading/STOCK_DAY?date=20250301&stockNo=3443&response=json,2025-03-17 14:00 Asia/Taipei,premarket trade_date may only use row.date < trade_date
2025-03-17,6526,達發,620.0,623.0,613.0,615.0,185047.0,114328233.0,TWSE STOCK_DAY,https://www.twse.com.tw/rwd/zh/afterTrading/STOCK_DAY?date=20250301&stockNo=6526&response=json,2025-03-17 14:00 Asia/Taipei,premarket trade_date may only use row.date < trade_date
2025-03-18,2345,智邦,660.0,669.0,657.0,667.0,3873778.0,2571225266.0,TWSE STOCK_DAY,https://www.twse.com.tw/rwd/zh/afterTrading/STOCK_DAY?date=20250301&stockNo=2345&response=json,2025-03-18 14:00 Asia/Taipei,premarket trade_date may only use row.date < trade_date
2025-03-18,3017,奇鋐,569.0,573.0,561.0,564.0,4322809.0,2446311298.0,TWSE STOCK_DAY,https://www.twse.com.tw/rwd/zh/afterTrading/STOCK_DAY?date=20250301&stockNo=3017&response=json,2025-03-18 14:00 Asia/Taipei,premarket trade_date may only use row.date < trade_date
2025-03-18,3189,景碩,97.5,97.9,96.4,96.6,1349691.0,130931663.0,TWSE STOCK_DAY,https://www.twse.com.tw/rwd/zh/afterTrading/STOCK_DAY?date=20250301&stockNo=3189&response=json,2025-03-18 14:00 Asia/Taipei,premarket trade_date may only use row.date < trade_date
2025-03-18,3443,創意,1220.0,1235.0,1190.0,1195.0,1200455.0,1448283485.0,TWSE STOCK_DAY,https://www.twse.com.tw/rwd/zh/afterTrading/STOCK_DAY?date=20250301&stockNo=3443&response=json,2025-03-18 14:00 Asia/Taipei,premarket trade_date may only use row.date < trade_date
2025-03-18,6526,達發,619.0,631.0,619.0,626.0,184143.0,115384417.0,TWSE STOCK_DAY,https://www.twse.com.tw/rwd/zh/afterTrading/STOCK_DAY?date=20250301&stockNo=6526&response=json,2025-03-18 14:00 Asia/Taipei,premarket trade_date may only use row.date < trade_date
2025-03-19,2345,智邦,665.0,669.0,642.0,644.0,3636487.0,2369092291.0,TWSE STOCK_DAY,https://www.twse.com.tw/rwd/zh/afterTrading/STOCK_DAY?date=20250301&stockNo=2345&response=json,2025-03-19 14:00 Asia/Taipei,premarket trade_date may only use row.date < trade_date
2025-03-19,3017,奇鋐,562.0,562.0,531.0,533.0,9325465.0,5041924679.0,TWSE STOCK_DAY,https://www.twse.com.tw/rwd/zh/afterTrading/STOCK_DAY?date=20250301&stockNo=3017&response=json,2025-03-19 14:00 Asia/Taipei,premarket trade_date may only use row.date < trade_date
2025-03-19,3189,景碩,96.9,97.8,95.0,95.2,3205826.0,307107576.0,TWSE STOCK_DAY,https://www.twse.com.tw/rwd/zh/afterTrading/STOCK_DAY?date=20250301&stockNo=3189&response=json,2025-03-19 14:00 Asia/Taipei,premarket trade_date may only use row.date < trade_date
2025-03-19,3443,創意,1195.0,1200.0,1165.0,1165.0,1088034.0,1281019175.0,TWSE STOCK_DAY,https://www.twse.com.tw/rwd/zh/afterTrading/STOCK_DAY?date=20250301&stockNo=3443&response=json,2025-03-19 14:00 Asia/Taipei,premarket trade_date may only use row.date < trade_date
2025-03-19,6526,達發,627.0,633.0,615.0,617.0,240201.0,149405869.0,TWSE STOCK_DAY,https://www.twse.com.tw/rwd/zh/afterTrading/STOCK_DAY?date=20250301&stockNo=6526&response=json,2025-03-19 14:00 Asia/Taipei,premarket trade_date may only use row.date < trade_date
2025-03-20,2345,智邦,654.0,660.0,642.0,642.0,3793477.0,2461663377.0,TWSE STOCK_DAY,https://www.twse.com.tw/rwd/zh/afterTrading/STOCK_DAY?date=20250301&stockNo=2345&response=json,2025-03-20 14:00 Asia/Taipei,premarket trade_date may only use row.date < trade_date
2025-03-20,3017,奇鋐,540.0,558.0,537.0,551.0,7343784.0,4014399409.0,TWSE STOCK_DAY,https://www.twse.com.tw/rwd/zh/afterTrading/STOCK_DAY?date=20250301&stockNo=3017&response=json,2025-03-20 14:00 Asia/Taipei,premarket trade_date may only use row.date < trade_date
2025-03-20,3189,景碩,96.0,97.5,96.0,97.3,1962625.0,190367186.0,TWSE STOCK_DAY,https://www.twse.com.tw/rwd/zh/afterTrading/STOCK_DAY?date=20250301&stockNo=3189&response=json,2025-03-20 14:00 Asia/Taipei,premarket trade_date may only use row.date < trade_date
2025-03-20,3443,創意,1190.0,1205.0,1175.0,1190.0,921732.0,1098109830.0,TWSE STOCK_DAY,https://www.twse.com.tw/rwd/zh/afterTrading/STOCK_DAY?date=20250301&stockNo=3443&response=json,2025-03-20 14:00 Asia/Taipei,premarket trade_date may only use row.date < trade_date
2025-03-20,6526,達發,629.0,629.0,619.0,626.0,207649.0,129372151.0,TWSE STOCK_DAY,https://www.twse.com.tw/rwd/zh/afterTrading/STOCK_DAY?date=20250301&stockNo=6526&response=json,2025-03-20 14:00 Asia/Taipei,premarket trade_date may only use row.date < trade_date
2025-03-21,2345,智邦,650.0,664.0,647.0,663.0,4636102.0,3056270495.0,TWSE STOCK_DAY,https://www.twse.com.tw/rwd/zh/afterTrading/STOCK_DAY?date=20250301&stockNo=2345&response=json,2025-03-21 14:00 Asia/Taipei,premarket trade_date may only use row.date < trade_date
2025-03-21,3017,奇鋐,550.0,551.0,535.0,535.0,5552344.0,2990980357.0,TWSE STOCK_DAY,https://www.twse.com.tw/rwd/zh/afterTrading/STOCK_DAY?date=20250301&stockNo=3017&response=json,2025-03-21 14:00 Asia/Taipei,premarket trade_date may only use row.date < trade_date
2025-03-21,3189,景碩,97.5,97.5,96.5,96.6,875253.0,84730793.0,TWSE STOCK_DAY,https://www.twse.com.tw/rwd/zh/afterTrading/STOCK_DAY?date=20250301&stockNo=3189&response=json,2025-03-21 14:00 Asia/Taipei,premarket trade_date may only use row.date < trade_date
2025-03-21,3443,創意,1195.0,1200.0,1155.0,1170.0,1158964.0,1356595255.0,TWSE STOCK_DAY,https://www.twse.com.tw/rwd/zh/afterTrading/STOCK_DAY?date=20250301&stockNo=3443&response=json,2025-03-21 14:00 Asia/Taipei,premarket trade_date may only use row.date < trade_date
2025-03-21,6526,達發,624.0,630.0,619.0,630.0,241785.0,151056966.0,TWSE STOCK_DAY,https://www.twse.com.tw/rwd/zh/afterTrading/STOCK_DAY?date=20250301&stockNo=6526&response=json,2025-03-21 14:00 Asia/Taipei,premarket trade_date may only use row.date < trade_date
2025-03-24,2345,智邦,667.0,668.0,643.0,643.0,2031542.0,1327888163.0,TWSE STOCK_DAY,https://www.twse.com.tw/rwd/zh/afterTrading/STOCK_DAY?date=20250301&stockNo=2345&response=json,2025-03-24 14:00 Asia/Taipei,premarket trade_date may only use row.date < trade_date
2025-03-24,3017,奇鋐,539.0,540.0,516.0,520.0,8027474.0,4207796709.0,TWSE STOCK_DAY,https://www.twse.com.tw/rwd/zh/afterTrading/STOCK_DAY?date=20250301&stockNo=3017&response=json,2025-03-24 14:00 Asia/Taipei,premarket trade_date may only use row.date < trade_date
2025-03-24,3189,景碩,97.5,97.6,95.4,95.5,1452006.0,139603116.0,TWSE STOCK_DAY,https://www.twse.com.tw/rwd/zh/afterTrading/STOCK_DAY?date=20250301&stockNo=3189&response=json,2025-03-24 14:00 Asia/Taipei,premarket trade_date may only use row.date < trade_date
2025-03-24,3443,創意,1200.0,1220.0,1180.0,1195.0,1737837.0,2084430025.0,TWSE STOCK_DAY,https://www.twse.com.tw/rwd/zh/afterTrading/STOCK_DAY?date=20250301&stockNo=3443&response=json,2025-03-24 14:00 Asia/Taipei,premarket trade_date may only use row.date < trade_date
2025-03-24,6526,達發,628.0,632.0,621.0,623.0,187176.0,116755586.0,TWSE STOCK_DAY,https://www.twse.com.tw/rwd/zh/afterTrading/STOCK_DAY?date=20250301&stockNo=6526&response=json,2025-03-24 14:00 Asia/Taipei,premarket trade_date may only use row.date < trade_date
2025-03-25,2345,智邦,655.0,664.0,652.0,659.0,2950105.0,1940986836.0,TWSE STOCK_DAY,https://www.twse.com.tw/rwd/zh/afterTrading/STOCK_DAY?date=20250301&stockNo=2345&response=json,2025-03-25 14:00 Asia/Taipei,premarket trade_date may only use row.date < trade_date
2025-03-25,3017,奇鋐,532.0,536.0,523.0,526.0,5007430.0,2647790796.0,TWSE STOCK_DAY,https://www.twse.com.tw/rwd/zh/afterTrading/STOCK_DAY?date=20250301&stockNo=3017&response=json,2025-03-25 14:00 Asia/Taipei,premarket trade_date may only use row.date < trade_date
2025-03-25,3189,景碩,97.0,97.5,94.6,95.1,1739890.0,166307722.0,TWSE STOCK_DAY,https://www.twse.com.tw/rwd/zh/afterTrading/STOCK_DAY?date=20250301&stockNo=3189&response=json,2025-03-25 14:00 Asia/Taipei,premarket trade_date may only use row.date < trade_date
2025-03-25,3443,創意,1215.0,1230.0,1205.0,1205.0,1549894.0,1885451305.0,TWSE STOCK_DAY,https://www.twse.com.tw/rwd/zh/afterTrading/STOCK_DAY?date=20250301&stockNo=3443&response=json,2025-03-25 14:00 Asia/Taipei,premarket trade_date may only use row.date < trade_date
2025-03-25,6526,達發,630.0,633.0,624.0,627.0,199905.0,125617584.0,TWSE STOCK_DAY,https://www.twse.com.tw/rwd/zh/afterTrading/STOCK_DAY?date=20250301&stockNo=6526&response=json,2025-03-25 14:00 Asia/Taipei,premarket trade_date may only use row.date < trade_date
2025-03-26,2345,智邦,656.0,665.0,648.0,655.0,1907968.0,1250486959.0,TWSE STOCK_DAY,https://www.twse.com.tw/rwd/zh/afterTrading/STOCK_DAY?date=20250301&stockNo=2345&response=json,2025-03-26 14:00 Asia/Taipei,premarket trade_date may only use row.date < trade_date
2025-03-26,3017,奇鋐,527.0,534.0,522.0,532.0,3776115.0,1997915888.0,TWSE STOCK_DAY,https://www.twse.com.tw/rwd/zh/afterTrading/STOCK_DAY?date=20250301&stockNo=3017&response=json,2025-03-26 14:00 Asia/Taipei,premarket trade_date may only use row.date < trade_date
2025-03-26,3189,景碩,95.5,96.0,94.7,95.0,1270305.0,120799274.0,TWSE STOCK_DAY,https://www.twse.com.tw/rwd/zh/afterTrading/STOCK_DAY?date=20250301&stockNo=3189&response=json,2025-03-26 14:00 Asia/Taipei,premarket trade_date may only use row.date < trade_date
2025-03-26,3443,創意,1205.0,1230.0,1205.0,1230.0,993746.0,1213201395.0,TWSE STOCK_DAY,https://www.twse.com.tw/rwd/zh/afterTrading/STOCK_DAY?date=20250301&stockNo=3443&response=json,2025-03-26 14:00 Asia/Taipei,premarket trade_date may only use row.date < trade_date
2025-03-26,6526,達發,628.0,635.0,627.0,630.0,145054.0,91411403.0,TWSE STOCK_DAY,https://www.twse.com.tw/rwd/zh/afterTrading/STOCK_DAY?date=20250301&stockNo=6526&response=json,2025-03-26 14:00 Asia/Taipei,premarket trade_date may only use row.date < trade_date
2025-03-27,2345,智邦,632.0,635.0,616.0,634.0,5739169.0,3593393509.0,TWSE STOCK_DAY,https://www.twse.com.tw/rwd/zh/afterTrading/STOCK_DAY?date=20250301&stockNo=2345&response=json,2025-03-27 14:00 Asia/Taipei,premarket trade_date may only use row.date < trade_date
2025-03-27,3017,奇鋐,520.0,530.0,511.0,530.0,6570351.0,3424711063.0,TWSE STOCK_DAY,https://www.twse.com.tw/rwd/zh/afterTrading/STOCK_DAY?date=20250301&stockNo=3017&response=json,2025-03-27 14:00 Asia/Taipei,premarket trade_date may only use row.date < trade_date
2025-03-27,3189,景碩,94.2,94.2,92.7,92.8,3631669.0,338693179.0,TWSE STOCK_DAY,https://www.twse.com.tw/rwd/zh/afterTrading/STOCK_DAY?date=20250301&stockNo=3189&response=json,2025-03-27 14:00 Asia/Taipei,premarket trade_date may only use row.date < trade_date
2025-03-27,3443,創意,1210.0,1210.0,1190.0,1190.0,1008084.0,1206650260.0,TWSE STOCK_DAY,https://www.twse.com.tw/rwd/zh/afterTrading/STOCK_DAY?date=20250301&stockNo=3443&response=json,2025-03-27 14:00 Asia/Taipei,premarket trade_date may only use row.date < trade_date
2025-03-27,6526,達發,619.0,620.0,612.0,619.0,188685.0,116356371.0,TWSE STOCK_DAY,https://www.twse.com.tw/rwd/zh/afterTrading/STOCK_DAY?date=20250301&stockNo=6526&response=json,2025-03-27 14:00 Asia/Taipei,premarket trade_date may only use row.date < trade_date
2025-03-28,2345,智邦,610.0,627.0,607.0,610.0,4749603.0,2913620977.0,TWSE STOCK_DAY,https://www.twse.com.tw/rwd/zh/afterTrading/STOCK_DAY?date=20250301&stockNo=2345&response=json,2025-03-28 14:00 Asia/Taipei,premarket trade_date may only use row.date < trade_date
2025-03-28,3017,奇鋐,517.0,523.0,504.0,504.0,6485205.0,3314881336.0,TWSE STOCK_DAY,https://www.twse.com.tw/rwd/zh/afterTrading/STOCK_DAY?date=20250301&stockNo=3017&response=json,2025-03-28 14:00 Asia/Taipei,premarket trade_date may only use row.date < trade_date
2025-03-28,3189,景碩,92.5,92.5,88.8,89.9,5184756.0,468295806.0,TWSE STOCK_DAY,https://www.twse.com.tw/rwd/zh/afterTrading/STOCK_DAY?date=20250301&stockNo=3189&response=json,2025-03-28 14:00 Asia/Taipei,premarket trade_date may only use row.date < trade_date
2025-03-28,3443,創意,1185.0,1195.0,1150.0,1155.0,1507341.0,1766300815.0,TWSE STOCK_DAY,https://www.twse.com.tw/rwd/zh/afterTrading/STOCK_DAY?date=20250301&stockNo=3443&response=json,2025-03-28 14:00 Asia/Taipei,premarket trade_date may only use row.date < trade_date
2025-03-28,6526,達發,615.0,615.0,586.0,592.0,762938.0,454803433.0,TWSE STOCK_DAY,https://www.twse.com.tw/rwd/zh/afterTrading/STOCK_DAY?date=20250301&stockNo=6526&response=json,2025-03-28 14:00 Asia/Taipei,premarket trade_date may only use row.date < trade_date
2025-03-31,2345,智邦,586.0,598.0,576.0,576.0,5335222.0,3119172340.0,TWSE STOCK_DAY,https://www.twse.com.tw/rwd/zh/afterTrading/STOCK_DAY?date=20250301&stockNo=2345&response=json,2025-03-31 14:00 Asia/Taipei,premarket trade_date may only use row.date < trade_date
2025-03-31,3017,奇鋐,485.0,492.0,454.0,454.0,10492553.0,4899739845.0,TWSE STOCK_DAY,https://www.twse.com.tw/rwd/zh/afterTrading/STOCK_DAY?date=20250301&stockNo=3017&response=json,2025-03-31 14:00 Asia/Taipei,premarket trade_date may only use row.date < trade_date
2025-03-31,3189,景碩,85.0,86.0,81.0,81.0,9368440.0,766614572.0,TWSE STOCK_DAY,https://www.twse.com.tw/rwd/zh/afterTrading/STOCK_DAY?date=20250301&stockNo=3189&response=json,2025-03-31 14:00 Asia/Taipei,premarket trade_date may only use row.date < trade_date
2025-03-31,3443,創意,1100.0,1125.0,1040.0,1050.0,2416268.0,2582083540.0,TWSE STOCK_DAY,https://www.twse.com.tw/rwd/zh/afterTrading/STOCK_DAY?date=20250301&stockNo=3443&response=json,2025-03-31 14:00 Asia/Taipei,premarket trade_date may only use row.date < trade_date
2025-03-31,6526,達發,566.0,570.0,545.0,550.0,809000.0,448545186.0,TWSE STOCK_DAY,https://www.twse.com.tw/rwd/zh/afterTrading/STOCK_DAY?date=20250301&stockNo=6526&response=json,2025-03-31 14:00 Asia/Taipei,premarket trade_date may only use row.date < trade_date
2025-04-01,2345,智邦,591.0,592.0,580.0,589.0,2476238.0,1454122420.0,TWSE STOCK_DAY,https://www.twse.com.tw/rwd/zh/afterTrading/STOCK_DAY?date=20250401&stockNo=2345&response=json,2025-04-01 14:00 Asia/Taipei,premarket trade_date may only use row.date < trade_date
2025-04-01,3017,奇鋐,454.0,462.0,451.0,458.5,6913817.0,3156444902.0,TWSE STOCK_DAY,https://www.twse.com.tw/rwd/zh/afterTrading/STOCK_DAY?date=20250401&stockNo=3017&response=json,2025-04-01 14:00 Asia/Taipei,premarket trade_date may only use row.date < trade_date
2025-04-01,3189,景碩,81.4,83.8,80.4,83.0,4195513.0,344768893.0,TWSE STOCK_DAY,https://www.twse.com.tw/rwd/zh/afterTrading/STOCK_DAY?date=20250401&stockNo=3189&response=json,2025-04-01 14:00 Asia/Taipei,premarket trade_date may only use row.date < trade_date
2025-04-01,3443,創意,1075.0,1085.0,1050.0,1085.0,1190971.0,1274591305.0,TWSE STOCK_DAY,https://www.twse.com.tw/rwd/zh/afterTrading/STOCK_DAY?date=20250401&stockNo=3443&response=json,2025-04-01 14:00 Asia/Taipei,premarket trade_date may only use row.date < trade_date
2025-04-01,6526,達發,556.0,580.0,550.0,577.0,328085.0,186120318.0,TWSE STOCK_DAY,https://www.twse.com.tw/rwd/zh/afterTrading/STOCK_DAY?date=20250401&stockNo=6526&response=json,2025-04-01 14:00 Asia/Taipei,premarket trade_date may only use row.date < trade_date
2025-04-02,2345,智邦,595.0,607.0,582.0,589.0,3315470.0,1957682487.0,TWSE STOCK_DAY,https://www.twse.com.tw/rwd/zh/afterTrading/STOCK_DAY?date=20250401&stockNo=2345&response=json,2025-04-02 14:00 Asia/Taipei,premarket trade_date may only use row.date < trade_date
2025-04-02,3017,奇鋐,463.5,478.0,462.0,466.0,5337726.0,2496523960.0,TWSE STOCK_DAY,https://www.twse.com.tw/rwd/zh/afterTrading/STOCK_DAY?date=20250401&stockNo=3017&response=json,2025-04-02 14:00 Asia/Taipei,premarket trade_date may only use row.date < trade_date
2025-04-02,3189,景碩,83.0,84.0,81.6,83.7,1901117.0,158000712.0,TWSE STOCK_DAY,https://www.twse.com.tw/rwd/zh/afterTrading/STOCK_DAY?date=20250401&stockNo=3189&response=json,2025-04-02 14:00 Asia/Taipei,premarket trade_date may only use row.date < trade_date
2025-04-02,3443,創意,1080.0,1110.0,1070.0,1110.0,987387.0,1079103770.0,TWSE STOCK_DAY,https://www.twse.com.tw/rwd/zh/afterTrading/STOCK_DAY?date=20250401&stockNo=3443&response=json,2025-04-02 14:00 Asia/Taipei,premarket trade_date may only use row.date < trade_date
2025-04-02,6526,達發,573.0,583.0,568.0,580.0,178791.0,103169815.0,TWSE STOCK_DAY,https://www.twse.com.tw/rwd/zh/afterTrading/STOCK_DAY?date=20250401&stockNo=6526&response=json,2025-04-02 14:00 Asia/Taipei,premarket trade_date may only use row.date < trade_date
2025-04-07,2345,智邦,531.0,531.0,531.0,531.0,660647.0,350803557.0,TWSE STOCK_DAY,https://www.twse.com.tw/rwd/zh/afterTrading/STOCK_DAY?date=20250401&stockNo=2345&response=json,2025-04-07 14:00 Asia/Taipei,premarket trade_date may only use row.date < trade_date
2025-04-07,3017,奇鋐,419.5,419.5,419.5,419.5,295599.0,124003439.0,TWSE STOCK_DAY,https://www.twse.com.tw/rwd/zh/afterTrading/STOCK_DAY?date=20250401&stockNo=3017&response=json,2025-04-07 14:00 Asia/Taipei,premarket trade_date may only use row.date < trade_date
2025-04-07,3189,景碩,75.4,75.4,75.4,75.4,423853.0,31958411.0,TWSE STOCK_DAY,https://www.twse.com.tw/rwd/zh/afterTrading/STOCK_DAY?date=20250401&stockNo=3189&response=json,2025-04-07 14:00 Asia/Taipei,premarket trade_date may only use row.date < trade_date
2025-04-07,3443,創意,999.0,999.0,999.0,999.0,98116.0,98017884.0,TWSE STOCK_DAY,https://www.twse.com.tw/rwd/zh/afterTrading/STOCK_DAY?date=20250401&stockNo=3443&response=json,2025-04-07 14:00 Asia/Taipei,premarket trade_date may only use row.date < trade_date
2025-04-07,6526,達發,522.0,522.0,522.0,522.0,28128.0,14682816.0,TWSE STOCK_DAY,https://www.twse.com.tw/rwd/zh/afterTrading/STOCK_DAY?date=20250401&stockNo=6526&response=json,2025-04-07 14:00 Asia/Taipei,premarket trade_date may only use row.date < trade_date
2025-04-08,2345,智邦,478.0,489.0,478.0,478.0,7442893.0,3573763423.0,TWSE STOCK_DAY,https://www.twse.com.tw/rwd/zh/afterTrading/STOCK_DAY?date=20250401&stockNo=2345&response=json,2025-04-08 14:00 Asia/Taipei,premarket trade_date may only use row.date < trade_date
2025-04-08,3017,奇鋐,378.0,378.0,378.0,378.0,2931624.0,1108169610.0,TWSE STOCK_DAY,https://www.twse.com.tw/rwd/zh/afterTrading/STOCK_DAY?date=20250401&stockNo=3017&response=json,2025-04-08 14:00 Asia/Taipei,premarket trade_date may only use row.date < trade_date
2025-04-08,3189,景碩,67.9,67.9,67.9,67.9,1809235.0,122847232.0,TWSE STOCK_DAY,https://www.twse.com.tw/rwd/zh/afterTrading/STOCK_DAY?date=20250401&stockNo=3189&response=json,2025-04-08 14:00 Asia/Taipei,premarket trade_date may only use row.date < trade_date
2025-04-08,3443,創意,900.0,934.0,900.0,900.0,2472148.0,2251289381.0,TWSE STOCK_DAY,https://www.twse.com.tw/rwd/zh/afterTrading/STOCK_DAY?date=20250401&stockNo=3443&response=json,2025-04-08 14:00 Asia/Taipei,premarket trade_date may only use row.date < trade_date
2025-04-08,6526,達發,473.5,490.5,470.0,470.0,1075122.0,510860705.0,TWSE STOCK_DAY,https://www.twse.com.tw/rwd/zh/afterTrading/STOCK_DAY?date=20250401&stockNo=6526&response=json,2025-04-08 14:00 Asia/Taipei,premarket trade_date may only use row.date < trade_date
2025-04-09,2345,智邦,442.0,466.0,430.5,435.0,11599946.0,5163920654.0,TWSE STOCK_DAY,https://www.twse.com.tw/rwd/zh/afterTrading/STOCK_DAY?date=20250401&stockNo=2345&response=json,2025-04-09 14:00 Asia/Taipei,premarket trade_date may only use row.date < trade_date
2025-04-09,3017,奇鋐,346.0,357.5,340.5,340.5,10095428.0,3496524919.0,TWSE STOCK_DAY,https://www.twse.com.tw/rwd/zh/afterTrading/STOCK_DAY?date=20250401&stockNo=3017&response=json,2025-04-09 14:00 Asia/Taipei,premarket trade_date may only use row.date < trade_date
2025-04-09,3189,景碩,61.3,62.5,61.2,61.2,5684447.0,348705273.0,TWSE STOCK_DAY,https://www.twse.com.tw/rwd/zh/afterTrading/STOCK_DAY?date=20250401&stockNo=3189&response=json,2025-04-09 14:00 Asia/Taipei,premarket trade_date may only use row.date < trade_date
2025-04-09,3443,創意,884.0,915.0,816.0,853.0,3923807.0,3400122361.0,TWSE STOCK_DAY,https://www.twse.com.tw/rwd/zh/afterTrading/STOCK_DAY?date=20250401&stockNo=3443&response=json,2025-04-09 14:00 Asia/Taipei,premarket trade_date may only use row.date < trade_date
2025-04-09,6526,達發,442.5,460.0,423.0,423.0,949716.0,414866103.0,TWSE STOCK_DAY,https://www.twse.com.tw/rwd/zh/afterTrading/STOCK_DAY?date=20250401&stockNo=6526&response=json,2025-04-09 14:00 Asia/Taipei,premarket trade_date may only use row.date < trade_date
2025-04-10,2345,智邦,478.5,478.5,478.5,478.5,828819.0,396589591.0,TWSE STOCK_DAY,https://www.twse.com.tw/rwd/zh/afterTrading/STOCK_DAY?date=20250401&stockNo=2345&response=json,2025-04-10 14:00 Asia/Taipei,premarket trade_date may only use row.date < trade_date
2025-04-10,3017,奇鋐,374.5,374.5,374.5,374.5,2646685.0,991183403.0,TWSE STOCK_DAY,https://www.twse.com.tw/rwd/zh/afterTrading/STOCK_DAY?date=20250401&stockNo=3017&response=json,2025-04-10 14:00 Asia/Taipei,premarket trade_date may only use row.date < trade_date
2025-04-10,3189,景碩,66.3,67.3,65.9,67.3,5324920.0,356946779.0,TWSE STOCK_DAY,https://www.twse.com.tw/rwd/zh/afterTrading/STOCK_DAY?date=20250401&stockNo=3189&response=json,2025-04-10 14:00 Asia/Taipei,premarket trade_date may only use row.date < trade_date
2025-04-10,3443,創意,938.0,938.0,938.0,938.0,482575.0,452655350.0,TWSE STOCK_DAY,https://www.twse.com.tw/rwd/zh/afterTrading/STOCK_DAY?date=20250401&stockNo=3443&response=json,2025-04-10 14:00 Asia/Taipei,premarket trade_date may only use row.date < trade_date
2025-04-10,6526,達發,465.0,465.0,465.0,465.0,193839.0,90135135.0,TWSE STOCK_DAY,https://www.twse.com.tw/rwd/zh/afterTrading/STOCK_DAY?date=20250401&stockNo=6526&response=json,2025-04-10 14:00 Asia/Taipei,premarket trade_date may only use row.date < trade_date
2025-04-11,2345,智邦,480.5,512.0,465.0,509.0,11233578.0,5583051971.0,TWSE STOCK_DAY,https://www.twse.com.tw/rwd/zh/afterTrading/STOCK_DAY?date=20250401&stockNo=2345&response=json,2025-04-11 14:00 Asia/Taipei,premarket trade_date may only use row.date < trade_date
2025-04-11,3017,奇鋐,365.5,411.5,347.0,411.5,16450778.0,6393857030.0,TWSE STOCK_DAY,https://www.twse.com.tw/rwd/zh/afterTrading/STOCK_DAY?date=20250401&stockNo=3017&response=json,2025-04-11 14:00 Asia/Taipei,premarket trade_date may only use row.date < trade_date
2025-04-11,3189,景碩,62.1,65.8,60.8,65.5,7835211.0,500895142.0,TWSE STOCK_DAY,https://www.twse.com.tw/rwd/zh/afterTrading/STOCK_DAY?date=20250401&stockNo=3189&response=json,2025-04-11 14:00 Asia/Taipei,premarket trade_date may only use row.date < trade_date
2025-04-11,3443,創意,916.0,982.0,880.0,981.0,3506105.0,3282241073.0,TWSE STOCK_DAY,https://www.twse.com.tw/rwd/zh/afterTrading/STOCK_DAY?date=20250401&stockNo=3443&response=json,2025-04-11 14:00 Asia/Taipei,premarket trade_date may only use row.date < trade_date
2025-04-11,6526,達發,465.0,482.5,441.0,481.0,785476.0,364786598.0,TWSE STOCK_DAY,https://www.twse.com.tw/rwd/zh/afterTrading/STOCK_DAY?date=20250401&stockNo=6526&response=json,2025-04-11 14:00 Asia/Taipei,premarket trade_date may only use row.date < trade_date
2025-04-14,2345,智邦,529.0,539.0,519.0,525.0,8958676.0,4727216826.0,TWSE STOCK_DAY,https://www.twse.com.tw/rwd/zh/afterTrading/STOCK_DAY?date=20250401&stockNo=2345&response=json,2025-04-14 14:00 Asia/Taipei,premarket trade_date may only use row.date < trade_date
2025-04-14,3017,奇鋐,432.0,445.0,413.0,422.0,11963470.0,5124998602.0,TWSE STOCK_DAY,https://www.twse.com.tw/rwd/zh/afterTrading/STOCK_DAY?date=20250401&stockNo=3017&response=json,2025-04-14 14:00 Asia/Taipei,premarket trade_date may only use row.date < trade_date
2025-04-14,3189,景碩,68.7,71.2,66.8,67.8,8010657.0,550399231.0,TWSE STOCK_DAY,https://www.twse.com.tw/rwd/zh/afterTrading/STOCK_DAY?date=20250401&stockNo=3189&response=json,2025-04-14 14:00 Asia/Taipei,premarket trade_date may only use row.date < trade_date
2025-04-14,3443,創意,1005.0,1020.0,982.0,992.0,2480727.0,2474349213.0,TWSE STOCK_DAY,https://www.twse.com.tw/rwd/zh/afterTrading/STOCK_DAY?date=20250401&stockNo=3443&response=json,2025-04-14 14:00 Asia/Taipei,premarket trade_date may only use row.date < trade_date
2025-04-14,6526,達發,499.0,514.0,483.0,488.0,580735.0,287843180.0,TWSE STOCK_DAY,https://www.twse.com.tw/rwd/zh/afterTrading/STOCK_DAY?date=20250401&stockNo=6526&response=json,2025-04-14 14:00 Asia/Taipei,premarket trade_date may only use row.date < trade_date
2025-04-15,2345,智邦,525.0,550.0,516.0,546.0,4733890.0,2547420948.0,TWSE STOCK_DAY,https://www.twse.com.tw/rwd/zh/afterTrading/STOCK_DAY?date=20250401&stockNo=2345&response=json,2025-04-15 14:00 Asia/Taipei,premarket trade_date may only use row.date < trade_date
2025-04-15,3017,奇鋐,424.5,437.5,421.0,435.0,7848977.0,3385809199.0,TWSE STOCK_DAY,https://www.twse.com.tw/rwd/zh/afterTrading/STOCK_DAY?date=20250401&stockNo=3017&response=json,2025-04-15 14:00 Asia/Taipei,premarket trade_date may only use row.date < trade_date
2025-04-15,3189,景碩,69.4,71.8,68.3,71.6,5782865.0,406874029.0,TWSE STOCK_DAY,https://www.twse.com.tw/rwd/zh/afterTrading/STOCK_DAY?date=20250401&stockNo=3189&response=json,2025-04-15 14:00 Asia/Taipei,premarket trade_date may only use row.date < trade_date
2025-04-15,3443,創意,1000.0,1025.0,993.0,1015.0,1747498.0,1764177341.0,TWSE STOCK_DAY,https://www.twse.com.tw/rwd/zh/afterTrading/STOCK_DAY?date=20250401&stockNo=3443&response=json,2025-04-15 14:00 Asia/Taipei,premarket trade_date may only use row.date < trade_date
2025-04-15,6526,達發,493.0,510.0,488.5,507.0,322983.0,162295161.0,TWSE STOCK_DAY,https://www.twse.com.tw/rwd/zh/afterTrading/STOCK_DAY?date=20250401&stockNo=6526&response=json,2025-04-15 14:00 Asia/Taipei,premarket trade_date may only use row.date < trade_date
2025-04-16,2345,智邦,544.0,545.0,521.0,521.0,4435834.0,2357089283.0,TWSE STOCK_DAY,https://www.twse.com.tw/rwd/zh/afterTrading/STOCK_DAY?date=20250401&stockNo=2345&response=json,2025-04-16 14:00 Asia/Taipei,premarket trade_date may only use row.date < trade_date
2025-04-16,3017,奇鋐,425.0,437.0,411.5,415.5,8033731.0,3400215820.0,TWSE STOCK_DAY,https://www.twse.com.tw/rwd/zh/afterTrading/STOCK_DAY?date=20250401&stockNo=3017&response=json,2025-04-16 14:00 Asia/Taipei,premarket trade_date may only use row.date < trade_date
2025-04-16,3189,景碩,71.5,71.5,69.0,69.5,3339876.0,234030499.0,TWSE STOCK_DAY,https://www.twse.com.tw/rwd/zh/afterTrading/STOCK_DAY?date=20250401&stockNo=3189&response=json,2025-04-16 14:00 Asia/Taipei,premarket trade_date may only use row.date < trade_date
2025-04-16,3443,創意,1005.0,1010.0,966.0,966.0,1417361.0,1406401107.0,TWSE STOCK_DAY,https://www.twse.com.tw/rwd/zh/afterTrading/STOCK_DAY?date=20250401&stockNo=3443&response=json,2025-04-16 14:00 Asia/Taipei,premarket trade_date may only use row.date < trade_date
2025-04-16,6526,達發,502.0,510.0,499.0,504.0,391305.0,197596829.0,TWSE STOCK_DAY,https://www.twse.com.tw/rwd/zh/afterTrading/STOCK_DAY?date=20250401&stockNo=6526&response=json,2025-04-16 14:00 Asia/Taipei,premarket trade_date may only use row.date < trade_date
2025-04-17,2345,智邦,526.0,529.0,514.0,523.0,3648221.0,1903047636.0,TWSE STOCK_DAY,https://www.twse.com.tw/rwd/zh/afterTrading/STOCK_DAY?date=20250401&stockNo=2345&response=json,2025-04-17 14:00 Asia/Taipei,premarket trade_date may only use row.date < trade_date
2025-04-17,3017,奇鋐,409.5,421.0,401.0,418.5,9351255.0,3846588341.0,TWSE STOCK_DAY,https://www.twse.com.tw/rwd/zh/afterTrading/STOCK_DAY?date=20250401&stockNo=3017&response=json,2025-04-17 14:00 Asia/Taipei,premarket trade_date may only use row.date < trade_date
2025-04-17,3189,景碩,68.2,70.6,67.4,70.2,2354367.0,162943743.0,TWSE STOCK_DAY,https://www.twse.com.tw/rwd/zh/afterTrading/STOCK_DAY?date=20250401&stockNo=3189&response=json,2025-04-17 14:00 Asia/Taipei,premarket trade_date may only use row.date < trade_date
2025-04-17,3443,創意,961.0,1010.0,961.0,992.0,1668347.0,1643247161.0,TWSE STOCK_DAY,https://www.twse.com.tw/rwd/zh/afterTrading/STOCK_DAY?date=20250401&stockNo=3443&response=json,2025-04-17 14:00 Asia/Taipei,premarket trade_date may only use row.date < trade_date
2025-04-17,6526,達發,500.0,504.0,492.0,499.0,209405.0,104320191.0,TWSE STOCK_DAY,https://www.twse.com.tw/rwd/zh/afterTrading/STOCK_DAY?date=20250401&stockNo=6526&response=json,2025-04-17 14:00 Asia/Taipei,premarket trade_date may only use row.date < trade_date
2025-04-18,2345,智邦,526.0,535.0,519.0,525.0,1866954.0,982579349.0,TWSE STOCK_DAY,https://www.twse.com.tw/rwd/zh/afterTrading/STOCK_DAY?date=20250401&stockNo=2345&response=json,2025-04-18 14:00 Asia/Taipei,premarket trade_date may only use row.date < trade_date
2025-04-18,3017,奇鋐,415.0,421.0,410.0,417.0,6511983.0,2709173920.0,TWSE STOCK_DAY,https://www.twse.com.tw/rwd/zh/afterTrading/STOCK_DAY?date=20250401&stockNo=3017&response=json,2025-04-18 14:00 Asia/Taipei,premarket trade_date may only use row.date < trade_date
2025-04-18,3189,景碩,70.3,70.4,69.4,69.4,1940055.0,135290454.0,TWSE STOCK_DAY,https://www.twse.com.tw/rwd/zh/afterTrading/STOCK_DAY?date=20250401&stockNo=3189&response=json,2025-04-18 14:00 Asia/Taipei,premarket trade_date may only use row.date < trade_date
2025-04-18,3443,創意,1000.0,1005.0,975.0,982.0,1515708.0,1500604279.0,TWSE STOCK_DAY,https://www.twse.com.tw/rwd/zh/afterTrading/STOCK_DAY?date=20250401&stockNo=3443&response=json,2025-04-18 14:00 Asia/Taipei,premarket trade_date may only use row.date < trade_date
2025-04-18,6526,達發,503.0,503.0,494.0,494.5,234123.0,116428870.0,TWSE STOCK_DAY,https://www.twse.com.tw/rwd/zh/afterTrading/STOCK_DAY?date=20250401&stockNo=6526&response=json,2025-04-18 14:00 Asia/Taipei,premarket trade_date may only use row.date < trade_date
2025-04-21,2345,智邦,523.0,523.0,505.0,506.0,2468865.0,1262912459.0,TWSE STOCK_DAY,https://www.twse.com.tw/rwd/zh/afterTrading/STOCK_DAY?date=20250401&stockNo=2345&response=json,2025-04-21 14:00 Asia/Taipei,premarket trade_date may only use row.date < trade_date
2025-04-21,3017,奇鋐,411.0,416.0,400.0,403.0,5323387.0,2161500329.0,TWSE STOCK_DAY,https://www.twse.com.tw/rwd/zh/afterTrading/STOCK_DAY?date=20250401&stockNo=3017&response=json,2025-04-21 14:00 Asia/Taipei,premarket trade_date may only use row.date < trade_date
2025-04-21,3189,景碩,69.9,69.9,66.2,66.8,2605489.0,175944438.0,TWSE STOCK_DAY,https://www.twse.com.tw/rwd/zh/afterTrading/STOCK_DAY?date=20250401&stockNo=3189&response=json,2025-04-21 14:00 Asia/Taipei,premarket trade_date may only use row.date < trade_date
2025-04-21,3443,創意,987.0,987.0,956.0,957.0,998631.0,966190288.0,TWSE STOCK_DAY,https://www.twse.com.tw/rwd/zh/afterTrading/STOCK_DAY?date=20250401&stockNo=3443&response=json,2025-04-21 14:00 Asia/Taipei,premarket trade_date may only use row.date < trade_date
2025-04-21,6526,達發,493.0,494.0,481.0,481.0,287148.0,139421524.0,TWSE STOCK_DAY,https://www.twse.com.tw/rwd/zh/afterTrading/STOCK_DAY?date=20250401&stockNo=6526&response=json,2025-04-21 14:00 Asia/Taipei,premarket trade_date may only use row.date < trade_date
2025-04-22,2345,智邦,490.0,500.0,482.5,484.0,4295903.0,2105037025.0,TWSE STOCK_DAY,https://www.twse.com.tw/rwd/zh/afterTrading/STOCK_DAY?date=20250401&stockNo=2345&response=json,2025-04-22 14:00 Asia/Taipei,premarket trade_date may only use row.date < trade_date
2025-04-22,3017,奇鋐,393.0,413.5,392.5,398.5,8101364.0,3258984828.0,TWSE STOCK_DAY,https://www.twse.com.tw/rwd/zh/afterTrading/STOCK_DAY?date=20250401&stockNo=3017&response=json,2025-04-22 14:00 Asia/Taipei,premarket trade_date may only use row.date < trade_date
2025-04-22,3189,景碩,66.0,70.1,65.8,67.6,5007003.0,342528550.0,TWSE STOCK_DAY,https://www.twse.com.tw/rwd/zh/afterTrading/STOCK_DAY?date=20250401&stockNo=3189&response=json,2025-04-22 14:00 Asia/Taipei,premarket trade_date may only use row.date < trade_date
2025-04-22,3443,創意,946.0,968.0,916.0,918.0,1740567.0,1637387426.0,TWSE STOCK_DAY,https://www.twse.com.tw/rwd/zh/afterTrading/STOCK_DAY?date=20250401&stockNo=3443&response=json,2025-04-22 14:00 Asia/Taipei,premarket trade_date may only use row.date < trade_date
2025-04-22,6526,達發,477.0,484.0,462.5,468.0,318360.0,150380587.0,TWSE STOCK_DAY,https://www.twse.com.tw/rwd/zh/afterTrading/STOCK_DAY?date=20250401&stockNo=6526&response=json,2025-04-22 14:00 Asia/Taipei,premarket trade_date may only use row.date < trade_date
2025-04-23,2345,智邦,505.0,513.0,499.0,507.0,3826690.0,1938630771.0,TWSE STOCK_DAY,https://www.twse.com.tw/rwd/zh/afterTrading/STOCK_DAY?date=20250401&stockNo=2345&response=json,2025-04-23 14:00 Asia/Taipei,premarket trade_date may only use row.date < trade_date
2025-04-23,3017,奇鋐,417.5,429.5,414.0,428.0,7870926.0,3323919073.0,TWSE STOCK_DAY,https://www.twse.com.tw/rwd/zh/afterTrading/STOCK_DAY?date=20250401&stockNo=3017&response=json,2025-04-23 14:00 Asia/Taipei,premarket trade_date may only use row.date < trade_date
2025-04-23,3189,景碩,70.9,73.3,70.6,71.8,6889058.0,497972677.0,TWSE STOCK_DAY,https://www.twse.com.tw/rwd/zh/afterTrading/STOCK_DAY?date=20250401&stockNo=3189&response=json,2025-04-23 14:00 Asia/Taipei,premarket trade_date may only use row.date < trade_date
2025-04-23,3443,創意,952.0,999.0,952.0,980.0,1635937.0,1601975762.0,TWSE STOCK_DAY,https://www.twse.com.tw/rwd/zh/afterTrading/STOCK_DAY?date=20250401&stockNo=3443&response=json,2025-04-23 14:00 Asia/Taipei,premarket trade_date may only use row.date < trade_date
2025-04-23,6526,達發,485.0,496.0,485.0,489.0,353756.0,173635414.0,TWSE STOCK_DAY,https://www.twse.com.tw/rwd/zh/afterTrading/STOCK_DAY?date=20250401&stockNo=6526&response=json,2025-04-23 14:00 Asia/Taipei,premarket trade_date may only use row.date < trade_date
2025-04-24,2345,智邦,522.0,524.0,513.0,516.0,3283066.0,1701346350.0,TWSE STOCK_DAY,https://www.twse.com.tw/rwd/zh/afterTrading/STOCK_DAY?date=20250401&stockNo=2345&response=json,2025-04-24 14:00 Asia/Taipei,premarket trade_date may only use row.date < trade_date
2025-04-24,3017,奇鋐,434.0,445.0,424.0,441.0,10753572.0,4680639613.0,TWSE STOCK_DAY,https://www.twse.com.tw/rwd/zh/afterTrading/STOCK_DAY?date=20250401&stockNo=3017&response=json,2025-04-24 14:00 Asia/Taipei,premarket trade_date may only use row.date < trade_date
2025-04-24,3189,景碩,72.8,73.3,71.4,71.6,3086312.0,222541228.0,TWSE STOCK_DAY,https://www.twse.com.tw/rwd/zh/afterTrading/STOCK_DAY?date=20250401&stockNo=3189&response=json,2025-04-24 14:00 Asia/Taipei,premarket trade_date may only use row.date < trade_date
2025-04-24,3443,創意,992.0,1000.0,964.0,964.0,2061398.0,2013608722.0,TWSE STOCK_DAY,https://www.twse.com.tw/rwd/zh/afterTrading/STOCK_DAY?date=20250401&stockNo=3443&response=json,2025-04-24 14:00 Asia/Taipei,premarket trade_date may only use row.date < trade_date
2025-04-24,6526,達發,507.0,507.0,486.0,486.0,249308.0,122301164.0,TWSE STOCK_DAY,https://www.twse.com.tw/rwd/zh/afterTrading/STOCK_DAY?date=20250401&stockNo=6526&response=json,2025-04-24 14:00 Asia/Taipei,premarket trade_date may only use row.date < trade_date
2025-04-25,2345,智邦,540.0,557.0,536.0,552.0,7909049.0,4322187413.0,TWSE STOCK_DAY,https://www.twse.com.tw/rwd/zh/afterTrading/STOCK_DAY?date=20250401&stockNo=2345&response=json,2025-04-25 14:00 Asia/Taipei,premarket trade_date may only use row.date < trade_date
2025-04-25,3017,奇鋐,465.0,485.0,461.0,471.0,14118355.0,6695939233.0,TWSE STOCK_DAY,https://www.twse.com.tw/rwd/zh/afterTrading/STOCK_DAY?date=20250401&stockNo=3017&response=json,2025-04-25 14:00 Asia/Taipei,premarket trade_date may only use row.date < trade_date
2025-04-25,3189,景碩,73.8,75.7,72.7,74.1,6211202.0,461301524.0,TWSE STOCK_DAY,https://www.twse.com.tw/rwd/zh/afterTrading/STOCK_DAY?date=20250401&stockNo=3189&response=json,2025-04-25 14:00 Asia/Taipei,premarket trade_date may only use row.date < trade_date
2025-04-25,3443,創意,1000.0,1005.0,977.0,979.0,2327218.0,2299779531.0,TWSE STOCK_DAY,https://www.twse.com.tw/rwd/zh/afterTrading/STOCK_DAY?date=20250401&stockNo=3443&response=json,2025-04-25 14:00 Asia/Taipei,premarket trade_date may only use row.date < trade_date
2025-04-25,6526,達發,495.5,506.0,495.5,500.0,273684.0,137447333.0,TWSE STOCK_DAY,https://www.twse.com.tw/rwd/zh/afterTrading/STOCK_DAY?date=20250401&stockNo=6526&response=json,2025-04-25 14:00 Asia/Taipei,premarket trade_date may only use row.date < trade_date
2025-04-28,2345,智邦,565.0,568.0,554.0,555.0,4625243.0,2589932486.0,TWSE STOCK_DAY,https://www.twse.com.tw/rwd/zh/afterTrading/STOCK_DAY?date=20250401&stockNo=2345&response=json,2025-04-28 14:00 Asia/Taipei,premarket trade_date may only use row.date < trade_date
2025-04-28,3017,奇鋐,473.5,485.0,471.5,480.5,9981629.0,4772882248.0,TWSE STOCK_DAY,https://www.twse.com.tw/rwd/zh/afterTrading/STOCK_DAY?date=20250401&stockNo=3017&response=json,2025-04-28 14:00 Asia/Taipei,premarket trade_date may only use row.date < trade_date
2025-04-28,3189,景碩,75.6,76.4,74.2,76.1,4115257.0,311013907.0,TWSE STOCK_DAY,https://www.twse.com.tw/rwd/zh/afterTrading/STOCK_DAY?date=20250401&stockNo=3189&response=json,2025-04-28 14:00 Asia/Taipei,premarket trade_date may only use row.date < trade_date
2025-04-28,3443,創意,996.0,1070.0,996.0,1030.0,3260603.0,3357375810.0,TWSE STOCK_DAY,https://www.twse.com.tw/rwd/zh/afterTrading/STOCK_DAY?date=20250401&stockNo=3443&response=json,2025-04-28 14:00 Asia/Taipei,premarket trade_date may only use row.date < trade_date
2025-04-28,6526,達發,502.0,509.0,502.0,506.0,133676.0,67539381.0,TWSE STOCK_DAY,https://www.twse.com.tw/rwd/zh/afterTrading/STOCK_DAY?date=20250401&stockNo=6526&response=json,2025-04-28 14:00 Asia/Taipei,premarket trade_date may only use row.date < trade_date
2025-04-29,2345,智邦,560.0,598.0,557.0,598.0,6837384.0,3990022843.0,TWSE STOCK_DAY,https://www.twse.com.tw/rwd/zh/afterTrading/STOCK_DAY?date=20250401&stockNo=2345&response=json,2025-04-29 14:00 Asia/Taipei,premarket trade_date may only use row.date < trade_date
2025-04-29,3017,奇鋐,478.0,479.0,471.5,477.0,5041390.0,2395841806.0,TWSE STOCK_DAY,https://www.twse.com.tw/rwd/zh/afterTrading/STOCK_DAY?date=20250401&stockNo=3017&response=json,2025-04-29 14:00 Asia/Taipei,premarket trade_date may only use row.date < trade_date
2025-04-29,3189,景碩,77.8,78.0,74.8,76.1,5232088.0,397757317.0,TWSE STOCK_DAY,https://www.twse.com.tw/rwd/zh/afterTrading/STOCK_DAY?date=20250401&stockNo=3189&response=json,2025-04-29 14:00 Asia/Taipei,premarket trade_date may only use row.date < trade_date
2025-04-29,3443,創意,1030.0,1050.0,1010.0,1045.0,1864612.0,1923902870.0,TWSE STOCK_DAY,https://www.twse.com.tw/rwd/zh/afterTrading/STOCK_DAY?date=20250401&stockNo=3443&response=json,2025-04-29 14:00 Asia/Taipei,premarket trade_date may only use row.date < trade_date
2025-04-29,6526,達發,510.0,516.0,502.0,516.0,230924.0,117941697.0,TWSE STOCK_DAY,https://www.twse.com.tw/rwd/zh/afterTrading/STOCK_DAY?date=20250401&stockNo=6526&response=json,2025-04-29 14:00 Asia/Taipei,premarket trade_date may only use row.date < trade_date
2025-04-30,2345,智邦,593.0,597.0,586.0,594.0,4362459.0,2582444142.0,TWSE STOCK_DAY,https://www.twse.com.tw/rwd/zh/afterTrading/STOCK_DAY?date=20250401&stockNo=2345&response=json,2025-04-30 14:00 Asia/Taipei,premarket trade_date may only use row.date < trade_date
2025-04-30,3017,奇鋐,473.0,474.0,463.0,464.0,5199919.0,2433773102.0,TWSE STOCK_DAY,https://www.twse.com.tw/rwd/zh/afterTrading/STOCK_DAY?date=20250401&stockNo=3017&response=json,2025-04-30 14:00 Asia/Taipei,premarket trade_date may only use row.date < trade_date
2025-04-30,3189,景碩,75.1,76.4,74.7,75.2,3398646.0,255676851.0,TWSE STOCK_DAY,https://www.twse.com.tw/rwd/zh/afterTrading/STOCK_DAY?date=20250401&stockNo=3189&response=json,2025-04-30 14:00 Asia/Taipei,premarket trade_date may only use row.date < trade_date
2025-04-30,3443,創意,1045.0,1045.0,1025.0,1025.0,763384.0,787739155.0,TWSE STOCK_DAY,https://www.twse.com.tw/rwd/zh/afterTrading/STOCK_DAY?date=20250401&stockNo=3443&response=json,2025-04-30 14:00 Asia/Taipei,premarket trade_date may only use row.date < trade_date
2025-04-30,6526,達發,518.0,522.0,503.0,503.0,293733.0,150293346.0,TWSE STOCK_DAY,https://www.twse.com.tw/rwd/zh/afterTrading/STOCK_DAY?date=20250401&stockNo=6526&response=json,2025-04-30 14:00 Asia/Taipei,premarket trade_date may only use row.date < trade_date
2025-05-02,2345,智邦,610.0,646.0,608.0,621.0,8430256.0,5261234250.0,TWSE STOCK_DAY,https://www.twse.com.tw/rwd/zh/afterTrading/STOCK_DAY?date=20250501&stockNo=2345&response=json,2025-05-02 14:00 Asia/Taipei,premarket trade_date may only use row.date < trade_date
2025-05-02,3017,奇鋐,482.0,509.0,481.0,507.0,11737408.0,5814304280.0,TWSE STOCK_DAY,https://www.twse.com.tw/rwd/zh/afterTrading/STOCK_DAY?date=20250501&stockNo=3017&response=json,2025-05-02 14:00 Asia/Taipei,premarket trade_date may only use row.date < trade_date
2025-05-02,3189,景碩,76.3,76.7,75.5,76.0,2932595.0,223045338.0,TWSE STOCK_DAY,https://www.twse.com.tw/rwd/zh/afterTrading/STOCK_DAY?date=20250501&stockNo=3189&response=json,2025-05-02 14:00 Asia/Taipei,premarket trade_date may only use row.date < trade_date
2025-05-02,3443,創意,1055.0,1095.0,1040.0,1085.0,2077292.0,2222025510.0,TWSE STOCK_DAY,https://www.twse.com.tw/rwd/zh/afterTrading/STOCK_DAY?date=20250501&stockNo=3443&response=json,2025-05-02 14:00 Asia/Taipei,premarket trade_date may only use row.date < trade_date
2025-05-02,6526,達發,513.0,516.0,506.0,510.0,197330.0,100819557.0,TWSE STOCK_DAY,https://www.twse.com.tw/rwd/zh/afterTrading/STOCK_DAY?date=20250501&stockNo=6526&response=json,2025-05-02 14:00 Asia/Taipei,premarket trade_date may only use row.date < trade_date
2025-05-05,2345,智邦,623.0,629.0,600.0,612.0,4989270.0,3066486176.0,TWSE STOCK_DAY,https://www.twse.com.tw/rwd/zh/afterTrading/STOCK_DAY?date=20250501&stockNo=2345&response=json,2025-05-05 14:00 Asia/Taipei,premarket trade_date may only use row.date < trade_date
2025-05-05,3017,奇鋐,512.0,515.0,496.5,502.0,9025076.0,4551565240.0,TWSE STOCK_DAY,https://www.twse.com.tw/rwd/zh/afterTrading/STOCK_DAY?date=20250501&stockNo=3017&response=json,2025-05-05 14:00 Asia/Taipei,premarket trade_date may only use row.date < trade_date
2025-05-05,3189,景碩,77.0,77.3,72.5,74.1,3427006.0,256167898.0,TWSE STOCK_DAY,https://www.twse.com.tw/rwd/zh/afterTrading/STOCK_DAY?date=20250501&stockNo=3189&response=json,2025-05-05 14:00 Asia/Taipei,premarket trade_date may only use row.date < trade_date
2025-05-05,3443,創意,1090.0,1115.0,1040.0,1115.0,2271494.0,2462914320.0,TWSE STOCK_DAY,https://www.twse.com.tw/rwd/zh/afterTrading/STOCK_DAY?date=20250501&stockNo=3443&response=json,2025-05-05 14:00 Asia/Taipei,premarket trade_date may only use row.date < trade_date
2025-05-05,6526,達發,512.0,520.0,482.5,495.5,525497.0,260816820.0,TWSE STOCK_DAY,https://www.twse.com.tw/rwd/zh/afterTrading/STOCK_DAY?date=20250501&stockNo=6526&response=json,2025-05-05 14:00 Asia/Taipei,premarket trade_date may only use row.date < trade_date
2025-05-06,2345,智邦,615.0,649.0,610.0,638.0,7025766.0,4478332753.0,TWSE STOCK_DAY,https://www.twse.com.tw/rwd/zh/afterTrading/STOCK_DAY?date=20250501&stockNo=2345&response=json,2025-05-06 14:00 Asia/Taipei,premarket trade_date may only use row.date < trade_date
2025-05-06,3017,奇鋐,498.0,516.0,495.0,513.0,6653041.0,3398945408.0,TWSE STOCK_DAY,https://www.twse.com.tw/rwd/zh/afterTrading/STOCK_DAY?date=20250501&stockNo=3017&response=json,2025-05-06 14:00 Asia/Taipei,premarket trade_date may only use row.date < trade_date
2025-05-06,3189,景碩,74.0,75.4,72.8,74.7,1476001.0,109741232.0,TWSE STOCK_DAY,https://www.twse.com.tw/rwd/zh/afterTrading/STOCK_DAY?date=20250501&stockNo=3189&response=json,2025-05-06 14:00 Asia/Taipei,premarket trade_date may only use row.date < trade_date
2025-05-06,3443,創意,1070.0,1100.0,1055.0,1075.0,2518779.0,2723227575.0,TWSE STOCK_DAY,https://www.twse.com.tw/rwd/zh/afterTrading/STOCK_DAY?date=20250501&stockNo=3443&response=json,2025-05-06 14:00 Asia/Taipei,premarket trade_date may only use row.date < trade_date
2025-05-06,6526,達發,490.5,500.0,490.0,493.0,163119.0,80727364.0,TWSE STOCK_DAY,https://www.twse.com.tw/rwd/zh/afterTrading/STOCK_DAY?date=20250501&stockNo=6526&response=json,2025-05-06 14:00 Asia/Taipei,premarket trade_date may only use row.date < trade_date
2025-05-07,2345,智邦,650.0,664.0,627.0,632.0,6607863.0,4246524938.0,TWSE STOCK_DAY,https://www.twse.com.tw/rwd/zh/afterTrading/STOCK_DAY?date=20250501&stockNo=2345&response=json,2025-05-07 14:00 Asia/Taipei,premarket trade_date may only use row.date < trade_date
2025-05-07,3017,奇鋐,520.0,527.0,511.0,517.0,6511650.0,3374128462.0,TWSE STOCK_DAY,https://www.twse.com.tw/rwd/zh/afterTrading/STOCK_DAY?date=20250501&stockNo=3017&response=json,2025-05-07 14:00 Asia/Taipei,premarket trade_date may only use row.date < trade_date
2025-05-07,3189,景碩,75.4,76.2,74.7,75.5,1990414.0,150287781.0,TWSE STOCK_DAY,https://www.twse.com.tw/rwd/zh/afterTrading/STOCK_DAY?date=20250501&stockNo=3189&response=json,2025-05-07 14:00 Asia/Taipei,premarket trade_date may only use row.date < trade_date
2025-05-07,3443,創意,1085.0,1110.0,1060.0,1090.0,1632298.0,1777515125.0,TWSE STOCK_DAY,https://www.twse.com.tw/rwd/zh/afterTrading/STOCK_DAY?date=20250501&stockNo=3443&response=json,2025-05-07 14:00 Asia/Taipei,premarket trade_date may only use row.date < trade_date
2025-05-07,6526,達發,491.5,498.0,485.5,486.0,153361.0,75144798.0,TWSE STOCK_DAY,https://www.twse.com.tw/rwd/zh/afterTrading/STOCK_DAY?date=20250501&stockNo=6526&response=json,2025-05-07 14:00 Asia/Taipei,premarket trade_date may only use row.date < trade_date
2025-05-08,2345,智邦,647.0,652.0,635.0,648.0,4428316.0,2850208482.0,TWSE STOCK_DAY,https://www.twse.com.tw/rwd/zh/afterTrading/STOCK_DAY?date=20250501&stockNo=2345&response=json,2025-05-08 14:00 Asia/Taipei,premarket trade_date may only use row.date < trade_date
2025-05-08,3017,奇鋐,525.0,530.0,515.0,526.0,7660005.0,4018477955.0,TWSE STOCK_DAY,https://www.twse.com.tw/rwd/zh/afterTrading/STOCK_DAY?date=20250501&stockNo=3017&response=json,2025-05-08 14:00 Asia/Taipei,premarket trade_date may only use row.date < trade_date
2025-05-08,3189,景碩,76.6,77.7,76.5,76.7,1847767.0,142214202.0,TWSE STOCK_DAY,https://www.twse.com.tw/rwd/zh/afterTrading/STOCK_DAY?date=20250501&stockNo=3189&response=json,2025-05-08 14:00 Asia/Taipei,premarket trade_date may only use row.date < trade_date
2025-05-08,3443,創意,1115.0,1135.0,1105.0,1105.0,1148915.0,1282595470.0,TWSE STOCK_DAY,https://www.twse.com.tw/rwd/zh/afterTrading/STOCK_DAY?date=20250501&stockNo=3443&response=json,2025-05-08 14:00 Asia/Taipei,premarket trade_date may only use row.date < trade_date
2025-05-08,6526,達發,491.0,503.0,491.0,503.0,135943.0,67917119.0,TWSE STOCK_DAY,https://www.twse.com.tw/rwd/zh/afterTrading/STOCK_DAY?date=20250501&stockNo=6526&response=json,2025-05-08 14:00 Asia/Taipei,premarket trade_date may only use row.date < trade_date
2025-05-09,2345,智邦,676.0,709.0,661.0,666.0,14469504.0,9827756369.0,TWSE STOCK_DAY,https://www.twse.com.tw/rwd/zh/afterTrading/STOCK_DAY?date=20250501&stockNo=2345&response=json,2025-05-09 14:00 Asia/Taipei,premarket trade_date may only use row.date < trade_date
2025-05-09,3017,奇鋐,530.0,535.0,523.0,529.0,6473258.0,3421182476.0,TWSE STOCK_DAY,https://www.twse.com.tw/rwd/zh/afterTrading/STOCK_DAY?date=20250501&stockNo=3017&response=json,2025-05-09 14:00 Asia/Taipei,premarket trade_date may only use row.date < trade_date
2025-05-09,3189,景碩,77.5,77.6,76.4,77.4,1472068.0,113456875.0,TWSE STOCK_DAY,https://www.twse.com.tw/rwd/zh/afterTrading/STOCK_DAY?date=20250501&stockNo=3189&response=json,2025-05-09 14:00 Asia/Taipei,premarket trade_date may only use row.date < trade_date
2025-05-09,3443,創意,1115.0,1120.0,1090.0,1100.0,867307.0,956745170.0,TWSE STOCK_DAY,https://www.twse.com.tw/rwd/zh/afterTrading/STOCK_DAY?date=20250501&stockNo=3443&response=json,2025-05-09 14:00 Asia/Taipei,premarket trade_date may only use row.date < trade_date
2025-05-09,6526,達發,505.0,521.0,504.0,520.0,568912.0,293685564.0,TWSE STOCK_DAY,https://www.twse.com.tw/rwd/zh/afterTrading/STOCK_DAY?date=20250501&stockNo=6526&response=json,2025-05-09 14:00 Asia/Taipei,premarket trade_date may only use row.date < trade_date
2025-05-12,2345,智邦,685.0,695.0,670.0,674.0,5291455.0,3596676400.0,TWSE STOCK_DAY,https://www.twse.com.tw/rwd/zh/afterTrading/STOCK_DAY?date=20250501&stockNo=2345&response=json,2025-05-12 14:00 Asia/Taipei,premarket trade_date may only use row.date < trade_date
2025-05-12,3017,奇鋐,535.0,541.0,533.0,541.0,4399937.0,2368910283.0,TWSE STOCK_DAY,https://www.twse.com.tw/rwd/zh/afterTrading/STOCK_DAY?date=20250501&stockNo=3017&response=json,2025-05-12 14:00 Asia/Taipei,premarket trade_date may only use row.date < trade_date
2025-05-12,3189,景碩,79.1,81.5,79.0,81.3,4348534.0,350702027.0,TWSE STOCK_DAY,https://www.twse.com.tw/rwd/zh/afterTrading/STOCK_DAY?date=20250501&stockNo=3189&response=json,2025-05-12 14:00 Asia/Taipei,premarket trade_date may only use row.date < trade_date
2025-05-12,3443,創意,1130.0,1155.0,1115.0,1150.0,1565907.0,1789114070.0,TWSE STOCK_DAY,https://www.twse.com.tw/rwd/zh/afterTrading/STOCK_DAY?date=20250501&stockNo=3443&response=json,2025-05-12 14:00 Asia/Taipei,premarket trade_date may only use row.date < trade_date
2025-05-12,6526,達發,527.0,536.0,523.0,525.0,334385.0,177171545.0,TWSE STOCK_DAY,https://www.twse.com.tw/rwd/zh/afterTrading/STOCK_DAY?date=20250501&stockNo=6526&response=json,2025-05-12 14:00 Asia/Taipei,premarket trade_date may only use row.date < trade_date
2025-05-13,2345,智邦,698.0,699.0,678.0,681.0,5539818.0,3800457005.0,TWSE STOCK_DAY,https://www.twse.com.tw/rwd/zh/afterTrading/STOCK_DAY?date=20250501&stockNo=2345&response=json,2025-05-13 14:00 Asia/Taipei,premarket trade_date may only use row.date < trade_date
2025-05-13,3017,奇鋐,559.0,565.0,551.0,563.0,9410603.0,5264525896.0,TWSE STOCK_DAY,https://www.twse.com.tw/rwd/zh/afterTrading/STOCK_DAY?date=20250501&stockNo=3017&response=json,2025-05-13 14:00 Asia/Taipei,premarket trade_date may only use row.date < trade_date
2025-05-13,3189,景碩,84.0,84.2,81.4,82.0,4070189.0,335973822.0,TWSE STOCK_DAY,https://www.twse.com.tw/rwd/zh/afterTrading/STOCK_DAY?date=20250501&stockNo=3189&response=json,2025-05-13 14:00 Asia/Taipei,premarket trade_date may only use row.date < trade_date
2025-05-13,3443,創意,1190.0,1195.0,1150.0,1150.0,1396268.0,1634108710.0,TWSE STOCK_DAY,https://www.twse.com.tw/rwd/zh/afterTrading/STOCK_DAY?date=20250501&stockNo=3443&response=json,2025-05-13 14:00 Asia/Taipei,premarket trade_date may only use row.date < trade_date
2025-05-13,6526,達發,538.0,540.0,532.0,535.0,286055.0,153278634.0,TWSE STOCK_DAY,https://www.twse.com.tw/rwd/zh/afterTrading/STOCK_DAY?date=20250501&stockNo=6526&response=json,2025-05-13 14:00 Asia/Taipei,premarket trade_date may only use row.date < trade_date
2025-05-14,2345,智邦,691.0,718.0,686.0,718.0,7726710.0,5442733494.0,TWSE STOCK_DAY,https://www.twse.com.tw/rwd/zh/afterTrading/STOCK_DAY?date=20250501&stockNo=2345&response=json,2025-05-14 14:00 Asia/Taipei,premarket trade_date may only use row.date < trade_date
2025-05-14,3017,奇鋐,616.0,617.0,602.0,609.0,16172144.0,9856335785.0,TWSE STOCK_DAY,https://www.twse.com.tw/rwd/zh/afterTrading/STOCK_DAY?date=20250501&stockNo=3017&response=json,2025-05-14 14:00 Asia/Taipei,premarket trade_date may only use row.date < trade_date
2025-05-14,3189,景碩,82.1,83.0,81.6,82.5,2307734.0,190005705.0,TWSE STOCK_DAY,https://www.twse.com.tw/rwd/zh/afterTrading/STOCK_DAY?date=20250501&stockNo=3189&response=json,2025-05-14 14:00 Asia/Taipei,premarket trade_date may only use row.date < trade_date
2025-05-14,3443,創意,1170.0,1180.0,1145.0,1150.0,1318033.0,1530946730.0,TWSE STOCK_DAY,https://www.twse.com.tw/rwd/zh/afterTrading/STOCK_DAY?date=20250501&stockNo=3443&response=json,2025-05-14 14:00 Asia/Taipei,premarket trade_date may only use row.date < trade_date
2025-05-14,6526,達發,537.0,547.0,537.0,545.0,298474.0,161992580.0,TWSE STOCK_DAY,https://www.twse.com.tw/rwd/zh/afterTrading/STOCK_DAY?date=20250501&stockNo=6526&response=json,2025-05-14 14:00 Asia/Taipei,premarket trade_date may only use row.date < trade_date
2025-05-15,2345,智邦,718.0,725.0,713.0,724.0,4397393.0,3165541494.0,TWSE STOCK_DAY,https://www.twse.com.tw/rwd/zh/afterTrading/STOCK_DAY?date=20250501&stockNo=2345&response=json,2025-05-15 14:00 Asia/Taipei,premarket trade_date may only use row.date < trade_date
2025-05-15,3017,奇鋐,612.0,612.0,598.0,605.0,7344676.0,4434140075.0,TWSE STOCK_DAY,https://www.twse.com.tw/rwd/zh/afterTrading/STOCK_DAY?date=20250501&stockNo=3017&response=json,2025-05-15 14:00 Asia/Taipei,premarket trade_date may only use row.date < trade_date
2025-05-15,3189,景碩,82.8,83.2,82.3,82.9,1690664.0,140025727.0,TWSE STOCK_DAY,https://www.twse.com.tw/rwd/zh/afterTrading/STOCK_DAY?date=20250501&stockNo=3189&response=json,2025-05-15 14:00 Asia/Taipei,premarket trade_date may only use row.date < trade_date
2025-05-15,3443,創意,1155.0,1165.0,1145.0,1145.0,905122.0,1044468025.0,TWSE STOCK_DAY,https://www.twse.com.tw/rwd/zh/afterTrading/STOCK_DAY?date=20250501&stockNo=3443&response=json,2025-05-15 14:00 Asia/Taipei,premarket trade_date may only use row.date < trade_date
2025-05-15,6526,達發,548.0,548.0,536.0,541.0,189465.0,102454080.0,TWSE STOCK_DAY,https://www.twse.com.tw/rwd/zh/afterTrading/STOCK_DAY?date=20250501&stockNo=6526&response=json,2025-05-15 14:00 Asia/Taipei,premarket trade_date may only use row.date < trade_date
2025-05-16,2345,智邦,714.0,720.0,711.0,716.0,2718411.0,1943438694.0,TWSE STOCK_DAY,https://www.twse.com.tw/rwd/zh/afterTrading/STOCK_DAY?date=20250501&stockNo=2345&response=json,2025-05-16 14:00 Asia/Taipei,premarket trade_date may only use row.date < trade_date
2025-05-16,3017,奇鋐,608.0,610.0,601.0,601.0,4857521.0,2938707440.0,TWSE STOCK_DAY,https://www.twse.com.tw/rwd/zh/afterTrading/STOCK_DAY?date=20250501&stockNo=3017&response=json,2025-05-16 14:00 Asia/Taipei,premarket trade_date may only use row.date < trade_date
2025-05-16,3189,景碩,83.3,83.8,82.9,83.4,1521407.0,126817881.0,TWSE STOCK_DAY,https://www.twse.com.tw/rwd/zh/afterTrading/STOCK_DAY?date=20250501&stockNo=3189&response=json,2025-05-16 14:00 Asia/Taipei,premarket trade_date may only use row.date < trade_date
2025-05-16,3443,創意,1155.0,1160.0,1145.0,1155.0,707344.0,814831530.0,TWSE STOCK_DAY,https://www.twse.com.tw/rwd/zh/afterTrading/STOCK_DAY?date=20250501&stockNo=3443&response=json,2025-05-16 14:00 Asia/Taipei,premarket trade_date may only use row.date < trade_date
2025-05-16,6526,達發,540.0,543.0,537.0,542.0,145752.0,78832190.0,TWSE STOCK_DAY,https://www.twse.com.tw/rwd/zh/afterTrading/STOCK_DAY?date=20250501&stockNo=6526&response=json,2025-05-16 14:00 Asia/Taipei,premarket trade_date may only use row.date < trade_date
2025-05-19,2345,智邦,711.0,722.0,701.0,705.0,4254912.0,3023376064.0,TWSE STOCK_DAY,https://www.twse.com.tw/rwd/zh/afterTrading/STOCK_DAY?date=20250501&stockNo=2345&response=json,2025-05-19 14:00 Asia/Taipei,premarket trade_date may only use row.date < trade_date
2025-05-19,3017,奇鋐,602.0,612.0,595.0,595.0,7709620.0,4652599593.0,TWSE STOCK_DAY,https://www.twse.com.tw/rwd/zh/afterTrading/STOCK_DAY?date=20250501&stockNo=3017&response=json,2025-05-19 14:00 Asia/Taipei,premarket trade_date may only use row.date < trade_date
2025-05-19,3189,景碩,83.0,83.1,81.1,81.1,1746828.0,142753036.0,TWSE STOCK_DAY,https://www.twse.com.tw/rwd/zh/afterTrading/STOCK_DAY?date=20250501&stockNo=3189&response=json,2025-05-19 14:00 Asia/Taipei,premarket trade_date may only use row.date < trade_date
2025-05-19,3443,創意,1155.0,1165.0,1115.0,1120.0,747329.0,848869560.0,TWSE STOCK_DAY,https://www.twse.com.tw/rwd/zh/afterTrading/STOCK_DAY?date=20250501&stockNo=3443&response=json,2025-05-19 14:00 Asia/Taipei,premarket trade_date may only use row.date < trade_date
2025-05-19,6526,達發,538.0,538.0,521.0,524.0,309848.0,162891039.0,TWSE STOCK_DAY,https://www.twse.com.tw/rwd/zh/afterTrading/STOCK_DAY?date=20250501&stockNo=6526&response=json,2025-05-19 14:00 Asia/Taipei,premarket trade_date may only use row.date < trade_date
2025-05-20,2345,智邦,715.0,719.0,701.0,704.0,3192502.0,2256484534.0,TWSE STOCK_DAY,https://www.twse.com.tw/rwd/zh/afterTrading/STOCK_DAY?date=20250501&stockNo=2345&response=json,2025-05-20 14:00 Asia/Taipei,premarket trade_date may only use row.date < trade_date
2025-05-20,3017,奇鋐,607.0,608.0,597.0,598.0,5411507.0,3252775359.0,TWSE STOCK_DAY,https://www.twse.com.tw/rwd/zh/afterTrading/STOCK_DAY?date=20250501&stockNo=3017&response=json,2025-05-20 14:00 Asia/Taipei,premarket trade_date may only use row.date < trade_date
2025-05-20,3189,景碩,81.3,82.1,80.6,81.1,1898749.0,154185014.0,TWSE STOCK_DAY,https://www.twse.com.tw/rwd/zh/afterTrading/STOCK_DAY?date=20250501&stockNo=3189&response=json,2025-05-20 14:00 Asia/Taipei,premarket trade_date may only use row.date < trade_date
2025-05-20,3443,創意,1145.0,1185.0,1140.0,1140.0,1587308.0,1840537525.0,TWSE STOCK_DAY,https://www.twse.com.tw/rwd/zh/afterTrading/STOCK_DAY?date=20250501&stockNo=3443&response=json,2025-05-20 14:00 Asia/Taipei,premarket trade_date may only use row.date < trade_date
2025-05-20,6526,達發,535.0,538.0,521.0,523.0,282875.0,149267258.0,TWSE STOCK_DAY,https://www.twse.com.tw/rwd/zh/afterTrading/STOCK_DAY?date=20250501&stockNo=6526&response=json,2025-05-20 14:00 Asia/Taipei,premarket trade_date may only use row.date < trade_date
2025-05-21,2345,智邦,707.0,738.0,707.0,735.0,6352540.0,4627406470.0,TWSE STOCK_DAY,https://www.twse.com.tw/rwd/zh/afterTrading/STOCK_DAY?date=20250501&stockNo=2345&response=json,2025-05-21 14:00 Asia/Taipei,premarket trade_date may only use row.date < trade_date
2025-05-21,3017,奇鋐,602.0,622.0,601.0,619.0,8692245.0,5330706120.0,TWSE STOCK_DAY,https://www.twse.com.tw/rwd/zh/afterTrading/STOCK_DAY?date=20250501&stockNo=3017&response=json,2025-05-21 14:00 Asia/Taipei,premarket trade_date may only use row.date < trade_date
2025-05-21,3189,景碩,81.4,82.7,81.4,82.6,1327669.0,109283620.0,TWSE STOCK_DAY,https://www.twse.com.tw/rwd/zh/afterTrading/STOCK_DAY?date=20250501&stockNo=3189&response=json,2025-05-21 14:00 Asia/Taipei,premarket trade_date may only use row.date < trade_date
2025-05-21,3443,創意,1150.0,1185.0,1150.0,1175.0,1380649.0,1617696235.0,TWSE STOCK_DAY,https://www.twse.com.tw/rwd/zh/afterTrading/STOCK_DAY?date=20250501&stockNo=3443&response=json,2025-05-21 14:00 Asia/Taipei,premarket trade_date may only use row.date < trade_date
2025-05-21,6526,達發,525.0,537.0,525.0,537.0,217038.0,115612685.0,TWSE STOCK_DAY,https://www.twse.com.tw/rwd/zh/afterTrading/STOCK_DAY?date=20250501&stockNo=6526&response=json,2025-05-21 14:00 Asia/Taipei,premarket trade_date may only use row.date < trade_date
2025-05-22,2345,智邦,730.0,743.0,723.0,743.0,4595935.0,3378776044.0,TWSE STOCK_DAY,https://www.twse.com.tw/rwd/zh/afterTrading/STOCK_DAY?date=20250501&stockNo=2345&response=json,2025-05-22 14:00 Asia/Taipei,premarket trade_date may only use row.date < trade_date
2025-05-22,3017,奇鋐,611.0,619.0,609.0,615.0,4685517.0,2876478564.0,TWSE STOCK_DAY,https://www.twse.com.tw/rwd/zh/afterTrading/STOCK_DAY?date=20250501&stockNo=3017&response=json,2025-05-22 14:00 Asia/Taipei,premarket trade_date may only use row.date < trade_date
2025-05-22,3189,景碩,82.0,82.2,81.0,81.4,1014329.0,82523163.0,TWSE STOCK_DAY,https://www.twse.com.tw/rwd/zh/afterTrading/STOCK_DAY?date=20250501&stockNo=3189&response=json,2025-05-22 14:00 Asia/Taipei,premarket trade_date may only use row.date < trade_date
2025-05-22,3443,創意,1155.0,1160.0,1145.0,1155.0,746023.0,858394635.0,TWSE STOCK_DAY,https://www.twse.com.tw/rwd/zh/afterTrading/STOCK_DAY?date=20250501&stockNo=3443&response=json,2025-05-22 14:00 Asia/Taipei,premarket trade_date may only use row.date < trade_date
2025-05-22,6526,達發,529.0,533.0,524.0,530.0,147287.0,77775936.0,TWSE STOCK_DAY,https://www.twse.com.tw/rwd/zh/afterTrading/STOCK_DAY?date=20250501&stockNo=6526&response=json,2025-05-22 14:00 Asia/Taipei,premarket trade_date may only use row.date < trade_date
2025-05-23,2345,智邦,744.0,756.0,723.0,726.0,4147955.0,3042238043.0,TWSE STOCK_DAY,https://www.twse.com.tw/rwd/zh/afterTrading/STOCK_DAY?date=20250501&stockNo=2345&response=json,2025-05-23 14:00 Asia/Taipei,premarket trade_date may only use row.date < trade_date
2025-05-23,3017,奇鋐,622.0,622.0,601.0,603.0,5401599.0,3289031815.0,TWSE STOCK_DAY,https://www.twse.com.tw/rwd/zh/afterTrading/STOCK_DAY?date=20250501&stockNo=3017&response=json,2025-05-23 14:00 Asia/Taipei,premarket trade_date may only use row.date < trade_date
2025-05-23,3189,景碩,81.6,83.6,81.5,81.9,2591319.0,214201479.0,TWSE STOCK_DAY,https://www.twse.com.tw/rwd/zh/afterTrading/STOCK_DAY?date=20250501&stockNo=3189&response=json,2025-05-23 14:00 Asia/Taipei,premarket trade_date may only use row.date < trade_date
2025-05-23,3443,創意,1165.0,1165.0,1135.0,1140.0,628368.0,721698715.0,TWSE STOCK_DAY,https://www.twse.com.tw/rwd/zh/afterTrading/STOCK_DAY?date=20250501&stockNo=3443&response=json,2025-05-23 14:00 Asia/Taipei,premarket trade_date may only use row.date < trade_date
2025-05-23,6526,達發,537.0,545.0,526.0,526.0,270667.0,144492069.0,TWSE STOCK_DAY,https://www.twse.com.tw/rwd/zh/afterTrading/STOCK_DAY?date=20250501&stockNo=6526&response=json,2025-05-23 14:00 Asia/Taipei,premarket trade_date may only use row.date < trade_date
2025-05-26,2345,智邦,725.0,747.0,723.0,727.0,3504336.0,2578618107.0,TWSE STOCK_DAY,https://www.twse.com.tw/rwd/zh/afterTrading/STOCK_DAY?date=20250501&stockNo=2345&response=json,2025-05-26 14:00 Asia/Taipei,premarket trade_date may only use row.date < trade_date
2025-05-26,3017,奇鋐,604.0,610.0,596.0,603.0,4810116.0,2902692810.0,TWSE STOCK_DAY,https://www.twse.com.tw/rwd/zh/afterTrading/STOCK_DAY?date=20250501&stockNo=3017&response=json,2025-05-26 14:00 Asia/Taipei,premarket trade_date may only use row.date < trade_date
2025-05-26,3189,景碩,81.9,83.0,81.5,83.0,1314226.0,108168461.0,TWSE STOCK_DAY,https://www.twse.com.tw/rwd/zh/afterTrading/STOCK_DAY?date=20250501&stockNo=3189&response=json,2025-05-26 14:00 Asia/Taipei,premarket trade_date may only use row.date < trade_date
2025-05-26,3443,創意,1140.0,1145.0,1115.0,1115.0,816725.0,920286865.0,TWSE STOCK_DAY,https://www.twse.com.tw/rwd/zh/afterTrading/STOCK_DAY?date=20250501&stockNo=3443&response=json,2025-05-26 14:00 Asia/Taipei,premarket trade_date may only use row.date < trade_date
2025-05-26,6526,達發,526.0,528.0,521.0,521.0,138514.0,72518512.0,TWSE STOCK_DAY,https://www.twse.com.tw/rwd/zh/afterTrading/STOCK_DAY?date=20250501&stockNo=6526&response=json,2025-05-26 14:00 Asia/Taipei,premarket trade_date may only use row.date < trade_date
2025-05-27,2345,智邦,725.0,732.0,718.0,721.0,2829872.0,2049294957.0,TWSE STOCK_DAY,https://www.twse.com.tw/rwd/zh/afterTrading/STOCK_DAY?date=20250501&stockNo=2345&response=json,2025-05-27 14:00 Asia/Taipei,premarket trade_date may only use row.date < trade_date
2025-05-27,3017,奇鋐,603.0,610.0,601.0,608.0,3520495.0,2134010640.0,TWSE STOCK_DAY,https://www.twse.com.tw/rwd/zh/afterTrading/STOCK_DAY?date=20250501&stockNo=3017&response=json,2025-05-27 14:00 Asia/Taipei,premarket trade_date may only use row.date < trade_date
2025-05-27,3189,景碩,85.7,87.3,82.6,82.9,25035468.0,2134103967.0,TWSE STOCK_DAY,https://www.twse.com.tw/rwd/zh/afterTrading/STOCK_DAY?date=20250501&stockNo=3189&response=json,2025-05-27 14:00 Asia/Taipei,premarket trade_date may only use row.date < trade_date
2025-05-27,3443,創意,1125.0,1135.0,1115.0,1115.0,438172.0,491380640.0,TWSE STOCK_DAY,https://www.twse.com.tw/rwd/zh/afterTrading/STOCK_DAY?date=20250501&stockNo=3443&response=json,2025-05-27 14:00 Asia/Taipei,premarket trade_date may only use row.date < trade_date
2025-05-27,6526,達發,524.0,524.0,507.0,511.0,277117.0,141931987.0,TWSE STOCK_DAY,https://www.twse.com.tw/rwd/zh/afterTrading/STOCK_DAY?date=20250501&stockNo=6526&response=json,2025-05-27 14:00 Asia/Taipei,premarket trade_date may only use row.date < trade_date
2025-05-28,2345,智邦,735.0,748.0,732.0,736.0,4604887.0,3404426690.0,TWSE STOCK_DAY,https://www.twse.com.tw/rwd/zh/afterTrading/STOCK_DAY?date=20250501&stockNo=2345&response=json,2025-05-28 14:00 Asia/Taipei,premarket trade_date may only use row.date < trade_date
2025-05-28,3017,奇鋐,625.0,625.0,609.0,614.0,6350672.0,3921482247.0,TWSE STOCK_DAY,https://www.twse.com.tw/rwd/zh/afterTrading/STOCK_DAY?date=20250501&stockNo=3017&response=json,2025-05-28 14:00 Asia/Taipei,premarket trade_date may only use row.date < trade_date
2025-05-28,3189,景碩,84.0,85.3,80.8,81.7,7329271.0,606965959.0,TWSE STOCK_DAY,https://www.twse.com.tw/rwd/zh/afterTrading/STOCK_DAY?date=20250501&stockNo=3189&response=json,2025-05-28 14:00 Asia/Taipei,premarket trade_date may only use row.date < trade_date
2025-05-28,3443,創意,1135.0,1175.0,1135.0,1160.0,1281279.0,1488403460.0,TWSE STOCK_DAY,https://www.twse.com.tw/rwd/zh/afterTrading/STOCK_DAY?date=20250501&stockNo=3443&response=json,2025-05-28 14:00 Asia/Taipei,premarket trade_date may only use row.date < trade_date
2025-05-28,6526,達發,518.0,519.0,506.0,511.0,247802.0,126491891.0,TWSE STOCK_DAY,https://www.twse.com.tw/rwd/zh/afterTrading/STOCK_DAY?date=20250501&stockNo=6526&response=json,2025-05-28 14:00 Asia/Taipei,premarket trade_date may only use row.date < trade_date
2025-05-29,2345,智邦,750.0,752.0,741.0,745.0,5620879.0,4192249990.0,TWSE STOCK_DAY,https://www.twse.com.tw/rwd/zh/afterTrading/STOCK_DAY?date=20250501&stockNo=2345&response=json,2025-05-29 14:00 Asia/Taipei,premarket trade_date may only use row.date < trade_date
2025-05-29,3017,奇鋐,624.0,626.0,619.0,620.0,6905967.0,4293666574.0,TWSE STOCK_DAY,https://www.twse.com.tw/rwd/zh/afterTrading/STOCK_DAY?date=20250501&stockNo=3017&response=json,2025-05-29 14:00 Asia/Taipei,premarket trade_date may only use row.date < trade_date
2025-05-29,3189,景碩,83.0,83.2,81.1,81.7,3517813.0,287938470.0,TWSE STOCK_DAY,https://www.twse.com.tw/rwd/zh/afterTrading/STOCK_DAY?date=20250501&stockNo=3189&response=json,2025-05-29 14:00 Asia/Taipei,premarket trade_date may only use row.date < trade_date
2025-05-29,3443,創意,1180.0,1185.0,1160.0,1165.0,830333.0,969231685.0,TWSE STOCK_DAY,https://www.twse.com.tw/rwd/zh/afterTrading/STOCK_DAY?date=20250501&stockNo=3443&response=json,2025-05-29 14:00 Asia/Taipei,premarket trade_date may only use row.date < trade_date
2025-05-29,6526,達發,515.0,520.0,511.0,515.0,166709.0,86063500.0,TWSE STOCK_DAY,https://www.twse.com.tw/rwd/zh/afterTrading/STOCK_DAY?date=20250501&stockNo=6526&response=json,2025-05-29 14:00 Asia/Taipei,premarket trade_date may only use row.date < trade_date
2025-06-02,2345,智邦,742.0,746.0,718.0,725.0,4347890.0,3176065342.0,TWSE STOCK_DAY,https://www.twse.com.tw/rwd/zh/afterTrading/STOCK_DAY?date=20250601&stockNo=2345&response=json,2025-06-02 14:00 Asia/Taipei,premarket trade_date may only use row.date < trade_date
2025-06-02,3017,奇鋐,615.0,629.0,608.0,629.0,7056783.0,4375053016.0,TWSE STOCK_DAY,https://www.twse.com.tw/rwd/zh/afterTrading/STOCK_DAY?date=20250601&stockNo=3017&response=json,2025-06-02 14:00 Asia/Taipei,premarket trade_date may only use row.date < trade_date
2025-06-02,3189,景碩,80.3,80.5,77.0,77.2,3861003.0,301719598.0,TWSE STOCK_DAY,https://www.twse.com.tw/rwd/zh/afterTrading/STOCK_DAY?date=20250601&stockNo=3189&response=json,2025-06-02 14:00 Asia/Taipei,premarket trade_date may only use row.date < trade_date
2025-06-02,3443,創意,1145.0,1145.0,1085.0,1095.0,1222340.0,1350807435.0,TWSE STOCK_DAY,https://www.twse.com.tw/rwd/zh/afterTrading/STOCK_DAY?date=20250601&stockNo=3443&response=json,2025-06-02 14:00 Asia/Taipei,premarket trade_date may only use row.date < trade_date
2025-06-02,6526,達發,509.0,509.0,491.0,496.0,311826.0,155045258.0,TWSE STOCK_DAY,https://www.twse.com.tw/rwd/zh/afterTrading/STOCK_DAY?date=20250601&stockNo=6526&response=json,2025-06-02 14:00 Asia/Taipei,premarket trade_date may only use row.date < trade_date
2025-06-03,2345,智邦,730.0,741.0,723.0,724.0,3541966.0,2586533355.0,TWSE STOCK_DAY,https://www.twse.com.tw/rwd/zh/afterTrading/STOCK_DAY?date=20250601&stockNo=2345&response=json,2025-06-03 14:00 Asia/Taipei,premarket trade_date may only use row.date < trade_date
2025-06-03,3017,奇鋐,642.0,668.0,640.0,659.0,17581899.0,11555221300.0,TWSE STOCK_DAY,https://www.twse.com.tw/rwd/zh/afterTrading/STOCK_DAY?date=20250601&stockNo=3017&response=json,2025-06-03 14:00 Asia/Taipei,premarket trade_date may only use row.date < trade_date
2025-06-03,3189,景碩,78.1,78.6,77.5,77.6,1406003.0,109579431.0,TWSE STOCK_DAY,https://www.twse.com.tw/rwd/zh/afterTrading/STOCK_DAY?date=20250601&stockNo=3189&response=json,2025-06-03 14:00 Asia/Taipei,premarket trade_date may only use row.date < trade_date
2025-06-03,3443,創意,1100.0,1115.0,1085.0,1110.0,740205.0,818487705.0,TWSE STOCK_DAY,https://www.twse.com.tw/rwd/zh/afterTrading/STOCK_DAY?date=20250601&stockNo=3443&response=json,2025-06-03 14:00 Asia/Taipei,premarket trade_date may only use row.date < trade_date
2025-06-03,6526,達發,497.0,502.0,493.0,493.0,161442.0,80171681.0,TWSE STOCK_DAY,https://www.twse.com.tw/rwd/zh/afterTrading/STOCK_DAY?date=20250601&stockNo=6526&response=json,2025-06-03 14:00 Asia/Taipei,premarket trade_date may only use row.date < trade_date
2025-06-04,2345,智邦,733.0,748.0,724.0,733.0,5394292.0,3968454117.0,TWSE STOCK_DAY,https://www.twse.com.tw/rwd/zh/afterTrading/STOCK_DAY?date=20250601&stockNo=2345&response=json,2025-06-04 14:00 Asia/Taipei,premarket trade_date may only use row.date < trade_date
2025-06-04,3017,奇鋐,681.0,691.0,674.0,681.0,16978253.0,11609313740.0,TWSE STOCK_DAY,https://www.twse.com.tw/rwd/zh/afterTrading/STOCK_DAY?date=20250601&stockNo=3017&response=json,2025-06-04 14:00 Asia/Taipei,premarket trade_date may only use row.date < trade_date
2025-06-04,3189,景碩,78.7,82.1,78.6,81.3,3361676.0,270842154.0,TWSE STOCK_DAY,https://www.twse.com.tw/rwd/zh/afterTrading/STOCK_DAY?date=20250601&stockNo=3189&response=json,2025-06-04 14:00 Asia/Taipei,premarket trade_date may only use row.date < trade_date
2025-06-04,3443,創意,1140.0,1185.0,1140.0,1180.0,1537475.0,1793657140.0,TWSE STOCK_DAY,https://www.twse.com.tw/rwd/zh/afterTrading/STOCK_DAY?date=20250601&stockNo=3443&response=json,2025-06-04 14:00 Asia/Taipei,premarket trade_date may only use row.date < trade_date
2025-06-04,6526,達發,499.5,510.0,499.5,509.0,213405.0,108153563.0,TWSE STOCK_DAY,https://www.twse.com.tw/rwd/zh/afterTrading/STOCK_DAY?date=20250601&stockNo=6526&response=json,2025-06-04 14:00 Asia/Taipei,premarket trade_date may only use row.date < trade_date
2025-06-05,2345,智邦,730.0,737.0,726.0,733.0,3575380.0,2612827130.0,TWSE STOCK_DAY,https://www.twse.com.tw/rwd/zh/afterTrading/STOCK_DAY?date=20250601&stockNo=2345&response=json,2025-06-05 14:00 Asia/Taipei,premarket trade_date may only use row.date < trade_date
2025-06-05,3017,奇鋐,676.0,681.0,668.0,676.0,6306761.0,4255157384.0,TWSE STOCK_DAY,https://www.twse.com.tw/rwd/zh/afterTrading/STOCK_DAY?date=20250601&stockNo=3017&response=json,2025-06-05 14:00 Asia/Taipei,premarket trade_date may only use row.date < trade_date
2025-06-05,3189,景碩,81.0,82.3,80.5,81.2,1334478.0,108560873.0,TWSE STOCK_DAY,https://www.twse.com.tw/rwd/zh/afterTrading/STOCK_DAY?date=20250601&stockNo=3189&response=json,2025-06-05 14:00 Asia/Taipei,premarket trade_date may only use row.date < trade_date
2025-06-05,3443,創意,1185.0,1195.0,1165.0,1180.0,843157.0,994036175.0,TWSE STOCK_DAY,https://www.twse.com.tw/rwd/zh/afterTrading/STOCK_DAY?date=20250601&stockNo=3443&response=json,2025-06-05 14:00 Asia/Taipei,premarket trade_date may only use row.date < trade_date
2025-06-05,6526,達發,511.0,513.0,506.0,506.0,162480.0,82585345.0,TWSE STOCK_DAY,https://www.twse.com.tw/rwd/zh/afterTrading/STOCK_DAY?date=20250601&stockNo=6526&response=json,2025-06-05 14:00 Asia/Taipei,premarket trade_date may only use row.date < trade_date
2025-06-06,2345,智邦,737.0,739.0,719.0,723.0,3717877.0,2699070504.0,TWSE STOCK_DAY,https://www.twse.com.tw/rwd/zh/afterTrading/STOCK_DAY?date=20250601&stockNo=2345&response=json,2025-06-06 14:00 Asia/Taipei,premarket trade_date may only use row.date < trade_date
2025-06-06,3017,奇鋐,677.0,685.0,666.0,681.0,9740274.0,6601281481.0,TWSE STOCK_DAY,https://www.twse.com.tw/rwd/zh/afterTrading/STOCK_DAY?date=20250601&stockNo=3017&response=json,2025-06-06 14:00 Asia/Taipei,premarket trade_date may only use row.date < trade_date
2025-06-06,3189,景碩,80.6,81.7,80.4,81.2,861755.0,69822504.0,TWSE STOCK_DAY,https://www.twse.com.tw/rwd/zh/afterTrading/STOCK_DAY?date=20250601&stockNo=3189&response=json,2025-06-06 14:00 Asia/Taipei,premarket trade_date may only use row.date < trade_date
2025-06-06,3443,創意,1160.0,1165.0,1130.0,1135.0,924143.0,1056136410.0,TWSE STOCK_DAY,https://www.twse.com.tw/rwd/zh/afterTrading/STOCK_DAY?date=20250601&stockNo=3443&response=json,2025-06-06 14:00 Asia/Taipei,premarket trade_date may only use row.date < trade_date
2025-06-06,6526,達發,506.0,514.0,506.0,512.0,123755.0,63244011.0,TWSE STOCK_DAY,https://www.twse.com.tw/rwd/zh/afterTrading/STOCK_DAY?date=20250601&stockNo=6526&response=json,2025-06-06 14:00 Asia/Taipei,premarket trade_date may only use row.date < trade_date
2025-06-09,2345,智邦,730.0,747.0,726.0,737.0,4230320.0,3112491542.0,TWSE STOCK_DAY,https://www.twse.com.tw/rwd/zh/afterTrading/STOCK_DAY?date=20250601&stockNo=2345&response=json,2025-06-09 14:00 Asia/Taipei,premarket trade_date may only use row.date < trade_date
2025-06-09,3017,奇鋐,689.0,693.0,679.0,682.0,7697805.0,5234434134.0,TWSE STOCK_DAY,https://www.twse.com.tw/rwd/zh/afterTrading/STOCK_DAY?date=20250601&stockNo=3017&response=json,2025-06-09 14:00 Asia/Taipei,premarket trade_date may only use row.date < trade_date
2025-06-09,3189,景碩,81.6,82.3,80.0,80.6,1025525.0,82797902.0,TWSE STOCK_DAY,https://www.twse.com.tw/rwd/zh/afterTrading/STOCK_DAY?date=20250601&stockNo=3189&response=json,2025-06-09 14:00 Asia/Taipei,premarket trade_date may only use row.date < trade_date
2025-06-09,3443,創意,1150.0,1155.0,1115.0,1125.0,737019.0,834022135.0,TWSE STOCK_DAY,https://www.twse.com.tw/rwd/zh/afterTrading/STOCK_DAY?date=20250601&stockNo=3443&response=json,2025-06-09 14:00 Asia/Taipei,premarket trade_date may only use row.date < trade_date
2025-06-09,6526,達發,518.0,518.0,508.0,517.0,138957.0,71246338.0,TWSE STOCK_DAY,https://www.twse.com.tw/rwd/zh/afterTrading/STOCK_DAY?date=20250601&stockNo=6526&response=json,2025-06-09 14:00 Asia/Taipei,premarket trade_date may only use row.date < trade_date
2025-06-10,2345,智邦,740.0,790.0,737.0,786.0,8842961.0,6808057487.0,TWSE STOCK_DAY,https://www.twse.com.tw/rwd/zh/afterTrading/STOCK_DAY?date=20250601&stockNo=2345&response=json,2025-06-10 14:00 Asia/Taipei,premarket trade_date may only use row.date < trade_date
2025-06-10,3017,奇鋐,687.0,703.0,686.0,701.0,9496386.0,6602364443.0,TWSE STOCK_DAY,https://www.twse.com.tw/rwd/zh/afterTrading/STOCK_DAY?date=20250601&stockNo=3017&response=json,2025-06-10 14:00 Asia/Taipei,premarket trade_date may only use row.date < trade_date
2025-06-10,3189,景碩,81.0,83.7,81.0,83.2,3718207.0,308677843.0,TWSE STOCK_DAY,https://www.twse.com.tw/rwd/zh/afterTrading/STOCK_DAY?date=20250601&stockNo=3189&response=json,2025-06-10 14:00 Asia/Taipei,premarket trade_date may only use row.date < trade_date
2025-06-10,3443,創意,1135.0,1150.0,1130.0,1150.0,563543.0,643110150.0,TWSE STOCK_DAY,https://www.twse.com.tw/rwd/zh/afterTrading/STOCK_DAY?date=20250601&stockNo=3443&response=json,2025-06-10 14:00 Asia/Taipei,premarket trade_date may only use row.date < trade_date
2025-06-10,6526,達發,517.0,526.0,517.0,525.0,239199.0,125302302.0,TWSE STOCK_DAY,https://www.twse.com.tw/rwd/zh/afterTrading/STOCK_DAY?date=20250601&stockNo=6526&response=json,2025-06-10 14:00 Asia/Taipei,premarket trade_date may only use row.date < trade_date
2025-06-11,2345,智邦,795.0,809.0,792.0,805.0,6282179.0,5031890839.0,TWSE STOCK_DAY,https://www.twse.com.tw/rwd/zh/afterTrading/STOCK_DAY?date=20250601&stockNo=2345&response=json,2025-06-11 14:00 Asia/Taipei,premarket trade_date may only use row.date < trade_date
2025-06-11,3017,奇鋐,704.0,724.0,702.0,724.0,11657004.0,8342079689.0,TWSE STOCK_DAY,https://www.twse.com.tw/rwd/zh/afterTrading/STOCK_DAY?date=20250601&stockNo=3017&response=json,2025-06-11 14:00 Asia/Taipei,premarket trade_date may only use row.date < trade_date
2025-06-11,3189,景碩,84.1,91.5,83.6,91.5,18371938.0,1630995960.0,TWSE STOCK_DAY,https://www.twse.com.tw/rwd/zh/afterTrading/STOCK_DAY?date=20250601&stockNo=3189&response=json,2025-06-11 14:00 Asia/Taipei,premarket trade_date may only use row.date < trade_date
2025-06-11,3443,創意,1160.0,1175.0,1155.0,1165.0,800169.0,931986030.0,TWSE STOCK_DAY,https://www.twse.com.tw/rwd/zh/afterTrading/STOCK_DAY?date=20250601&stockNo=3443&response=json,2025-06-11 14:00 Asia/Taipei,premarket trade_date may only use row.date < trade_date
2025-06-11,6526,達發,528.0,542.0,528.0,542.0,433854.0,232541197.0,TWSE STOCK_DAY,https://www.twse.com.tw/rwd/zh/afterTrading/STOCK_DAY?date=20250601&stockNo=6526&response=json,2025-06-11 14:00 Asia/Taipei,premarket trade_date may only use row.date < trade_date
2025-06-12,2345,智邦,803.0,812.0,793.0,795.0,3588380.0,2875477274.0,TWSE STOCK_DAY,https://www.twse.com.tw/rwd/zh/afterTrading/STOCK_DAY?date=20250601&stockNo=2345&response=json,2025-06-12 14:00 Asia/Taipei,premarket trade_date may only use row.date < trade_date
2025-06-12,3017,奇鋐,723.0,775.0,718.0,759.0,19353013.0,14588574938.0,TWSE STOCK_DAY,https://www.twse.com.tw/rwd/zh/afterTrading/STOCK_DAY?date=20250601&stockNo=3017&response=json,2025-06-12 14:00 Asia/Taipei,premarket trade_date may only use row.date < trade_date
2025-06-12,3189,景碩,90.0,92.2,89.6,91.2,12037106.0,1095935076.0,TWSE STOCK_DAY,https://www.twse.com.tw/rwd/zh/afterTrading/STOCK_DAY?date=20250601&stockNo=3189&response=json,2025-06-12 14:00 Asia/Taipei,premarket trade_date may only use row.date < trade_date
2025-06-12,3443,創意,1160.0,1170.0,1130.0,1145.0,949455.0,1089476560.0,TWSE STOCK_DAY,https://www.twse.com.tw/rwd/zh/afterTrading/STOCK_DAY?date=20250601&stockNo=3443&response=json,2025-06-12 14:00 Asia/Taipei,premarket trade_date may only use row.date < trade_date
2025-06-12,6526,達發,540.0,541.0,534.0,537.0,217728.0,116918822.0,TWSE STOCK_DAY,https://www.twse.com.tw/rwd/zh/afterTrading/STOCK_DAY?date=20250601&stockNo=6526&response=json,2025-06-12 14:00 Asia/Taipei,premarket trade_date may only use row.date < trade_date
2025-06-13,2345,智邦,800.0,807.0,788.0,797.0,3852008.0,3076740485.0,TWSE STOCK_DAY,https://www.twse.com.tw/rwd/zh/afterTrading/STOCK_DAY?date=20250601&stockNo=2345&response=json,2025-06-13 14:00 Asia/Taipei,premarket trade_date may only use row.date < trade_date
2025-06-13,3017,奇鋐,750.0,768.0,745.0,763.0,10336809.0,7826832746.0,TWSE STOCK_DAY,https://www.twse.com.tw/rwd/zh/afterTrading/STOCK_DAY?date=20250601&stockNo=3017&response=json,2025-06-13 14:00 Asia/Taipei,premarket trade_date may only use row.date < trade_date
2025-06-13,3189,景碩,90.1,90.9,87.5,87.5,6762971.0,601307297.0,TWSE STOCK_DAY,https://www.twse.com.tw/rwd/zh/afterTrading/STOCK_DAY?date=20250601&stockNo=3189&response=json,2025-06-13 14:00 Asia/Taipei,premarket trade_date may only use row.date < trade_date
2025-06-13,3443,創意,1130.0,1130.0,1085.0,1095.0,1783333.0,1963140785.0,TWSE STOCK_DAY,https://www.twse.com.tw/rwd/zh/afterTrading/STOCK_DAY?date=20250601&stockNo=3443&response=json,2025-06-13 14:00 Asia/Taipei,premarket trade_date may only use row.date < trade_date
2025-06-13,6526,達發,533.0,533.0,520.0,520.0,317302.0,166210491.0,TWSE STOCK_DAY,https://www.twse.com.tw/rwd/zh/afterTrading/STOCK_DAY?date=20250601&stockNo=6526&response=json,2025-06-13 14:00 Asia/Taipei,premarket trade_date may only use row.date < trade_date
2025-06-16,2345,智邦,790.0,796.0,783.0,787.0,2828270.0,2229391342.0,TWSE STOCK_DAY,https://www.twse.com.tw/rwd/zh/afterTrading/STOCK_DAY?date=20250601&stockNo=2345&response=json,2025-06-16 14:00 Asia/Taipei,premarket trade_date may only use row.date < trade_date
2025-06-16,3017,奇鋐,749.0,765.0,746.0,750.0,8336561.0,6277212744.0,TWSE STOCK_DAY,https://www.twse.com.tw/rwd/zh/afterTrading/STOCK_DAY?date=20250601&stockNo=3017&response=json,2025-06-16 14:00 Asia/Taipei,premarket trade_date may only use row.date < trade_date
2025-06-16,3189,景碩,87.3,89.3,86.7,87.4,4352885.0,382783980.0,TWSE STOCK_DAY,https://www.twse.com.tw/rwd/zh/afterTrading/STOCK_DAY?date=20250601&stockNo=3189&response=json,2025-06-16 14:00 Asia/Taipei,premarket trade_date may only use row.date < trade_date
2025-06-16,3443,創意,1090.0,1100.0,1065.0,1070.0,1521286.0,1635485055.0,TWSE STOCK_DAY,https://www.twse.com.tw/rwd/zh/afterTrading/STOCK_DAY?date=20250601&stockNo=3443&response=json,2025-06-16 14:00 Asia/Taipei,premarket trade_date may only use row.date < trade_date
2025-06-16,6526,達發,518.0,526.0,515.0,526.0,126022.0,65682275.0,TWSE STOCK_DAY,https://www.twse.com.tw/rwd/zh/afterTrading/STOCK_DAY?date=20250601&stockNo=6526&response=json,2025-06-16 14:00 Asia/Taipei,premarket trade_date may only use row.date < trade_date
2025-06-17,2345,智邦,791.0,791.0,747.0,749.0,8212880.0,6249284718.0,TWSE STOCK_DAY,https://www.twse.com.tw/rwd/zh/afterTrading/STOCK_DAY?date=20250601&stockNo=2345&response=json,2025-06-17 14:00 Asia/Taipei,premarket trade_date may only use row.date < trade_date
2025-06-17,3017,奇鋐,760.0,771.0,750.0,757.0,10232736.0,7768402085.0,TWSE STOCK_DAY,https://www.twse.com.tw/rwd/zh/afterTrading/STOCK_DAY?date=20250601&stockNo=3017&response=json,2025-06-17 14:00 Asia/Taipei,premarket trade_date may only use row.date < trade_date
2025-06-17,3189,景碩,88.0,88.7,84.9,85.1,4912693.0,423350356.0,TWSE STOCK_DAY,https://www.twse.com.tw/rwd/zh/afterTrading/STOCK_DAY?date=20250601&stockNo=3189&response=json,2025-06-17 14:00 Asia/Taipei,premarket trade_date may only use row.date < trade_date
2025-06-17,3443,創意,1085.0,1115.0,1080.0,1085.0,1188709.0,1301471735.0,TWSE STOCK_DAY,https://www.twse.com.tw/rwd/zh/afterTrading/STOCK_DAY?date=20250601&stockNo=3443&response=json,2025-06-17 14:00 Asia/Taipei,premarket trade_date may only use row.date < trade_date
2025-06-17,6526,達發,530.0,534.0,525.0,526.0,218078.0,115335723.0,TWSE STOCK_DAY,https://www.twse.com.tw/rwd/zh/afterTrading/STOCK_DAY?date=20250601&stockNo=6526&response=json,2025-06-17 14:00 Asia/Taipei,premarket trade_date may only use row.date < trade_date
2025-06-18,2345,智邦,745.0,754.0,729.0,730.0,6003036.0,4431851869.0,TWSE STOCK_DAY,https://www.twse.com.tw/rwd/zh/afterTrading/STOCK_DAY?date=20250601&stockNo=2345&response=json,2025-06-18 14:00 Asia/Taipei,premarket trade_date may only use row.date < trade_date
2025-06-18,3017,奇鋐,760.0,766.0,722.0,730.0,12308298.0,9111817847.0,TWSE STOCK_DAY,https://www.twse.com.tw/rwd/zh/afterTrading/STOCK_DAY?date=20250601&stockNo=3017&response=json,2025-06-18 14:00 Asia/Taipei,premarket trade_date may only use row.date < trade_date
2025-06-18,3189,景碩,85.1,86.8,85.0,85.1,3124541.0,267124239.0,TWSE STOCK_DAY,https://www.twse.com.tw/rwd/zh/afterTrading/STOCK_DAY?date=20250601&stockNo=3189&response=json,2025-06-18 14:00 Asia/Taipei,premarket trade_date may only use row.date < trade_date
2025-06-18,3443,創意,1080.0,1085.0,1055.0,1065.0,1373852.0,1465344620.0,TWSE STOCK_DAY,https://www.twse.com.tw/rwd/zh/afterTrading/STOCK_DAY?date=20250601&stockNo=3443&response=json,2025-06-18 14:00 Asia/Taipei,premarket trade_date may only use row.date < trade_date
2025-06-18,6526,達發,524.0,535.0,524.0,532.0,183825.0,97892415.0,TWSE STOCK_DAY,https://www.twse.com.tw/rwd/zh/afterTrading/STOCK_DAY?date=20250601&stockNo=6526&response=json,2025-06-18 14:00 Asia/Taipei,premarket trade_date may only use row.date < trade_date
2025-06-19,2345,智邦,728.0,734.0,713.0,715.0,4697416.0,3379520946.0,TWSE STOCK_DAY,https://www.twse.com.tw/rwd/zh/afterTrading/STOCK_DAY?date=20250601&stockNo=2345&response=json,2025-06-19 14:00 Asia/Taipei,premarket trade_date may only use row.date < trade_date
2025-06-19,3017,奇鋐,735.0,745.0,733.0,741.0,7915074.0,5857442583.0,TWSE STOCK_DAY,https://www.twse.com.tw/rwd/zh/afterTrading/STOCK_DAY?date=20250601&stockNo=3017&response=json,2025-06-19 14:00 Asia/Taipei,premarket trade_date may only use row.date < trade_date
2025-06-19,3189,景碩,85.1,85.4,83.5,83.9,2183537.0,183492826.0,TWSE STOCK_DAY,https://www.twse.com.tw/rwd/zh/afterTrading/STOCK_DAY?date=20250601&stockNo=3189&response=json,2025-06-19 14:00 Asia/Taipei,premarket trade_date may only use row.date < trade_date
2025-06-19,3443,創意,1070.0,1070.0,1030.0,1065.0,1695509.0,1782397375.0,TWSE STOCK_DAY,https://www.twse.com.tw/rwd/zh/afterTrading/STOCK_DAY?date=20250601&stockNo=3443&response=json,2025-06-19 14:00 Asia/Taipei,premarket trade_date may only use row.date < trade_date
2025-06-19,6526,達發,528.0,530.0,521.0,523.0,154383.0,80929715.0,TWSE STOCK_DAY,https://www.twse.com.tw/rwd/zh/afterTrading/STOCK_DAY?date=20250601&stockNo=6526&response=json,2025-06-19 14:00 Asia/Taipei,premarket trade_date may only use row.date < trade_date
2025-06-20,2345,智邦,718.0,731.0,703.0,713.0,5117310.0,3659041891.0,TWSE STOCK_DAY,https://www.twse.com.tw/rwd/zh/afterTrading/STOCK_DAY?date=20250601&stockNo=2345&response=json,2025-06-20 14:00 Asia/Taipei,premarket trade_date may only use row.date < trade_date
2025-06-20,3017,奇鋐,740.0,740.0,713.0,734.0,9294094.0,6747945198.0,TWSE STOCK_DAY,https://www.twse.com.tw/rwd/zh/afterTrading/STOCK_DAY?date=20250601&stockNo=3017&response=json,2025-06-20 14:00 Asia/Taipei,premarket trade_date may only use row.date < trade_date
2025-06-20,3189,景碩,84.1,84.5,82.3,82.4,1777540.0,147292469.0,TWSE STOCK_DAY,https://www.twse.com.tw/rwd/zh/afterTrading/STOCK_DAY?date=20250601&stockNo=3189&response=json,2025-06-20 14:00 Asia/Taipei,premarket trade_date may only use row.date < trade_date
2025-06-20,3443,創意,1060.0,1075.0,1040.0,1065.0,1253711.0,1330867770.0,TWSE STOCK_DAY,https://www.twse.com.tw/rwd/zh/afterTrading/STOCK_DAY?date=20250601&stockNo=3443&response=json,2025-06-20 14:00 Asia/Taipei,premarket trade_date may only use row.date < trade_date
2025-06-20,6526,達發,523.0,524.0,508.0,511.0,354899.0,181918051.0,TWSE STOCK_DAY,https://www.twse.com.tw/rwd/zh/afterTrading/STOCK_DAY?date=20250601&stockNo=6526&response=json,2025-06-20 14:00 Asia/Taipei,premarket trade_date may only use row.date < trade_date
2025-06-23,2345,智邦,704.0,720.0,699.0,714.0,3062879.0,2177700519.0,TWSE STOCK_DAY,https://www.twse.com.tw/rwd/zh/afterTrading/STOCK_DAY?date=20250601&stockNo=2345&response=json,2025-06-23 14:00 Asia/Taipei,premarket trade_date may only use row.date < trade_date
2025-06-23,3017,奇鋐,722.0,735.0,722.0,729.0,5449121.0,3966880162.0,TWSE STOCK_DAY,https://www.twse.com.tw/rwd/zh/afterTrading/STOCK_DAY?date=20250601&stockNo=3017&response=json,2025-06-23 14:00 Asia/Taipei,premarket trade_date may only use row.date < trade_date
2025-06-23,3189,景碩,80.5,86.7,80.3,83.1,9969376.0,840296470.0,TWSE STOCK_DAY,https://www.twse.com.tw/rwd/zh/afterTrading/STOCK_DAY?date=20250601&stockNo=3189&response=json,2025-06-23 14:00 Asia/Taipei,premarket trade_date may only use row.date < trade_date
2025-06-23,3443,創意,1040.0,1065.0,1035.0,1065.0,700980.0,737374970.0,TWSE STOCK_DAY,https://www.twse.com.tw/rwd/zh/afterTrading/STOCK_DAY?date=20250601&stockNo=3443&response=json,2025-06-23 14:00 Asia/Taipei,premarket trade_date may only use row.date < trade_date
2025-06-23,6526,達發,508.0,510.0,492.5,507.0,308591.0,154848300.0,TWSE STOCK_DAY,https://www.twse.com.tw/rwd/zh/afterTrading/STOCK_DAY?date=20250601&stockNo=6526&response=json,2025-06-23 14:00 Asia/Taipei,premarket trade_date may only use row.date < trade_date
2025-06-24,2345,智邦,730.0,736.0,721.0,723.0,4379998.0,3179894287.0,TWSE STOCK_DAY,https://www.twse.com.tw/rwd/zh/afterTrading/STOCK_DAY?date=20250601&stockNo=2345&response=json,2025-06-24 14:00 Asia/Taipei,premarket trade_date may only use row.date < trade_date
2025-06-24,3017,奇鋐,742.0,750.0,733.0,737.0,5895129.0,4365334510.0,TWSE STOCK_DAY,https://www.twse.com.tw/rwd/zh/afterTrading/STOCK_DAY?date=20250601&stockNo=3017&response=json,2025-06-24 14:00 Asia/Taipei,premarket trade_date may only use row.date < trade_date
2025-06-24,3189,景碩,84.1,86.0,83.7,84.8,6012842.0,509109272.0,TWSE STOCK_DAY,https://www.twse.com.tw/rwd/zh/afterTrading/STOCK_DAY?date=20250601&stockNo=3189&response=json,2025-06-24 14:00 Asia/Taipei,premarket trade_date may only use row.date < trade_date
2025-06-24,3443,創意,1100.0,1125.0,1100.0,1115.0,2405389.0,2678416065.0,TWSE STOCK_DAY,https://www.twse.com.tw/rwd/zh/afterTrading/STOCK_DAY?date=20250601&stockNo=3443&response=json,2025-06-24 14:00 Asia/Taipei,premarket trade_date may only use row.date < trade_date
2025-06-24,6526,達發,515.0,533.0,515.0,530.0,251494.0,132495333.0,TWSE STOCK_DAY,https://www.twse.com.tw/rwd/zh/afterTrading/STOCK_DAY?date=20250601&stockNo=6526&response=json,2025-06-24 14:00 Asia/Taipei,premarket trade_date may only use row.date < trade_date
2025-06-25,2345,智邦,734.0,749.0,734.0,743.0,4383417.0,3255842035.0,TWSE STOCK_DAY,https://www.twse.com.tw/rwd/zh/afterTrading/STOCK_DAY?date=20250601&stockNo=2345&response=json,2025-06-25 14:00 Asia/Taipei,premarket trade_date may only use row.date < trade_date
2025-06-25,3017,奇鋐,747.0,758.0,739.0,745.0,7176761.0,5364060517.0,TWSE STOCK_DAY,https://www.twse.com.tw/rwd/zh/afterTrading/STOCK_DAY?date=20250601&stockNo=3017&response=json,2025-06-25 14:00 Asia/Taipei,premarket trade_date may only use row.date < trade_date
2025-06-25,3189,景碩,85.6,87.2,85.4,85.5,6199966.0,534203529.0,TWSE STOCK_DAY,https://www.twse.com.tw/rwd/zh/afterTrading/STOCK_DAY?date=20250601&stockNo=3189&response=json,2025-06-25 14:00 Asia/Taipei,premarket trade_date may only use row.date < trade_date
2025-06-25,3443,創意,1150.0,1225.0,1145.0,1225.0,4764145.0,5664825560.0,TWSE STOCK_DAY,https://www.twse.com.tw/rwd/zh/afterTrading/STOCK_DAY?date=20250601&stockNo=3443&response=json,2025-06-25 14:00 Asia/Taipei,premarket trade_date may only use row.date < trade_date
2025-06-25,6526,達發,536.0,546.0,533.0,540.0,453715.0,245041034.0,TWSE STOCK_DAY,https://www.twse.com.tw/rwd/zh/afterTrading/STOCK_DAY?date=20250601&stockNo=6526&response=json,2025-06-25 14:00 Asia/Taipei,premarket trade_date may only use row.date < trade_date
2025-06-26,2345,智邦,754.0,756.0,740.0,743.0,3554212.0,2655045558.0,TWSE STOCK_DAY,https://www.twse.com.tw/rwd/zh/afterTrading/STOCK_DAY?date=20250601&stockNo=2345&response=json,2025-06-26 14:00 Asia/Taipei,premarket trade_date may only use row.date < trade_date
2025-06-26,3017,奇鋐,752.0,752.0,725.0,738.0,5830136.0,4289717701.0,TWSE STOCK_DAY,https://www.twse.com.tw/rwd/zh/afterTrading/STOCK_DAY?date=20250601&stockNo=3017&response=json,2025-06-26 14:00 Asia/Taipei,premarket trade_date may only use row.date < trade_date
2025-06-26,3189,景碩,85.5,86.0,84.4,84.8,2249014.0,191426667.0,TWSE STOCK_DAY,https://www.twse.com.tw/rwd/zh/afterTrading/STOCK_DAY?date=20250601&stockNo=3189&response=json,2025-06-26 14:00 Asia/Taipei,premarket trade_date may only use row.date < trade_date
2025-06-26,3443,創意,1225.0,1235.0,1200.0,1215.0,3345842.0,4078888195.0,TWSE STOCK_DAY,https://www.twse.com.tw/rwd/zh/afterTrading/STOCK_DAY?date=20250601&stockNo=3443&response=json,2025-06-26 14:00 Asia/Taipei,premarket trade_date may only use row.date < trade_date
2025-06-26,6526,達發,544.0,552.0,538.0,538.0,340915.0,185664235.0,TWSE STOCK_DAY,https://www.twse.com.tw/rwd/zh/afterTrading/STOCK_DAY?date=20250601&stockNo=6526&response=json,2025-06-26 14:00 Asia/Taipei,premarket trade_date may only use row.date < trade_date
2025-06-27,2345,智邦,744.0,748.0,729.0,732.0,3025568.0,2226669967.0,TWSE STOCK_DAY,https://www.twse.com.tw/rwd/zh/afterTrading/STOCK_DAY?date=20250601&stockNo=2345&response=json,2025-06-27 14:00 Asia/Taipei,premarket trade_date may only use row.date < trade_date
2025-06-27,3017,奇鋐,742.0,743.0,731.0,737.0,4019238.0,2961572815.0,TWSE STOCK_DAY,https://www.twse.com.tw/rwd/zh/afterTrading/STOCK_DAY?date=20250601&stockNo=3017&response=json,2025-06-27 14:00 Asia/Taipei,premarket trade_date may only use row.date < trade_date
2025-06-27,3189,景碩,85.6,85.8,84.4,85.2,2157064.0,182936730.0,TWSE STOCK_DAY,https://www.twse.com.tw/rwd/zh/afterTrading/STOCK_DAY?date=20250601&stockNo=3189&response=json,2025-06-27 14:00 Asia/Taipei,premarket trade_date may only use row.date < trade_date
2025-06-27,3443,創意,1240.0,1335.0,1220.0,1305.0,6046289.0,7784901825.0,TWSE STOCK_DAY,https://www.twse.com.tw/rwd/zh/afterTrading/STOCK_DAY?date=20250601&stockNo=3443&response=json,2025-06-27 14:00 Asia/Taipei,premarket trade_date may only use row.date < trade_date
2025-06-27,6526,達發,537.0,545.0,537.0,541.0,232614.0,125969693.0,TWSE STOCK_DAY,https://www.twse.com.tw/rwd/zh/afterTrading/STOCK_DAY?date=20250601&stockNo=6526&response=json,2025-06-27 14:00 Asia/Taipei,premarket trade_date may only use row.date < trade_date
2025-06-30,2345,智邦,732.0,739.0,725.0,730.0,3124944.0,2279641576.0,TWSE STOCK_DAY,https://www.twse.com.tw/rwd/zh/afterTrading/STOCK_DAY?date=20250601&stockNo=2345&response=json,2025-06-30 14:00 Asia/Taipei,premarket trade_date may only use row.date < trade_date
2025-06-30,3017,奇鋐,737.0,745.0,732.0,743.0,4109704.0,3039581757.0,TWSE STOCK_DAY,https://www.twse.com.tw/rwd/zh/afterTrading/STOCK_DAY?date=20250601&stockNo=3017&response=json,2025-06-30 14:00 Asia/Taipei,premarket trade_date may only use row.date < trade_date
2025-06-30,3189,景碩,85.1,85.5,83.4,83.7,2144559.0,180236575.0,TWSE STOCK_DAY,https://www.twse.com.tw/rwd/zh/afterTrading/STOCK_DAY?date=20250601&stockNo=3189&response=json,2025-06-30 14:00 Asia/Taipei,premarket trade_date may only use row.date < trade_date
2025-06-30,3443,創意,1330.0,1340.0,1300.0,1305.0,2545663.0,3361438170.0,TWSE STOCK_DAY,https://www.twse.com.tw/rwd/zh/afterTrading/STOCK_DAY?date=20250601&stockNo=3443&response=json,2025-06-30 14:00 Asia/Taipei,premarket trade_date may only use row.date < trade_date
2025-06-30,6526,達發,541.0,541.0,530.0,530.0,196824.0,105224177.0,TWSE STOCK_DAY,https://www.twse.com.tw/rwd/zh/afterTrading/STOCK_DAY?date=20250601&stockNo=6526&response=json,2025-06-30 14:00 Asia/Taipei,premarket trade_date may only use row.date < trade_date
2025-07-01,2345,智邦,736.0,787.0,736.0,763.0,8326535.0,6374889420.0,TWSE STOCK_DAY,https://www.twse.com.tw/rwd/zh/afterTrading/STOCK_DAY?date=20250701&stockNo=2345&response=json,2025-07-01 14:00 Asia/Taipei,premarket trade_date may only use row.date < trade_date
2025-07-01,3017,奇鋐,749.0,764.0,744.0,755.0,9577499.0,7248800705.0,TWSE STOCK_DAY,https://www.twse.com.tw/rwd/zh/afterTrading/STOCK_DAY?date=20250701&stockNo=3017&response=json,2025-07-01 14:00 Asia/Taipei,premarket trade_date may only use row.date < trade_date
2025-07-01,3189,景碩,84.2,85.5,83.8,83.8,1643936.0,138892328.0,TWSE STOCK_DAY,https://www.twse.com.tw/rwd/zh/afterTrading/STOCK_DAY?date=20250701&stockNo=3189&response=json,2025-07-01 14:00 Asia/Taipei,premarket trade_date may only use row.date < trade_date
2025-07-01,3443,創意,1320.0,1345.0,1310.0,1310.0,2120261.0,2811638635.0,TWSE STOCK_DAY,https://www.twse.com.tw/rwd/zh/afterTrading/STOCK_DAY?date=20250701&stockNo=3443&response=json,2025-07-01 14:00 Asia/Taipei,premarket trade_date may only use row.date < trade_date
2025-07-01,6526,達發,539.0,548.0,536.0,536.0,342947.0,186052632.0,TWSE STOCK_DAY,https://www.twse.com.tw/rwd/zh/afterTrading/STOCK_DAY?date=20250701&stockNo=6526&response=json,2025-07-01 14:00 Asia/Taipei,premarket trade_date may only use row.date < trade_date
2025-07-02,2345,智邦,763.0,778.0,758.0,768.0,5103811.0,3907777760.0,TWSE STOCK_DAY,https://www.twse.com.tw/rwd/zh/afterTrading/STOCK_DAY?date=20250701&stockNo=2345&response=json,2025-07-02 14:00 Asia/Taipei,premarket trade_date may only use row.date < trade_date
2025-07-02,3017,奇鋐,753.0,778.0,753.0,759.0,9705868.0,7419792898.0,TWSE STOCK_DAY,https://www.twse.com.tw/rwd/zh/afterTrading/STOCK_DAY?date=20250701&stockNo=3017&response=json,2025-07-02 14:00 Asia/Taipei,premarket trade_date may only use row.date < trade_date
2025-07-02,3189,景碩,84.2,84.5,83.4,84.0,1395387.0,117126656.0,TWSE STOCK_DAY,https://www.twse.com.tw/rwd/zh/afterTrading/STOCK_DAY?date=20250701&stockNo=3189&response=json,2025-07-02 14:00 Asia/Taipei,premarket trade_date may only use row.date < trade_date
2025-07-02,3443,創意,1305.0,1340.0,1290.0,1325.0,1802975.0,2375737625.0,TWSE STOCK_DAY,https://www.twse.com.tw/rwd/zh/afterTrading/STOCK_DAY?date=20250701&stockNo=3443&response=json,2025-07-02 14:00 Asia/Taipei,premarket trade_date may only use row.date < trade_date
2025-07-02,6526,達發,540.0,552.0,537.0,548.0,493296.0,269648488.0,TWSE STOCK_DAY,https://www.twse.com.tw/rwd/zh/afterTrading/STOCK_DAY?date=20250701&stockNo=6526&response=json,2025-07-02 14:00 Asia/Taipei,premarket trade_date may only use row.date < trade_date
2025-07-03,2345,智邦,770.0,781.0,762.0,781.0,4376081.0,3388138152.0,TWSE STOCK_DAY,https://www.twse.com.tw/rwd/zh/afterTrading/STOCK_DAY?date=20250701&stockNo=2345&response=json,2025-07-03 14:00 Asia/Taipei,premarket trade_date may only use row.date < trade_date
2025-07-03,3017,奇鋐,770.0,788.0,768.0,783.0,12939676.0,10093786630.0,TWSE STOCK_DAY,https://www.twse.com.tw/rwd/zh/afterTrading/STOCK_DAY?date=20250701&stockNo=3017&response=json,2025-07-03 14:00 Asia/Taipei,premarket trade_date may only use row.date < trade_date
2025-07-03,3189,景碩,83.7,89.7,83.7,88.2,20853879.0,1823017642.0,TWSE STOCK_DAY,https://www.twse.com.tw/rwd/zh/afterTrading/STOCK_DAY?date=20250701&stockNo=3189&response=json,2025-07-03 14:00 Asia/Taipei,premarket trade_date may only use row.date < trade_date
2025-07-03,3443,創意,1325.0,1325.0,1265.0,1270.0,2998896.0,3851077415.0,TWSE STOCK_DAY,https://www.twse.com.tw/rwd/zh/afterTrading/STOCK_DAY?date=20250701&stockNo=3443&response=json,2025-07-03 14:00 Asia/Taipei,premarket trade_date may only use row.date < trade_date
2025-07-03,6526,達發,544.0,544.0,535.0,536.0,351242.0,189341353.0,TWSE STOCK_DAY,https://www.twse.com.tw/rwd/zh/afterTrading/STOCK_DAY?date=20250701&stockNo=6526&response=json,2025-07-03 14:00 Asia/Taipei,premarket trade_date may only use row.date < trade_date
2025-07-04,2345,智邦,785.0,787.0,766.0,768.0,3155380.0,2440042103.0,TWSE STOCK_DAY,https://www.twse.com.tw/rwd/zh/afterTrading/STOCK_DAY?date=20250701&stockNo=2345&response=json,2025-07-04 14:00 Asia/Taipei,premarket trade_date may only use row.date < trade_date
2025-07-04,3017,奇鋐,798.0,800.0,775.0,777.0,9125946.0,7189193618.0,TWSE STOCK_DAY,https://www.twse.com.tw/rwd/zh/afterTrading/STOCK_DAY?date=20250701&stockNo=3017&response=json,2025-07-04 14:00 Asia/Taipei,premarket trade_date may only use row.date < trade_date
2025-07-04,3189,景碩,88.8,95.0,88.2,88.2,31370223.0,2890245576.0,TWSE STOCK_DAY,https://www.twse.com.tw/rwd/zh/afterTrading/STOCK_DAY?date=20250701&stockNo=3189&response=json,2025-07-04 14:00 Asia/Taipei,premarket trade_date may only use row.date < trade_date
2025-07-04,3443,創意,1280.0,1295.0,1250.0,1255.0,1583796.0,2006198665.0,TWSE STOCK_DAY,https://www.twse.com.tw/rwd/zh/afterTrading/STOCK_DAY?date=20250701&stockNo=3443&response=json,2025-07-04 14:00 Asia/Taipei,premarket trade_date may only use row.date < trade_date
2025-07-04,6526,達發,542.0,542.0,531.0,531.0,194368.0,104063111.0,TWSE STOCK_DAY,https://www.twse.com.tw/rwd/zh/afterTrading/STOCK_DAY?date=20250701&stockNo=6526&response=json,2025-07-04 14:00 Asia/Taipei,premarket trade_date may only use row.date < trade_date
2025-07-07,2345,智邦,769.0,769.0,727.0,738.0,5079116.0,3753481464.0,TWSE STOCK_DAY,https://www.twse.com.tw/rwd/zh/afterTrading/STOCK_DAY?date=20250701&stockNo=2345&response=json,2025-07-07 14:00 Asia/Taipei,premarket trade_date may only use row.date < trade_date
2025-07-07,3017,奇鋐,775.0,776.0,755.0,762.0,5566516.0,4244713879.0,TWSE STOCK_DAY,https://www.twse.com.tw/rwd/zh/afterTrading/STOCK_DAY?date=20250701&stockNo=3017&response=json,2025-07-07 14:00 Asia/Taipei,premarket trade_date may only use row.date < trade_date
2025-07-07,3189,景碩,91.3,92.0,86.8,87.1,25932862.0,2304367657.0,TWSE STOCK_DAY,https://www.twse.com.tw/rwd/zh/afterTrading/STOCK_DAY?date=20250701&stockNo=3189&response=json,2025-07-07 14:00 Asia/Taipei,premarket trade_date may only use row.date < trade_date
2025-07-07,3443,創意,1260.0,1265.0,1230.0,1260.0,1322142.0,1655407170.0,TWSE STOCK_DAY,https://www.twse.com.tw/rwd/zh/afterTrading/STOCK_DAY?date=20250701&stockNo=3443&response=json,2025-07-07 14:00 Asia/Taipei,premarket trade_date may only use row.date < trade_date
2025-07-07,6526,達發,530.0,530.0,513.0,518.0,207236.0,107667982.0,TWSE STOCK_DAY,https://www.twse.com.tw/rwd/zh/afterTrading/STOCK_DAY?date=20250701&stockNo=6526&response=json,2025-07-07 14:00 Asia/Taipei,premarket trade_date may only use row.date < trade_date
2025-07-08,2345,智邦,738.0,762.0,738.0,760.0,3748907.0,2829213932.0,TWSE STOCK_DAY,https://www.twse.com.tw/rwd/zh/afterTrading/STOCK_DAY?date=20250701&stockNo=2345&response=json,2025-07-08 14:00 Asia/Taipei,premarket trade_date may only use row.date < trade_date
2025-07-08,3017,奇鋐,770.0,795.0,761.0,795.0,8284377.0,6455668147.0,TWSE STOCK_DAY,https://www.twse.com.tw/rwd/zh/afterTrading/STOCK_DAY?date=20250701&stockNo=3017&response=json,2025-07-08 14:00 Asia/Taipei,premarket trade_date may only use row.date < trade_date
2025-07-08,3189,景碩,86.5,87.5,85.3,87.2,4959331.0,428956777.0,TWSE STOCK_DAY,https://www.twse.com.tw/rwd/zh/afterTrading/STOCK_DAY?date=20250701&stockNo=3189&response=json,2025-07-08 14:00 Asia/Taipei,premarket trade_date may only use row.date < trade_date
2025-07-08,3443,創意,1240.0,1260.0,1210.0,1220.0,1914156.0,2349961895.0,TWSE STOCK_DAY,https://www.twse.com.tw/rwd/zh/afterTrading/STOCK_DAY?date=20250701&stockNo=3443&response=json,2025-07-08 14:00 Asia/Taipei,premarket trade_date may only use row.date < trade_date
2025-07-08,6526,達發,518.0,518.0,510.0,511.0,145871.0,74777032.0,TWSE STOCK_DAY,https://www.twse.com.tw/rwd/zh/afterTrading/STOCK_DAY?date=20250701&stockNo=6526&response=json,2025-07-08 14:00 Asia/Taipei,premarket trade_date may only use row.date < trade_date
2025-07-09,2345,智邦,791.0,798.0,780.0,796.0,10960427.0,8678929863.0,TWSE STOCK_DAY,https://www.twse.com.tw/rwd/zh/afterTrading/STOCK_DAY?date=20250701&stockNo=2345&response=json,2025-07-09 14:00 Asia/Taipei,premarket trade_date may only use row.date < trade_date
2025-07-09,3017,奇鋐,792.0,812.0,787.0,811.0,8679935.0,6982360656.0,TWSE STOCK_DAY,https://www.twse.com.tw/rwd/zh/afterTrading/STOCK_DAY?date=20250701&stockNo=3017&response=json,2025-07-09 14:00 Asia/Taipei,premarket trade_date may only use row.date < trade_date
2025-07-09,3189,景碩,86.9,91.5,86.4,90.7,16252754.0,1456072589.0,TWSE STOCK_DAY,https://www.twse.com.tw/rwd/zh/afterTrading/STOCK_DAY?date=20250701&stockNo=3189&response=json,2025-07-09 14:00 Asia/Taipei,premarket trade_date may only use row.date < trade_date
2025-07-09,3443,創意,1225.0,1245.0,1215.0,1225.0,1338655.0,1643849595.0,TWSE STOCK_DAY,https://www.twse.com.tw/rwd/zh/afterTrading/STOCK_DAY?date=20250701&stockNo=3443&response=json,2025-07-09 14:00 Asia/Taipei,premarket trade_date may only use row.date < trade_date
2025-07-09,6526,達發,520.0,542.0,518.0,538.0,381148.0,204240222.0,TWSE STOCK_DAY,https://www.twse.com.tw/rwd/zh/afterTrading/STOCK_DAY?date=20250701&stockNo=6526&response=json,2025-07-09 14:00 Asia/Taipei,premarket trade_date may only use row.date < trade_date
2025-07-10,2345,智邦,799.0,819.0,791.0,813.0,6766592.0,5462914495.0,TWSE STOCK_DAY,https://www.twse.com.tw/rwd/zh/afterTrading/STOCK_DAY?date=20250701&stockNo=2345&response=json,2025-07-10 14:00 Asia/Taipei,premarket trade_date may only use row.date < trade_date
2025-07-10,3017,奇鋐,822.0,848.0,820.0,845.0,10875991.0,9098980604.0,TWSE STOCK_DAY,https://www.twse.com.tw/rwd/zh/afterTrading/STOCK_DAY?date=20250701&stockNo=3017&response=json,2025-07-10 14:00 Asia/Taipei,premarket trade_date may only use row.date < trade_date
2025-07-10,3189,景碩,91.0,92.2,89.8,90.4,11796258.0,1071655701.0,TWSE STOCK_DAY,https://www.twse.com.tw/rwd/zh/afterTrading/STOCK_DAY?date=20250701&stockNo=3189&response=json,2025-07-10 14:00 Asia/Taipei,premarket trade_date may only use row.date < trade_date
2025-07-10,3443,創意,1235.0,1245.0,1230.0,1235.0,927292.0,1148074650.0,TWSE STOCK_DAY,https://www.twse.com.tw/rwd/zh/afterTrading/STOCK_DAY?date=20250701&stockNo=3443&response=json,2025-07-10 14:00 Asia/Taipei,premarket trade_date may only use row.date < trade_date
2025-07-10,6526,達發,541.0,555.0,538.0,544.0,544267.0,298296621.0,TWSE STOCK_DAY,https://www.twse.com.tw/rwd/zh/afterTrading/STOCK_DAY?date=20250701&stockNo=6526&response=json,2025-07-10 14:00 Asia/Taipei,premarket trade_date may only use row.date < trade_date
2025-07-11,2345,智邦,812.0,813.0,782.0,797.0,6429137.0,5117210880.0,TWSE STOCK_DAY,https://www.twse.com.tw/rwd/zh/afterTrading/STOCK_DAY?date=20250701&stockNo=2345&response=json,2025-07-11 14:00 Asia/Taipei,premarket trade_date may only use row.date < trade_date
2025-07-11,3017,奇鋐,840.0,844.0,815.0,827.0,8846226.0,7316325845.0,TWSE STOCK_DAY,https://www.twse.com.tw/rwd/zh/afterTrading/STOCK_DAY?date=20250701&stockNo=3017&response=json,2025-07-11 14:00 Asia/Taipei,premarket trade_date may only use row.date < trade_date
2025-07-11,3189,景碩,89.9,91.5,89.8,90.3,4258780.0,385601137.0,TWSE STOCK_DAY,https://www.twse.com.tw/rwd/zh/afterTrading/STOCK_DAY?date=20250701&stockNo=3189&response=json,2025-07-11 14:00 Asia/Taipei,premarket trade_date may only use row.date < trade_date
2025-07-11,3443,創意,1245.0,1260.0,1235.0,1250.0,1390706.0,1737180110.0,TWSE STOCK_DAY,https://www.twse.com.tw/rwd/zh/afterTrading/STOCK_DAY?date=20250701&stockNo=3443&response=json,2025-07-11 14:00 Asia/Taipei,premarket trade_date may only use row.date < trade_date
2025-07-11,6526,達發,549.0,592.0,549.0,580.0,1402843.0,808876713.0,TWSE STOCK_DAY,https://www.twse.com.tw/rwd/zh/afterTrading/STOCK_DAY?date=20250701&stockNo=6526&response=json,2025-07-11 14:00 Asia/Taipei,premarket trade_date may only use row.date < trade_date
2025-07-14,2345,智邦,791.0,791.0,759.0,761.0,4911412.0,3785275094.0,TWSE STOCK_DAY,https://www.twse.com.tw/rwd/zh/afterTrading/STOCK_DAY?date=20250701&stockNo=2345&response=json,2025-07-14 14:00 Asia/Taipei,premarket trade_date may only use row.date < trade_date
2025-07-14,3017,奇鋐,827.0,838.0,824.0,829.0,4867054.0,4039863526.0,TWSE STOCK_DAY,https://www.twse.com.tw/rwd/zh/afterTrading/STOCK_DAY?date=20250701&stockNo=3017&response=json,2025-07-14 14:00 Asia/Taipei,premarket trade_date may only use row.date < trade_date
2025-07-14,3189,景碩,90.0,90.7,88.3,90.2,3661908.0,328847387.0,TWSE STOCK_DAY,https://www.twse.com.tw/rwd/zh/afterTrading/STOCK_DAY?date=20250701&stockNo=3189&response=json,2025-07-14 14:00 Asia/Taipei,premarket trade_date may only use row.date < trade_date
2025-07-14,3443,創意,1255.0,1260.0,1200.0,1215.0,1044588.0,1275460395.0,TWSE STOCK_DAY,https://www.twse.com.tw/rwd/zh/afterTrading/STOCK_DAY?date=20250701&stockNo=3443&response=json,2025-07-14 14:00 Asia/Taipei,premarket trade_date may only use row.date < trade_date
2025-07-14,6526,達發,577.0,577.0,539.0,551.0,921625.0,514065503.0,TWSE STOCK_DAY,https://www.twse.com.tw/rwd/zh/afterTrading/STOCK_DAY?date=20250701&stockNo=6526&response=json,2025-07-14 14:00 Asia/Taipei,premarket trade_date may only use row.date < trade_date
2025-07-15,2345,智邦,765.0,780.0,765.0,776.0,4502120.0,3492120017.0,TWSE STOCK_DAY,https://www.twse.com.tw/rwd/zh/afterTrading/STOCK_DAY?date=20250701&stockNo=2345&response=json,2025-07-15 14:00 Asia/Taipei,premarket trade_date may only use row.date < trade_date
2025-07-15,3017,奇鋐,838.0,854.0,828.0,853.0,8021565.0,6771974919.0,TWSE STOCK_DAY,https://www.twse.com.tw/rwd/zh/afterTrading/STOCK_DAY?date=20250701&stockNo=3017&response=json,2025-07-15 14:00 Asia/Taipei,premarket trade_date may only use row.date < trade_date
2025-07-15,3189,景碩,89.8,99.2,89.7,99.2,55449936.0,5307064355.0,TWSE STOCK_DAY,https://www.twse.com.tw/rwd/zh/afterTrading/STOCK_DAY?date=20250701&stockNo=3189&response=json,2025-07-15 14:00 Asia/Taipei,premarket trade_date may only use row.date < trade_date
2025-07-15,3443,創意,1220.0,1235.0,1205.0,1205.0,1049953.0,1275415280.0,TWSE STOCK_DAY,https://www.twse.com.tw/rwd/zh/afterTrading/STOCK_DAY?date=20250701&stockNo=3443&response=json,2025-07-15 14:00 Asia/Taipei,premarket trade_date may only use row.date < trade_date
2025-07-15,6526,達發,551.0,560.0,545.0,550.0,374149.0,206158251.0,TWSE STOCK_DAY,https://www.twse.com.tw/rwd/zh/afterTrading/STOCK_DAY?date=20250701&stockNo=6526&response=json,2025-07-15 14:00 Asia/Taipei,premarket trade_date may only use row.date < trade_date
2025-07-16,2345,智邦,772.0,783.0,769.0,769.0,4056789.0,3144145470.0,TWSE STOCK_DAY,https://www.twse.com.tw/rwd/zh/afterTrading/STOCK_DAY?date=20250701&stockNo=2345&response=json,2025-07-16 14:00 Asia/Taipei,premarket trade_date may only use row.date < trade_date
2025-07-16,3017,奇鋐,869.0,878.0,842.0,848.0,8910759.0,7666213509.0,TWSE STOCK_DAY,https://www.twse.com.tw/rwd/zh/afterTrading/STOCK_DAY?date=20250701&stockNo=3017&response=json,2025-07-16 14:00 Asia/Taipei,premarket trade_date may only use row.date < trade_date
2025-07-16,3189,景碩,100.5,105.5,98.4,102.5,82541278.0,8452312656.0,TWSE STOCK_DAY,https://www.twse.com.tw/rwd/zh/afterTrading/STOCK_DAY?date=20250701&stockNo=3189&response=json,2025-07-16 14:00 Asia/Taipei,premarket trade_date may only use row.date < trade_date
2025-07-16,3443,創意,1215.0,1260.0,1215.0,1235.0,2378998.0,2946513905.0,TWSE STOCK_DAY,https://www.twse.com.tw/rwd/zh/afterTrading/STOCK_DAY?date=20250701&stockNo=3443&response=json,2025-07-16 14:00 Asia/Taipei,premarket trade_date may only use row.date < trade_date
2025-07-16,6526,達發,555.0,567.0,552.0,557.0,597055.0,334888347.0,TWSE STOCK_DAY,https://www.twse.com.tw/rwd/zh/afterTrading/STOCK_DAY?date=20250701&stockNo=6526&response=json,2025-07-16 14:00 Asia/Taipei,premarket trade_date may only use row.date < trade_date
2025-07-17,2345,智邦,776.0,783.0,750.0,764.0,4686304.0,3579005278.0,TWSE STOCK_DAY,https://www.twse.com.tw/rwd/zh/afterTrading/STOCK_DAY?date=20250701&stockNo=2345&response=json,2025-07-17 14:00 Asia/Taipei,premarket trade_date may only use row.date < trade_date
2025-07-17,3017,奇鋐,849.0,858.0,837.0,844.0,6211225.0,5263862563.0,TWSE STOCK_DAY,https://www.twse.com.tw/rwd/zh/afterTrading/STOCK_DAY?date=20250701&stockNo=3017&response=json,2025-07-17 14:00 Asia/Taipei,premarket trade_date may only use row.date < trade_date
2025-07-17,3189,景碩,102.0,103.5,99.8,101.5,19639953.0,1984024451.0,TWSE STOCK_DAY,https://www.twse.com.tw/rwd/zh/afterTrading/STOCK_DAY?date=20250701&stockNo=3189&response=json,2025-07-17 14:00 Asia/Taipei,premarket trade_date may only use row.date < trade_date
2025-07-17,3443,創意,1250.0,1255.0,1235.0,1235.0,932289.0,1159031330.0,TWSE STOCK_DAY,https://www.twse.com.tw/rwd/zh/afterTrading/STOCK_DAY?date=20250701&stockNo=3443&response=json,2025-07-17 14:00 Asia/Taipei,premarket trade_date may only use row.date < trade_date
2025-07-17,6526,達發,564.0,564.0,551.0,553.0,221429.0,122710049.0,TWSE STOCK_DAY,https://www.twse.com.tw/rwd/zh/afterTrading/STOCK_DAY?date=20250701&stockNo=6526&response=json,2025-07-17 14:00 Asia/Taipei,premarket trade_date may only use row.date < trade_date
2025-07-18,2345,智邦,775.0,808.0,768.0,798.0,5365465.0,4240426718.0,TWSE STOCK_DAY,https://www.twse.com.tw/rwd/zh/afterTrading/STOCK_DAY?date=20250701&stockNo=2345&response=json,2025-07-18 14:00 Asia/Taipei,premarket trade_date may only use row.date < trade_date
2025-07-18,3017,奇鋐,855.0,895.0,853.0,891.0,9993550.0,8744825463.0,TWSE STOCK_DAY,https://www.twse.com.tw/rwd/zh/afterTrading/STOCK_DAY?date=20250701&stockNo=3017&response=json,2025-07-18 14:00 Asia/Taipei,premarket trade_date may only use row.date < trade_date
2025-07-18,3189,景碩,101.5,102.5,100.5,101.0,7867313.0,795839943.0,TWSE STOCK_DAY,https://www.twse.com.tw/rwd/zh/afterTrading/STOCK_DAY?date=20250701&stockNo=3189&response=json,2025-07-18 14:00 Asia/Taipei,premarket trade_date may only use row.date < trade_date
2025-07-18,3443,創意,1255.0,1270.0,1240.0,1240.0,1258169.0,1573420015.0,TWSE STOCK_DAY,https://www.twse.com.tw/rwd/zh/afterTrading/STOCK_DAY?date=20250701&stockNo=3443&response=json,2025-07-18 14:00 Asia/Taipei,premarket trade_date may only use row.date < trade_date
2025-07-18,6526,達發,561.0,561.0,548.0,550.0,236265.0,130268135.0,TWSE STOCK_DAY,https://www.twse.com.tw/rwd/zh/afterTrading/STOCK_DAY?date=20250701&stockNo=6526&response=json,2025-07-18 14:00 Asia/Taipei,premarket trade_date may only use row.date < trade_date
2025-07-21,2345,智邦,808.0,808.0,784.0,793.0,4081305.0,3241665127.0,TWSE STOCK_DAY,https://www.twse.com.tw/rwd/zh/afterTrading/STOCK_DAY?date=20250701&stockNo=2345&response=json,2025-07-21 14:00 Asia/Taipei,premarket trade_date may only use row.date < trade_date
2025-07-21,3017,奇鋐,892.0,895.0,867.0,872.0,7289416.0,6390505206.0,TWSE STOCK_DAY,https://www.twse.com.tw/rwd/zh/afterTrading/STOCK_DAY?date=20250701&stockNo=3017&response=json,2025-07-21 14:00 Asia/Taipei,premarket trade_date may only use row.date < trade_date
2025-07-21,3189,景碩,101.5,107.0,100.5,104.5,19375721.0,2026108297.0,TWSE STOCK_DAY,https://www.twse.com.tw/rwd/zh/afterTrading/STOCK_DAY?date=20250701&stockNo=3189&response=json,2025-07-21 14:00 Asia/Taipei,premarket trade_date may only use row.date < trade_date
2025-07-21,3443,創意,1240.0,1240.0,1190.0,1195.0,1520030.0,1828522465.0,TWSE STOCK_DAY,https://www.twse.com.tw/rwd/zh/afterTrading/STOCK_DAY?date=20250701&stockNo=3443&response=json,2025-07-21 14:00 Asia/Taipei,premarket trade_date may only use row.date < trade_date
2025-07-21,6526,達發,550.0,553.0,545.0,545.0,158133.0,86762178.0,TWSE STOCK_DAY,https://www.twse.com.tw/rwd/zh/afterTrading/STOCK_DAY?date=20250701&stockNo=6526&response=json,2025-07-21 14:00 Asia/Taipei,premarket trade_date may only use row.date < trade_date
2025-07-22,2345,智邦,799.0,805.0,769.0,769.0,4587677.0,3606204267.0,TWSE STOCK_DAY,https://www.twse.com.tw/rwd/zh/afterTrading/STOCK_DAY?date=20250701&stockNo=2345&response=json,2025-07-22 14:00 Asia/Taipei,premarket trade_date may only use row.date < trade_date
2025-07-22,3017,奇鋐,875.0,881.0,844.0,852.0,7117271.0,6136383209.0,TWSE STOCK_DAY,https://www.twse.com.tw/rwd/zh/afterTrading/STOCK_DAY?date=20250701&stockNo=3017&response=json,2025-07-22 14:00 Asia/Taipei,premarket trade_date may only use row.date < trade_date
2025-07-22,3189,景碩,104.5,105.5,100.0,100.5,12780325.0,1306204835.0,TWSE STOCK_DAY,https://www.twse.com.tw/rwd/zh/afterTrading/STOCK_DAY?date=20250701&stockNo=3189&response=json,2025-07-22 14:00 Asia/Taipei,premarket trade_date may only use row.date < trade_date
2025-07-22,3443,創意,1200.0,1215.0,1160.0,1170.0,1261099.0,1488943155.0,TWSE STOCK_DAY,https://www.twse.com.tw/rwd/zh/afterTrading/STOCK_DAY?date=20250701&stockNo=3443&response=json,2025-07-22 14:00 Asia/Taipei,premarket trade_date may only use row.date < trade_date
2025-07-22,6526,達發,550.0,552.0,528.0,531.0,351030.0,188622927.0,TWSE STOCK_DAY,https://www.twse.com.tw/rwd/zh/afterTrading/STOCK_DAY?date=20250701&stockNo=6526&response=json,2025-07-22 14:00 Asia/Taipei,premarket trade_date may only use row.date < trade_date
2025-07-23,2345,智邦,786.0,800.0,770.0,777.0,5022396.0,3931573263.0,TWSE STOCK_DAY,https://www.twse.com.tw/rwd/zh/afterTrading/STOCK_DAY?date=20250701&stockNo=2345&response=json,2025-07-23 14:00 Asia/Taipei,premarket trade_date may only use row.date < trade_date
2025-07-23,3017,奇鋐,858.0,865.0,839.0,844.0,6607764.0,5611614904.0,TWSE STOCK_DAY,https://www.twse.com.tw/rwd/zh/afterTrading/STOCK_DAY?date=20250701&stockNo=3017&response=json,2025-07-23 14:00 Asia/Taipei,premarket trade_date may only use row.date < trade_date
2025-07-23,3189,景碩,102.5,106.5,101.0,103.0,20003904.0,2083770808.0,TWSE STOCK_DAY,https://www.twse.com.tw/rwd/zh/afterTrading/STOCK_DAY?date=20250701&stockNo=3189&response=json,2025-07-23 14:00 Asia/Taipei,premarket trade_date may only use row.date < trade_date
2025-07-23,3443,創意,1185.0,1195.0,1165.0,1195.0,759888.0,900998945.0,TWSE STOCK_DAY,https://www.twse.com.tw/rwd/zh/afterTrading/STOCK_DAY?date=20250701&stockNo=3443&response=json,2025-07-23 14:00 Asia/Taipei,premarket trade_date may only use row.date < trade_date
2025-07-23,6526,達發,539.0,544.0,536.0,538.0,108623.0,58663944.0,TWSE STOCK_DAY,https://www.twse.com.tw/rwd/zh/afterTrading/STOCK_DAY?date=20250701&stockNo=6526&response=json,2025-07-23 14:00 Asia/Taipei,premarket trade_date may only use row.date < trade_date
2025-07-24,2345,智邦,783.0,790.0,773.0,773.0,3345988.0,2607439749.0,TWSE STOCK_DAY,https://www.twse.com.tw/rwd/zh/afterTrading/STOCK_DAY?date=20250701&stockNo=2345&response=json,2025-07-24 14:00 Asia/Taipei,premarket trade_date may only use row.date < trade_date
2025-07-24,3017,奇鋐,848.0,862.0,840.0,856.0,5267779.0,4488506734.0,TWSE STOCK_DAY,https://www.twse.com.tw/rwd/zh/afterTrading/STOCK_DAY?date=20250701&stockNo=3017&response=json,2025-07-24 14:00 Asia/Taipei,premarket trade_date may only use row.date < trade_date
2025-07-24,3189,景碩,103.5,104.5,101.5,103.0,11245913.0,1155320226.0,TWSE STOCK_DAY,https://www.twse.com.tw/rwd/zh/afterTrading/STOCK_DAY?date=20250701&stockNo=3189&response=json,2025-07-24 14:00 Asia/Taipei,premarket trade_date may only use row.date < trade_date
2025-07-24,3443,創意,1205.0,1210.0,1180.0,1190.0,809353.0,964963350.0,TWSE STOCK_DAY,https://www.twse.com.tw/rwd/zh/afterTrading/STOCK_DAY?date=20250701&stockNo=3443&response=json,2025-07-24 14:00 Asia/Taipei,premarket trade_date may only use row.date < trade_date
2025-07-24,6526,達發,539.0,541.0,534.0,540.0,129861.0,69796201.0,TWSE STOCK_DAY,https://www.twse.com.tw/rwd/zh/afterTrading/STOCK_DAY?date=20250701&stockNo=6526&response=json,2025-07-24 14:00 Asia/Taipei,premarket trade_date may only use row.date < trade_date
2025-07-25,2345,智邦,780.0,793.0,772.0,793.0,3396865.0,2670326519.0,TWSE STOCK_DAY,https://www.twse.com.tw/rwd/zh/afterTrading/STOCK_DAY?date=20250701&stockNo=2345&response=json,2025-07-25 14:00 Asia/Taipei,premarket trade_date may only use row.date < trade_date
2025-07-25,3017,奇鋐,856.0,862.0,844.0,849.0,3925244.0,3338766933.0,TWSE STOCK_DAY,https://www.twse.com.tw/rwd/zh/afterTrading/STOCK_DAY?date=20250701&stockNo=3017&response=json,2025-07-25 14:00 Asia/Taipei,premarket trade_date may only use row.date < trade_date
2025-07-25,3189,景碩,102.5,104.0,99.9,100.0,15399323.0,1562109445.0,TWSE STOCK_DAY,https://www.twse.com.tw/rwd/zh/afterTrading/STOCK_DAY?date=20250701&stockNo=3189&response=json,2025-07-25 14:00 Asia/Taipei,premarket trade_date may only use row.date < trade_date
2025-07-25,3443,創意,1185.0,1230.0,1165.0,1225.0,1982009.0,2402143485.0,TWSE STOCK_DAY,https://www.twse.com.tw/rwd/zh/afterTrading/STOCK_DAY?date=20250701&stockNo=3443&response=json,2025-07-25 14:00 Asia/Taipei,premarket trade_date may only use row.date < trade_date
2025-07-25,6526,達發,539.0,544.0,536.0,540.0,136304.0,73754783.0,TWSE STOCK_DAY,https://www.twse.com.tw/rwd/zh/afterTrading/STOCK_DAY?date=20250701&stockNo=6526&response=json,2025-07-25 14:00 Asia/Taipei,premarket trade_date may only use row.date < trade_date
2025-07-28,2345,智邦,795.0,857.0,791.0,851.0,8102654.0,6747026752.0,TWSE STOCK_DAY,https://www.twse.com.tw/rwd/zh/afterTrading/STOCK_DAY?date=20250701&stockNo=2345&response=json,2025-07-28 14:00 Asia/Taipei,premarket trade_date may only use row.date < trade_date
2025-07-28,3017,奇鋐,859.0,873.0,856.0,873.0,4916101.0,4255579920.0,TWSE STOCK_DAY,https://www.twse.com.tw/rwd/zh/afterTrading/STOCK_DAY?date=20250701&stockNo=3017&response=json,2025-07-28 14:00 Asia/Taipei,premarket trade_date may only use row.date < trade_date
2025-07-28,3189,景碩,101.0,102.0,100.0,100.0,9449515.0,951874070.0,TWSE STOCK_DAY,https://www.twse.com.tw/rwd/zh/afterTrading/STOCK_DAY?date=20250701&stockNo=3189&response=json,2025-07-28 14:00 Asia/Taipei,premarket trade_date may only use row.date < trade_date
2025-07-28,3443,創意,1250.0,1250.0,1220.0,1235.0,1384738.0,1713322255.0,TWSE STOCK_DAY,https://www.twse.com.tw/rwd/zh/afterTrading/STOCK_DAY?date=20250701&stockNo=3443&response=json,2025-07-28 14:00 Asia/Taipei,premarket trade_date may only use row.date < trade_date
2025-07-28,6526,達發,545.0,548.0,539.0,543.0,128300.0,69708228.0,TWSE STOCK_DAY,https://www.twse.com.tw/rwd/zh/afterTrading/STOCK_DAY?date=20250701&stockNo=6526&response=json,2025-07-28 14:00 Asia/Taipei,premarket trade_date may only use row.date < trade_date
2025-07-29,2345,智邦,853.0,864.0,846.0,852.0,5546904.0,4742203455.0,TWSE STOCK_DAY,https://www.twse.com.tw/rwd/zh/afterTrading/STOCK_DAY?date=20250701&stockNo=2345&response=json,2025-07-29 14:00 Asia/Taipei,premarket trade_date may only use row.date < trade_date
2025-07-29,3017,奇鋐,874.0,884.0,866.0,878.0,5763303.0,5045451752.0,TWSE STOCK_DAY,https://www.twse.com.tw/rwd/zh/afterTrading/STOCK_DAY?date=20250701&stockNo=3017&response=json,2025-07-29 14:00 Asia/Taipei,premarket trade_date may only use row.date < trade_date
2025-07-29,3189,景碩,103.5,109.0,103.5,106.0,57958638.0,6150725575.0,TWSE STOCK_DAY,https://www.twse.com.tw/rwd/zh/afterTrading/STOCK_DAY?date=20250701&stockNo=3189&response=json,2025-07-29 14:00 Asia/Taipei,premarket trade_date may only use row.date < trade_date
2025-07-29,3443,創意,1230.0,1235.0,1210.0,1210.0,992574.0,1212699235.0,TWSE STOCK_DAY,https://www.twse.com.tw/rwd/zh/afterTrading/STOCK_DAY?date=20250701&stockNo=3443&response=json,2025-07-29 14:00 Asia/Taipei,premarket trade_date may only use row.date < trade_date
2025-07-29,6526,達發,552.0,561.0,531.0,539.0,628310.0,342432744.0,TWSE STOCK_DAY,https://www.twse.com.tw/rwd/zh/afterTrading/STOCK_DAY?date=20250701&stockNo=6526&response=json,2025-07-29 14:00 Asia/Taipei,premarket trade_date may only use row.date < trade_date
2025-07-30,2345,智邦,857.0,885.0,843.0,843.0,7049482.0,6081723642.0,TWSE STOCK_DAY,https://www.twse.com.tw/rwd/zh/afterTrading/STOCK_DAY?date=20250701&stockNo=2345&response=json,2025-07-30 14:00 Asia/Taipei,premarket trade_date may only use row.date < trade_date
2025-07-30,3017,奇鋐,884.0,890.0,855.0,872.0,5759259.0,5017644375.0,TWSE STOCK_DAY,https://www.twse.com.tw/rwd/zh/afterTrading/STOCK_DAY?date=20250701&stockNo=3017&response=json,2025-07-30 14:00 Asia/Taipei,premarket trade_date may only use row.date < trade_date
2025-07-30,3189,景碩,106.0,107.0,103.5,105.0,18862289.0,1980053699.0,TWSE STOCK_DAY,https://www.twse.com.tw/rwd/zh/afterTrading/STOCK_DAY?date=20250701&stockNo=3189&response=json,2025-07-30 14:00 Asia/Taipei,premarket trade_date may only use row.date < trade_date
2025-07-30,3443,創意,1225.0,1245.0,1200.0,1200.0,1168266.0,1418902515.0,TWSE STOCK_DAY,https://www.twse.com.tw/rwd/zh/afterTrading/STOCK_DAY?date=20250701&stockNo=3443&response=json,2025-07-30 14:00 Asia/Taipei,premarket trade_date may only use row.date < trade_date
2025-07-30,6526,達發,543.0,567.0,535.0,555.0,674811.0,375759106.0,TWSE STOCK_DAY,https://www.twse.com.tw/rwd/zh/afterTrading/STOCK_DAY?date=20250701&stockNo=6526&response=json,2025-07-30 14:00 Asia/Taipei,premarket trade_date may only use row.date < trade_date
2025-07-31,2345,智邦,841.0,901.0,841.0,892.0,6490127.0,5728885274.0,TWSE STOCK_DAY,https://www.twse.com.tw/rwd/zh/afterTrading/STOCK_DAY?date=20250701&stockNo=2345&response=json,2025-07-31 14:00 Asia/Taipei,premarket trade_date may only use row.date < trade_date
2025-07-31,3017,奇鋐,880.0,929.0,879.0,923.0,11243271.0,10250854382.0,TWSE STOCK_DAY,https://www.twse.com.tw/rwd/zh/afterTrading/STOCK_DAY?date=20250701&stockNo=3017&response=json,2025-07-31 14:00 Asia/Taipei,premarket trade_date may only use row.date < trade_date
2025-07-31,3189,景碩,104.0,104.0,101.0,103.0,10358515.0,1063042828.0,TWSE STOCK_DAY,https://www.twse.com.tw/rwd/zh/afterTrading/STOCK_DAY?date=20250701&stockNo=3189&response=json,2025-07-31 14:00 Asia/Taipei,premarket trade_date may only use row.date < trade_date
2025-07-31,3443,創意,1205.0,1240.0,1205.0,1215.0,1433858.0,1752705550.0,TWSE STOCK_DAY,https://www.twse.com.tw/rwd/zh/afterTrading/STOCK_DAY?date=20250701&stockNo=3443&response=json,2025-07-31 14:00 Asia/Taipei,premarket trade_date may only use row.date < trade_date
2025-07-31,6526,達發,565.0,575.0,556.0,557.0,543050.0,305878385.0,TWSE STOCK_DAY,https://www.twse.com.tw/rwd/zh/afterTrading/STOCK_DAY?date=20250701&stockNo=6526&response=json,2025-07-31 14:00 Asia/Taipei,premarket trade_date may only use row.date < trade_date
2025-08-01,2345,智邦,871.0,889.0,867.0,884.0,5475385.0,4818139396.0,TWSE STOCK_DAY,https://www.twse.com.tw/rwd/zh/afterTrading/STOCK_DAY?date=20250801&stockNo=2345&response=json,2025-08-01 14:00 Asia/Taipei,premarket trade_date may only use row.date < trade_date
2025-08-01,3017,奇鋐,901.0,925.0,894.0,919.0,8193467.0,7479096097.0,TWSE STOCK_DAY,https://www.twse.com.tw/rwd/zh/afterTrading/STOCK_DAY?date=20250801&stockNo=3017&response=json,2025-08-01 14:00 Asia/Taipei,premarket trade_date may only use row.date < trade_date
2025-08-01,3189,景碩,101.0,104.5,100.5,103.0,6826256.0,704686331.0,TWSE STOCK_DAY,https://www.twse.com.tw/rwd/zh/afterTrading/STOCK_DAY?date=20250801&stockNo=3189&response=json,2025-08-01 14:00 Asia/Taipei,premarket trade_date may only use row.date < trade_date
2025-08-01,3443,創意,1200.0,1285.0,1190.0,1255.0,2472633.0,3106278465.0,TWSE STOCK_DAY,https://www.twse.com.tw/rwd/zh/afterTrading/STOCK_DAY?date=20250801&stockNo=3443&response=json,2025-08-01 14:00 Asia/Taipei,premarket trade_date may only use row.date < trade_date
2025-08-01,6526,達發,553.0,557.0,543.0,551.0,322991.0,178068383.0,TWSE STOCK_DAY,https://www.twse.com.tw/rwd/zh/afterTrading/STOCK_DAY?date=20250801&stockNo=6526&response=json,2025-08-01 14:00 Asia/Taipei,premarket trade_date may only use row.date < trade_date
2025-08-04,2345,智邦,876.0,886.0,870.0,885.0,3739411.0,3289857640.0,TWSE STOCK_DAY,https://www.twse.com.tw/rwd/zh/afterTrading/STOCK_DAY?date=20250801&stockNo=2345&response=json,2025-08-04 14:00 Asia/Taipei,premarket trade_date may only use row.date < trade_date
2025-08-04,3017,奇鋐,905.0,935.0,901.0,934.0,6666034.0,6143403164.0,TWSE STOCK_DAY,https://www.twse.com.tw/rwd/zh/afterTrading/STOCK_DAY?date=20250801&stockNo=3017&response=json,2025-08-04 14:00 Asia/Taipei,premarket trade_date may only use row.date < trade_date
2025-08-04,3189,景碩,102.0,103.0,101.0,101.5,5113200.0,520575958.0,TWSE STOCK_DAY,https://www.twse.com.tw/rwd/zh/afterTrading/STOCK_DAY?date=20250801&stockNo=3189&response=json,2025-08-04 14:00 Asia/Taipei,premarket trade_date may only use row.date < trade_date
2025-08-04,3443,創意,1240.0,1255.0,1225.0,1250.0,1618757.0,2013025840.0,TWSE STOCK_DAY,https://www.twse.com.tw/rwd/zh/afterTrading/STOCK_DAY?date=20250801&stockNo=3443&response=json,2025-08-04 14:00 Asia/Taipei,premarket trade_date may only use row.date < trade_date
2025-08-04,6526,達發,548.0,548.0,534.0,537.0,437588.0,235743355.0,TWSE STOCK_DAY,https://www.twse.com.tw/rwd/zh/afterTrading/STOCK_DAY?date=20250801&stockNo=6526&response=json,2025-08-04 14:00 Asia/Taipei,premarket trade_date may only use row.date < trade_date
2025-08-05,2345,智邦,895.0,930.0,893.0,901.0,7526926.0,6845536147.0,TWSE STOCK_DAY,https://www.twse.com.tw/rwd/zh/afterTrading/STOCK_DAY?date=20250801&stockNo=2345&response=json,2025-08-05 14:00 Asia/Taipei,premarket trade_date may only use row.date < trade_date
2025-08-05,3017,奇鋐,975.0,995.0,972.0,977.0,10000699.0,9830600319.0,TWSE STOCK_DAY,https://www.twse.com.tw/rwd/zh/afterTrading/STOCK_DAY?date=20250801&stockNo=3017&response=json,2025-08-05 14:00 Asia/Taipei,premarket trade_date may only use row.date < trade_date
2025-08-05,3189,景碩,102.5,103.0,101.5,101.5,5327764.0,544078079.0,TWSE STOCK_DAY,https://www.twse.com.tw/rwd/zh/afterTrading/STOCK_DAY?date=20250801&stockNo=3189&response=json,2025-08-05 14:00 Asia/Taipei,premarket trade_date may only use row.date < trade_date
2025-08-05,3443,創意,1285.0,1310.0,1255.0,1300.0,3085447.0,3963575285.0,TWSE STOCK_DAY,https://www.twse.com.tw/rwd/zh/afterTrading/STOCK_DAY?date=20250801&stockNo=3443&response=json,2025-08-05 14:00 Asia/Taipei,premarket trade_date may only use row.date < trade_date
2025-08-05,6526,達發,545.0,555.0,541.0,543.0,286086.0,156514136.0,TWSE STOCK_DAY,https://www.twse.com.tw/rwd/zh/afterTrading/STOCK_DAY?date=20250801&stockNo=6526&response=json,2025-08-05 14:00 Asia/Taipei,premarket trade_date may only use row.date < trade_date
2025-08-06,2345,智邦,903.0,923.0,892.0,901.0,5310970.0,4805454892.0,TWSE STOCK_DAY,https://www.twse.com.tw/rwd/zh/afterTrading/STOCK_DAY?date=20250801&stockNo=2345&response=json,2025-08-06 14:00 Asia/Taipei,premarket trade_date may only use row.date < trade_date
2025-08-06,3017,奇鋐,989.0,1005.0,986.0,1005.0,8641733.0,8622217446.0,TWSE STOCK_DAY,https://www.twse.com.tw/rwd/zh/afterTrading/STOCK_DAY?date=20250801&stockNo=3017&response=json,2025-08-06 14:00 Asia/Taipei,premarket trade_date may only use row.date < trade_date
2025-08-06,3189,景碩,101.5,102.5,101.0,101.0,3864864.0,392277697.0,TWSE STOCK_DAY,https://www.twse.com.tw/rwd/zh/afterTrading/STOCK_DAY?date=20250801&stockNo=3189&response=json,2025-08-06 14:00 Asia/Taipei,premarket trade_date may only use row.date < trade_date
2025-08-06,3443,創意,1290.0,1290.0,1260.0,1265.0,1651192.0,2098061505.0,TWSE STOCK_DAY,https://www.twse.com.tw/rwd/zh/afterTrading/STOCK_DAY?date=20250801&stockNo=3443&response=json,2025-08-06 14:00 Asia/Taipei,premarket trade_date may only use row.date < trade_date
2025-08-06,6526,達發,544.0,544.0,533.0,538.0,304715.0,163506824.0,TWSE STOCK_DAY,https://www.twse.com.tw/rwd/zh/afterTrading/STOCK_DAY?date=20250801&stockNo=6526&response=json,2025-08-06 14:00 Asia/Taipei,premarket trade_date may only use row.date < trade_date
2025-08-07,2345,智邦,920.0,986.0,910.0,975.0,8153810.0,7782427891.0,TWSE STOCK_DAY,https://www.twse.com.tw/rwd/zh/afterTrading/STOCK_DAY?date=20250801&stockNo=2345&response=json,2025-08-07 14:00 Asia/Taipei,premarket trade_date may only use row.date < trade_date
2025-08-07,3017,奇鋐,1030.0,1040.0,1005.0,1025.0,4656486.0,4768329760.0,TWSE STOCK_DAY,https://www.twse.com.tw/rwd/zh/afterTrading/STOCK_DAY?date=20250801&stockNo=3017&response=json,2025-08-07 14:00 Asia/Taipei,premarket trade_date may only use row.date < trade_date
2025-08-07,3189,景碩,102.5,104.5,101.5,101.5,7599752.0,781855440.0,TWSE STOCK_DAY,https://www.twse.com.tw/rwd/zh/afterTrading/STOCK_DAY?date=20250801&stockNo=3189&response=json,2025-08-07 14:00 Asia/Taipei,premarket trade_date may only use row.date < trade_date
2025-08-07,3443,創意,1280.0,1295.0,1275.0,1280.0,1304964.0,1675427620.0,TWSE STOCK_DAY,https://www.twse.com.tw/rwd/zh/afterTrading/STOCK_DAY?date=20250801&stockNo=3443&response=json,2025-08-07 14:00 Asia/Taipei,premarket trade_date may only use row.date < trade_date
2025-08-07,6526,達發,545.0,553.0,544.0,549.0,542721.0,297397519.0,TWSE STOCK_DAY,https://www.twse.com.tw/rwd/zh/afterTrading/STOCK_DAY?date=20250801&stockNo=6526&response=json,2025-08-07 14:00 Asia/Taipei,premarket trade_date may only use row.date < trade_date
2025-08-08,2345,智邦,975.0,1000.0,966.0,989.0,7966670.0,7823935302.0,TWSE STOCK_DAY,https://www.twse.com.tw/rwd/zh/afterTrading/STOCK_DAY?date=20250801&stockNo=2345&response=json,2025-08-08 14:00 Asia/Taipei,premarket trade_date may only use row.date < trade_date
2025-08-08,3017,奇鋐,1045.0,1090.0,1010.0,1090.0,9125367.0,9663531115.0,TWSE STOCK_DAY,https://www.twse.com.tw/rwd/zh/afterTrading/STOCK_DAY?date=20250801&stockNo=3017&response=json,2025-08-08 14:00 Asia/Taipei,premarket trade_date may only use row.date < trade_date
2025-08-08,3189,景碩,102.5,103.5,101.0,101.5,5234174.0,535328024.0,TWSE STOCK_DAY,https://www.twse.com.tw/rwd/zh/afterTrading/STOCK_DAY?date=20250801&stockNo=3189&response=json,2025-08-08 14:00 Asia/Taipei,premarket trade_date may only use row.date < trade_date
2025-08-08,3443,創意,1295.0,1305.0,1225.0,1230.0,3292117.0,4124631955.0,TWSE STOCK_DAY,https://www.twse.com.tw/rwd/zh/afterTrading/STOCK_DAY?date=20250801&stockNo=3443&response=json,2025-08-08 14:00 Asia/Taipei,premarket trade_date may only use row.date < trade_date
2025-08-08,6526,達發,552.0,552.0,539.0,540.0,357023.0,193750183.0,TWSE STOCK_DAY,https://www.twse.com.tw/rwd/zh/afterTrading/STOCK_DAY?date=20250801&stockNo=6526&response=json,2025-08-08 14:00 Asia/Taipei,premarket trade_date may only use row.date < trade_date
2025-08-11,2345,智邦,989.0,1020.0,988.0,1020.0,4537164.0,4562229516.0,TWSE STOCK_DAY,https://www.twse.com.tw/rwd/zh/afterTrading/STOCK_DAY?date=20250801&stockNo=2345&response=json,2025-08-11 14:00 Asia/Taipei,premarket trade_date may only use row.date < trade_date
2025-08-11,3017,奇鋐,1070.0,1080.0,1030.0,1080.0,6274954.0,6668684325.0,TWSE STOCK_DAY,https://www.twse.com.tw/rwd/zh/afterTrading/STOCK_DAY?date=20250801&stockNo=3017&response=json,2025-08-11 14:00 Asia/Taipei,premarket trade_date may only use row.date < trade_date
2025-08-11,3189,景碩,100.5,106.0,100.5,104.5,11148469.0,1156297267.0,TWSE STOCK_DAY,https://www.twse.com.tw/rwd/zh/afterTrading/STOCK_DAY?date=20250801&stockNo=3189&response=json,2025-08-11 14:00 Asia/Taipei,premarket trade_date may only use row.date < trade_date
2025-08-11,3443,創意,1230.0,1230.0,1185.0,1200.0,3625756.0,4347495440.0,TWSE STOCK_DAY,https://www.twse.com.tw/rwd/zh/afterTrading/STOCK_DAY?date=20250801&stockNo=3443&response=json,2025-08-11 14:00 Asia/Taipei,premarket trade_date may only use row.date < trade_date
2025-08-11,6526,達發,540.0,543.0,533.0,540.0,247554.0,133268731.0,TWSE STOCK_DAY,https://www.twse.com.tw/rwd/zh/afterTrading/STOCK_DAY?date=20250801&stockNo=6526&response=json,2025-08-11 14:00 Asia/Taipei,premarket trade_date may only use row.date < trade_date
2025-08-12,2345,智邦,1030.0,1030.0,1010.0,1020.0,3006813.0,3064329171.0,TWSE STOCK_DAY,https://www.twse.com.tw/rwd/zh/afterTrading/STOCK_DAY?date=20250801&stockNo=2345&response=json,2025-08-12 14:00 Asia/Taipei,premarket trade_date may only use row.date < trade_date
2025-08-12,3017,奇鋐,1085.0,1095.0,1055.0,1090.0,4643037.0,5006078215.0,TWSE STOCK_DAY,https://www.twse.com.tw/rwd/zh/afterTrading/STOCK_DAY?date=20250801&stockNo=3017&response=json,2025-08-12 14:00 Asia/Taipei,premarket trade_date may only use row.date < trade_date
2025-08-12,3189,景碩,104.5,104.5,102.5,103.5,4899759.0,506991891.0,TWSE STOCK_DAY,https://www.twse.com.tw/rwd/zh/afterTrading/STOCK_DAY?date=20250801&stockNo=3189&response=json,2025-08-12 14:00 Asia/Taipei,premarket trade_date may only use row.date < trade_date
2025-08-12,3443,創意,1200.0,1205.0,1180.0,1185.0,2092401.0,2492380680.0,TWSE STOCK_DAY,https://www.twse.com.tw/rwd/zh/afterTrading/STOCK_DAY?date=20250801&stockNo=3443&response=json,2025-08-12 14:00 Asia/Taipei,premarket trade_date may only use row.date < trade_date
2025-08-12,6526,達發,539.0,547.0,538.0,544.0,239011.0,129955245.0,TWSE STOCK_DAY,https://www.twse.com.tw/rwd/zh/afterTrading/STOCK_DAY?date=20250801&stockNo=6526&response=json,2025-08-12 14:00 Asia/Taipei,premarket trade_date may only use row.date < trade_date
2025-08-13,2345,智邦,1030.0,1060.0,1020.0,1045.0,4106241.0,4276347828.0,TWSE STOCK_DAY,https://www.twse.com.tw/rwd/zh/afterTrading/STOCK_DAY?date=20250801&stockNo=2345&response=json,2025-08-13 14:00 Asia/Taipei,premarket trade_date may only use row.date < trade_date
2025-08-13,3017,奇鋐,1120.0,1140.0,1090.0,1120.0,6372772.0,7144788850.0,TWSE STOCK_DAY,https://www.twse.com.tw/rwd/zh/afterTrading/STOCK_DAY?date=20250801&stockNo=3017&response=json,2025-08-13 14:00 Asia/Taipei,premarket trade_date may only use row.date < trade_date
2025-08-13,3189,景碩,104.5,105.5,102.0,103.0,7420836.0,770725374.0,TWSE STOCK_DAY,https://www.twse.com.tw/rwd/zh/afterTrading/STOCK_DAY?date=20250801&stockNo=3189&response=json,2025-08-13 14:00 Asia/Taipei,premarket trade_date may only use row.date < trade_date
2025-08-13,3443,創意,1200.0,1215.0,1165.0,1165.0,3034287.0,3589768360.0,TWSE STOCK_DAY,https://www.twse.com.tw/rwd/zh/afterTrading/STOCK_DAY?date=20250801&stockNo=3443&response=json,2025-08-13 14:00 Asia/Taipei,premarket trade_date may only use row.date < trade_date
2025-08-13,6526,達發,552.0,562.0,544.0,547.0,663954.0,367623221.0,TWSE STOCK_DAY,https://www.twse.com.tw/rwd/zh/afterTrading/STOCK_DAY?date=20250801&stockNo=6526&response=json,2025-08-13 14:00 Asia/Taipei,premarket trade_date may only use row.date < trade_date
2025-08-14,2345,智邦,1055.0,1055.0,1015.0,1035.0,4438452.0,4596601520.0,TWSE STOCK_DAY,https://www.twse.com.tw/rwd/zh/afterTrading/STOCK_DAY?date=20250801&stockNo=2345&response=json,2025-08-14 14:00 Asia/Taipei,premarket trade_date may only use row.date < trade_date
2025-08-14,3017,奇鋐,1120.0,1130.0,1070.0,1075.0,8394548.0,9156339465.0,TWSE STOCK_DAY,https://www.twse.com.tw/rwd/zh/afterTrading/STOCK_DAY?date=20250801&stockNo=3017&response=json,2025-08-14 14:00 Asia/Taipei,premarket trade_date may only use row.date < trade_date
2025-08-14,3189,景碩,104.0,106.5,102.0,103.0,8837633.0,916294216.0,TWSE STOCK_DAY,https://www.twse.com.tw/rwd/zh/afterTrading/STOCK_DAY?date=20250801&stockNo=3189&response=json,2025-08-14 14:00 Asia/Taipei,premarket trade_date may only use row.date < trade_date
2025-08-14,3443,創意,1170.0,1210.0,1170.0,1205.0,2132990.0,2545017170.0,TWSE STOCK_DAY,https://www.twse.com.tw/rwd/zh/afterTrading/STOCK_DAY?date=20250801&stockNo=3443&response=json,2025-08-14 14:00 Asia/Taipei,premarket trade_date may only use row.date < trade_date
2025-08-14,6526,達發,550.0,560.0,549.0,554.0,468343.0,260009613.0,TWSE STOCK_DAY,https://www.twse.com.tw/rwd/zh/afterTrading/STOCK_DAY?date=20250801&stockNo=6526&response=json,2025-08-14 14:00 Asia/Taipei,premarket trade_date may only use row.date < trade_date
2025-08-15,2345,智邦,1025.0,1050.0,1005.0,1035.0,2980015.0,3089731735.0,TWSE STOCK_DAY,https://www.twse.com.tw/rwd/zh/afterTrading/STOCK_DAY?date=20250801&stockNo=2345&response=json,2025-08-15 14:00 Asia/Taipei,premarket trade_date may only use row.date < trade_date
2025-08-15,3017,奇鋐,1070.0,1095.0,1065.0,1070.0,3672606.0,3958131785.0,TWSE STOCK_DAY,https://www.twse.com.tw/rwd/zh/afterTrading/STOCK_DAY?date=20250801&stockNo=3017&response=json,2025-08-15 14:00 Asia/Taipei,premarket trade_date may only use row.date < trade_date
2025-08-15,3189,景碩,103.5,106.0,101.0,102.0,9143285.0,941896055.0,TWSE STOCK_DAY,https://www.twse.com.tw/rwd/zh/afterTrading/STOCK_DAY?date=20250801&stockNo=3189&response=json,2025-08-15 14:00 Asia/Taipei,premarket trade_date may only use row.date < trade_date
2025-08-15,3443,創意,1205.0,1210.0,1185.0,1205.0,1078015.0,1294738195.0,TWSE STOCK_DAY,https://www.twse.com.tw/rwd/zh/afterTrading/STOCK_DAY?date=20250801&stockNo=3443&response=json,2025-08-15 14:00 Asia/Taipei,premarket trade_date may only use row.date < trade_date
2025-08-15,6526,達發,561.0,561.0,547.0,554.0,350246.0,193625163.0,TWSE STOCK_DAY,https://www.twse.com.tw/rwd/zh/afterTrading/STOCK_DAY?date=20250801&stockNo=6526&response=json,2025-08-15 14:00 Asia/Taipei,premarket trade_date may only use row.date < trade_date
2025-08-18,2345,智邦,1045.0,1085.0,1040.0,1080.0,4732042.0,5065417405.0,TWSE STOCK_DAY,https://www.twse.com.tw/rwd/zh/afterTrading/STOCK_DAY?date=20250801&stockNo=2345&response=json,2025-08-18 14:00 Asia/Taipei,premarket trade_date may only use row.date < trade_date
2025-08-18,3017,奇鋐,1085.0,1170.0,1085.0,1145.0,7812358.0,8877793565.0,TWSE STOCK_DAY,https://www.twse.com.tw/rwd/zh/afterTrading/STOCK_DAY?date=20250801&stockNo=3017&response=json,2025-08-18 14:00 Asia/Taipei,premarket trade_date may only use row.date < trade_date
2025-08-18,3189,景碩,102.5,112.0,101.5,111.5,34795232.0,3805415051.0,TWSE STOCK_DAY,https://www.twse.com.tw/rwd/zh/afterTrading/STOCK_DAY?date=20250801&stockNo=3189&response=json,2025-08-18 14:00 Asia/Taipei,premarket trade_date may only use row.date < trade_date
2025-08-18,3443,創意,1195.0,1205.0,1180.0,1200.0,1304148.0,1555988075.0,TWSE STOCK_DAY,https://www.twse.com.tw/rwd/zh/afterTrading/STOCK_DAY?date=20250801&stockNo=3443&response=json,2025-08-18 14:00 Asia/Taipei,premarket trade_date may only use row.date < trade_date
2025-08-18,6526,達發,554.0,563.0,551.0,555.0,315334.0,175690545.0,TWSE STOCK_DAY,https://www.twse.com.tw/rwd/zh/afterTrading/STOCK_DAY?date=20250801&stockNo=6526&response=json,2025-08-18 14:00 Asia/Taipei,premarket trade_date may only use row.date < trade_date
2025-08-19,2345,智邦,1075.0,1075.0,1005.0,1015.0,5321561.0,5461058535.0,TWSE STOCK_DAY,https://www.twse.com.tw/rwd/zh/afterTrading/STOCK_DAY?date=20250801&stockNo=2345&response=json,2025-08-19 14:00 Asia/Taipei,premarket trade_date may only use row.date < trade_date
2025-08-19,3017,奇鋐,1145.0,1150.0,1070.0,1070.0,7130669.0,7891817045.0,TWSE STOCK_DAY,https://www.twse.com.tw/rwd/zh/afterTrading/STOCK_DAY?date=20250801&stockNo=3017&response=json,2025-08-19 14:00 Asia/Taipei,premarket trade_date may only use row.date < trade_date
2025-08-19,3189,景碩,114.0,115.0,108.0,108.5,27882348.0,3092863124.0,TWSE STOCK_DAY,https://www.twse.com.tw/rwd/zh/afterTrading/STOCK_DAY?date=20250801&stockNo=3189&response=json,2025-08-19 14:00 Asia/Taipei,premarket trade_date may only use row.date < trade_date
2025-08-19,3443,創意,1205.0,1220.0,1190.0,1195.0,2008754.0,2420142500.0,TWSE STOCK_DAY,https://www.twse.com.tw/rwd/zh/afterTrading/STOCK_DAY?date=20250801&stockNo=3443&response=json,2025-08-19 14:00 Asia/Taipei,premarket trade_date may only use row.date < trade_date
2025-08-19,6526,達發,557.0,565.0,550.0,550.0,474722.0,263718569.0,TWSE STOCK_DAY,https://www.twse.com.tw/rwd/zh/afterTrading/STOCK_DAY?date=20250801&stockNo=6526&response=json,2025-08-19 14:00 Asia/Taipei,premarket trade_date may only use row.date < trade_date
2025-08-20,2345,智邦,967.0,993.0,956.0,956.0,7411887.0,7202959044.0,TWSE STOCK_DAY,https://www.twse.com.tw/rwd/zh/afterTrading/STOCK_DAY?date=20250801&stockNo=2345&response=json,2025-08-20 14:00 Asia/Taipei,premarket trade_date may only use row.date < trade_date
2025-08-20,3017,奇鋐,1020.0,1070.0,1005.0,1005.0,7568337.0,7779978555.0,TWSE STOCK_DAY,https://www.twse.com.tw/rwd/zh/afterTrading/STOCK_DAY?date=20250801&stockNo=3017&response=json,2025-08-20 14:00 Asia/Taipei,premarket trade_date may only use row.date < trade_date
2025-08-20,3189,景碩,108.0,109.5,102.0,102.5,16616915.0,1745467842.0,TWSE STOCK_DAY,https://www.twse.com.tw/rwd/zh/afterTrading/STOCK_DAY?date=20250801&stockNo=3189&response=json,2025-08-20 14:00 Asia/Taipei,premarket trade_date may only use row.date < trade_date
2025-08-20,3443,創意,1195.0,1200.0,1160.0,1160.0,1982712.0,2334868155.0,TWSE STOCK_DAY,https://www.twse.com.tw/rwd/zh/afterTrading/STOCK_DAY?date=20250801&stockNo=3443&response=json,2025-08-20 14:00 Asia/Taipei,premarket trade_date may only use row.date < trade_date
2025-08-20,6526,達發,549.0,549.0,522.0,524.0,812263.0,431000547.0,TWSE STOCK_DAY,https://www.twse.com.tw/rwd/zh/afterTrading/STOCK_DAY?date=20250801&stockNo=6526&response=json,2025-08-20 14:00 Asia/Taipei,premarket trade_date may only use row.date < trade_date
2025-08-21,2345,智邦,961.0,966.0,940.0,950.0,6187186.0,5888353496.0,TWSE STOCK_DAY,https://www.twse.com.tw/rwd/zh/afterTrading/STOCK_DAY?date=20250801&stockNo=2345&response=json,2025-08-21 14:00 Asia/Taipei,premarket trade_date may only use row.date < trade_date
2025-08-21,3017,奇鋐,1030.0,1060.0,1020.0,1050.0,6301931.0,6570424515.0,TWSE STOCK_DAY,https://www.twse.com.tw/rwd/zh/afterTrading/STOCK_DAY?date=20250801&stockNo=3017&response=json,2025-08-21 14:00 Asia/Taipei,premarket trade_date may only use row.date < trade_date
2025-08-21,3189,景碩,103.5,106.0,103.0,105.0,6419914.0,672877885.0,TWSE STOCK_DAY,https://www.twse.com.tw/rwd/zh/afterTrading/STOCK_DAY?date=20250801&stockNo=3189&response=json,2025-08-21 14:00 Asia/Taipei,premarket trade_date may only use row.date < trade_date
2025-08-21,3443,創意,1175.0,1185.0,1165.0,1180.0,863614.0,1014749225.0,TWSE STOCK_DAY,https://www.twse.com.tw/rwd/zh/afterTrading/STOCK_DAY?date=20250801&stockNo=3443&response=json,2025-08-21 14:00 Asia/Taipei,premarket trade_date may only use row.date < trade_date
2025-08-21,6526,達發,526.0,531.0,524.0,525.0,240007.0,126438718.0,TWSE STOCK_DAY,https://www.twse.com.tw/rwd/zh/afterTrading/STOCK_DAY?date=20250801&stockNo=6526&response=json,2025-08-21 14:00 Asia/Taipei,premarket trade_date may only use row.date < trade_date
2025-08-22,2345,智邦,964.0,970.0,940.0,940.0,4128896.0,3931133735.0,TWSE STOCK_DAY,https://www.twse.com.tw/rwd/zh/afterTrading/STOCK_DAY?date=20250801&stockNo=2345&response=json,2025-08-22 14:00 Asia/Taipei,premarket trade_date may only use row.date < trade_date
2025-08-22,3017,奇鋐,1065.0,1070.0,1020.0,1030.0,3447617.0,3584646425.0,TWSE STOCK_DAY,https://www.twse.com.tw/rwd/zh/afterTrading/STOCK_DAY?date=20250801&stockNo=3017&response=json,2025-08-22 14:00 Asia/Taipei,premarket trade_date may only use row.date < trade_date
2025-08-22,3189,景碩,105.5,107.5,104.0,105.0,7625356.0,805961409.0,TWSE STOCK_DAY,https://www.twse.com.tw/rwd/zh/afterTrading/STOCK_DAY?date=20250801&stockNo=3189&response=json,2025-08-22 14:00 Asia/Taipei,premarket trade_date may only use row.date < trade_date
2025-08-22,3443,創意,1185.0,1220.0,1170.0,1190.0,1737144.0,2087442805.0,TWSE STOCK_DAY,https://www.twse.com.tw/rwd/zh/afterTrading/STOCK_DAY?date=20250801&stockNo=3443&response=json,2025-08-22 14:00 Asia/Taipei,premarket trade_date may only use row.date < trade_date
2025-08-22,6526,達發,525.0,528.0,516.0,524.0,226140.0,118245985.0,TWSE STOCK_DAY,https://www.twse.com.tw/rwd/zh/afterTrading/STOCK_DAY?date=20250801&stockNo=6526&response=json,2025-08-22 14:00 Asia/Taipei,premarket trade_date may only use row.date < trade_date
2025-08-25,2345,智邦,961.0,972.0,950.0,962.0,4316425.0,4150411615.0,TWSE STOCK_DAY,https://www.twse.com.tw/rwd/zh/afterTrading/STOCK_DAY?date=20250801&stockNo=2345&response=json,2025-08-25 14:00 Asia/Taipei,premarket trade_date may only use row.date < trade_date
2025-08-25,3017,奇鋐,1080.0,1090.0,1055.0,1060.0,4711369.0,5042132390.0,TWSE STOCK_DAY,https://www.twse.com.tw/rwd/zh/afterTrading/STOCK_DAY?date=20250801&stockNo=3017&response=json,2025-08-25 14:00 Asia/Taipei,premarket trade_date may only use row.date < trade_date
2025-08-25,3189,景碩,107.5,109.0,106.5,107.5,7122782.0,765766924.0,TWSE STOCK_DAY,https://www.twse.com.tw/rwd/zh/afterTrading/STOCK_DAY?date=20250801&stockNo=3189&response=json,2025-08-25 14:00 Asia/Taipei,premarket trade_date may only use row.date < trade_date
2025-08-25,3443,創意,1225.0,1305.0,1225.0,1300.0,5501832.0,7014650430.0,TWSE STOCK_DAY,https://www.twse.com.tw/rwd/zh/afterTrading/STOCK_DAY?date=20250801&stockNo=3443&response=json,2025-08-25 14:00 Asia/Taipei,premarket trade_date may only use row.date < trade_date
2025-08-25,6526,達發,534.0,543.0,532.0,538.0,373986.0,201540428.0,TWSE STOCK_DAY,https://www.twse.com.tw/rwd/zh/afterTrading/STOCK_DAY?date=20250801&stockNo=6526&response=json,2025-08-25 14:00 Asia/Taipei,premarket trade_date may only use row.date < trade_date
2025-08-26,2345,智邦,962.0,987.0,942.0,981.0,5767906.0,5574288193.0,TWSE STOCK_DAY,https://www.twse.com.tw/rwd/zh/afterTrading/STOCK_DAY?date=20250801&stockNo=2345&response=json,2025-08-26 14:00 Asia/Taipei,premarket trade_date may only use row.date < trade_date
2025-08-26,3017,奇鋐,1055.0,1065.0,1015.0,1025.0,5822783.0,5976632985.0,TWSE STOCK_DAY,https://www.twse.com.tw/rwd/zh/afterTrading/STOCK_DAY?date=20250801&stockNo=3017&response=json,2025-08-26 14:00 Asia/Taipei,premarket trade_date may only use row.date < trade_date
2025-08-26,3189,景碩,111.5,118.0,110.5,114.0,36185982.0,4142697004.0,TWSE STOCK_DAY,https://www.twse.com.tw/rwd/zh/afterTrading/STOCK_DAY?date=20250801&stockNo=3189&response=json,2025-08-26 14:00 Asia/Taipei,premarket trade_date may only use row.date < trade_date
2025-08-26,3443,創意,1335.0,1415.0,1325.0,1395.0,7991156.0,11007650180.0,TWSE STOCK_DAY,https://www.twse.com.tw/rwd/zh/afterTrading/STOCK_DAY?date=20250801&stockNo=3443&response=json,2025-08-26 14:00 Asia/Taipei,premarket trade_date may only use row.date < trade_date
2025-08-26,6526,達發,536.0,547.0,534.0,547.0,229125.0,124388023.0,TWSE STOCK_DAY,https://www.twse.com.tw/rwd/zh/afterTrading/STOCK_DAY?date=20250801&stockNo=6526&response=json,2025-08-26 14:00 Asia/Taipei,premarket trade_date may only use row.date < trade_date
2025-08-27,2345,智邦,983.0,994.0,976.0,983.0,3013775.0,2970501149.0,TWSE STOCK_DAY,https://www.twse.com.tw/rwd/zh/afterTrading/STOCK_DAY?date=20250801&stockNo=2345&response=json,2025-08-27 14:00 Asia/Taipei,premarket trade_date may only use row.date < trade_date
2025-08-27,3017,奇鋐,1035.0,1055.0,1020.0,1050.0,4634041.0,4826760665.0,TWSE STOCK_DAY,https://www.twse.com.tw/rwd/zh/afterTrading/STOCK_DAY?date=20250801&stockNo=3017&response=json,2025-08-27 14:00 Asia/Taipei,premarket trade_date may only use row.date < trade_date
2025-08-27,3189,景碩,115.5,117.5,114.0,114.5,36160894.0,4175937133.0,TWSE STOCK_DAY,https://www.twse.com.tw/rwd/zh/afterTrading/STOCK_DAY?date=20250801&stockNo=3189&response=json,2025-08-27 14:00 Asia/Taipei,premarket trade_date may only use row.date < trade_date
2025-08-27,3443,創意,1395.0,1395.0,1330.0,1345.0,4665759.0,6308863870.0,TWSE STOCK_DAY,https://www.twse.com.tw/rwd/zh/afterTrading/STOCK_DAY?date=20250801&stockNo=3443&response=json,2025-08-27 14:00 Asia/Taipei,premarket trade_date may only use row.date < trade_date
2025-08-27,6526,達發,547.0,561.0,547.0,557.0,469760.0,261065247.0,TWSE STOCK_DAY,https://www.twse.com.tw/rwd/zh/afterTrading/STOCK_DAY?date=20250801&stockNo=6526&response=json,2025-08-27 14:00 Asia/Taipei,premarket trade_date may only use row.date < trade_date
2025-08-28,2345,智邦,986.0,996.0,974.0,984.0,3010774.0,2971902995.0,TWSE STOCK_DAY,https://www.twse.com.tw/rwd/zh/afterTrading/STOCK_DAY?date=20250801&stockNo=2345&response=json,2025-08-28 14:00 Asia/Taipei,premarket trade_date may only use row.date < trade_date
2025-08-28,3017,奇鋐,1050.0,1055.0,999.0,1015.0,8049065.0,8176973260.0,TWSE STOCK_DAY,https://www.twse.com.tw/rwd/zh/afterTrading/STOCK_DAY?date=20250801&stockNo=3017&response=json,2025-08-28 14:00 Asia/Taipei,premarket trade_date may only use row.date < trade_date
2025-08-28,3189,景碩,114.5,118.5,112.5,113.5,24926754.0,2874656755.0,TWSE STOCK_DAY,https://www.twse.com.tw/rwd/zh/afterTrading/STOCK_DAY?date=20250801&stockNo=3189&response=json,2025-08-28 14:00 Asia/Taipei,premarket trade_date may only use row.date < trade_date
2025-08-28,3443,創意,1350.0,1380.0,1335.0,1350.0,2665417.0,3621112075.0,TWSE STOCK_DAY,https://www.twse.com.tw/rwd/zh/afterTrading/STOCK_DAY?date=20250801&stockNo=3443&response=json,2025-08-28 14:00 Asia/Taipei,premarket trade_date may only use row.date < trade_date
2025-08-28,6526,達發,560.0,560.0,551.0,556.0,251768.0,140019125.0,TWSE STOCK_DAY,https://www.twse.com.tw/rwd/zh/afterTrading/STOCK_DAY?date=20250801&stockNo=6526&response=json,2025-08-28 14:00 Asia/Taipei,premarket trade_date may only use row.date < trade_date
2025-08-29,2345,智邦,997.0,1045.0,997.0,1015.0,5508276.0,5606899869.0,TWSE STOCK_DAY,https://www.twse.com.tw/rwd/zh/afterTrading/STOCK_DAY?date=20250801&stockNo=2345&response=json,2025-08-29 14:00 Asia/Taipei,premarket trade_date may only use row.date < trade_date
2025-08-29,3017,奇鋐,1025.0,1030.0,1010.0,1010.0,5930548.0,6039671690.0,TWSE STOCK_DAY,https://www.twse.com.tw/rwd/zh/afterTrading/STOCK_DAY?date=20250801&stockNo=3017&response=json,2025-08-29 14:00 Asia/Taipei,premarket trade_date may only use row.date < trade_date
2025-08-29,3189,景碩,116.0,116.0,112.5,113.5,11750138.0,1337141014.0,TWSE STOCK_DAY,https://www.twse.com.tw/rwd/zh/afterTrading/STOCK_DAY?date=20250801&stockNo=3189&response=json,2025-08-29 14:00 Asia/Taipei,premarket trade_date may only use row.date < trade_date
2025-08-29,3443,創意,1360.0,1375.0,1310.0,1330.0,3305378.0,4418298810.0,TWSE STOCK_DAY,https://www.twse.com.tw/rwd/zh/afterTrading/STOCK_DAY?date=20250801&stockNo=3443&response=json,2025-08-29 14:00 Asia/Taipei,premarket trade_date may only use row.date < trade_date
2025-08-29,6526,達發,565.0,579.0,565.0,569.0,789514.0,451869421.0,TWSE STOCK_DAY,https://www.twse.com.tw/rwd/zh/afterTrading/STOCK_DAY?date=20250801&stockNo=6526&response=json,2025-08-29 14:00 Asia/Taipei,premarket trade_date may only use row.date < trade_date
2025-09-01,2345,智邦,1035.0,1050.0,935.0,944.0,8356646.0,8177192985.0,TWSE STOCK_DAY,https://www.twse.com.tw/rwd/zh/afterTrading/STOCK_DAY?date=20250901&stockNo=2345&response=json,2025-09-01 14:00 Asia/Taipei,premarket trade_date may only use row.date < trade_date
2025-09-01,3017,奇鋐,986.0,1005.0,938.0,941.0,12965993.0,12495924300.0,TWSE STOCK_DAY,https://www.twse.com.tw/rwd/zh/afterTrading/STOCK_DAY?date=20250901&stockNo=3017&response=json,2025-09-01 14:00 Asia/Taipei,premarket trade_date may only use row.date < trade_date
2025-09-01,3189,景碩,113.5,113.5,105.5,105.5,11813090.0,1278072805.0,TWSE STOCK_DAY,https://www.twse.com.tw/rwd/zh/afterTrading/STOCK_DAY?date=20250901&stockNo=3189&response=json,2025-09-01 14:00 Asia/Taipei,premarket trade_date may only use row.date < trade_date
2025-09-01,3443,創意,1350.0,1365.0,1310.0,1335.0,3144168.0,4203717985.0,TWSE STOCK_DAY,https://www.twse.com.tw/rwd/zh/afterTrading/STOCK_DAY?date=20250901&stockNo=3443&response=json,2025-09-01 14:00 Asia/Taipei,premarket trade_date may only use row.date < trade_date
2025-09-01,6526,達發,573.0,573.0,551.0,554.0,424984.0,238009565.0,TWSE STOCK_DAY,https://www.twse.com.tw/rwd/zh/afterTrading/STOCK_DAY?date=20250901&stockNo=6526&response=json,2025-09-01 14:00 Asia/Taipei,premarket trade_date may only use row.date < trade_date
2025-09-02,2345,智邦,957.0,968.0,945.0,963.0,4337024.0,4153443196.0,TWSE STOCK_DAY,https://www.twse.com.tw/rwd/zh/afterTrading/STOCK_DAY?date=20250901&stockNo=2345&response=json,2025-09-02 14:00 Asia/Taipei,premarket trade_date may only use row.date < trade_date
2025-09-02,3017,奇鋐,964.0,976.0,942.0,949.0,7478377.0,7163956714.0,TWSE STOCK_DAY,https://www.twse.com.tw/rwd/zh/afterTrading/STOCK_DAY?date=20250901&stockNo=3017&response=json,2025-09-02 14:00 Asia/Taipei,premarket trade_date may only use row.date < trade_date
2025-09-02,3189,景碩,107.5,107.5,102.5,104.0,6326512.0,661584648.0,TWSE STOCK_DAY,https://www.twse.com.tw/rwd/zh/afterTrading/STOCK_DAY?date=20250901&stockNo=3189&response=json,2025-09-02 14:00 Asia/Taipei,premarket trade_date may only use row.date < trade_date
2025-09-02,3443,創意,1355.0,1375.0,1295.0,1310.0,2801147.0,3722429335.0,TWSE STOCK_DAY,https://www.twse.com.tw/rwd/zh/afterTrading/STOCK_DAY?date=20250901&stockNo=3443&response=json,2025-09-02 14:00 Asia/Taipei,premarket trade_date may only use row.date < trade_date
2025-09-02,6526,達發,555.0,560.0,544.0,545.0,280829.0,154275154.0,TWSE STOCK_DAY,https://www.twse.com.tw/rwd/zh/afterTrading/STOCK_DAY?date=20250901&stockNo=6526&response=json,2025-09-02 14:00 Asia/Taipei,premarket trade_date may only use row.date < trade_date
2025-09-03,2345,智邦,961.0,975.0,952.0,970.0,3399440.0,3278094337.0,TWSE STOCK_DAY,https://www.twse.com.tw/rwd/zh/afterTrading/STOCK_DAY?date=20250901&stockNo=2345&response=json,2025-09-03 14:00 Asia/Taipei,premarket trade_date may only use row.date < trade_date
2025-09-03,3017,奇鋐,950.0,954.0,936.0,936.0,5278547.0,4981515606.0,TWSE STOCK_DAY,https://www.twse.com.tw/rwd/zh/afterTrading/STOCK_DAY?date=20250901&stockNo=3017&response=json,2025-09-03 14:00 Asia/Taipei,premarket trade_date may only use row.date < trade_date
2025-09-03,3189,景碩,104.0,105.0,103.0,104.0,3612486.0,376224160.0,TWSE STOCK_DAY,https://www.twse.com.tw/rwd/zh/afterTrading/STOCK_DAY?date=20250901&stockNo=3189&response=json,2025-09-03 14:00 Asia/Taipei,premarket trade_date may only use row.date < trade_date
2025-09-03,3443,創意,1320.0,1340.0,1290.0,1310.0,2951715.0,3861950240.0,TWSE STOCK_DAY,https://www.twse.com.tw/rwd/zh/afterTrading/STOCK_DAY?date=20250901&stockNo=3443&response=json,2025-09-03 14:00 Asia/Taipei,premarket trade_date may only use row.date < trade_date
2025-09-03,6526,達發,545.0,553.0,543.0,549.0,145276.0,79773346.0,TWSE STOCK_DAY,https://www.twse.com.tw/rwd/zh/afterTrading/STOCK_DAY?date=20250901&stockNo=6526&response=json,2025-09-03 14:00 Asia/Taipei,premarket trade_date may only use row.date < trade_date
2025-09-04,2345,智邦,985.0,990.0,961.0,975.0,3496523.0,3421692850.0,TWSE STOCK_DAY,https://www.twse.com.tw/rwd/zh/afterTrading/STOCK_DAY?date=20250901&stockNo=2345&response=json,2025-09-04 14:00 Asia/Taipei,premarket trade_date may only use row.date < trade_date
2025-09-04,3017,奇鋐,942.0,952.0,916.0,935.0,6747256.0,6305801691.0,TWSE STOCK_DAY,https://www.twse.com.tw/rwd/zh/afterTrading/STOCK_DAY?date=20250901&stockNo=3017&response=json,2025-09-04 14:00 Asia/Taipei,premarket trade_date may only use row.date < trade_date
2025-09-04,3189,景碩,105.5,105.5,102.5,103.0,4600387.0,476939492.0,TWSE STOCK_DAY,https://www.twse.com.tw/rwd/zh/afterTrading/STOCK_DAY?date=20250901&stockNo=3189&response=json,2025-09-04 14:00 Asia/Taipei,premarket trade_date may only use row.date < trade_date
2025-09-04,3443,創意,1330.0,1330.0,1300.0,1300.0,1141700.0,1498789430.0,TWSE STOCK_DAY,https://www.twse.com.tw/rwd/zh/afterTrading/STOCK_DAY?date=20250901&stockNo=3443&response=json,2025-09-04 14:00 Asia/Taipei,premarket trade_date may only use row.date < trade_date
2025-09-04,6526,達發,553.0,556.0,547.0,548.0,169753.0,93645387.0,TWSE STOCK_DAY,https://www.twse.com.tw/rwd/zh/afterTrading/STOCK_DAY?date=20250901&stockNo=6526&response=json,2025-09-04 14:00 Asia/Taipei,premarket trade_date may only use row.date < trade_date
2025-09-05,2345,智邦,995.0,1025.0,992.0,1020.0,4434047.0,4477155807.0,TWSE STOCK_DAY,https://www.twse.com.tw/rwd/zh/afterTrading/STOCK_DAY?date=20250901&stockNo=2345&response=json,2025-09-05 14:00 Asia/Taipei,premarket trade_date may only use row.date < trade_date
2025-09-05,3017,奇鋐,950.0,952.0,924.0,944.0,9202548.0,8635050234.0,TWSE STOCK_DAY,https://www.twse.com.tw/rwd/zh/afterTrading/STOCK_DAY?date=20250901&stockNo=3017&response=json,2025-09-05 14:00 Asia/Taipei,premarket trade_date may only use row.date < trade_date
2025-09-05,3189,景碩,104.5,105.0,102.5,103.0,3590793.0,371988599.0,TWSE STOCK_DAY,https://www.twse.com.tw/rwd/zh/afterTrading/STOCK_DAY?date=20250901&stockNo=3189&response=json,2025-09-05 14:00 Asia/Taipei,premarket trade_date may only use row.date < trade_date
2025-09-05,3443,創意,1325.0,1350.0,1310.0,1345.0,2064458.0,2758992820.0,TWSE STOCK_DAY,https://www.twse.com.tw/rwd/zh/afterTrading/STOCK_DAY?date=20250901&stockNo=3443&response=json,2025-09-05 14:00 Asia/Taipei,premarket trade_date may only use row.date < trade_date
2025-09-05,6526,達發,554.0,563.0,551.0,561.0,327722.0,182959275.0,TWSE STOCK_DAY,https://www.twse.com.tw/rwd/zh/afterTrading/STOCK_DAY?date=20250901&stockNo=6526&response=json,2025-09-05 14:00 Asia/Taipei,premarket trade_date may only use row.date < trade_date
2025-09-08,2345,智邦,1035.0,1035.0,1000.0,1020.0,4486950.0,4583037495.0,TWSE STOCK_DAY,https://www.twse.com.tw/rwd/zh/afterTrading/STOCK_DAY?date=20250901&stockNo=2345&response=json,2025-09-08 14:00 Asia/Taipei,premarket trade_date may only use row.date < trade_date
2025-09-08,3017,奇鋐,959.0,981.0,950.0,964.0,9220136.0,8911505462.0,TWSE STOCK_DAY,https://www.twse.com.tw/rwd/zh/afterTrading/STOCK_DAY?date=20250901&stockNo=3017&response=json,2025-09-08 14:00 Asia/Taipei,premarket trade_date may only use row.date < trade_date
2025-09-08,3189,景碩,104.5,105.5,103.5,103.5,3215000.0,334993593.0,TWSE STOCK_DAY,https://www.twse.com.tw/rwd/zh/afterTrading/STOCK_DAY?date=20250901&stockNo=3189&response=json,2025-09-08 14:00 Asia/Taipei,premarket trade_date may only use row.date < trade_date
2025-09-08,3443,創意,1380.0,1385.0,1345.0,1345.0,2244875.0,3058300880.0,TWSE STOCK_DAY,https://www.twse.com.tw/rwd/zh/afterTrading/STOCK_DAY?date=20250901&stockNo=3443&response=json,2025-09-08 14:00 Asia/Taipei,premarket trade_date may only use row.date < trade_date
2025-09-08,6526,達發,573.0,583.0,570.0,577.0,580658.0,335078361.0,TWSE STOCK_DAY,https://www.twse.com.tw/rwd/zh/afterTrading/STOCK_DAY?date=20250901&stockNo=6526&response=json,2025-09-08 14:00 Asia/Taipei,premarket trade_date may only use row.date < trade_date
2025-09-09,2345,智邦,1025.0,1040.0,1010.0,1020.0,3806219.0,3907972560.0,TWSE STOCK_DAY,https://www.twse.com.tw/rwd/zh/afterTrading/STOCK_DAY?date=20250901&stockNo=2345&response=json,2025-09-09 14:00 Asia/Taipei,premarket trade_date may only use row.date < trade_date
2025-09-09,3017,奇鋐,972.0,974.0,957.0,961.0,7644952.0,7388684205.0,TWSE STOCK_DAY,https://www.twse.com.tw/rwd/zh/afterTrading/STOCK_DAY?date=20250901&stockNo=3017&response=json,2025-09-09 14:00 Asia/Taipei,premarket trade_date may only use row.date < trade_date
2025-09-09,3189,景碩,104.5,105.0,103.5,104.0,3002417.0,312494027.0,TWSE STOCK_DAY,https://www.twse.com.tw/rwd/zh/afterTrading/STOCK_DAY?date=20250901&stockNo=3189&response=json,2025-09-09 14:00 Asia/Taipei,premarket trade_date may only use row.date < trade_date
2025-09-09,3443,創意,1360.0,1435.0,1350.0,1400.0,4432585.0,6163101100.0,TWSE STOCK_DAY,https://www.twse.com.tw/rwd/zh/afterTrading/STOCK_DAY?date=20250901&stockNo=3443&response=json,2025-09-09 14:00 Asia/Taipei,premarket trade_date may only use row.date < trade_date
2025-09-09,6526,達發,581.0,582.0,566.0,577.0,574170.0,329775424.0,TWSE STOCK_DAY,https://www.twse.com.tw/rwd/zh/afterTrading/STOCK_DAY?date=20250901&stockNo=6526&response=json,2025-09-09 14:00 Asia/Taipei,premarket trade_date may only use row.date < trade_date
2025-09-10,2345,智邦,1050.0,1110.0,1050.0,1090.0,7250097.0,7885285849.0,TWSE STOCK_DAY,https://www.twse.com.tw/rwd/zh/afterTrading/STOCK_DAY?date=20250901&stockNo=2345&response=json,2025-09-10 14:00 Asia/Taipei,premarket trade_date may only use row.date < trade_date
2025-09-10,3017,奇鋐,972.0,995.0,968.0,979.0,10817353.0,10615021235.0,TWSE STOCK_DAY,https://www.twse.com.tw/rwd/zh/afterTrading/STOCK_DAY?date=20250901&stockNo=3017&response=json,2025-09-10 14:00 Asia/Taipei,premarket trade_date may only use row.date < trade_date
2025-09-10,3189,景碩,105.0,106.5,104.0,106.0,5979849.0,630986570.0,TWSE STOCK_DAY,https://www.twse.com.tw/rwd/zh/afterTrading/STOCK_DAY?date=20250901&stockNo=3189&response=json,2025-09-10 14:00 Asia/Taipei,premarket trade_date may only use row.date < trade_date
2025-09-10,3443,創意,1420.0,1425.0,1370.0,1385.0,2825395.0,3929905880.0,TWSE STOCK_DAY,https://www.twse.com.tw/rwd/zh/afterTrading/STOCK_DAY?date=20250901&stockNo=3443&response=json,2025-09-10 14:00 Asia/Taipei,premarket trade_date may only use row.date < trade_date
2025-09-10,6526,達發,585.0,585.0,571.0,571.0,266159.0,153231769.0,TWSE STOCK_DAY,https://www.twse.com.tw/rwd/zh/afterTrading/STOCK_DAY?date=20250901&stockNo=6526&response=json,2025-09-10 14:00 Asia/Taipei,premarket trade_date may only use row.date < trade_date
2025-09-11,2345,智邦,1100.0,1170.0,1090.0,1120.0,9416506.0,10695945755.0,TWSE STOCK_DAY,https://www.twse.com.tw/rwd/zh/afterTrading/STOCK_DAY?date=20250901&stockNo=2345&response=json,2025-09-11 14:00 Asia/Taipei,premarket trade_date may only use row.date < trade_date
2025-09-11,3017,奇鋐,1000.0,1065.0,992.0,1025.0,16075555.0,16543998582.0,TWSE STOCK_DAY,https://www.twse.com.tw/rwd/zh/afterTrading/STOCK_DAY?date=20250901&stockNo=3017&response=json,2025-09-11 14:00 Asia/Taipei,premarket trade_date may only use row.date < trade_date
2025-09-11,3189,景碩,106.5,107.0,104.0,104.5,7045396.0,740557205.0,TWSE STOCK_DAY,https://www.twse.com.tw/rwd/zh/afterTrading/STOCK_DAY?date=20250901&stockNo=3189&response=json,2025-09-11 14:00 Asia/Taipei,premarket trade_date may only use row.date < trade_date
2025-09-11,3443,創意,1400.0,1415.0,1380.0,1390.0,2047967.0,2859004795.0,TWSE STOCK_DAY,https://www.twse.com.tw/rwd/zh/afterTrading/STOCK_DAY?date=20250901&stockNo=3443&response=json,2025-09-11 14:00 Asia/Taipei,premarket trade_date may only use row.date < trade_date
2025-09-11,6526,達發,571.0,575.0,552.0,554.0,379003.0,212579055.0,TWSE STOCK_DAY,https://www.twse.com.tw/rwd/zh/afterTrading/STOCK_DAY?date=20250901&stockNo=6526&response=json,2025-09-11 14:00 Asia/Taipei,premarket trade_date may only use row.date < trade_date
2025-09-12,2345,智邦,1140.0,1145.0,1085.0,1105.0,4094679.0,4545456610.0,TWSE STOCK_DAY,https://www.twse.com.tw/rwd/zh/afterTrading/STOCK_DAY?date=20250901&stockNo=2345&response=json,2025-09-12 14:00 Asia/Taipei,premarket trade_date may only use row.date < trade_date
2025-09-12,3017,奇鋐,1060.0,1075.0,1035.0,1050.0,12446355.0,13132319905.0,TWSE STOCK_DAY,https://www.twse.com.tw/rwd/zh/afterTrading/STOCK_DAY?date=20250901&stockNo=3017&response=json,2025-09-12 14:00 Asia/Taipei,premarket trade_date may only use row.date < trade_date
2025-09-12,3189,景碩,105.0,107.5,105.0,105.5,4293884.0,454968811.0,TWSE STOCK_DAY,https://www.twse.com.tw/rwd/zh/afterTrading/STOCK_DAY?date=20250901&stockNo=3189&response=json,2025-09-12 14:00 Asia/Taipei,premarket trade_date may only use row.date < trade_date
2025-09-12,3443,創意,1400.0,1415.0,1370.0,1375.0,2158374.0,3002457495.0,TWSE STOCK_DAY,https://www.twse.com.tw/rwd/zh/afterTrading/STOCK_DAY?date=20250901&stockNo=3443&response=json,2025-09-12 14:00 Asia/Taipei,premarket trade_date may only use row.date < trade_date
2025-09-12,6526,達發,556.0,562.0,547.0,547.0,353381.0,194543252.0,TWSE STOCK_DAY,https://www.twse.com.tw/rwd/zh/afterTrading/STOCK_DAY?date=20250901&stockNo=6526&response=json,2025-09-12 14:00 Asia/Taipei,premarket trade_date may only use row.date < trade_date
2025-09-15,2345,智邦,1100.0,1105.0,1060.0,1070.0,3199619.0,3451501565.0,TWSE STOCK_DAY,https://www.twse.com.tw/rwd/zh/afterTrading/STOCK_DAY?date=20250901&stockNo=2345&response=json,2025-09-15 14:00 Asia/Taipei,premarket trade_date may only use row.date < trade_date
2025-09-15,3017,奇鋐,1070.0,1095.0,1040.0,1045.0,9915034.0,10568345270.0,TWSE STOCK_DAY,https://www.twse.com.tw/rwd/zh/afterTrading/STOCK_DAY?date=20250901&stockNo=3017&response=json,2025-09-15 14:00 Asia/Taipei,premarket trade_date may only use row.date < trade_date
2025-09-15,3189,景碩,105.0,105.5,102.0,102.5,4670092.0,481657701.0,TWSE STOCK_DAY,https://www.twse.com.tw/rwd/zh/afterTrading/STOCK_DAY?date=20250901&stockNo=3189&response=json,2025-09-15 14:00 Asia/Taipei,premarket trade_date may only use row.date < trade_date
2025-09-15,3443,創意,1400.0,1415.0,1305.0,1330.0,4109393.0,5534630095.0,TWSE STOCK_DAY,https://www.twse.com.tw/rwd/zh/afterTrading/STOCK_DAY?date=20250901&stockNo=3443&response=json,2025-09-15 14:00 Asia/Taipei,premarket trade_date may only use row.date < trade_date
2025-09-15,6526,達發,547.0,549.0,536.0,538.0,278354.0,150438066.0,TWSE STOCK_DAY,https://www.twse.com.tw/rwd/zh/afterTrading/STOCK_DAY?date=20250901&stockNo=6526&response=json,2025-09-15 14:00 Asia/Taipei,premarket trade_date may only use row.date < trade_date
2025-09-16,2345,智邦,1070.0,1105.0,1060.0,1070.0,3652277.0,3944128665.0,TWSE STOCK_DAY,https://www.twse.com.tw/rwd/zh/afterTrading/STOCK_DAY?date=20250901&stockNo=2345&response=json,2025-09-16 14:00 Asia/Taipei,premarket trade_date may only use row.date < trade_date
2025-09-16,3017,奇鋐,1060.0,1070.0,1030.0,1040.0,7216355.0,7560342785.0,TWSE STOCK_DAY,https://www.twse.com.tw/rwd/zh/afterTrading/STOCK_DAY?date=20250901&stockNo=3017&response=json,2025-09-16 14:00 Asia/Taipei,premarket trade_date may only use row.date < trade_date
2025-09-16,3189,景碩,103.5,112.0,103.0,110.5,17073746.0,1851466424.0,TWSE STOCK_DAY,https://www.twse.com.tw/rwd/zh/afterTrading/STOCK_DAY?date=20250901&stockNo=3189&response=json,2025-09-16 14:00 Asia/Taipei,premarket trade_date may only use row.date < trade_date
2025-09-16,3443,創意,1320.0,1335.0,1300.0,1315.0,2442205.0,3218982050.0,TWSE STOCK_DAY,https://www.twse.com.tw/rwd/zh/afterTrading/STOCK_DAY?date=20250901&stockNo=3443&response=json,2025-09-16 14:00 Asia/Taipei,premarket trade_date may only use row.date < trade_date
2025-09-16,6526,達發,543.0,565.0,540.0,563.0,358844.0,199428654.0,TWSE STOCK_DAY,https://www.twse.com.tw/rwd/zh/afterTrading/STOCK_DAY?date=20250901&stockNo=6526&response=json,2025-09-16 14:00 Asia/Taipei,premarket trade_date may only use row.date < trade_date
2025-09-17,2345,智邦,1070.0,1085.0,1050.0,1065.0,3018891.0,3220309430.0,TWSE STOCK_DAY,https://www.twse.com.tw/rwd/zh/afterTrading/STOCK_DAY?date=20250901&stockNo=2345&response=json,2025-09-17 14:00 Asia/Taipei,premarket trade_date may only use row.date < trade_date
2025-09-17,3017,奇鋐,1030.0,1040.0,999.0,1005.0,6541468.0,6610679075.0,TWSE STOCK_DAY,https://www.twse.com.tw/rwd/zh/afterTrading/STOCK_DAY?date=20250901&stockNo=3017&response=json,2025-09-17 14:00 Asia/Taipei,premarket trade_date may only use row.date < trade_date
2025-09-17,3189,景碩,111.5,112.0,107.5,108.0,12614631.0,1383370788.0,TWSE STOCK_DAY,https://www.twse.com.tw/rwd/zh/afterTrading/STOCK_DAY?date=20250901&stockNo=3189&response=json,2025-09-17 14:00 Asia/Taipei,premarket trade_date may only use row.date < trade_date
2025-09-17,3443,創意,1315.0,1325.0,1285.0,1290.0,1868658.0,2429630235.0,TWSE STOCK_DAY,https://www.twse.com.tw/rwd/zh/afterTrading/STOCK_DAY?date=20250901&stockNo=3443&response=json,2025-09-17 14:00 Asia/Taipei,premarket trade_date may only use row.date < trade_date
2025-09-17,6526,達發,558.0,566.0,551.0,551.0,220705.0,122411378.0,TWSE STOCK_DAY,https://www.twse.com.tw/rwd/zh/afterTrading/STOCK_DAY?date=20250901&stockNo=6526&response=json,2025-09-17 14:00 Asia/Taipei,premarket trade_date may only use row.date < trade_date
2025-09-18,2345,智邦,1060.0,1090.0,1055.0,1080.0,2852245.0,3061063571.0,TWSE STOCK_DAY,https://www.twse.com.tw/rwd/zh/afterTrading/STOCK_DAY?date=20250901&stockNo=2345&response=json,2025-09-18 14:00 Asia/Taipei,premarket trade_date may only use row.date < trade_date
2025-09-18,3017,奇鋐,1015.0,1065.0,1000.0,1055.0,8027015.0,8317369060.0,TWSE STOCK_DAY,https://www.twse.com.tw/rwd/zh/afterTrading/STOCK_DAY?date=20250901&stockNo=3017&response=json,2025-09-18 14:00 Asia/Taipei,premarket trade_date may only use row.date < trade_date
2025-09-18,3189,景碩,109.5,110.0,108.0,110.0,5478164.0,598004612.0,TWSE STOCK_DAY,https://www.twse.com.tw/rwd/zh/afterTrading/STOCK_DAY?date=20250901&stockNo=3189&response=json,2025-09-18 14:00 Asia/Taipei,premarket trade_date may only use row.date < trade_date
2025-09-18,3443,創意,1305.0,1315.0,1295.0,1310.0,1245698.0,1624041945.0,TWSE STOCK_DAY,https://www.twse.com.tw/rwd/zh/afterTrading/STOCK_DAY?date=20250901&stockNo=3443&response=json,2025-09-18 14:00 Asia/Taipei,premarket trade_date may only use row.date < trade_date
2025-09-18,6526,達發,551.0,567.0,551.0,560.0,311865.0,175355510.0,TWSE STOCK_DAY,https://www.twse.com.tw/rwd/zh/afterTrading/STOCK_DAY?date=20250901&stockNo=6526&response=json,2025-09-18 14:00 Asia/Taipei,premarket trade_date may only use row.date < trade_date
2025-09-19,2345,智邦,1080.0,1085.0,1010.0,1015.0,7175640.0,7414547910.0,TWSE STOCK_DAY,https://www.twse.com.tw/rwd/zh/afterTrading/STOCK_DAY?date=20250901&stockNo=2345&response=json,2025-09-19 14:00 Asia/Taipei,premarket trade_date may only use row.date < trade_date
2025-09-19,3017,奇鋐,1070.0,1075.0,1030.0,1040.0,6438632.0,6731157355.0,TWSE STOCK_DAY,https://www.twse.com.tw/rwd/zh/afterTrading/STOCK_DAY?date=20250901&stockNo=3017&response=json,2025-09-19 14:00 Asia/Taipei,premarket trade_date may only use row.date < trade_date
2025-09-19,3189,景碩,111.5,115.5,109.5,109.5,32263559.0,3616780754.0,TWSE STOCK_DAY,https://www.twse.com.tw/rwd/zh/afterTrading/STOCK_DAY?date=20250901&stockNo=3189&response=json,2025-09-19 14:00 Asia/Taipei,premarket trade_date may only use row.date < trade_date
2025-09-19,3443,創意,1320.0,1320.0,1285.0,1290.0,1121018.0,1455117695.0,TWSE STOCK_DAY,https://www.twse.com.tw/rwd/zh/afterTrading/STOCK_DAY?date=20250901&stockNo=3443&response=json,2025-09-19 14:00 Asia/Taipei,premarket trade_date may only use row.date < trade_date
2025-09-19,6526,達發,568.0,574.0,547.0,547.0,521795.0,290864690.0,TWSE STOCK_DAY,https://www.twse.com.tw/rwd/zh/afterTrading/STOCK_DAY?date=20250901&stockNo=6526&response=json,2025-09-19 14:00 Asia/Taipei,premarket trade_date may only use row.date < trade_date
2025-09-22,2345,智邦,1015.0,1020.0,985.0,989.0,5683298.0,5655703367.0,TWSE STOCK_DAY,https://www.twse.com.tw/rwd/zh/afterTrading/STOCK_DAY?date=20250901&stockNo=2345&response=json,2025-09-22 14:00 Asia/Taipei,premarket trade_date may only use row.date < trade_date
2025-09-22,3017,奇鋐,1045.0,1055.0,1010.0,1015.0,5224907.0,5377914085.0,TWSE STOCK_DAY,https://www.twse.com.tw/rwd/zh/afterTrading/STOCK_DAY?date=20250901&stockNo=3017&response=json,2025-09-22 14:00 Asia/Taipei,premarket trade_date may only use row.date < trade_date
2025-09-22,3189,景碩,110.0,115.0,109.0,113.5,16868597.0,1890094932.0,TWSE STOCK_DAY,https://www.twse.com.tw/rwd/zh/afterTrading/STOCK_DAY?date=20250901&stockNo=3189&response=json,2025-09-22 14:00 Asia/Taipei,premarket trade_date may only use row.date < trade_date
2025-09-22,3443,創意,1305.0,1310.0,1270.0,1300.0,1863427.0,2400070040.0,TWSE STOCK_DAY,https://www.twse.com.tw/rwd/zh/afterTrading/STOCK_DAY?date=20250901&stockNo=3443&response=json,2025-09-22 14:00 Asia/Taipei,premarket trade_date may only use row.date < trade_date
2025-09-22,6526,達發,557.0,557.0,538.0,539.0,416350.0,225268357.0,TWSE STOCK_DAY,https://www.twse.com.tw/rwd/zh/afterTrading/STOCK_DAY?date=20250901&stockNo=6526&response=json,2025-09-22 14:00 Asia/Taipei,premarket trade_date may only use row.date < trade_date
2025-09-23,2345,智邦,992.0,1020.0,992.0,1005.0,4067579.0,4101486022.0,TWSE STOCK_DAY,https://www.twse.com.tw/rwd/zh/afterTrading/STOCK_DAY?date=20250901&stockNo=2345&response=json,2025-09-23 14:00 Asia/Taipei,premarket trade_date may only use row.date < trade_date
2025-09-23,3017,奇鋐,1060.0,1080.0,1010.0,1015.0,6659412.0,6956825835.0,TWSE STOCK_DAY,https://www.twse.com.tw/rwd/zh/afterTrading/STOCK_DAY?date=20250901&stockNo=3017&response=json,2025-09-23 14:00 Asia/Taipei,premarket trade_date may only use row.date < trade_date
2025-09-23,3189,景碩,113.5,116.5,111.0,111.5,16951612.0,1926453435.0,TWSE STOCK_DAY,https://www.twse.com.tw/rwd/zh/afterTrading/STOCK_DAY?date=20250901&stockNo=3189&response=json,2025-09-23 14:00 Asia/Taipei,premarket trade_date may only use row.date < trade_date
2025-09-23,3443,創意,1310.0,1330.0,1290.0,1315.0,2052766.0,2699011860.0,TWSE STOCK_DAY,https://www.twse.com.tw/rwd/zh/afterTrading/STOCK_DAY?date=20250901&stockNo=3443&response=json,2025-09-23 14:00 Asia/Taipei,premarket trade_date may only use row.date < trade_date
2025-09-23,6526,達發,541.0,546.0,536.0,537.0,368077.0,198288448.0,TWSE STOCK_DAY,https://www.twse.com.tw/rwd/zh/afterTrading/STOCK_DAY?date=20250901&stockNo=6526&response=json,2025-09-23 14:00 Asia/Taipei,premarket trade_date may only use row.date < trade_date
2025-09-24,2345,智邦,1015.0,1020.0,988.0,1005.0,2737685.0,2751695883.0,TWSE STOCK_DAY,https://www.twse.com.tw/rwd/zh/afterTrading/STOCK_DAY?date=20250901&stockNo=2345&response=json,2025-09-24 14:00 Asia/Taipei,premarket trade_date may only use row.date < trade_date
2025-09-24,3017,奇鋐,997.0,1000.0,950.0,994.0,10754935.0,10559145423.0,TWSE STOCK_DAY,https://www.twse.com.tw/rwd/zh/afterTrading/STOCK_DAY?date=20250901&stockNo=3017&response=json,2025-09-24 14:00 Asia/Taipei,premarket trade_date may only use row.date < trade_date
2025-09-24,3189,景碩,112.5,113.0,109.5,110.5,7553462.0,836453919.0,TWSE STOCK_DAY,https://www.twse.com.tw/rwd/zh/afterTrading/STOCK_DAY?date=20250901&stockNo=3189&response=json,2025-09-24 14:00 Asia/Taipei,premarket trade_date may only use row.date < trade_date
2025-09-24,3443,創意,1320.0,1320.0,1300.0,1300.0,1248172.0,1631932815.0,TWSE STOCK_DAY,https://www.twse.com.tw/rwd/zh/afterTrading/STOCK_DAY?date=20250901&stockNo=3443&response=json,2025-09-24 14:00 Asia/Taipei,premarket trade_date may only use row.date < trade_date
2025-09-24,6526,達發,536.0,537.0,526.0,528.0,422367.0,223665179.0,TWSE STOCK_DAY,https://www.twse.com.tw/rwd/zh/afterTrading/STOCK_DAY?date=20250901&stockNo=6526&response=json,2025-09-24 14:00 Asia/Taipei,premarket trade_date may only use row.date < trade_date
2025-09-25,2345,智邦,992.0,995.0,975.0,976.0,3363127.0,3310107682.0,TWSE STOCK_DAY,https://www.twse.com.tw/rwd/zh/afterTrading/STOCK_DAY?date=20250901&stockNo=2345&response=json,2025-09-25 14:00 Asia/Taipei,premarket trade_date may only use row.date < trade_date
2025-09-25,3017,奇鋐,974.0,997.0,959.0,960.0,7976087.0,7758589109.0,TWSE STOCK_DAY,https://www.twse.com.tw/rwd/zh/afterTrading/STOCK_DAY?date=20250901&stockNo=3017&response=json,2025-09-25 14:00 Asia/Taipei,premarket trade_date may only use row.date < trade_date
2025-09-25,3189,景碩,110.0,114.5,110.0,111.0,7110406.0,796837936.0,TWSE STOCK_DAY,https://www.twse.com.tw/rwd/zh/afterTrading/STOCK_DAY?date=20250901&stockNo=3189&response=json,2025-09-25 14:00 Asia/Taipei,premarket trade_date may only use row.date < trade_date
2025-09-25,3443,創意,1305.0,1325.0,1285.0,1310.0,1569825.0,2049425615.0,TWSE STOCK_DAY,https://www.twse.com.tw/rwd/zh/afterTrading/STOCK_DAY?date=20250901&stockNo=3443&response=json,2025-09-25 14:00 Asia/Taipei,premarket trade_date may only use row.date < trade_date
2025-09-25,6526,達發,532.0,536.0,524.0,532.0,225358.0,119321619.0,TWSE STOCK_DAY,https://www.twse.com.tw/rwd/zh/afterTrading/STOCK_DAY?date=20250901&stockNo=6526&response=json,2025-09-25 14:00 Asia/Taipei,premarket trade_date may only use row.date < trade_date
2025-09-26,2345,智邦,999.0,1010.0,970.0,984.0,5294217.0,5218742555.0,TWSE STOCK_DAY,https://www.twse.com.tw/rwd/zh/afterTrading/STOCK_DAY?date=20250901&stockNo=2345&response=json,2025-09-26 14:00 Asia/Taipei,premarket trade_date may only use row.date < trade_date
2025-09-26,3017,奇鋐,957.0,964.0,937.0,941.0,5688933.0,5380537723.0,TWSE STOCK_DAY,https://www.twse.com.tw/rwd/zh/afterTrading/STOCK_DAY?date=20250901&stockNo=3017&response=json,2025-09-26 14:00 Asia/Taipei,premarket trade_date may only use row.date < trade_date
2025-09-26,3189,景碩,111.0,111.5,105.0,105.0,7108947.0,759252217.0,TWSE STOCK_DAY,https://www.twse.com.tw/rwd/zh/afterTrading/STOCK_DAY?date=20250901&stockNo=3189&response=json,2025-09-26 14:00 Asia/Taipei,premarket trade_date may only use row.date < trade_date
2025-09-26,3443,創意,1300.0,1305.0,1230.0,1255.0,3308380.0,4166726685.0,TWSE STOCK_DAY,https://www.twse.com.tw/rwd/zh/afterTrading/STOCK_DAY?date=20250901&stockNo=3443&response=json,2025-09-26 14:00 Asia/Taipei,premarket trade_date may only use row.date < trade_date
2025-09-26,6526,達發,530.0,530.0,512.0,515.0,529365.0,273275713.0,TWSE STOCK_DAY,https://www.twse.com.tw/rwd/zh/afterTrading/STOCK_DAY?date=20250901&stockNo=6526&response=json,2025-09-26 14:00 Asia/Taipei,premarket trade_date may only use row.date < trade_date
2025-09-30,2345,智邦,1020.0,1070.0,1010.0,1045.0,6773964.0,7097647200.0,TWSE STOCK_DAY,https://www.twse.com.tw/rwd/zh/afterTrading/STOCK_DAY?date=20250901&stockNo=2345&response=json,2025-09-30 14:00 Asia/Taipei,premarket trade_date may only use row.date < trade_date
2025-09-30,3017,奇鋐,956.0,988.0,956.0,981.0,6136788.0,5966075691.0,TWSE STOCK_DAY,https://www.twse.com.tw/rwd/zh/afterTrading/STOCK_DAY?date=20250901&stockNo=3017&response=json,2025-09-30 14:00 Asia/Taipei,premarket trade_date may only use row.date < trade_date
2025-09-30,3189,景碩,107.0,108.5,106.5,107.5,3369323.0,361901715.0,TWSE STOCK_DAY,https://www.twse.com.tw/rwd/zh/afterTrading/STOCK_DAY?date=20250901&stockNo=3189&response=json,2025-09-30 14:00 Asia/Taipei,premarket trade_date may only use row.date < trade_date
2025-09-30,3443,創意,1270.0,1350.0,1265.0,1340.0,3292802.0,4372536885.0,TWSE STOCK_DAY,https://www.twse.com.tw/rwd/zh/afterTrading/STOCK_DAY?date=20250901&stockNo=3443&response=json,2025-09-30 14:00 Asia/Taipei,premarket trade_date may only use row.date < trade_date
2025-09-30,6526,達發,520.0,524.0,515.0,519.0,186290.0,96684154.0,TWSE STOCK_DAY,https://www.twse.com.tw/rwd/zh/afterTrading/STOCK_DAY?date=20250901&stockNo=6526&response=json,2025-09-30 14:00 Asia/Taipei,premarket trade_date may only use row.date < trade_date
2025-10-01,2345,智邦,1060.0,1065.0,1030.0,1040.0,4080004.0,4270523120.0,TWSE STOCK_DAY,https://www.twse.com.tw/rwd/zh/afterTrading/STOCK_DAY?date=20251001&stockNo=2345&response=json,2025-10-01 14:00 Asia/Taipei,premarket trade_date may only use row.date < trade_date
2025-10-01,3017,奇鋐,988.0,1030.0,986.0,1025.0,9476385.0,9563721819.0,TWSE STOCK_DAY,https://www.twse.com.tw/rwd/zh/afterTrading/STOCK_DAY?date=20251001&stockNo=3017&response=json,2025-10-01 14:00 Asia/Taipei,premarket trade_date may only use row.date < trade_date
2025-10-01,3189,景碩,107.5,110.0,106.0,106.0,4275623.0,461453100.0,TWSE STOCK_DAY,https://www.twse.com.tw/rwd/zh/afterTrading/STOCK_DAY?date=20251001&stockNo=3189&response=json,2025-10-01 14:00 Asia/Taipei,premarket trade_date may only use row.date < trade_date
2025-10-01,3443,創意,1355.0,1375.0,1340.0,1340.0,2330548.0,3158285990.0,TWSE STOCK_DAY,https://www.twse.com.tw/rwd/zh/afterTrading/STOCK_DAY?date=20251001&stockNo=3443&response=json,2025-10-01 14:00 Asia/Taipei,premarket trade_date may only use row.date < trade_date
2025-10-01,6526,達發,520.0,520.0,509.0,512.0,285121.0,146441307.0,TWSE STOCK_DAY,https://www.twse.com.tw/rwd/zh/afterTrading/STOCK_DAY?date=20251001&stockNo=6526&response=json,2025-10-01 14:00 Asia/Taipei,premarket trade_date may only use row.date < trade_date
2025-10-02,2345,智邦,1075.0,1090.0,1035.0,1075.0,5171322.0,5514716075.0,TWSE STOCK_DAY,https://www.twse.com.tw/rwd/zh/afterTrading/STOCK_DAY?date=20251001&stockNo=2345&response=json,2025-10-02 14:00 Asia/Taipei,premarket trade_date may only use row.date < trade_date
2025-10-02,3017,奇鋐,1075.0,1120.0,1065.0,1100.0,15041799.0,16504548120.0,TWSE STOCK_DAY,https://www.twse.com.tw/rwd/zh/afterTrading/STOCK_DAY?date=20251001&stockNo=3017&response=json,2025-10-02 14:00 Asia/Taipei,premarket trade_date may only use row.date < trade_date
2025-10-02,3189,景碩,107.5,109.5,105.0,109.0,5376162.0,579039518.0,TWSE STOCK_DAY,https://www.twse.com.tw/rwd/zh/afterTrading/STOCK_DAY?date=20251001&stockNo=3189&response=json,2025-10-02 14:00 Asia/Taipei,premarket trade_date may only use row.date < trade_date
2025-10-02,3443,創意,1355.0,1430.0,1355.0,1380.0,6060772.0,8452935105.0,TWSE STOCK_DAY,https://www.twse.com.tw/rwd/zh/afterTrading/STOCK_DAY?date=20251001&stockNo=3443&response=json,2025-10-02 14:00 Asia/Taipei,premarket trade_date may only use row.date < trade_date
2025-10-02,6526,達發,520.0,520.0,508.0,508.0,254478.0,129912357.0,TWSE STOCK_DAY,https://www.twse.com.tw/rwd/zh/afterTrading/STOCK_DAY?date=20251001&stockNo=6526&response=json,2025-10-02 14:00 Asia/Taipei,premarket trade_date may only use row.date < trade_date
2025-10-03,2345,智邦,1085.0,1115.0,1070.0,1105.0,4868875.0,5345381139.0,TWSE STOCK_DAY,https://www.twse.com.tw/rwd/zh/afterTrading/STOCK_DAY?date=20251001&stockNo=2345&response=json,2025-10-03 14:00 Asia/Taipei,premarket trade_date may only use row.date < trade_date
2025-10-03,3017,奇鋐,1115.0,1165.0,1090.0,1165.0,11934596.0,13544192730.0,TWSE STOCK_DAY,https://www.twse.com.tw/rwd/zh/afterTrading/STOCK_DAY?date=20251001&stockNo=3017&response=json,2025-10-03 14:00 Asia/Taipei,premarket trade_date may only use row.date < trade_date
2025-10-03,3189,景碩,108.5,114.0,108.0,112.0,11149354.0,1248226274.0,TWSE STOCK_DAY,https://www.twse.com.tw/rwd/zh/afterTrading/STOCK_DAY?date=20251001&stockNo=3189&response=json,2025-10-03 14:00 Asia/Taipei,premarket trade_date may only use row.date < trade_date
2025-10-03,3443,創意,1385.0,1390.0,1365.0,1375.0,2153972.0,2959874495.0,TWSE STOCK_DAY,https://www.twse.com.tw/rwd/zh/afterTrading/STOCK_DAY?date=20251001&stockNo=3443&response=json,2025-10-03 14:00 Asia/Taipei,premarket trade_date may only use row.date < trade_date
2025-10-03,6526,達發,509.0,521.0,509.0,512.0,202554.0,104414726.0,TWSE STOCK_DAY,https://www.twse.com.tw/rwd/zh/afterTrading/STOCK_DAY?date=20251001&stockNo=6526&response=json,2025-10-03 14:00 Asia/Taipei,premarket trade_date may only use row.date < trade_date
2025-10-07,2345,智邦,1115.0,1130.0,1020.0,1025.0,6300071.0,6648172550.0,TWSE STOCK_DAY,https://www.twse.com.tw/rwd/zh/afterTrading/STOCK_DAY?date=20251001&stockNo=2345&response=json,2025-10-07 14:00 Asia/Taipei,premarket trade_date may only use row.date < trade_date
2025-10-07,3017,奇鋐,1195.0,1200.0,1135.0,1150.0,9519860.0,11064369615.0,TWSE STOCK_DAY,https://www.twse.com.tw/rwd/zh/afterTrading/STOCK_DAY?date=20251001&stockNo=3017&response=json,2025-10-07 14:00 Asia/Taipei,premarket trade_date may only use row.date < trade_date
2025-10-07,3189,景碩,120.0,120.0,114.0,115.0,19152367.0,2233657143.0,TWSE STOCK_DAY,https://www.twse.com.tw/rwd/zh/afterTrading/STOCK_DAY?date=20251001&stockNo=3189&response=json,2025-10-07 14:00 Asia/Taipei,premarket trade_date may only use row.date < trade_date
2025-10-07,3443,創意,1405.0,1410.0,1370.0,1385.0,2843257.0,3952845525.0,TWSE STOCK_DAY,https://www.twse.com.tw/rwd/zh/afterTrading/STOCK_DAY?date=20251001&stockNo=3443&response=json,2025-10-07 14:00 Asia/Taipei,premarket trade_date may only use row.date < trade_date
2025-10-07,6526,達發,519.0,519.0,511.0,511.0,189373.0,97508774.0,TWSE STOCK_DAY,https://www.twse.com.tw/rwd/zh/afterTrading/STOCK_DAY?date=20251001&stockNo=6526&response=json,2025-10-07 14:00 Asia/Taipei,premarket trade_date may only use row.date < trade_date
2025-10-08,2345,智邦,1035.0,1055.0,1025.0,1045.0,3286879.0,3421571410.0,TWSE STOCK_DAY,https://www.twse.com.tw/rwd/zh/afterTrading/STOCK_DAY?date=20251001&stockNo=2345&response=json,2025-10-08 14:00 Asia/Taipei,premarket trade_date may only use row.date < trade_date
2025-10-08,3017,奇鋐,1150.0,1160.0,1110.0,1145.0,7252745.0,8247372540.0,TWSE STOCK_DAY,https://www.twse.com.tw/rwd/zh/afterTrading/STOCK_DAY?date=20251001&stockNo=3017&response=json,2025-10-08 14:00 Asia/Taipei,premarket trade_date may only use row.date < trade_date
2025-10-08,3189,景碩,114.0,126.0,114.0,125.0,29099122.0,3501860346.0,TWSE STOCK_DAY,https://www.twse.com.tw/rwd/zh/afterTrading/STOCK_DAY?date=20251001&stockNo=3189&response=json,2025-10-08 14:00 Asia/Taipei,premarket trade_date may only use row.date < trade_date
2025-10-08,3443,創意,1410.0,1495.0,1390.0,1485.0,8365019.0,12040511810.0,TWSE STOCK_DAY,https://www.twse.com.tw/rwd/zh/afterTrading/STOCK_DAY?date=20251001&stockNo=3443&response=json,2025-10-08 14:00 Asia/Taipei,premarket trade_date may only use row.date < trade_date
2025-10-08,6526,達發,516.0,518.0,508.0,516.0,142279.0,73145034.0,TWSE STOCK_DAY,https://www.twse.com.tw/rwd/zh/afterTrading/STOCK_DAY?date=20251001&stockNo=6526&response=json,2025-10-08 14:00 Asia/Taipei,premarket trade_date may only use row.date < trade_date
2025-10-09,2345,智邦,1070.0,1080.0,1040.0,1050.0,3446722.0,3655489210.0,TWSE STOCK_DAY,https://www.twse.com.tw/rwd/zh/afterTrading/STOCK_DAY?date=20251001&stockNo=2345&response=json,2025-10-09 14:00 Asia/Taipei,premarket trade_date may only use row.date < trade_date
2025-10-09,3017,奇鋐,1165.0,1175.0,1130.0,1170.0,6332081.0,7334853170.0,TWSE STOCK_DAY,https://www.twse.com.tw/rwd/zh/afterTrading/STOCK_DAY?date=20251001&stockNo=3017&response=json,2025-10-09 14:00 Asia/Taipei,premarket trade_date may only use row.date < trade_date
2025-10-09,3189,景碩,129.0,137.5,128.0,137.5,34050158.0,4574520594.0,TWSE STOCK_DAY,https://www.twse.com.tw/rwd/zh/afterTrading/STOCK_DAY?date=20251001&stockNo=3189&response=json,2025-10-09 14:00 Asia/Taipei,premarket trade_date may only use row.date < trade_date
2025-10-09,3443,創意,1520.0,1550.0,1495.0,1515.0,6229235.0,9467923005.0,TWSE STOCK_DAY,https://www.twse.com.tw/rwd/zh/afterTrading/STOCK_DAY?date=20251001&stockNo=3443&response=json,2025-10-09 14:00 Asia/Taipei,premarket trade_date may only use row.date < trade_date
2025-10-09,6526,達發,521.0,523.0,518.0,519.0,193449.0,100707326.0,TWSE STOCK_DAY,https://www.twse.com.tw/rwd/zh/afterTrading/STOCK_DAY?date=20251001&stockNo=6526&response=json,2025-10-09 14:00 Asia/Taipei,premarket trade_date may only use row.date < trade_date
2025-10-13,2345,智邦,1005.0,1040.0,1000.0,1035.0,4085523.0,4181629015.0,TWSE STOCK_DAY,https://www.twse.com.tw/rwd/zh/afterTrading/STOCK_DAY?date=20251001&stockNo=2345&response=json,2025-10-13 14:00 Asia/Taipei,premarket trade_date may only use row.date < trade_date
2025-10-13,3017,奇鋐,1085.0,1160.0,1085.0,1160.0,6936997.0,7866123750.0,TWSE STOCK_DAY,https://www.twse.com.tw/rwd/zh/afterTrading/STOCK_DAY?date=20251001&stockNo=3017&response=json,2025-10-13 14:00 Asia/Taipei,premarket trade_date may only use row.date < trade_date
2025-10-13,3189,景碩,131.0,134.5,124.5,133.5,47676620.0,6203958752.0,TWSE STOCK_DAY,https://www.twse.com.tw/rwd/zh/afterTrading/STOCK_DAY?date=20251001&stockNo=3189&response=json,2025-10-13 14:00 Asia/Taipei,premarket trade_date may only use row.date < trade_date
2025-10-13,3443,創意,1450.0,1505.0,1445.0,1500.0,3477170.0,5157514845.0,TWSE STOCK_DAY,https://www.twse.com.tw/rwd/zh/afterTrading/STOCK_DAY?date=20251001&stockNo=3443&response=json,2025-10-13 14:00 Asia/Taipei,premarket trade_date may only use row.date < trade_date
2025-10-13,6526,達發,508.0,526.0,500.0,520.0,337880.0,173104758.0,TWSE STOCK_DAY,https://www.twse.com.tw/rwd/zh/afterTrading/STOCK_DAY?date=20251001&stockNo=6526&response=json,2025-10-13 14:00 Asia/Taipei,premarket trade_date may only use row.date < trade_date
2025-10-14,2345,智邦,1050.0,1055.0,1000.0,1000.0,5082279.0,5202073160.0,TWSE STOCK_DAY,https://www.twse.com.tw/rwd/zh/afterTrading/STOCK_DAY?date=20251001&stockNo=2345&response=json,2025-10-14 14:00 Asia/Taipei,premarket trade_date may only use row.date < trade_date
2025-10-14,3017,奇鋐,1180.0,1230.0,1155.0,1155.0,13218749.0,15731062705.0,TWSE STOCK_DAY,https://www.twse.com.tw/rwd/zh/afterTrading/STOCK_DAY?date=20251001&stockNo=3017&response=json,2025-10-14 14:00 Asia/Taipei,premarket trade_date may only use row.date < trade_date
2025-10-14,3189,景碩,137.5,138.5,122.5,122.5,46539665.0,5992332682.0,TWSE STOCK_DAY,https://www.twse.com.tw/rwd/zh/afterTrading/STOCK_DAY?date=20251001&stockNo=3189&response=json,2025-10-14 14:00 Asia/Taipei,premarket trade_date may only use row.date < trade_date
2025-10-14,3443,創意,1550.0,1560.0,1435.0,1445.0,5808227.0,8646789845.0,TWSE STOCK_DAY,https://www.twse.com.tw/rwd/zh/afterTrading/STOCK_DAY?date=20251001&stockNo=3443&response=json,2025-10-14 14:00 Asia/Taipei,premarket trade_date may only use row.date < trade_date
2025-10-14,6526,達發,527.0,546.0,513.0,515.0,776320.0,413217181.0,TWSE STOCK_DAY,https://www.twse.com.tw/rwd/zh/afterTrading/STOCK_DAY?date=20251001&stockNo=6526&response=json,2025-10-14 14:00 Asia/Taipei,premarket trade_date may only use row.date < trade_date
2025-10-15,2345,智邦,1000.0,1020.0,987.0,1020.0,4825391.0,4862045298.0,TWSE STOCK_DAY,https://www.twse.com.tw/rwd/zh/afterTrading/STOCK_DAY?date=20251001&stockNo=2345&response=json,2025-10-15 14:00 Asia/Taipei,premarket trade_date may only use row.date < trade_date
2025-10-15,3017,奇鋐,1180.0,1230.0,1165.0,1220.0,9886168.0,11911462725.0,TWSE STOCK_DAY,https://www.twse.com.tw/rwd/zh/afterTrading/STOCK_DAY?date=20251001&stockNo=3017&response=json,2025-10-15 14:00 Asia/Taipei,premarket trade_date may only use row.date < trade_date
2025-10-15,3189,景碩,127.0,134.5,126.5,134.5,31246546.0,4117754864.0,TWSE STOCK_DAY,https://www.twse.com.tw/rwd/zh/afterTrading/STOCK_DAY?date=20251001&stockNo=3189&response=json,2025-10-15 14:00 Asia/Taipei,premarket trade_date may only use row.date < trade_date
2025-10-15,3443,創意,1465.0,1495.0,1435.0,1475.0,2664377.0,3912904040.0,TWSE STOCK_DAY,https://www.twse.com.tw/rwd/zh/afterTrading/STOCK_DAY?date=20251001&stockNo=3443&response=json,2025-10-15 14:00 Asia/Taipei,premarket trade_date may only use row.date < trade_date
2025-10-15,6526,達發,521.0,522.0,514.0,520.0,218042.0,113010189.0,TWSE STOCK_DAY,https://www.twse.com.tw/rwd/zh/afterTrading/STOCK_DAY?date=20251001&stockNo=6526&response=json,2025-10-15 14:00 Asia/Taipei,premarket trade_date may only use row.date < trade_date
2025-10-16,2345,智邦,1025.0,1030.0,998.0,1000.0,3729673.0,3747620000.0,TWSE STOCK_DAY,https://www.twse.com.tw/rwd/zh/afterTrading/STOCK_DAY?date=20251001&stockNo=2345&response=json,2025-10-16 14:00 Asia/Taipei,premarket trade_date may only use row.date < trade_date
2025-10-16,3017,奇鋐,1230.0,1230.0,1180.0,1195.0,5608061.0,6741809730.0,TWSE STOCK_DAY,https://www.twse.com.tw/rwd/zh/afterTrading/STOCK_DAY?date=20251001&stockNo=3017&response=json,2025-10-16 14:00 Asia/Taipei,premarket trade_date may only use row.date < trade_date
2025-10-16,3189,景碩,140.0,147.5,140.0,147.5,94624983.0,13704030189.0,TWSE STOCK_DAY,https://www.twse.com.tw/rwd/zh/afterTrading/STOCK_DAY?date=20251001&stockNo=3189&response=json,2025-10-16 14:00 Asia/Taipei,premarket trade_date may only use row.date < trade_date
2025-10-16,3443,創意,1495.0,1510.0,1450.0,1470.0,2632109.0,3881953615.0,TWSE STOCK_DAY,https://www.twse.com.tw/rwd/zh/afterTrading/STOCK_DAY?date=20251001&stockNo=3443&response=json,2025-10-16 14:00 Asia/Taipei,premarket trade_date may only use row.date < trade_date
2025-10-16,6526,達發,521.0,525.0,511.0,513.0,353544.0,182317832.0,TWSE STOCK_DAY,https://www.twse.com.tw/rwd/zh/afterTrading/STOCK_DAY?date=20251001&stockNo=6526&response=json,2025-10-16 14:00 Asia/Taipei,premarket trade_date may only use row.date < trade_date
2025-10-17,2345,智邦,1000.0,1005.0,954.0,956.0,7283305.0,7076291793.0,TWSE STOCK_DAY,https://www.twse.com.tw/rwd/zh/afterTrading/STOCK_DAY?date=20251001&stockNo=2345&response=json,2025-10-17 14:00 Asia/Taipei,premarket trade_date may only use row.date < trade_date
2025-10-17,3017,奇鋐,1190.0,1220.0,1145.0,1150.0,7185867.0,8393214220.0,TWSE STOCK_DAY,https://www.twse.com.tw/rwd/zh/afterTrading/STOCK_DAY?date=20251001&stockNo=3017&response=json,2025-10-17 14:00 Asia/Taipei,premarket trade_date may only use row.date < trade_date
2025-10-17,3189,景碩,147.5,155.0,145.5,151.0,80994354.0,12220230169.0,TWSE STOCK_DAY,https://www.twse.com.tw/rwd/zh/afterTrading/STOCK_DAY?date=20251001&stockNo=3189&response=json,2025-10-17 14:00 Asia/Taipei,premarket trade_date may only use row.date < trade_date
2025-10-17,3443,創意,1465.0,1510.0,1445.0,1495.0,2756055.0,4095552215.0,TWSE STOCK_DAY,https://www.twse.com.tw/rwd/zh/afterTrading/STOCK_DAY?date=20251001&stockNo=3443&response=json,2025-10-17 14:00 Asia/Taipei,premarket trade_date may only use row.date < trade_date
2025-10-17,6526,達發,513.0,513.0,505.0,505.0,315944.0,160165658.0,TWSE STOCK_DAY,https://www.twse.com.tw/rwd/zh/afterTrading/STOCK_DAY?date=20251001&stockNo=6526&response=json,2025-10-17 14:00 Asia/Taipei,premarket trade_date may only use row.date < trade_date
2025-10-20,2345,智邦,966.0,992.0,966.0,979.0,3125920.0,3060078448.0,TWSE STOCK_DAY,https://www.twse.com.tw/rwd/zh/afterTrading/STOCK_DAY?date=20251001&stockNo=2345&response=json,2025-10-20 14:00 Asia/Taipei,premarket trade_date may only use row.date < trade_date
2025-10-20,3017,奇鋐,1170.0,1175.0,1135.0,1140.0,6220482.0,7161797955.0,TWSE STOCK_DAY,https://www.twse.com.tw/rwd/zh/afterTrading/STOCK_DAY?date=20251001&stockNo=3017&response=json,2025-10-20 14:00 Asia/Taipei,premarket trade_date may only use row.date < trade_date
2025-10-20,3189,景碩,158.0,158.5,150.0,151.0,43424509.0,6650821658.0,TWSE STOCK_DAY,https://www.twse.com.tw/rwd/zh/afterTrading/STOCK_DAY?date=20251001&stockNo=3189&response=json,2025-10-20 14:00 Asia/Taipei,premarket trade_date may only use row.date < trade_date
2025-10-20,3443,創意,1515.0,1550.0,1510.0,1525.0,2968903.0,4539525805.0,TWSE STOCK_DAY,https://www.twse.com.tw/rwd/zh/afterTrading/STOCK_DAY?date=20251001&stockNo=3443&response=json,2025-10-20 14:00 Asia/Taipei,premarket trade_date may only use row.date < trade_date
2025-10-20,6526,達發,508.0,509.0,499.5,506.0,340980.0,171207262.0,TWSE STOCK_DAY,https://www.twse.com.tw/rwd/zh/afterTrading/STOCK_DAY?date=20251001&stockNo=6526&response=json,2025-10-20 14:00 Asia/Taipei,premarket trade_date may only use row.date < trade_date
2025-10-21,2345,智邦,976.0,977.0,960.0,960.0,4167477.0,4032713101.0,TWSE STOCK_DAY,https://www.twse.com.tw/rwd/zh/afterTrading/STOCK_DAY?date=20251001&stockNo=2345&response=json,2025-10-21 14:00 Asia/Taipei,premarket trade_date may only use row.date < trade_date
2025-10-21,3017,奇鋐,1150.0,1200.0,1150.0,1155.0,5845773.0,6827866455.0,TWSE STOCK_DAY,https://www.twse.com.tw/rwd/zh/afterTrading/STOCK_DAY?date=20251001&stockNo=3017&response=json,2025-10-21 14:00 Asia/Taipei,premarket trade_date may only use row.date < trade_date
2025-10-21,3189,景碩,151.5,151.5,147.5,150.0,18718561.0,2798634793.0,TWSE STOCK_DAY,https://www.twse.com.tw/rwd/zh/afterTrading/STOCK_DAY?date=20251001&stockNo=3189&response=json,2025-10-21 14:00 Asia/Taipei,premarket trade_date may only use row.date < trade_date
2025-10-21,3443,創意,1570.0,1675.0,1570.0,1675.0,6809999.0,11185536155.0,TWSE STOCK_DAY,https://www.twse.com.tw/rwd/zh/afterTrading/STOCK_DAY?date=20251001&stockNo=3443&response=json,2025-10-21 14:00 Asia/Taipei,premarket trade_date may only use row.date < trade_date
2025-10-21,6526,達發,513.0,517.0,506.0,507.0,289450.0,148009572.0,TWSE STOCK_DAY,https://www.twse.com.tw/rwd/zh/afterTrading/STOCK_DAY?date=20251001&stockNo=6526&response=json,2025-10-21 14:00 Asia/Taipei,premarket trade_date may only use row.date < trade_date
2025-10-22,2345,智邦,926.0,934.0,884.0,904.0,13065307.0,11846196904.0,TWSE STOCK_DAY,https://www.twse.com.tw/rwd/zh/afterTrading/STOCK_DAY?date=20251001&stockNo=2345&response=json,2025-10-22 14:00 Asia/Taipei,premarket trade_date may only use row.date < trade_date
2025-10-22,3017,奇鋐,1130.0,1180.0,1120.0,1175.0,4495878.0,5209093885.0,TWSE STOCK_DAY,https://www.twse.com.tw/rwd/zh/afterTrading/STOCK_DAY?date=20251001&stockNo=3017&response=json,2025-10-22 14:00 Asia/Taipei,premarket trade_date may only use row.date < trade_date
2025-10-22,3189,景碩,150.0,152.0,144.5,146.5,25129404.0,3700395902.0,TWSE STOCK_DAY,https://www.twse.com.tw/rwd/zh/afterTrading/STOCK_DAY?date=20251001&stockNo=3189&response=json,2025-10-22 14:00 Asia/Taipei,premarket trade_date may only use row.date < trade_date
2025-10-22,3443,創意,1660.0,1710.0,1635.0,1665.0,6209642.0,10374917190.0,TWSE STOCK_DAY,https://www.twse.com.tw/rwd/zh/afterTrading/STOCK_DAY?date=20251001&stockNo=3443&response=json,2025-10-22 14:00 Asia/Taipei,premarket trade_date may only use row.date < trade_date
2025-10-22,6526,達發,507.0,510.0,501.0,506.0,198203.0,100334354.0,TWSE STOCK_DAY,https://www.twse.com.tw/rwd/zh/afterTrading/STOCK_DAY?date=20251001&stockNo=6526&response=json,2025-10-22 14:00 Asia/Taipei,premarket trade_date may only use row.date < trade_date
2025-10-23,2345,智邦,904.0,945.0,904.0,934.0,5763013.0,5353035977.0,TWSE STOCK_DAY,https://www.twse.com.tw/rwd/zh/afterTrading/STOCK_DAY?date=20251001&stockNo=2345&response=json,2025-10-23 14:00 Asia/Taipei,premarket trade_date may only use row.date < trade_date
2025-10-23,3017,奇鋐,1160.0,1175.0,1150.0,1170.0,3790271.0,4417609875.0,TWSE STOCK_DAY,https://www.twse.com.tw/rwd/zh/afterTrading/STOCK_DAY?date=20251001&stockNo=3017&response=json,2025-10-23 14:00 Asia/Taipei,premarket trade_date may only use row.date < trade_date
2025-10-23,3189,景碩,145.0,149.0,142.0,145.0,18163984.0,2636150024.0,TWSE STOCK_DAY,https://www.twse.com.tw/rwd/zh/afterTrading/STOCK_DAY?date=20251001&stockNo=3189&response=json,2025-10-23 14:00 Asia/Taipei,premarket trade_date may only use row.date < trade_date
2025-10-23,3443,創意,1645.0,1645.0,1585.0,1615.0,3836656.0,6181227740.0,TWSE STOCK_DAY,https://www.twse.com.tw/rwd/zh/afterTrading/STOCK_DAY?date=20251001&stockNo=3443&response=json,2025-10-23 14:00 Asia/Taipei,premarket trade_date may only use row.date < trade_date
2025-10-23,6526,達發,501.0,505.0,491.0,493.0,700494.0,346617185.0,TWSE STOCK_DAY,https://www.twse.com.tw/rwd/zh/afterTrading/STOCK_DAY?date=20251001&stockNo=6526&response=json,2025-10-23 14:00 Asia/Taipei,premarket trade_date may only use row.date < trade_date
2025-10-27,2345,智邦,970.0,971.0,956.0,962.0,4805585.0,4632058738.0,TWSE STOCK_DAY,https://www.twse.com.tw/rwd/zh/afterTrading/STOCK_DAY?date=20251001&stockNo=2345&response=json,2025-10-27 14:00 Asia/Taipei,premarket trade_date may only use row.date < trade_date
2025-10-27,3017,奇鋐,1205.0,1220.0,1180.0,1190.0,5918927.0,7066053735.0,TWSE STOCK_DAY,https://www.twse.com.tw/rwd/zh/afterTrading/STOCK_DAY?date=20251001&stockNo=3017&response=json,2025-10-27 14:00 Asia/Taipei,premarket trade_date may only use row.date < trade_date
2025-10-27,3189,景碩,149.0,151.0,145.0,148.5,20808243.0,3082492667.0,TWSE STOCK_DAY,https://www.twse.com.tw/rwd/zh/afterTrading/STOCK_DAY?date=20251001&stockNo=3189&response=json,2025-10-27 14:00 Asia/Taipei,premarket trade_date may only use row.date < trade_date
2025-10-27,3443,創意,1680.0,1690.0,1600.0,1600.0,4873160.0,7951073580.0,TWSE STOCK_DAY,https://www.twse.com.tw/rwd/zh/afterTrading/STOCK_DAY?date=20251001&stockNo=3443&response=json,2025-10-27 14:00 Asia/Taipei,premarket trade_date may only use row.date < trade_date
2025-10-27,6526,達發,502.0,503.0,495.0,501.0,261885.0,130713376.0,TWSE STOCK_DAY,https://www.twse.com.tw/rwd/zh/afterTrading/STOCK_DAY?date=20251001&stockNo=6526&response=json,2025-10-27 14:00 Asia/Taipei,premarket trade_date may only use row.date < trade_date
2025-10-28,2345,智邦,959.0,987.0,959.0,965.0,4823859.0,4684943916.0,TWSE STOCK_DAY,https://www.twse.com.tw/rwd/zh/afterTrading/STOCK_DAY?date=20251001&stockNo=2345&response=json,2025-10-28 14:00 Asia/Taipei,premarket trade_date may only use row.date < trade_date
2025-10-28,3017,奇鋐,1245.0,1305.0,1240.0,1300.0,13577543.0,17473193745.0,TWSE STOCK_DAY,https://www.twse.com.tw/rwd/zh/afterTrading/STOCK_DAY?date=20251001&stockNo=3017&response=json,2025-10-28 14:00 Asia/Taipei,premarket trade_date may only use row.date < trade_date
2025-10-28,3189,景碩,146.0,147.5,135.5,137.5,37424043.0,5209681604.0,TWSE STOCK_DAY,https://www.twse.com.tw/rwd/zh/afterTrading/STOCK_DAY?date=20251001&stockNo=3189&response=json,2025-10-28 14:00 Asia/Taipei,premarket trade_date may only use row.date < trade_date
2025-10-28,3443,創意,1580.0,1585.0,1450.0,1480.0,8490483.0,12713214790.0,TWSE STOCK_DAY,https://www.twse.com.tw/rwd/zh/afterTrading/STOCK_DAY?date=20251001&stockNo=3443&response=json,2025-10-28 14:00 Asia/Taipei,premarket trade_date may only use row.date < trade_date
2025-10-28,6526,達發,504.0,504.0,492.0,493.0,254450.0,125831427.0,TWSE STOCK_DAY,https://www.twse.com.tw/rwd/zh/afterTrading/STOCK_DAY?date=20251001&stockNo=6526&response=json,2025-10-28 14:00 Asia/Taipei,premarket trade_date may only use row.date < trade_date
2025-10-29,2345,智邦,970.0,990.0,964.0,973.0,4580387.0,4467562801.0,TWSE STOCK_DAY,https://www.twse.com.tw/rwd/zh/afterTrading/STOCK_DAY?date=20251001&stockNo=2345&response=json,2025-10-29 14:00 Asia/Taipei,premarket trade_date may only use row.date < trade_date
2025-10-29,3017,奇鋐,1320.0,1335.0,1290.0,1330.0,7916687.0,10420710390.0,TWSE STOCK_DAY,https://www.twse.com.tw/rwd/zh/afterTrading/STOCK_DAY?date=20251001&stockNo=3017&response=json,2025-10-29 14:00 Asia/Taipei,premarket trade_date may only use row.date < trade_date
2025-10-29,3189,景碩,137.5,140.0,135.5,139.0,13470048.0,1860159401.0,TWSE STOCK_DAY,https://www.twse.com.tw/rwd/zh/afterTrading/STOCK_DAY?date=20251001&stockNo=3189&response=json,2025-10-29 14:00 Asia/Taipei,premarket trade_date may only use row.date < trade_date
2025-10-29,3443,創意,1495.0,1510.0,1460.0,1470.0,3583489.0,5308427885.0,TWSE STOCK_DAY,https://www.twse.com.tw/rwd/zh/afterTrading/STOCK_DAY?date=20251001&stockNo=3443&response=json,2025-10-29 14:00 Asia/Taipei,premarket trade_date may only use row.date < trade_date
2025-10-29,6526,達發,496.0,503.0,496.0,497.0,266352.0,132932539.0,TWSE STOCK_DAY,https://www.twse.com.tw/rwd/zh/afterTrading/STOCK_DAY?date=20251001&stockNo=6526&response=json,2025-10-29 14:00 Asia/Taipei,premarket trade_date may only use row.date < trade_date
2025-10-30,2345,智邦,987.0,1030.0,983.0,1020.0,7378885.0,7434452652.0,TWSE STOCK_DAY,https://www.twse.com.tw/rwd/zh/afterTrading/STOCK_DAY?date=20251001&stockNo=2345&response=json,2025-10-30 14:00 Asia/Taipei,premarket trade_date may only use row.date < trade_date
2025-10-30,3017,奇鋐,1370.0,1425.0,1360.0,1410.0,11618364.0,16233953960.0,TWSE STOCK_DAY,https://www.twse.com.tw/rwd/zh/afterTrading/STOCK_DAY?date=20251001&stockNo=3017&response=json,2025-10-30 14:00 Asia/Taipei,premarket trade_date may only use row.date < trade_date
2025-10-30,3189,景碩,139.0,141.5,135.0,137.5,11010943.0,1521711998.0,TWSE STOCK_DAY,https://www.twse.com.tw/rwd/zh/afterTrading/STOCK_DAY?date=20251001&stockNo=3189&response=json,2025-10-30 14:00 Asia/Taipei,premarket trade_date may only use row.date < trade_date
2025-10-30,3443,創意,1480.0,1480.0,1415.0,1440.0,3036144.0,4365615995.0,TWSE STOCK_DAY,https://www.twse.com.tw/rwd/zh/afterTrading/STOCK_DAY?date=20251001&stockNo=3443&response=json,2025-10-30 14:00 Asia/Taipei,premarket trade_date may only use row.date < trade_date
2025-10-30,6526,達發,502.0,513.0,496.0,499.0,435219.0,219519474.0,TWSE STOCK_DAY,https://www.twse.com.tw/rwd/zh/afterTrading/STOCK_DAY?date=20251001&stockNo=6526&response=json,2025-10-30 14:00 Asia/Taipei,premarket trade_date may only use row.date < trade_date
2025-10-31,2345,智邦,1055.0,1105.0,1035.0,1080.0,10011411.0,10784205800.0,TWSE STOCK_DAY,https://www.twse.com.tw/rwd/zh/afterTrading/STOCK_DAY?date=20251001&stockNo=2345&response=json,2025-10-31 14:00 Asia/Taipei,premarket trade_date may only use row.date < trade_date
2025-10-31,3017,奇鋐,1440.0,1440.0,1395.0,1425.0,6889584.0,9797582055.0,TWSE STOCK_DAY,https://www.twse.com.tw/rwd/zh/afterTrading/STOCK_DAY?date=20251001&stockNo=3017&response=json,2025-10-31 14:00 Asia/Taipei,premarket trade_date may only use row.date < trade_date
2025-10-31,3189,景碩,137.0,140.0,136.0,136.5,10256984.0,1411251366.0,TWSE STOCK_DAY,https://www.twse.com.tw/rwd/zh/afterTrading/STOCK_DAY?date=20251001&stockNo=3189&response=json,2025-10-31 14:00 Asia/Taipei,premarket trade_date may only use row.date < trade_date
2025-10-31,3443,創意,1475.0,1575.0,1470.0,1530.0,7122102.0,10894918325.0,TWSE STOCK_DAY,https://www.twse.com.tw/rwd/zh/afterTrading/STOCK_DAY?date=20251001&stockNo=3443&response=json,2025-10-31 14:00 Asia/Taipei,premarket trade_date may only use row.date < trade_date
2025-10-31,6526,達發,503.0,505.0,498.5,500.0,236301.0,118533502.0,TWSE STOCK_DAY,https://www.twse.com.tw/rwd/zh/afterTrading/STOCK_DAY?date=20251001&stockNo=6526&response=json,2025-10-31 14:00 Asia/Taipei,premarket trade_date may only use row.date < trade_date
2025-11-03,2345,智邦,1075.0,1090.0,1065.0,1075.0,4831461.0,5198147055.0,TWSE STOCK_DAY,https://www.twse.com.tw/rwd/zh/afterTrading/STOCK_DAY?date=20251101&stockNo=2345&response=json,2025-11-03 14:00 Asia/Taipei,premarket trade_date may only use row.date < trade_date
2025-11-03,3017,奇鋐,1450.0,1495.0,1445.0,1495.0,6609856.0,9742543915.0,TWSE STOCK_DAY,https://www.twse.com.tw/rwd/zh/afterTrading/STOCK_DAY?date=20251101&stockNo=3017&response=json,2025-11-03 14:00 Asia/Taipei,premarket trade_date may only use row.date < trade_date
2025-11-03,3189,景碩,137.5,145.0,137.0,139.0,29599020.0,4159290874.0,TWSE STOCK_DAY,https://www.twse.com.tw/rwd/zh/afterTrading/STOCK_DAY?date=20251101&stockNo=3189&response=json,2025-11-03 14:00 Asia/Taipei,premarket trade_date may only use row.date < trade_date
2025-11-03,3443,創意,1580.0,1620.0,1570.0,1580.0,4702250.0,7481293020.0,TWSE STOCK_DAY,https://www.twse.com.tw/rwd/zh/afterTrading/STOCK_DAY?date=20251101&stockNo=3443&response=json,2025-11-03 14:00 Asia/Taipei,premarket trade_date may only use row.date < trade_date
2025-11-03,6526,達發,505.0,508.0,498.5,501.0,252507.0,126853097.0,TWSE STOCK_DAY,https://www.twse.com.tw/rwd/zh/afterTrading/STOCK_DAY?date=20251101&stockNo=6526&response=json,2025-11-03 14:00 Asia/Taipei,premarket trade_date may only use row.date < trade_date
2025-11-04,2345,智邦,1145.0,1180.0,1120.0,1150.0,12623495.0,14707424740.0,TWSE STOCK_DAY,https://www.twse.com.tw/rwd/zh/afterTrading/STOCK_DAY?date=20251101&stockNo=2345&response=json,2025-11-04 14:00 Asia/Taipei,premarket trade_date may only use row.date < trade_date
2025-11-04,3017,奇鋐,1510.0,1510.0,1430.0,1435.0,5815364.0,8510197505.0,TWSE STOCK_DAY,https://www.twse.com.tw/rwd/zh/afterTrading/STOCK_DAY?date=20251101&stockNo=3017&response=json,2025-11-04 14:00 Asia/Taipei,premarket trade_date may only use row.date < trade_date
2025-11-04,3189,景碩,140.0,141.5,134.5,134.5,15619307.0,2155556207.0,TWSE STOCK_DAY,https://www.twse.com.tw/rwd/zh/afterTrading/STOCK_DAY?date=20251101&stockNo=3189&response=json,2025-11-04 14:00 Asia/Taipei,premarket trade_date may only use row.date < trade_date
2025-11-04,3443,創意,1615.0,1710.0,1575.0,1635.0,8511485.0,14075132855.0,TWSE STOCK_DAY,https://www.twse.com.tw/rwd/zh/afterTrading/STOCK_DAY?date=20251101&stockNo=3443&response=json,2025-11-04 14:00 Asia/Taipei,premarket trade_date may only use row.date < trade_date
2025-11-04,6526,達發,501.0,503.0,486.5,491.0,465393.0,228729867.0,TWSE STOCK_DAY,https://www.twse.com.tw/rwd/zh/afterTrading/STOCK_DAY?date=20251101&stockNo=6526&response=json,2025-11-04 14:00 Asia/Taipei,premarket trade_date may only use row.date < trade_date
2025-11-05,2345,智邦,1095.0,1100.0,1035.0,1045.0,10947428.0,11613892040.0,TWSE STOCK_DAY,https://www.twse.com.tw/rwd/zh/afterTrading/STOCK_DAY?date=20251101&stockNo=2345&response=json,2025-11-05 14:00 Asia/Taipei,premarket trade_date may only use row.date < trade_date
2025-11-05,3017,奇鋐,1395.0,1475.0,1390.0,1445.0,11014399.0,15913893775.0,TWSE STOCK_DAY,https://www.twse.com.tw/rwd/zh/afterTrading/STOCK_DAY?date=20251101&stockNo=3017&response=json,2025-11-05 14:00 Asia/Taipei,premarket trade_date may only use row.date < trade_date
2025-11-05,3189,景碩,129.0,133.0,127.5,132.5,12839840.0,1672174273.0,TWSE STOCK_DAY,https://www.twse.com.tw/rwd/zh/afterTrading/STOCK_DAY?date=20251101&stockNo=3189&response=json,2025-11-05 14:00 Asia/Taipei,premarket trade_date may only use row.date < trade_date
2025-11-05,3443,創意,1570.0,1620.0,1555.0,1605.0,4903079.0,7801132330.0,TWSE STOCK_DAY,https://www.twse.com.tw/rwd/zh/afterTrading/STOCK_DAY?date=20251101&stockNo=3443&response=json,2025-11-05 14:00 Asia/Taipei,premarket trade_date may only use row.date < trade_date
2025-11-05,6526,達發,486.0,486.0,470.0,478.5,478346.0,227741360.0,TWSE STOCK_DAY,https://www.twse.com.tw/rwd/zh/afterTrading/STOCK_DAY?date=20251101&stockNo=6526&response=json,2025-11-05 14:00 Asia/Taipei,premarket trade_date may only use row.date < trade_date
2025-11-06,2345,智邦,1060.0,1085.0,1045.0,1055.0,5986345.0,6377614835.0,TWSE STOCK_DAY,https://www.twse.com.tw/rwd/zh/afterTrading/STOCK_DAY?date=20251101&stockNo=2345&response=json,2025-11-06 14:00 Asia/Taipei,premarket trade_date may only use row.date < trade_date
2025-11-06,3017,奇鋐,1485.0,1510.0,1470.0,1495.0,6544619.0,9775429695.0,TWSE STOCK_DAY,https://www.twse.com.tw/rwd/zh/afterTrading/STOCK_DAY?date=20251101&stockNo=3017&response=json,2025-11-06 14:00 Asia/Taipei,premarket trade_date may only use row.date < trade_date
2025-11-06,3189,景碩,133.5,133.5,128.5,130.0,11140217.0,1449202313.0,TWSE STOCK_DAY,https://www.twse.com.tw/rwd/zh/afterTrading/STOCK_DAY?date=20251101&stockNo=3189&response=json,2025-11-06 14:00 Asia/Taipei,premarket trade_date may only use row.date < trade_date
2025-11-06,3443,創意,1685.0,1765.0,1680.0,1735.0,9030492.0,15619359770.0,TWSE STOCK_DAY,https://www.twse.com.tw/rwd/zh/afterTrading/STOCK_DAY?date=20251101&stockNo=3443&response=json,2025-11-06 14:00 Asia/Taipei,premarket trade_date may only use row.date < trade_date
2025-11-06,6526,達發,485.0,490.5,481.0,486.0,235741.0,114473508.0,TWSE STOCK_DAY,https://www.twse.com.tw/rwd/zh/afterTrading/STOCK_DAY?date=20251101&stockNo=6526&response=json,2025-11-06 14:00 Asia/Taipei,premarket trade_date may only use row.date < trade_date
2025-11-07,2345,智邦,1065.0,1080.0,1000.0,1005.0,7291182.0,7440285735.0,TWSE STOCK_DAY,https://www.twse.com.tw/rwd/zh/afterTrading/STOCK_DAY?date=20251101&stockNo=2345&response=json,2025-11-07 14:00 Asia/Taipei,premarket trade_date may only use row.date < trade_date
2025-11-07,3017,奇鋐,1480.0,1510.0,1465.0,1465.0,6163276.0,9151295990.0,TWSE STOCK_DAY,https://www.twse.com.tw/rwd/zh/afterTrading/STOCK_DAY?date=20251101&stockNo=3017&response=json,2025-11-07 14:00 Asia/Taipei,premarket trade_date may only use row.date < trade_date
2025-11-07,3189,景碩,128.5,130.0,127.0,128.0,5615171.0,720475692.0,TWSE STOCK_DAY,https://www.twse.com.tw/rwd/zh/afterTrading/STOCK_DAY?date=20251101&stockNo=3189&response=json,2025-11-07 14:00 Asia/Taipei,premarket trade_date may only use row.date < trade_date
2025-11-07,3443,創意,1705.0,1745.0,1665.0,1720.0,4857683.0,8332070340.0,TWSE STOCK_DAY,https://www.twse.com.tw/rwd/zh/afterTrading/STOCK_DAY?date=20251101&stockNo=3443&response=json,2025-11-07 14:00 Asia/Taipei,premarket trade_date may only use row.date < trade_date
2025-11-07,6526,達發,485.0,486.0,474.0,475.0,296457.0,141373238.0,TWSE STOCK_DAY,https://www.twse.com.tw/rwd/zh/afterTrading/STOCK_DAY?date=20251101&stockNo=6526&response=json,2025-11-07 14:00 Asia/Taipei,premarket trade_date may only use row.date < trade_date
2025-11-10,2345,智邦,994.0,1030.0,992.0,998.0,5938489.0,5960426534.0,TWSE STOCK_DAY,https://www.twse.com.tw/rwd/zh/afterTrading/STOCK_DAY?date=20251101&stockNo=2345&response=json,2025-11-10 14:00 Asia/Taipei,premarket trade_date may only use row.date < trade_date
2025-11-10,3017,奇鋐,1505.0,1570.0,1460.0,1550.0,8217203.0,12520194725.0,TWSE STOCK_DAY,https://www.twse.com.tw/rwd/zh/afterTrading/STOCK_DAY?date=20251101&stockNo=3017&response=json,2025-11-10 14:00 Asia/Taipei,premarket trade_date may only use row.date < trade_date
2025-11-10,3189,景碩,128.0,130.0,125.5,128.0,7515530.0,961659240.0,TWSE STOCK_DAY,https://www.twse.com.tw/rwd/zh/afterTrading/STOCK_DAY?date=20251101&stockNo=3189&response=json,2025-11-10 14:00 Asia/Taipei,premarket trade_date may only use row.date < trade_date
2025-11-10,3443,創意,1830.0,1890.0,1815.0,1890.0,7066462.0,13198975465.0,TWSE STOCK_DAY,https://www.twse.com.tw/rwd/zh/afterTrading/STOCK_DAY?date=20251101&stockNo=3443&response=json,2025-11-10 14:00 Asia/Taipei,premarket trade_date may only use row.date < trade_date
2025-11-10,6526,達發,480.0,480.0,470.5,474.0,210803.0,99948811.0,TWSE STOCK_DAY,https://www.twse.com.tw/rwd/zh/afterTrading/STOCK_DAY?date=20251101&stockNo=6526&response=json,2025-11-10 14:00 Asia/Taipei,premarket trade_date may only use row.date < trade_date
2025-11-11,2345,智邦,1010.0,1010.0,979.0,979.0,5088593.0,5045456564.0,TWSE STOCK_DAY,https://www.twse.com.tw/rwd/zh/afterTrading/STOCK_DAY?date=20251101&stockNo=2345&response=json,2025-11-11 14:00 Asia/Taipei,premarket trade_date may only use row.date < trade_date
2025-11-11,3017,奇鋐,1560.0,1570.0,1520.0,1540.0,7563454.0,11707943295.0,TWSE STOCK_DAY,https://www.twse.com.tw/rwd/zh/afterTrading/STOCK_DAY?date=20251101&stockNo=3017&response=json,2025-11-11 14:00 Asia/Taipei,premarket trade_date may only use row.date < trade_date
2025-11-11,3189,景碩,128.0,130.0,127.0,128.0,6620460.0,851438228.0,TWSE STOCK_DAY,https://www.twse.com.tw/rwd/zh/afterTrading/STOCK_DAY?date=20251101&stockNo=3189&response=json,2025-11-11 14:00 Asia/Taipei,premarket trade_date may only use row.date < trade_date
2025-11-11,3443,創意,1910.0,2020.0,1885.0,1910.0,8542879.0,16715528900.0,TWSE STOCK_DAY,https://www.twse.com.tw/rwd/zh/afterTrading/STOCK_DAY?date=20251101&stockNo=3443&response=json,2025-11-11 14:00 Asia/Taipei,premarket trade_date may only use row.date < trade_date
2025-11-11,6526,達發,475.0,477.5,466.0,469.5,368850.0,173792900.0,TWSE STOCK_DAY,https://www.twse.com.tw/rwd/zh/afterTrading/STOCK_DAY?date=20251101&stockNo=6526&response=json,2025-11-11 14:00 Asia/Taipei,premarket trade_date may only use row.date < trade_date
2025-11-12,2345,智邦,985.0,999.0,957.0,983.0,5791879.0,5669031086.0,TWSE STOCK_DAY,https://www.twse.com.tw/rwd/zh/afterTrading/STOCK_DAY?date=20251101&stockNo=2345&response=json,2025-11-12 14:00 Asia/Taipei,premarket trade_date may only use row.date < trade_date
2025-11-12,3017,奇鋐,1555.0,1585.0,1500.0,1505.0,7957940.0,12200641990.0,TWSE STOCK_DAY,https://www.twse.com.tw/rwd/zh/afterTrading/STOCK_DAY?date=20251101&stockNo=3017&response=json,2025-11-12 14:00 Asia/Taipei,premarket trade_date may only use row.date < trade_date
2025-11-12,3189,景碩,129.5,132.0,128.5,131.5,9632201.0,1255813585.0,TWSE STOCK_DAY,https://www.twse.com.tw/rwd/zh/afterTrading/STOCK_DAY?date=20251101&stockNo=3189&response=json,2025-11-12 14:00 Asia/Taipei,premarket trade_date may only use row.date < trade_date
2025-11-12,3443,創意,1990.0,2000.0,1880.0,1885.0,4496509.0,8687258230.0,TWSE STOCK_DAY,https://www.twse.com.tw/rwd/zh/afterTrading/STOCK_DAY?date=20251101&stockNo=3443&response=json,2025-11-12 14:00 Asia/Taipei,premarket trade_date may only use row.date < trade_date
2025-11-12,6526,達發,471.5,476.5,469.0,469.0,204043.0,96163362.0,TWSE STOCK_DAY,https://www.twse.com.tw/rwd/zh/afterTrading/STOCK_DAY?date=20251101&stockNo=6526&response=json,2025-11-12 14:00 Asia/Taipei,premarket trade_date may only use row.date < trade_date
2025-11-13,2345,智邦,980.0,996.0,974.0,980.0,3018194.0,2969770852.0,TWSE STOCK_DAY,https://www.twse.com.tw/rwd/zh/afterTrading/STOCK_DAY?date=20251101&stockNo=2345&response=json,2025-11-13 14:00 Asia/Taipei,premarket trade_date may only use row.date < trade_date
2025-11-13,3017,奇鋐,1505.0,1515.0,1470.0,1495.0,6776412.0,10088952570.0,TWSE STOCK_DAY,https://www.twse.com.tw/rwd/zh/afterTrading/STOCK_DAY?date=20251101&stockNo=3017&response=json,2025-11-13 14:00 Asia/Taipei,premarket trade_date may only use row.date < trade_date
2025-11-13,3189,景碩,132.0,144.5,131.0,144.5,37187636.0,5179385762.0,TWSE STOCK_DAY,https://www.twse.com.tw/rwd/zh/afterTrading/STOCK_DAY?date=20251101&stockNo=3189&response=json,2025-11-13 14:00 Asia/Taipei,premarket trade_date may only use row.date < trade_date
2025-11-13,3443,創意,1880.0,1910.0,1860.0,1875.0,2946952.0,5562434290.0,TWSE STOCK_DAY,https://www.twse.com.tw/rwd/zh/afterTrading/STOCK_DAY?date=20251101&stockNo=3443&response=json,2025-11-13 14:00 Asia/Taipei,premarket trade_date may only use row.date < trade_date
2025-11-13,6526,達發,471.0,472.0,462.5,465.5,290992.0,135247559.0,TWSE STOCK_DAY,https://www.twse.com.tw/rwd/zh/afterTrading/STOCK_DAY?date=20251101&stockNo=6526&response=json,2025-11-13 14:00 Asia/Taipei,premarket trade_date may only use row.date < trade_date
2025-11-14,2345,智邦,965.0,1005.0,965.0,983.0,5212674.0,5150472380.0,TWSE STOCK_DAY,https://www.twse.com.tw/rwd/zh/afterTrading/STOCK_DAY?date=20251101&stockNo=2345&response=json,2025-11-14 14:00 Asia/Taipei,premarket trade_date may only use row.date < trade_date
2025-11-14,3017,奇鋐,1435.0,1455.0,1400.0,1420.0,9611190.0,13660645660.0,TWSE STOCK_DAY,https://www.twse.com.tw/rwd/zh/afterTrading/STOCK_DAY?date=20251101&stockNo=3017&response=json,2025-11-14 14:00 Asia/Taipei,premarket trade_date may only use row.date < trade_date
2025-11-14,3189,景碩,138.5,141.5,135.0,137.0,23417986.0,3242331292.0,TWSE STOCK_DAY,https://www.twse.com.tw/rwd/zh/afterTrading/STOCK_DAY?date=20251101&stockNo=3189&response=json,2025-11-14 14:00 Asia/Taipei,premarket trade_date may only use row.date < trade_date
2025-11-14,3443,創意,1820.0,1910.0,1815.0,1880.0,3327596.0,6201162460.0,TWSE STOCK_DAY,https://www.twse.com.tw/rwd/zh/afterTrading/STOCK_DAY?date=20251101&stockNo=3443&response=json,2025-11-14 14:00 Asia/Taipei,premarket trade_date may only use row.date < trade_date
2025-11-14,6526,達發,457.0,462.0,454.0,456.0,249375.0,114310452.0,TWSE STOCK_DAY,https://www.twse.com.tw/rwd/zh/afterTrading/STOCK_DAY?date=20251101&stockNo=6526&response=json,2025-11-14 14:00 Asia/Taipei,premarket trade_date may only use row.date < trade_date
2025-11-17,2345,智邦,999.0,1020.0,985.0,998.0,3518543.0,3520451073.0,TWSE STOCK_DAY,https://www.twse.com.tw/rwd/zh/afterTrading/STOCK_DAY?date=20251101&stockNo=2345&response=json,2025-11-17 14:00 Asia/Taipei,premarket trade_date may only use row.date < trade_date
2025-11-17,3017,奇鋐,1435.0,1460.0,1410.0,1420.0,5124431.0,7324452315.0,TWSE STOCK_DAY,https://www.twse.com.tw/rwd/zh/afterTrading/STOCK_DAY?date=20251101&stockNo=3017&response=json,2025-11-17 14:00 Asia/Taipei,premarket trade_date may only use row.date < trade_date
2025-11-17,3189,景碩,141.0,149.0,141.0,141.5,28410807.0,4102634242.0,TWSE STOCK_DAY,https://www.twse.com.tw/rwd/zh/afterTrading/STOCK_DAY?date=20251101&stockNo=3189&response=json,2025-11-17 14:00 Asia/Taipei,premarket trade_date may only use row.date < trade_date
2025-11-17,3443,創意,1905.0,1975.0,1815.0,1940.0,6002769.0,11468469015.0,TWSE STOCK_DAY,https://www.twse.com.tw/rwd/zh/afterTrading/STOCK_DAY?date=20251101&stockNo=3443&response=json,2025-11-17 14:00 Asia/Taipei,premarket trade_date may only use row.date < trade_date
2025-11-17,6526,達發,456.0,458.0,450.0,453.0,285160.0,129235025.0,TWSE STOCK_DAY,https://www.twse.com.tw/rwd/zh/afterTrading/STOCK_DAY?date=20251101&stockNo=6526&response=json,2025-11-17 14:00 Asia/Taipei,premarket trade_date may only use row.date < trade_date
2025-11-18,2345,智邦,996.0,996.0,919.0,921.0,9752781.0,9149513531.0,TWSE STOCK_DAY,https://www.twse.com.tw/rwd/zh/afterTrading/STOCK_DAY?date=20251101&stockNo=2345&response=json,2025-11-18 14:00 Asia/Taipei,premarket trade_date may only use row.date < trade_date
2025-11-18,3017,奇鋐,1400.0,1410.0,1370.0,1370.0,5798659.0,8045522250.0,TWSE STOCK_DAY,https://www.twse.com.tw/rwd/zh/afterTrading/STOCK_DAY?date=20251101&stockNo=3017&response=json,2025-11-18 14:00 Asia/Taipei,premarket trade_date may only use row.date < trade_date
2025-11-18,3189,景碩,139.0,151.5,138.5,145.5,51660967.0,7524818460.0,TWSE STOCK_DAY,https://www.twse.com.tw/rwd/zh/afterTrading/STOCK_DAY?date=20251101&stockNo=3189&response=json,2025-11-18 14:00 Asia/Taipei,premarket trade_date may only use row.date < trade_date
2025-11-18,3443,創意,1905.0,1955.0,1855.0,1870.0,3961566.0,7525969520.0,TWSE STOCK_DAY,https://www.twse.com.tw/rwd/zh/afterTrading/STOCK_DAY?date=20251101&stockNo=3443&response=json,2025-11-18 14:00 Asia/Taipei,premarket trade_date may only use row.date < trade_date
2025-11-18,6526,達發,453.5,453.5,439.0,440.5,444271.0,196609614.0,TWSE STOCK_DAY,https://www.twse.com.tw/rwd/zh/afterTrading/STOCK_DAY?date=20251101&stockNo=6526&response=json,2025-11-18 14:00 Asia/Taipei,premarket trade_date may only use row.date < trade_date
2025-11-19,2345,智邦,912.0,940.0,912.0,914.0,4332190.0,3998842472.0,TWSE STOCK_DAY,https://www.twse.com.tw/rwd/zh/afterTrading/STOCK_DAY?date=20251101&stockNo=2345&response=json,2025-11-19 14:00 Asia/Taipei,premarket trade_date may only use row.date < trade_date
2025-11-19,3017,奇鋐,1355.0,1385.0,1335.0,1340.0,5470504.0,7419596945.0,TWSE STOCK_DAY,https://www.twse.com.tw/rwd/zh/afterTrading/STOCK_DAY?date=20251101&stockNo=3017&response=json,2025-11-19 14:00 Asia/Taipei,premarket trade_date may only use row.date < trade_date
2025-11-19,3189,景碩,144.5,144.5,132.5,134.5,26934481.0,3709325261.0,TWSE STOCK_DAY,https://www.twse.com.tw/rwd/zh/afterTrading/STOCK_DAY?date=20251101&stockNo=3189&response=json,2025-11-19 14:00 Asia/Taipei,premarket trade_date may only use row.date < trade_date
2025-11-19,3443,創意,1890.0,1930.0,1870.0,1900.0,3117620.0,5930356180.0,TWSE STOCK_DAY,https://www.twse.com.tw/rwd/zh/afterTrading/STOCK_DAY?date=20251101&stockNo=3443&response=json,2025-11-19 14:00 Asia/Taipei,premarket trade_date may only use row.date < trade_date
2025-11-19,6526,達發,449.0,449.0,434.0,434.0,346377.0,152117999.0,TWSE STOCK_DAY,https://www.twse.com.tw/rwd/zh/afterTrading/STOCK_DAY?date=20251101&stockNo=6526&response=json,2025-11-19 14:00 Asia/Taipei,premarket trade_date may only use row.date < trade_date
2025-11-20,2345,智邦,958.0,964.0,938.0,945.0,4158187.0,3949850309.0,TWSE STOCK_DAY,https://www.twse.com.tw/rwd/zh/afterTrading/STOCK_DAY?date=20251101&stockNo=2345&response=json,2025-11-20 14:00 Asia/Taipei,premarket trade_date may only use row.date < trade_date
2025-11-20,3017,奇鋐,1420.0,1420.0,1330.0,1335.0,9005212.0,12297418710.0,TWSE STOCK_DAY,https://www.twse.com.tw/rwd/zh/afterTrading/STOCK_DAY?date=20251101&stockNo=3017&response=json,2025-11-20 14:00 Asia/Taipei,premarket trade_date may only use row.date < trade_date
2025-11-20,3189,景碩,138.5,144.0,137.0,139.5,22014150.0,3089049924.0,TWSE STOCK_DAY,https://www.twse.com.tw/rwd/zh/afterTrading/STOCK_DAY?date=20251101&stockNo=3189&response=json,2025-11-20 14:00 Asia/Taipei,premarket trade_date may only use row.date < trade_date
2025-11-20,3443,創意,1995.0,2035.0,1935.0,1965.0,5355055.0,10625577530.0,TWSE STOCK_DAY,https://www.twse.com.tw/rwd/zh/afterTrading/STOCK_DAY?date=20251101&stockNo=3443&response=json,2025-11-20 14:00 Asia/Taipei,premarket trade_date may only use row.date < trade_date
2025-11-20,6526,達發,444.0,445.5,440.0,444.0,231320.0,102554946.0,TWSE STOCK_DAY,https://www.twse.com.tw/rwd/zh/afterTrading/STOCK_DAY?date=20251101&stockNo=6526&response=json,2025-11-20 14:00 Asia/Taipei,premarket trade_date may only use row.date < trade_date
2025-11-21,2345,智邦,913.0,919.0,888.0,907.0,6647068.0,5986305598.0,TWSE STOCK_DAY,https://www.twse.com.tw/rwd/zh/afterTrading/STOCK_DAY?date=20251101&stockNo=2345&response=json,2025-11-21 14:00 Asia/Taipei,premarket trade_date may only use row.date < trade_date
2025-11-21,3017,奇鋐,1250.0,1280.0,1205.0,1240.0,13052742.0,16068223615.0,TWSE STOCK_DAY,https://www.twse.com.tw/rwd/zh/afterTrading/STOCK_DAY?date=20251101&stockNo=3017&response=json,2025-11-21 14:00 Asia/Taipei,premarket trade_date may only use row.date < trade_date
2025-11-21,3189,景碩,134.0,137.0,128.0,129.0,14894940.0,1958235421.0,TWSE STOCK_DAY,https://www.twse.com.tw/rwd/zh/afterTrading/STOCK_DAY?date=20251101&stockNo=3189&response=json,2025-11-21 14:00 Asia/Taipei,premarket trade_date may only use row.date < trade_date
2025-11-21,3443,創意,1890.0,1920.0,1830.0,1850.0,3736692.0,6998074120.0,TWSE STOCK_DAY,https://www.twse.com.tw/rwd/zh/afterTrading/STOCK_DAY?date=20251101&stockNo=3443&response=json,2025-11-21 14:00 Asia/Taipei,premarket trade_date may only use row.date < trade_date
2025-11-21,6526,達發,443.5,443.5,431.0,437.5,218368.0,95171014.0,TWSE STOCK_DAY,https://www.twse.com.tw/rwd/zh/afterTrading/STOCK_DAY?date=20251101&stockNo=6526&response=json,2025-11-21 14:00 Asia/Taipei,premarket trade_date may only use row.date < trade_date
2025-11-24,2345,智邦,914.0,952.0,911.0,944.0,5409211.0,5060736164.0,TWSE STOCK_DAY,https://www.twse.com.tw/rwd/zh/afterTrading/STOCK_DAY?date=20251101&stockNo=2345&response=json,2025-11-24 14:00 Asia/Taipei,premarket trade_date may only use row.date < trade_date
2025-11-24,3017,奇鋐,1260.0,1260.0,1210.0,1245.0,8138459.0,10016493895.0,TWSE STOCK_DAY,https://www.twse.com.tw/rwd/zh/afterTrading/STOCK_DAY?date=20251101&stockNo=3017&response=json,2025-11-24 14:00 Asia/Taipei,premarket trade_date may only use row.date < trade_date
2025-11-24,3189,景碩,131.5,133.0,126.0,132.0,11346116.0,1467837836.0,TWSE STOCK_DAY,https://www.twse.com.tw/rwd/zh/afterTrading/STOCK_DAY?date=20251101&stockNo=3189&response=json,2025-11-24 14:00 Asia/Taipei,premarket trade_date may only use row.date < trade_date
2025-11-24,3443,創意,1980.0,2035.0,1955.0,1980.0,6027231.0,12112749175.0,TWSE STOCK_DAY,https://www.twse.com.tw/rwd/zh/afterTrading/STOCK_DAY?date=20251101&stockNo=3443&response=json,2025-11-24 14:00 Asia/Taipei,premarket trade_date may only use row.date < trade_date
2025-11-24,6526,達發,442.0,445.0,433.5,434.0,494378.0,215239099.0,TWSE STOCK_DAY,https://www.twse.com.tw/rwd/zh/afterTrading/STOCK_DAY?date=20251101&stockNo=6526&response=json,2025-11-24 14:00 Asia/Taipei,premarket trade_date may only use row.date < trade_date
2025-11-25,2345,智邦,966.0,971.0,939.0,965.0,5354797.0,5135571416.0,TWSE STOCK_DAY,https://www.twse.com.tw/rwd/zh/afterTrading/STOCK_DAY?date=20251101&stockNo=2345&response=json,2025-11-25 14:00 Asia/Taipei,premarket trade_date may only use row.date < trade_date
2025-11-25,3017,奇鋐,1300.0,1340.0,1240.0,1315.0,10653298.0,13747004185.0,TWSE STOCK_DAY,https://www.twse.com.tw/rwd/zh/afterTrading/STOCK_DAY?date=20251101&stockNo=3017&response=json,2025-11-25 14:00 Asia/Taipei,premarket trade_date may only use row.date < trade_date
2025-11-25,3189,景碩,133.5,139.0,132.0,137.5,14459772.0,1963910283.0,TWSE STOCK_DAY,https://www.twse.com.tw/rwd/zh/afterTrading/STOCK_DAY?date=20251101&stockNo=3189&response=json,2025-11-25 14:00 Asia/Taipei,premarket trade_date may only use row.date < trade_date
2025-11-25,3443,創意,2055.0,2175.0,2030.0,2175.0,6955259.0,14700569220.0,TWSE STOCK_DAY,https://www.twse.com.tw/rwd/zh/afterTrading/STOCK_DAY?date=20251101&stockNo=3443&response=json,2025-11-25 14:00 Asia/Taipei,premarket trade_date may only use row.date < trade_date
2025-11-25,6526,達發,435.5,441.5,435.5,436.0,192930.0,84340618.0,TWSE STOCK_DAY,https://www.twse.com.tw/rwd/zh/afterTrading/STOCK_DAY?date=20251101&stockNo=6526&response=json,2025-11-25 14:00 Asia/Taipei,premarket trade_date may only use row.date < trade_date
2025-11-26,2345,智邦,985.0,999.0,975.0,999.0,3873724.0,3822523801.0,TWSE STOCK_DAY,https://www.twse.com.tw/rwd/zh/afterTrading/STOCK_DAY?date=20251101&stockNo=2345&response=json,2025-11-26 14:00 Asia/Taipei,premarket trade_date may only use row.date < trade_date
2025-11-26,3017,奇鋐,1350.0,1390.0,1340.0,1385.0,8361725.0,11452737005.0,TWSE STOCK_DAY,https://www.twse.com.tw/rwd/zh/afterTrading/STOCK_DAY?date=20251101&stockNo=3017&response=json,2025-11-26 14:00 Asia/Taipei,premarket trade_date may only use row.date < trade_date
2025-11-26,3189,景碩,138.5,143.0,136.0,138.0,13732682.0,1913931386.0,TWSE STOCK_DAY,https://www.twse.com.tw/rwd/zh/afterTrading/STOCK_DAY?date=20251101&stockNo=3189&response=json,2025-11-26 14:00 Asia/Taipei,premarket trade_date may only use row.date < trade_date
2025-11-26,3443,創意,2180.0,2185.0,2105.0,2170.0,5044569.0,10834314053.0,TWSE STOCK_DAY,https://www.twse.com.tw/rwd/zh/afterTrading/STOCK_DAY?date=20251101&stockNo=3443&response=json,2025-11-26 14:00 Asia/Taipei,premarket trade_date may only use row.date < trade_date
2025-11-26,6526,達發,438.5,464.0,438.5,450.5,881117.0,399098724.0,TWSE STOCK_DAY,https://www.twse.com.tw/rwd/zh/afterTrading/STOCK_DAY?date=20251101&stockNo=6526&response=json,2025-11-26 14:00 Asia/Taipei,premarket trade_date may only use row.date < trade_date
2025-11-27,2345,智邦,1025.0,1080.0,1015.0,1030.0,8314814.0,8666550755.0,TWSE STOCK_DAY,https://www.twse.com.tw/rwd/zh/afterTrading/STOCK_DAY?date=20251101&stockNo=2345&response=json,2025-11-27 14:00 Asia/Taipei,premarket trade_date may only use row.date < trade_date
2025-11-27,3017,奇鋐,1400.0,1420.0,1370.0,1395.0,6696881.0,9337940160.0,TWSE STOCK_DAY,https://www.twse.com.tw/rwd/zh/afterTrading/STOCK_DAY?date=20251101&stockNo=3017&response=json,2025-11-27 14:00 Asia/Taipei,premarket trade_date may only use row.date < trade_date
2025-11-27,3189,景碩,140.5,142.0,138.0,141.0,11127046.0,1562282820.0,TWSE STOCK_DAY,https://www.twse.com.tw/rwd/zh/afterTrading/STOCK_DAY?date=20251101&stockNo=3189&response=json,2025-11-27 14:00 Asia/Taipei,premarket trade_date may only use row.date < trade_date
2025-11-27,3443,創意,2120.0,2215.0,2120.0,2135.0,4284476.0,9278334150.0,TWSE STOCK_DAY,https://www.twse.com.tw/rwd/zh/afterTrading/STOCK_DAY?date=20251101&stockNo=3443&response=json,2025-11-27 14:00 Asia/Taipei,premarket trade_date may only use row.date < trade_date
2025-11-27,6526,達發,455.0,456.0,447.0,449.5,233450.0,105304944.0,TWSE STOCK_DAY,https://www.twse.com.tw/rwd/zh/afterTrading/STOCK_DAY?date=20251101&stockNo=6526&response=json,2025-11-27 14:00 Asia/Taipei,premarket trade_date may only use row.date < trade_date
2025-11-28,2345,智邦,1030.0,1040.0,1010.0,1025.0,4688223.0,4808715030.0,TWSE STOCK_DAY,https://www.twse.com.tw/rwd/zh/afterTrading/STOCK_DAY?date=20251101&stockNo=2345&response=json,2025-11-28 14:00 Asia/Taipei,premarket trade_date may only use row.date < trade_date
2025-11-28,3017,奇鋐,1405.0,1410.0,1375.0,1375.0,4674610.0,6498432335.0,TWSE STOCK_DAY,https://www.twse.com.tw/rwd/zh/afterTrading/STOCK_DAY?date=20251101&stockNo=3017&response=json,2025-11-28 14:00 Asia/Taipei,premarket trade_date may only use row.date < trade_date
2025-11-28,3189,景碩,142.0,143.0,139.0,142.5,6172126.0,872018780.0,TWSE STOCK_DAY,https://www.twse.com.tw/rwd/zh/afterTrading/STOCK_DAY?date=20251101&stockNo=3189&response=json,2025-11-28 14:00 Asia/Taipei,premarket trade_date may only use row.date < trade_date
2025-11-28,3443,創意,2145.0,2280.0,2115.0,2260.0,4335823.0,9588448655.0,TWSE STOCK_DAY,https://www.twse.com.tw/rwd/zh/afterTrading/STOCK_DAY?date=20251101&stockNo=3443&response=json,2025-11-28 14:00 Asia/Taipei,premarket trade_date may only use row.date < trade_date
2025-11-28,6526,達發,450.0,462.5,449.0,458.0,404740.0,185867915.0,TWSE STOCK_DAY,https://www.twse.com.tw/rwd/zh/afterTrading/STOCK_DAY?date=20251101&stockNo=6526&response=json,2025-11-28 14:00 Asia/Taipei,premarket trade_date may only use row.date < trade_date
2025-12-01,2345,智邦,1035.0,1060.0,1000.0,1020.0,7069203.0,7281765005.0,TWSE STOCK_DAY,https://www.twse.com.tw/rwd/zh/afterTrading/STOCK_DAY?date=20251201&stockNo=2345&response=json,2025-12-01 14:00 Asia/Taipei,premarket trade_date may only use row.date < trade_date
2025-12-01,3017,奇鋐,1380.0,1385.0,1330.0,1340.0,4953191.0,6674854415.0,TWSE STOCK_DAY,https://www.twse.com.tw/rwd/zh/afterTrading/STOCK_DAY?date=20251201&stockNo=3017&response=json,2025-12-01 14:00 Asia/Taipei,premarket trade_date may only use row.date < trade_date
2025-12-01,3189,景碩,143.5,147.0,140.5,141.5,24304585.0,3485470228.0,TWSE STOCK_DAY,https://www.twse.com.tw/rwd/zh/afterTrading/STOCK_DAY?date=20251201&stockNo=3189&response=json,2025-12-01 14:00 Asia/Taipei,premarket trade_date may only use row.date < trade_date
2025-12-01,3443,創意,2250.0,2255.0,2170.0,2185.0,3064042.0,6750018750.0,TWSE STOCK_DAY,https://www.twse.com.tw/rwd/zh/afterTrading/STOCK_DAY?date=20251201&stockNo=3443&response=json,2025-12-01 14:00 Asia/Taipei,premarket trade_date may only use row.date < trade_date
2025-12-01,6526,達發,457.0,472.0,455.0,460.5,335111.0,155274853.0,TWSE STOCK_DAY,https://www.twse.com.tw/rwd/zh/afterTrading/STOCK_DAY?date=20251201&stockNo=6526&response=json,2025-12-01 14:00 Asia/Taipei,premarket trade_date may only use row.date < trade_date
2025-12-02,2345,智邦,1045.0,1075.0,1035.0,1050.0,6741724.0,7077912750.0,TWSE STOCK_DAY,https://www.twse.com.tw/rwd/zh/afterTrading/STOCK_DAY?date=20251201&stockNo=2345&response=json,2025-12-02 14:00 Asia/Taipei,premarket trade_date may only use row.date < trade_date
2025-12-02,3017,奇鋐,1360.0,1410.0,1310.0,1315.0,7665974.0,10381696540.0,TWSE STOCK_DAY,https://www.twse.com.tw/rwd/zh/afterTrading/STOCK_DAY?date=20251201&stockNo=3017&response=json,2025-12-02 14:00 Asia/Taipei,premarket trade_date may only use row.date < trade_date
2025-12-02,3189,景碩,141.5,147.0,139.0,141.0,14015056.0,1998070249.0,TWSE STOCK_DAY,https://www.twse.com.tw/rwd/zh/afterTrading/STOCK_DAY?date=20251201&stockNo=3189&response=json,2025-12-02 14:00 Asia/Taipei,premarket trade_date may only use row.date < trade_date
2025-12-02,3443,創意,2220.0,2235.0,2160.0,2170.0,2456404.0,5384001680.0,TWSE STOCK_DAY,https://www.twse.com.tw/rwd/zh/afterTrading/STOCK_DAY?date=20251201&stockNo=3443&response=json,2025-12-02 14:00 Asia/Taipei,premarket trade_date may only use row.date < trade_date
2025-12-02,6526,達發,467.0,469.0,461.0,461.0,188151.0,87197775.0,TWSE STOCK_DAY,https://www.twse.com.tw/rwd/zh/afterTrading/STOCK_DAY?date=20251201&stockNo=6526&response=json,2025-12-02 14:00 Asia/Taipei,premarket trade_date may only use row.date < trade_date
2025-12-03,2345,智邦,1060.0,1065.0,985.0,986.0,6774557.0,6819841677.0,TWSE STOCK_DAY,https://www.twse.com.tw/rwd/zh/afterTrading/STOCK_DAY?date=20251201&stockNo=2345&response=json,2025-12-03 14:00 Asia/Taipei,premarket trade_date may only use row.date < trade_date
2025-12-03,3017,奇鋐,1340.0,1365.0,1320.0,1355.0,5764345.0,7788445300.0,TWSE STOCK_DAY,https://www.twse.com.tw/rwd/zh/afterTrading/STOCK_DAY?date=20251201&stockNo=3017&response=json,2025-12-03 14:00 Asia/Taipei,premarket trade_date may only use row.date < trade_date
2025-12-03,3189,景碩,143.0,150.0,142.0,148.0,22630648.0,3317961150.0,TWSE STOCK_DAY,https://www.twse.com.tw/rwd/zh/afterTrading/STOCK_DAY?date=20251201&stockNo=3189&response=json,2025-12-03 14:00 Asia/Taipei,premarket trade_date may only use row.date < trade_date
2025-12-03,3443,創意,2180.0,2195.0,2135.0,2145.0,2118200.0,4581481705.0,TWSE STOCK_DAY,https://www.twse.com.tw/rwd/zh/afterTrading/STOCK_DAY?date=20251201&stockNo=3443&response=json,2025-12-03 14:00 Asia/Taipei,premarket trade_date may only use row.date < trade_date
2025-12-03,6526,達發,464.5,467.0,461.0,461.5,123479.0,57177839.0,TWSE STOCK_DAY,https://www.twse.com.tw/rwd/zh/afterTrading/STOCK_DAY?date=20251201&stockNo=6526&response=json,2025-12-03 14:00 Asia/Taipei,premarket trade_date may only use row.date < trade_date
2025-12-04,2345,智邦,989.0,992.0,965.0,965.0,4742665.0,4618387931.0,TWSE STOCK_DAY,https://www.twse.com.tw/rwd/zh/afterTrading/STOCK_DAY?date=20251201&stockNo=2345&response=json,2025-12-04 14:00 Asia/Taipei,premarket trade_date may only use row.date < trade_date
2025-12-04,3017,奇鋐,1370.0,1385.0,1325.0,1325.0,5497875.0,7425224125.0,TWSE STOCK_DAY,https://www.twse.com.tw/rwd/zh/afterTrading/STOCK_DAY?date=20251201&stockNo=3017&response=json,2025-12-04 14:00 Asia/Taipei,premarket trade_date may only use row.date < trade_date
2025-12-04,3189,景碩,146.0,157.0,144.5,148.0,36135187.0,5464151946.0,TWSE STOCK_DAY,https://www.twse.com.tw/rwd/zh/afterTrading/STOCK_DAY?date=20251201&stockNo=3189&response=json,2025-12-04 14:00 Asia/Taipei,premarket trade_date may only use row.date < trade_date
2025-12-04,3443,創意,2155.0,2160.0,2110.0,2125.0,1511154.0,3224152095.0,TWSE STOCK_DAY,https://www.twse.com.tw/rwd/zh/afterTrading/STOCK_DAY?date=20251201&stockNo=3443&response=json,2025-12-04 14:00 Asia/Taipei,premarket trade_date may only use row.date < trade_date
2025-12-04,6526,達發,461.5,466.0,457.5,461.5,181473.0,83524733.0,TWSE STOCK_DAY,https://www.twse.com.tw/rwd/zh/afterTrading/STOCK_DAY?date=20251201&stockNo=6526&response=json,2025-12-04 14:00 Asia/Taipei,premarket trade_date may only use row.date < trade_date
2025-12-05,2345,智邦,974.0,995.0,951.0,990.0,4700921.0,4587461642.0,TWSE STOCK_DAY,https://www.twse.com.tw/rwd/zh/afterTrading/STOCK_DAY?date=20251201&stockNo=2345&response=json,2025-12-05 14:00 Asia/Taipei,premarket trade_date may only use row.date < trade_date
2025-12-05,3017,奇鋐,1345.0,1405.0,1340.0,1385.0,8314708.0,11465832580.0,TWSE STOCK_DAY,https://www.twse.com.tw/rwd/zh/afterTrading/STOCK_DAY?date=20251201&stockNo=3017&response=json,2025-12-05 14:00 Asia/Taipei,premarket trade_date may only use row.date < trade_date
2025-12-05,3189,景碩,149.0,162.0,149.0,157.0,58242653.0,9111637982.0,TWSE STOCK_DAY,https://www.twse.com.tw/rwd/zh/afterTrading/STOCK_DAY?date=20251201&stockNo=3189&response=json,2025-12-05 14:00 Asia/Taipei,premarket trade_date may only use row.date < trade_date
2025-12-05,3443,創意,2120.0,2230.0,2120.0,2220.0,3314761.0,7274312640.0,TWSE STOCK_DAY,https://www.twse.com.tw/rwd/zh/afterTrading/STOCK_DAY?date=20251201&stockNo=3443&response=json,2025-12-05 14:00 Asia/Taipei,premarket trade_date may only use row.date < trade_date
2025-12-05,6526,達發,458.5,463.0,454.0,458.5,167001.0,76473321.0,TWSE STOCK_DAY,https://www.twse.com.tw/rwd/zh/afterTrading/STOCK_DAY?date=20251201&stockNo=6526&response=json,2025-12-05 14:00 Asia/Taipei,premarket trade_date may only use row.date < trade_date
2025-12-08,2345,智邦,994.0,1005.0,977.0,977.0,4168557.0,4115348034.0,TWSE STOCK_DAY,https://www.twse.com.tw/rwd/zh/afterTrading/STOCK_DAY?date=20251201&stockNo=2345&response=json,2025-12-08 14:00 Asia/Taipei,premarket trade_date may only use row.date < trade_date
2025-12-08,3017,奇鋐,1400.0,1400.0,1370.0,1385.0,3875456.0,5381102435.0,TWSE STOCK_DAY,https://www.twse.com.tw/rwd/zh/afterTrading/STOCK_DAY?date=20251201&stockNo=3017&response=json,2025-12-08 14:00 Asia/Taipei,premarket trade_date may only use row.date < trade_date
2025-12-08,3189,景碩,157.5,158.0,152.0,156.0,25285128.0,3921985478.0,TWSE STOCK_DAY,https://www.twse.com.tw/rwd/zh/afterTrading/STOCK_DAY?date=20251201&stockNo=3189&response=json,2025-12-08 14:00 Asia/Taipei,premarket trade_date may only use row.date < trade_date
2025-12-08,3443,創意,2230.0,2230.0,2140.0,2155.0,2485540.0,5409323255.0,TWSE STOCK_DAY,https://www.twse.com.tw/rwd/zh/afterTrading/STOCK_DAY?date=20251201&stockNo=3443&response=json,2025-12-08 14:00 Asia/Taipei,premarket trade_date may only use row.date < trade_date
2025-12-08,6526,達發,455.0,460.5,455.0,456.5,113540.0,51978001.0,TWSE STOCK_DAY,https://www.twse.com.tw/rwd/zh/afterTrading/STOCK_DAY?date=20251201&stockNo=6526&response=json,2025-12-08 14:00 Asia/Taipei,premarket trade_date may only use row.date < trade_date
2025-12-09,2345,智邦,994.0,1055.0,991.0,995.0,10648469.0,10834244503.0,TWSE STOCK_DAY,https://www.twse.com.tw/rwd/zh/afterTrading/STOCK_DAY?date=20251201&stockNo=2345&response=json,2025-12-09 14:00 Asia/Taipei,premarket trade_date may only use row.date < trade_date
2025-12-09,3017,奇鋐,1400.0,1430.0,1380.0,1410.0,6722511.0,9465023720.0,TWSE STOCK_DAY,https://www.twse.com.tw/rwd/zh/afterTrading/STOCK_DAY?date=20251201&stockNo=3017&response=json,2025-12-09 14:00 Asia/Taipei,premarket trade_date may only use row.date < trade_date
2025-12-09,3189,景碩,155.0,164.0,153.0,159.5,39402755.0,6246730880.0,TWSE STOCK_DAY,https://www.twse.com.tw/rwd/zh/afterTrading/STOCK_DAY?date=20251201&stockNo=3189&response=json,2025-12-09 14:00 Asia/Taipei,premarket trade_date may only use row.date < trade_date
2025-12-09,3443,創意,2165.0,2180.0,2100.0,2115.0,2550624.0,5432318570.0,TWSE STOCK_DAY,https://www.twse.com.tw/rwd/zh/afterTrading/STOCK_DAY?date=20251201&stockNo=3443&response=json,2025-12-09 14:00 Asia/Taipei,premarket trade_date may only use row.date < trade_date
2025-12-09,6526,達發,456.5,457.5,451.0,457.5,142697.0,64810444.0,TWSE STOCK_DAY,https://www.twse.com.tw/rwd/zh/afterTrading/STOCK_DAY?date=20251201&stockNo=6526&response=json,2025-12-09 14:00 Asia/Taipei,premarket trade_date may only use row.date < trade_date
2025-12-10,2345,智邦,1045.0,1090.0,1045.0,1090.0,12245842.0,13193120350.0,TWSE STOCK_DAY,https://www.twse.com.tw/rwd/zh/afterTrading/STOCK_DAY?date=20251201&stockNo=2345&response=json,2025-12-10 14:00 Asia/Taipei,premarket trade_date may only use row.date < trade_date
2025-12-10,3017,奇鋐,1415.0,1430.0,1390.0,1425.0,4737458.0,6710823195.0,TWSE STOCK_DAY,https://www.twse.com.tw/rwd/zh/afterTrading/STOCK_DAY?date=20251201&stockNo=3017&response=json,2025-12-10 14:00 Asia/Taipei,premarket trade_date may only use row.date < trade_date
2025-12-10,3189,景碩,159.5,160.0,151.0,152.5,24749013.0,3819313552.0,TWSE STOCK_DAY,https://www.twse.com.tw/rwd/zh/afterTrading/STOCK_DAY?date=20251201&stockNo=3189&response=json,2025-12-10 14:00 Asia/Taipei,premarket trade_date may only use row.date < trade_date
2025-12-10,3443,創意,2130.0,2185.0,2095.0,2160.0,2322115.0,4969365340.0,TWSE STOCK_DAY,https://www.twse.com.tw/rwd/zh/afterTrading/STOCK_DAY?date=20251201&stockNo=3443&response=json,2025-12-10 14:00 Asia/Taipei,premarket trade_date may only use row.date < trade_date
2025-12-10,6526,達發,457.0,463.5,452.5,458.0,155490.0,71382986.0,TWSE STOCK_DAY,https://www.twse.com.tw/rwd/zh/afterTrading/STOCK_DAY?date=20251201&stockNo=6526&response=json,2025-12-10 14:00 Asia/Taipei,premarket trade_date may only use row.date < trade_date
2025-12-11,2345,智邦,1120.0,1195.0,1115.0,1135.0,16597109.0,19253357130.0,TWSE STOCK_DAY,https://www.twse.com.tw/rwd/zh/afterTrading/STOCK_DAY?date=20251201&stockNo=2345&response=json,2025-12-11 14:00 Asia/Taipei,premarket trade_date may only use row.date < trade_date
2025-12-11,3017,奇鋐,1445.0,1450.0,1405.0,1430.0,6854831.0,9802328950.0,TWSE STOCK_DAY,https://www.twse.com.tw/rwd/zh/afterTrading/STOCK_DAY?date=20251201&stockNo=3017&response=json,2025-12-11 14:00 Asia/Taipei,premarket trade_date may only use row.date < trade_date
2025-12-11,3189,景碩,153.0,155.5,150.0,151.5,18231402.0,2789239446.0,TWSE STOCK_DAY,https://www.twse.com.tw/rwd/zh/afterTrading/STOCK_DAY?date=20251201&stockNo=3189&response=json,2025-12-11 14:00 Asia/Taipei,premarket trade_date may only use row.date < trade_date
2025-12-11,3443,創意,2180.0,2290.0,2180.0,2185.0,3849831.0,8563324765.0,TWSE STOCK_DAY,https://www.twse.com.tw/rwd/zh/afterTrading/STOCK_DAY?date=20251201&stockNo=3443&response=json,2025-12-11 14:00 Asia/Taipei,premarket trade_date may only use row.date < trade_date
2025-12-11,6526,達發,458.0,460.0,448.5,448.5,182233.0,82639481.0,TWSE STOCK_DAY,https://www.twse.com.tw/rwd/zh/afterTrading/STOCK_DAY?date=20251201&stockNo=6526&response=json,2025-12-11 14:00 Asia/Taipei,premarket trade_date may only use row.date < trade_date
2025-12-12,2345,智邦,1160.0,1160.0,1120.0,1155.0,5584329.0,6373395570.0,TWSE STOCK_DAY,https://www.twse.com.tw/rwd/zh/afterTrading/STOCK_DAY?date=20251201&stockNo=2345&response=json,2025-12-12 14:00 Asia/Taipei,premarket trade_date may only use row.date < trade_date
2025-12-12,3017,奇鋐,1460.0,1485.0,1425.0,1425.0,5865475.0,8510179035.0,TWSE STOCK_DAY,https://www.twse.com.tw/rwd/zh/afterTrading/STOCK_DAY?date=20251201&stockNo=3017&response=json,2025-12-12 14:00 Asia/Taipei,premarket trade_date may only use row.date < trade_date
2025-12-12,3189,景碩,153.5,157.0,150.0,151.5,10509773.0,1606081919.0,TWSE STOCK_DAY,https://www.twse.com.tw/rwd/zh/afterTrading/STOCK_DAY?date=20251201&stockNo=3189&response=json,2025-12-12 14:00 Asia/Taipei,premarket trade_date may only use row.date < trade_date
2025-12-12,3443,創意,2210.0,2330.0,2190.0,2275.0,3942560.0,8925187090.0,TWSE STOCK_DAY,https://www.twse.com.tw/rwd/zh/afterTrading/STOCK_DAY?date=20251201&stockNo=3443&response=json,2025-12-12 14:00 Asia/Taipei,premarket trade_date may only use row.date < trade_date
2025-12-12,6526,達發,455.0,455.0,447.0,448.5,154062.0,69170657.0,TWSE STOCK_DAY,https://www.twse.com.tw/rwd/zh/afterTrading/STOCK_DAY?date=20251201&stockNo=6526&response=json,2025-12-12 14:00 Asia/Taipei,premarket trade_date may only use row.date < trade_date
2025-12-15,2345,智邦,1100.0,1215.0,1095.0,1210.0,9081714.0,10638471450.0,TWSE STOCK_DAY,https://www.twse.com.tw/rwd/zh/afterTrading/STOCK_DAY?date=20251201&stockNo=2345&response=json,2025-12-15 14:00 Asia/Taipei,premarket trade_date may only use row.date < trade_date
2025-12-15,3017,奇鋐,1375.0,1390.0,1365.0,1380.0,5675750.0,7815851285.0,TWSE STOCK_DAY,https://www.twse.com.tw/rwd/zh/afterTrading/STOCK_DAY?date=20251201&stockNo=3017&response=json,2025-12-15 14:00 Asia/Taipei,premarket trade_date may only use row.date < trade_date
2025-12-15,3189,景碩,146.5,147.5,144.0,146.0,8111511.0,1185398283.0,TWSE STOCK_DAY,https://www.twse.com.tw/rwd/zh/afterTrading/STOCK_DAY?date=20251201&stockNo=3189&response=json,2025-12-15 14:00 Asia/Taipei,premarket trade_date may only use row.date < trade_date
2025-12-15,3443,創意,2200.0,2225.0,2175.0,2200.0,2357074.0,5180861455.0,TWSE STOCK_DAY,https://www.twse.com.tw/rwd/zh/afterTrading/STOCK_DAY?date=20251201&stockNo=3443&response=json,2025-12-15 14:00 Asia/Taipei,premarket trade_date may only use row.date < trade_date
2025-12-15,6526,達發,440.5,450.0,437.0,442.5,137922.0,61209159.0,TWSE STOCK_DAY,https://www.twse.com.tw/rwd/zh/afterTrading/STOCK_DAY?date=20251201&stockNo=6526&response=json,2025-12-15 14:00 Asia/Taipei,premarket trade_date may only use row.date < trade_date
2025-12-16,2345,智邦,1185.0,1190.0,1130.0,1160.0,8153657.0,9478142245.0,TWSE STOCK_DAY,https://www.twse.com.tw/rwd/zh/afterTrading/STOCK_DAY?date=20251201&stockNo=2345&response=json,2025-12-16 14:00 Asia/Taipei,premarket trade_date may only use row.date < trade_date
2025-12-16,3017,奇鋐,1365.0,1390.0,1340.0,1345.0,4565277.0,6204501320.0,TWSE STOCK_DAY,https://www.twse.com.tw/rwd/zh/afterTrading/STOCK_DAY?date=20251201&stockNo=3017&response=json,2025-12-16 14:00 Asia/Taipei,premarket trade_date may only use row.date < trade_date
2025-12-16,3189,景碩,145.0,145.0,138.0,138.5,10257424.0,1439241361.0,TWSE STOCK_DAY,https://www.twse.com.tw/rwd/zh/afterTrading/STOCK_DAY?date=20251201&stockNo=3189&response=json,2025-12-16 14:00 Asia/Taipei,premarket trade_date may only use row.date < trade_date
2025-12-16,3443,創意,2170.0,2195.0,1985.0,2020.0,5442682.0,11209065085.0,TWSE STOCK_DAY,https://www.twse.com.tw/rwd/zh/afterTrading/STOCK_DAY?date=20251201&stockNo=3443&response=json,2025-12-16 14:00 Asia/Taipei,premarket trade_date may only use row.date < trade_date
2025-12-16,6526,達發,437.0,450.0,430.0,438.0,363513.0,158870001.0,TWSE STOCK_DAY,https://www.twse.com.tw/rwd/zh/afterTrading/STOCK_DAY?date=20251201&stockNo=6526&response=json,2025-12-16 14:00 Asia/Taipei,premarket trade_date may only use row.date < trade_date
2025-12-17,2345,智邦,1160.0,1205.0,1140.0,1185.0,6644754.0,7843664980.0,TWSE STOCK_DAY,https://www.twse.com.tw/rwd/zh/afterTrading/STOCK_DAY?date=20251201&stockNo=2345&response=json,2025-12-17 14:00 Asia/Taipei,premarket trade_date may only use row.date < trade_date
2025-12-17,3017,奇鋐,1350.0,1380.0,1340.0,1340.0,2963422.0,4005968095.0,TWSE STOCK_DAY,https://www.twse.com.tw/rwd/zh/afterTrading/STOCK_DAY?date=20251201&stockNo=3017&response=json,2025-12-17 14:00 Asia/Taipei,premarket trade_date may only use row.date < trade_date
2025-12-17,3189,景碩,140.5,141.0,135.5,136.0,7591934.0,1043913150.0,TWSE STOCK_DAY,https://www.twse.com.tw/rwd/zh/afterTrading/STOCK_DAY?date=20251201&stockNo=3189&response=json,2025-12-17 14:00 Asia/Taipei,premarket trade_date may only use row.date < trade_date
2025-12-17,3443,創意,2040.0,2055.0,1995.0,2010.0,2697456.0,5452732380.0,TWSE STOCK_DAY,https://www.twse.com.tw/rwd/zh/afterTrading/STOCK_DAY?date=20251201&stockNo=3443&response=json,2025-12-17 14:00 Asia/Taipei,premarket trade_date may only use row.date < trade_date
2025-12-17,6526,達發,440.0,443.0,434.0,434.0,217937.0,95569012.0,TWSE STOCK_DAY,https://www.twse.com.tw/rwd/zh/afterTrading/STOCK_DAY?date=20251201&stockNo=6526&response=json,2025-12-17 14:00 Asia/Taipei,premarket trade_date may only use row.date < trade_date
2025-12-18,2345,智邦,1165.0,1185.0,1155.0,1180.0,4629909.0,5429810565.0,TWSE STOCK_DAY,https://www.twse.com.tw/rwd/zh/afterTrading/STOCK_DAY?date=20251201&stockNo=2345&response=json,2025-12-18 14:00 Asia/Taipei,premarket trade_date may only use row.date < trade_date
2025-12-18,3017,奇鋐,1330.0,1365.0,1325.0,1360.0,1937359.0,2605663235.0,TWSE STOCK_DAY,https://www.twse.com.tw/rwd/zh/afterTrading/STOCK_DAY?date=20251201&stockNo=3017&response=json,2025-12-18 14:00 Asia/Taipei,premarket trade_date may only use row.date < trade_date
2025-12-18,3189,景碩,134.5,137.0,131.0,132.0,9314258.0,1237690555.0,TWSE STOCK_DAY,https://www.twse.com.tw/rwd/zh/afterTrading/STOCK_DAY?date=20251201&stockNo=3189&response=json,2025-12-18 14:00 Asia/Taipei,premarket trade_date may only use row.date < trade_date
2025-12-18,3443,創意,2000.0,2030.0,1970.0,2020.0,1884501.0,3772832345.0,TWSE STOCK_DAY,https://www.twse.com.tw/rwd/zh/afterTrading/STOCK_DAY?date=20251201&stockNo=3443&response=json,2025-12-18 14:00 Asia/Taipei,premarket trade_date may only use row.date < trade_date
2025-12-18,6526,達發,429.0,433.0,426.0,426.0,254281.0,109002245.0,TWSE STOCK_DAY,https://www.twse.com.tw/rwd/zh/afterTrading/STOCK_DAY?date=20251201&stockNo=6526&response=json,2025-12-18 14:00 Asia/Taipei,premarket trade_date may only use row.date < trade_date
2025-12-19,2345,智邦,1200.0,1210.0,1165.0,1175.0,6311693.0,7439714885.0,TWSE STOCK_DAY,https://www.twse.com.tw/rwd/zh/afterTrading/STOCK_DAY?date=20251201&stockNo=2345&response=json,2025-12-19 14:00 Asia/Taipei,premarket trade_date may only use row.date < trade_date
2025-12-19,3017,奇鋐,1385.0,1450.0,1380.0,1450.0,6314924.0,8971550145.0,TWSE STOCK_DAY,https://www.twse.com.tw/rwd/zh/afterTrading/STOCK_DAY?date=20251201&stockNo=3017&response=json,2025-12-19 14:00 Asia/Taipei,premarket trade_date may only use row.date < trade_date
2025-12-19,3189,景碩,135.0,137.5,133.5,135.0,8859608.0,1198293513.0,TWSE STOCK_DAY,https://www.twse.com.tw/rwd/zh/afterTrading/STOCK_DAY?date=20251201&stockNo=3189&response=json,2025-12-19 14:00 Asia/Taipei,premarket trade_date may only use row.date < trade_date
2025-12-19,3443,創意,2080.0,2105.0,2020.0,2045.0,3318020.0,6813945010.0,TWSE STOCK_DAY,https://www.twse.com.tw/rwd/zh/afterTrading/STOCK_DAY?date=20251201&stockNo=3443&response=json,2025-12-19 14:00 Asia/Taipei,premarket trade_date may only use row.date < trade_date
2025-12-19,6526,達發,434.5,445.0,431.5,443.5,406838.0,178323772.0,TWSE STOCK_DAY,https://www.twse.com.tw/rwd/zh/afterTrading/STOCK_DAY?date=20251201&stockNo=6526&response=json,2025-12-19 14:00 Asia/Taipei,premarket trade_date may only use row.date < trade_date
2025-12-22,2345,智邦,1180.0,1215.0,1145.0,1170.0,4448509.0,5201361690.0,TWSE STOCK_DAY,https://www.twse.com.tw/rwd/zh/afterTrading/STOCK_DAY?date=20251201&stockNo=2345&response=json,2025-12-22 14:00 Asia/Taipei,premarket trade_date may only use row.date < trade_date
2025-12-22,3017,奇鋐,1495.0,1505.0,1465.0,1475.0,5388668.0,8009926700.0,TWSE STOCK_DAY,https://www.twse.com.tw/rwd/zh/afterTrading/STOCK_DAY?date=20251201&stockNo=3017&response=json,2025-12-22 14:00 Asia/Taipei,premarket trade_date may only use row.date < trade_date
2025-12-22,3189,景碩,138.5,148.0,136.0,144.0,17191163.0,2453008543.0,TWSE STOCK_DAY,https://www.twse.com.tw/rwd/zh/afterTrading/STOCK_DAY?date=20251201&stockNo=3189&response=json,2025-12-22 14:00 Asia/Taipei,premarket trade_date may only use row.date < trade_date
2025-12-22,3443,創意,2115.0,2125.0,2010.0,2010.0,2304917.0,4704990435.0,TWSE STOCK_DAY,https://www.twse.com.tw/rwd/zh/afterTrading/STOCK_DAY?date=20251201&stockNo=3443&response=json,2025-12-22 14:00 Asia/Taipei,premarket trade_date may only use row.date < trade_date
2025-12-22,6526,達發,446.0,450.0,438.0,438.0,209297.0,92355428.0,TWSE STOCK_DAY,https://www.twse.com.tw/rwd/zh/afterTrading/STOCK_DAY?date=20251201&stockNo=6526&response=json,2025-12-22 14:00 Asia/Taipei,premarket trade_date may only use row.date < trade_date
2025-12-23,2345,智邦,1175.0,1205.0,1170.0,1185.0,3032302.0,3598565835.0,TWSE STOCK_DAY,https://www.twse.com.tw/rwd/zh/afterTrading/STOCK_DAY?date=20251201&stockNo=2345&response=json,2025-12-23 14:00 Asia/Taipei,premarket trade_date may only use row.date < trade_date
2025-12-23,3017,奇鋐,1485.0,1510.0,1475.0,1510.0,4084157.0,6120438780.0,TWSE STOCK_DAY,https://www.twse.com.tw/rwd/zh/afterTrading/STOCK_DAY?date=20251201&stockNo=3017&response=json,2025-12-23 14:00 Asia/Taipei,premarket trade_date may only use row.date < trade_date
2025-12-23,3189,景碩,145.0,149.0,142.0,142.5,14751212.0,2133033165.0,TWSE STOCK_DAY,https://www.twse.com.tw/rwd/zh/afterTrading/STOCK_DAY?date=20251201&stockNo=3189&response=json,2025-12-23 14:00 Asia/Taipei,premarket trade_date may only use row.date < trade_date
2025-12-23,3443,創意,2020.0,2035.0,2000.0,2025.0,1130497.0,2279992060.0,TWSE STOCK_DAY,https://www.twse.com.tw/rwd/zh/afterTrading/STOCK_DAY?date=20251201&stockNo=3443&response=json,2025-12-23 14:00 Asia/Taipei,premarket trade_date may only use row.date < trade_date
2025-12-23,6526,達發,440.5,444.5,437.5,437.5,129100.0,56852728.0,TWSE STOCK_DAY,https://www.twse.com.tw/rwd/zh/afterTrading/STOCK_DAY?date=20251201&stockNo=6526&response=json,2025-12-23 14:00 Asia/Taipei,premarket trade_date may only use row.date < trade_date
2025-12-24,2345,智邦,1200.0,1230.0,1185.0,1190.0,4707677.0,5677653305.0,TWSE STOCK_DAY,https://www.twse.com.tw/rwd/zh/afterTrading/STOCK_DAY?date=20251201&stockNo=2345&response=json,2025-12-24 14:00 Asia/Taipei,premarket trade_date may only use row.date < trade_date
2025-12-24,3017,奇鋐,1520.0,1525.0,1485.0,1500.0,2659963.0,3990098495.0,TWSE STOCK_DAY,https://www.twse.com.tw/rwd/zh/afterTrading/STOCK_DAY?date=20251201&stockNo=3017&response=json,2025-12-24 14:00 Asia/Taipei,premarket trade_date may only use row.date < trade_date
2025-12-24,3189,景碩,145.0,146.5,142.5,144.0,7020465.0,1013619152.0,TWSE STOCK_DAY,https://www.twse.com.tw/rwd/zh/afterTrading/STOCK_DAY?date=20251201&stockNo=3189&response=json,2025-12-24 14:00 Asia/Taipei,premarket trade_date may only use row.date < trade_date
2025-12-24,3443,創意,2035.0,2055.0,2010.0,2025.0,896892.0,1822557425.0,TWSE STOCK_DAY,https://www.twse.com.tw/rwd/zh/afterTrading/STOCK_DAY?date=20251201&stockNo=3443&response=json,2025-12-24 14:00 Asia/Taipei,premarket trade_date may only use row.date < trade_date
2025-12-24,6526,達發,440.5,442.5,432.0,432.0,167181.0,72824652.0,TWSE STOCK_DAY,https://www.twse.com.tw/rwd/zh/afterTrading/STOCK_DAY?date=20251201&stockNo=6526&response=json,2025-12-24 14:00 Asia/Taipei,premarket trade_date may only use row.date < trade_date
2025-12-26,2345,智邦,1205.0,1215.0,1180.0,1215.0,2702035.0,3237164655.0,TWSE STOCK_DAY,https://www.twse.com.tw/rwd/zh/afterTrading/STOCK_DAY?date=20251201&stockNo=2345&response=json,2025-12-26 14:00 Asia/Taipei,premarket trade_date may only use row.date < trade_date
2025-12-26,3017,奇鋐,1505.0,1520.0,1495.0,1520.0,2493370.0,3757314985.0,TWSE STOCK_DAY,https://www.twse.com.tw/rwd/zh/afterTrading/STOCK_DAY?date=20251201&stockNo=3017&response=json,2025-12-26 14:00 Asia/Taipei,premarket trade_date may only use row.date < trade_date
2025-12-26,3189,景碩,145.5,157.0,144.5,153.0,23900388.0,3637071817.0,TWSE STOCK_DAY,https://www.twse.com.tw/rwd/zh/afterTrading/STOCK_DAY?date=20251201&stockNo=3189&response=json,2025-12-26 14:00 Asia/Taipei,premarket trade_date may only use row.date < trade_date
2025-12-26,3443,創意,2140.0,2160.0,2085.0,2115.0,3230782.0,6866083975.0,TWSE STOCK_DAY,https://www.twse.com.tw/rwd/zh/afterTrading/STOCK_DAY?date=20251201&stockNo=3443&response=json,2025-12-26 14:00 Asia/Taipei,premarket trade_date may only use row.date < trade_date
2025-12-26,6526,達發,430.0,432.0,427.0,428.0,226199.0,97086509.0,TWSE STOCK_DAY,https://www.twse.com.tw/rwd/zh/afterTrading/STOCK_DAY?date=20251201&stockNo=6526&response=json,2025-12-26 14:00 Asia/Taipei,premarket trade_date may only use row.date < trade_date
2025-12-29,2345,智邦,1230.0,1230.0,1185.0,1215.0,3297684.0,3980759400.0,TWSE STOCK_DAY,https://www.twse.com.tw/rwd/zh/afterTrading/STOCK_DAY?date=20251201&stockNo=2345&response=json,2025-12-29 14:00 Asia/Taipei,premarket trade_date may only use row.date < trade_date
2025-12-29,3017,奇鋐,1520.0,1550.0,1505.0,1545.0,3494079.0,5354561885.0,TWSE STOCK_DAY,https://www.twse.com.tw/rwd/zh/afterTrading/STOCK_DAY?date=20251201&stockNo=3017&response=json,2025-12-29 14:00 Asia/Taipei,premarket trade_date may only use row.date < trade_date
2025-12-29,3189,景碩,153.5,154.5,149.0,150.5,11358969.0,1719577195.0,TWSE STOCK_DAY,https://www.twse.com.tw/rwd/zh/afterTrading/STOCK_DAY?date=20251201&stockNo=3189&response=json,2025-12-29 14:00 Asia/Taipei,premarket trade_date may only use row.date < trade_date
2025-12-29,3443,創意,2110.0,2115.0,2045.0,2055.0,1793400.0,3704972970.0,TWSE STOCK_DAY,https://www.twse.com.tw/rwd/zh/afterTrading/STOCK_DAY?date=20251201&stockNo=3443&response=json,2025-12-29 14:00 Asia/Taipei,premarket trade_date may only use row.date < trade_date
2025-12-29,6526,達發,426.5,435.0,426.5,432.5,103200.0,44575670.0,TWSE STOCK_DAY,https://www.twse.com.tw/rwd/zh/afterTrading/STOCK_DAY?date=20251201&stockNo=6526&response=json,2025-12-29 14:00 Asia/Taipei,premarket trade_date may only use row.date < trade_date
2025-12-30,2345,智邦,1200.0,1210.0,1190.0,1190.0,2071470.0,2483425040.0,TWSE STOCK_DAY,https://www.twse.com.tw/rwd/zh/afterTrading/STOCK_DAY?date=20251201&stockNo=2345&response=json,2025-12-30 14:00 Asia/Taipei,premarket trade_date may only use row.date < trade_date
2025-12-30,3017,奇鋐,1530.0,1550.0,1525.0,1530.0,1929146.0,2961234895.0,TWSE STOCK_DAY,https://www.twse.com.tw/rwd/zh/afterTrading/STOCK_DAY?date=20251201&stockNo=3017&response=json,2025-12-30 14:00 Asia/Taipei,premarket trade_date may only use row.date < trade_date
2025-12-30,3189,景碩,149.5,151.0,146.0,148.0,9624135.0,1423760775.0,TWSE STOCK_DAY,https://www.twse.com.tw/rwd/zh/afterTrading/STOCK_DAY?date=20251201&stockNo=3189&response=json,2025-12-30 14:00 Asia/Taipei,premarket trade_date may only use row.date < trade_date
2025-12-30,3443,創意,2055.0,2080.0,2050.0,2050.0,1139113.0,2351710735.0,TWSE STOCK_DAY,https://www.twse.com.tw/rwd/zh/afterTrading/STOCK_DAY?date=20251201&stockNo=3443&response=json,2025-12-30 14:00 Asia/Taipei,premarket trade_date may only use row.date < trade_date
2025-12-30,6526,達發,432.0,433.5,428.5,431.5,80154.0,34617326.0,TWSE STOCK_DAY,https://www.twse.com.tw/rwd/zh/afterTrading/STOCK_DAY?date=20251201&stockNo=6526&response=json,2025-12-30 14:00 Asia/Taipei,premarket trade_date may only use row.date < trade_date
2025-12-31,2345,智邦,1190.0,1195.0,1165.0,1185.0,3320103.0,3924799740.0,TWSE STOCK_DAY,https://www.twse.com.tw/rwd/zh/afterTrading/STOCK_DAY?date=20251201&stockNo=2345&response=json,2025-12-31 14:00 Asia/Taipei,premarket trade_date may only use row.date < trade_date
2025-12-31,3017,奇鋐,1530.0,1560.0,1510.0,1510.0,3301831.0,5046034645.0,TWSE STOCK_DAY,https://www.twse.com.tw/rwd/zh/afterTrading/STOCK_DAY?date=20251201&stockNo=3017&response=json,2025-12-31 14:00 Asia/Taipei,premarket trade_date may only use row.date < trade_date
2025-12-31,3189,景碩,149.0,161.0,149.0,159.0,36657855.0,5762371179.0,TWSE STOCK_DAY,https://www.twse.com.tw/rwd/zh/afterTrading/STOCK_DAY?date=20251201&stockNo=3189&response=json,2025-12-31 14:00 Asia/Taipei,premarket trade_date may only use row.date < trade_date
2025-12-31,3443,創意,2070.0,2160.0,2070.0,2125.0,3186903.0,6760336015.0,TWSE STOCK_DAY,https://www.twse.com.tw/rwd/zh/afterTrading/STOCK_DAY?date=20251201&stockNo=3443&response=json,2025-12-31 14:00 Asia/Taipei,premarket trade_date may only use row.date < trade_date
2025-12-31,6526,達發,434.5,448.0,433.0,442.5,317789.0,140298071.0,TWSE STOCK_DAY,https://www.twse.com.tw/rwd/zh/afterTrading/STOCK_DAY?date=20251201&stockNo=6526&response=json,2025-12-31 14:00 Asia/Taipei,premarket trade_date may only use row.date < trade_date
2026-01-02,2345,智邦,1190.0,1190.0,1145.0,1145.0,4120258.0,4764707735.0,TWSE STOCK_DAY,https://www.twse.com.tw/rwd/zh/afterTrading/STOCK_DAY?date=20260101&stockNo=2345&response=json,2026-01-02 14:00 Asia/Taipei,premarket trade_date may only use row.date < trade_date
2026-01-02,3017,奇鋐,1535.0,1540.0,1440.0,1455.0,5780257.0,8489042455.0,TWSE STOCK_DAY,https://www.twse.com.tw/rwd/zh/afterTrading/STOCK_DAY?date=20260101&stockNo=3017&response=json,2026-01-02 14:00 Asia/Taipei,premarket trade_date may only use row.date < trade_date
2026-01-02,3189,景碩,162.0,167.0,156.0,156.0,27284853.0,4356529904.0,TWSE STOCK_DAY,https://www.twse.com.tw/rwd/zh/afterTrading/STOCK_DAY?date=20260101&stockNo=3189&response=json,2026-01-02 14:00 Asia/Taipei,premarket trade_date may only use row.date < trade_date
2026-01-02,3443,創意,2180.0,2240.0,2150.0,2185.0,3753466.0,8262839395.0,TWSE STOCK_DAY,https://www.twse.com.tw/rwd/zh/afterTrading/STOCK_DAY?date=20260101&stockNo=3443&response=json,2026-01-02 14:00 Asia/Taipei,premarket trade_date may only use row.date < trade_date
2026-01-02,6526,達發,448.5,451.0,443.0,444.0,225059.0,100591179.0,TWSE STOCK_DAY,https://www.twse.com.tw/rwd/zh/afterTrading/STOCK_DAY?date=20260101&stockNo=6526&response=json,2026-01-02 14:00 Asia/Taipei,premarket trade_date may only use row.date < trade_date
2026-01-05,2345,智邦,1145.0,1200.0,1145.0,1185.0,5294117.0,6256405230.0,TWSE STOCK_DAY,https://www.twse.com.tw/rwd/zh/afterTrading/STOCK_DAY?date=20260101&stockNo=2345&response=json,2026-01-05 14:00 Asia/Taipei,premarket trade_date may only use row.date < trade_date
2026-01-05,3017,奇鋐,1450.0,1465.0,1430.0,1450.0,4412179.0,6391480390.0,TWSE STOCK_DAY,https://www.twse.com.tw/rwd/zh/afterTrading/STOCK_DAY?date=20260101&stockNo=3017&response=json,2026-01-05 14:00 Asia/Taipei,premarket trade_date may only use row.date < trade_date
2026-01-05,3189,景碩,159.0,171.5,151.5,168.0,46626433.0,7657201877.0,TWSE STOCK_DAY,https://www.twse.com.tw/rwd/zh/afterTrading/STOCK_DAY?date=20260101&stockNo=3189&response=json,2026-01-05 14:00 Asia/Taipei,premarket trade_date may only use row.date < trade_date
2026-01-05,3443,創意,2290.0,2330.0,2255.0,2320.0,4174263.0,9617071760.0,TWSE STOCK_DAY,https://www.twse.com.tw/rwd/zh/afterTrading/STOCK_DAY?date=20260101&stockNo=3443&response=json,2026-01-05 14:00 Asia/Taipei,premarket trade_date may only use row.date < trade_date
2026-01-05,6526,達發,447.0,451.0,439.0,442.5,312291.0,138754698.0,TWSE STOCK_DAY,https://www.twse.com.tw/rwd/zh/afterTrading/STOCK_DAY?date=20260101&stockNo=6526&response=json,2026-01-05 14:00 Asia/Taipei,premarket trade_date may only use row.date < trade_date
2026-01-06,2345,智邦,1195.0,1270.0,1185.0,1240.0,6798559.0,8394245910.0,TWSE STOCK_DAY,https://www.twse.com.tw/rwd/zh/afterTrading/STOCK_DAY?date=20260101&stockNo=2345&response=json,2026-01-06 14:00 Asia/Taipei,premarket trade_date may only use row.date < trade_date
2026-01-06,3017,奇鋐,1480.0,1490.0,1410.0,1425.0,6635971.0,9483708785.0,TWSE STOCK_DAY,https://www.twse.com.tw/rwd/zh/afterTrading/STOCK_DAY?date=20260101&stockNo=3017&response=json,2026-01-06 14:00 Asia/Taipei,premarket trade_date may only use row.date < trade_date
2026-01-06,3189,景碩,167.5,172.0,164.0,169.5,29339104.0,4928443340.0,TWSE STOCK_DAY,https://www.twse.com.tw/rwd/zh/afterTrading/STOCK_DAY?date=20260101&stockNo=3189&response=json,2026-01-06 14:00 Asia/Taipei,premarket trade_date may only use row.date < trade_date
2026-01-06,3443,創意,2350.0,2525.0,2340.0,2485.0,5022467.0,12398847630.0,TWSE STOCK_DAY,https://www.twse.com.tw/rwd/zh/afterTrading/STOCK_DAY?date=20260101&stockNo=3443&response=json,2026-01-06 14:00 Asia/Taipei,premarket trade_date may only use row.date < trade_date
2026-01-06,6526,達發,449.0,453.5,446.0,449.0,263167.0,118499049.0,TWSE STOCK_DAY,https://www.twse.com.tw/rwd/zh/afterTrading/STOCK_DAY?date=20260101&stockNo=6526&response=json,2026-01-06 14:00 Asia/Taipei,premarket trade_date may only use row.date < trade_date
2026-01-07,2345,智邦,1265.0,1265.0,1190.0,1205.0,4013280.0,4861299360.0,TWSE STOCK_DAY,https://www.twse.com.tw/rwd/zh/afterTrading/STOCK_DAY?date=20260101&stockNo=2345&response=json,2026-01-07 14:00 Asia/Taipei,premarket trade_date may only use row.date < trade_date
2026-01-07,3017,奇鋐,1440.0,1460.0,1375.0,1375.0,8590829.0,11985918760.0,TWSE STOCK_DAY,https://www.twse.com.tw/rwd/zh/afterTrading/STOCK_DAY?date=20260101&stockNo=3017&response=json,2026-01-07 14:00 Asia/Taipei,premarket trade_date may only use row.date < trade_date
2026-01-07,3189,景碩,178.5,186.0,171.5,175.0,64764264.0,11681189691.0,TWSE STOCK_DAY,https://www.twse.com.tw/rwd/zh/afterTrading/STOCK_DAY?date=20260101&stockNo=3189&response=json,2026-01-07 14:00 Asia/Taipei,premarket trade_date may only use row.date < trade_date
2026-01-07,3443,創意,2490.0,2515.0,2435.0,2490.0,3407411.0,8437316230.0,TWSE STOCK_DAY,https://www.twse.com.tw/rwd/zh/afterTrading/STOCK_DAY?date=20260101&stockNo=3443&response=json,2026-01-07 14:00 Asia/Taipei,premarket trade_date may only use row.date < trade_date
2026-01-07,6526,達發,451.0,456.0,447.0,448.0,311337.0,140549419.0,TWSE STOCK_DAY,https://www.twse.com.tw/rwd/zh/afterTrading/STOCK_DAY?date=20260101&stockNo=6526&response=json,2026-01-07 14:00 Asia/Taipei,premarket trade_date may only use row.date < trade_date
2026-01-08,2345,智邦,1235.0,1270.0,1195.0,1265.0,7786306.0,9656480519.0,TWSE STOCK_DAY,https://www.twse.com.tw/rwd/zh/afterTrading/STOCK_DAY?date=20260101&stockNo=2345&response=json,2026-01-08 14:00 Asia/Taipei,premarket trade_date may only use row.date < trade_date
2026-01-08,3017,奇鋐,1350.0,1410.0,1345.0,1355.0,7760960.0,10689978190.0,TWSE STOCK_DAY,https://www.twse.com.tw/rwd/zh/afterTrading/STOCK_DAY?date=20260101&stockNo=3017&response=json,2026-01-08 14:00 Asia/Taipei,premarket trade_date may only use row.date < trade_date
2026-01-08,3189,景碩,174.5,178.0,164.0,166.0,27885262.0,4724717956.0,TWSE STOCK_DAY,https://www.twse.com.tw/rwd/zh/afterTrading/STOCK_DAY?date=20260101&stockNo=3189&response=json,2026-01-08 14:00 Asia/Taipei,premarket trade_date may only use row.date < trade_date
2026-01-08,3443,創意,2475.0,2495.0,2410.0,2450.0,1848319.0,4528331090.0,TWSE STOCK_DAY,https://www.twse.com.tw/rwd/zh/afterTrading/STOCK_DAY?date=20260101&stockNo=3443&response=json,2026-01-08 14:00 Asia/Taipei,premarket trade_date may only use row.date < trade_date
2026-01-08,6526,達發,448.0,448.0,438.0,441.0,174088.0,77224627.0,TWSE STOCK_DAY,https://www.twse.com.tw/rwd/zh/afterTrading/STOCK_DAY?date=20260101&stockNo=6526&response=json,2026-01-08 14:00 Asia/Taipei,premarket trade_date may only use row.date < trade_date
2026-01-09,2345,智邦,1250.0,1320.0,1210.0,1215.0,9091786.0,11380652640.0,TWSE STOCK_DAY,https://www.twse.com.tw/rwd/zh/afterTrading/STOCK_DAY?date=20260101&stockNo=2345&response=json,2026-01-09 14:00 Asia/Taipei,premarket trade_date may only use row.date < trade_date
2026-01-09,3017,奇鋐,1370.0,1415.0,1360.0,1375.0,6867721.0,9535800465.0,TWSE STOCK_DAY,https://www.twse.com.tw/rwd/zh/afterTrading/STOCK_DAY?date=20260101&stockNo=3017&response=json,2026-01-09 14:00 Asia/Taipei,premarket trade_date may only use row.date < trade_date
2026-01-09,3189,景碩,166.0,177.0,164.5,168.5,31041101.0,5318983421.0,TWSE STOCK_DAY,https://www.twse.com.tw/rwd/zh/afterTrading/STOCK_DAY?date=20260101&stockNo=3189&response=json,2026-01-09 14:00 Asia/Taipei,premarket trade_date may only use row.date < trade_date
2026-01-09,3443,創意,2420.0,2420.0,2315.0,2365.0,2612546.0,6159619135.0,TWSE STOCK_DAY,https://www.twse.com.tw/rwd/zh/afterTrading/STOCK_DAY?date=20260101&stockNo=3443&response=json,2026-01-09 14:00 Asia/Taipei,premarket trade_date may only use row.date < trade_date
2026-01-09,6526,達發,443.0,443.0,434.0,436.5,225106.0,98311602.0,TWSE STOCK_DAY,https://www.twse.com.tw/rwd/zh/afterTrading/STOCK_DAY?date=20260101&stockNo=6526&response=json,2026-01-09 14:00 Asia/Taipei,premarket trade_date may only use row.date < trade_date
2026-01-12,2345,智邦,1235.0,1240.0,1180.0,1205.0,4120740.0,4959339110.0,TWSE STOCK_DAY,https://www.twse.com.tw/rwd/zh/afterTrading/STOCK_DAY?date=20260101&stockNo=2345&response=json,2026-01-12 14:00 Asia/Taipei,premarket trade_date may only use row.date < trade_date
2026-01-12,3017,奇鋐,1395.0,1400.0,1340.0,1355.0,5695057.0,7775639930.0,TWSE STOCK_DAY,https://www.twse.com.tw/rwd/zh/afterTrading/STOCK_DAY?date=20260101&stockNo=3017&response=json,2026-01-12 14:00 Asia/Taipei,premarket trade_date may only use row.date < trade_date
2026-01-12,3189,景碩,172.5,182.5,172.5,181.0,31251113.0,5598128879.0,TWSE STOCK_DAY,https://www.twse.com.tw/rwd/zh/afterTrading/STOCK_DAY?date=20260101&stockNo=3189&response=json,2026-01-12 14:00 Asia/Taipei,premarket trade_date may only use row.date < trade_date
2026-01-12,3443,創意,2375.0,2475.0,2335.0,2435.0,2536550.0,6108892615.0,TWSE STOCK_DAY,https://www.twse.com.tw/rwd/zh/afterTrading/STOCK_DAY?date=20260101&stockNo=3443&response=json,2026-01-12 14:00 Asia/Taipei,premarket trade_date may only use row.date < trade_date
2026-01-12,6526,達發,440.0,441.5,434.5,435.5,207878.0,90762889.0,TWSE STOCK_DAY,https://www.twse.com.tw/rwd/zh/afterTrading/STOCK_DAY?date=20260101&stockNo=6526&response=json,2026-01-12 14:00 Asia/Taipei,premarket trade_date may only use row.date < trade_date
2026-01-13,2345,智邦,1225.0,1245.0,1170.0,1180.0,4446910.0,5295539975.0,TWSE STOCK_DAY,https://www.twse.com.tw/rwd/zh/afterTrading/STOCK_DAY?date=20260101&stockNo=2345&response=json,2026-01-13 14:00 Asia/Taipei,premarket trade_date may only use row.date < trade_date
2026-01-13,3017,奇鋐,1375.0,1390.0,1335.0,1345.0,4710863.0,6394771428.0,TWSE STOCK_DAY,https://www.twse.com.tw/rwd/zh/afterTrading/STOCK_DAY?date=20260101&stockNo=3017&response=json,2026-01-13 14:00 Asia/Taipei,premarket trade_date may only use row.date < trade_date
2026-01-13,3189,景碩,179.5,184.5,175.5,176.5,35678180.0,6424490301.0,TWSE STOCK_DAY,https://www.twse.com.tw/rwd/zh/afterTrading/STOCK_DAY?date=20260101&stockNo=3189&response=json,2026-01-13 14:00 Asia/Taipei,premarket trade_date may only use row.date < trade_date
2026-01-13,3443,創意,2475.0,2475.0,2355.0,2420.0,2448233.0,5907897045.0,TWSE STOCK_DAY,https://www.twse.com.tw/rwd/zh/afterTrading/STOCK_DAY?date=20260101&stockNo=3443&response=json,2026-01-13 14:00 Asia/Taipei,premarket trade_date may only use row.date < trade_date
2026-01-13,6526,達發,436.5,442.0,432.5,433.0,243205.0,105765815.0,TWSE STOCK_DAY,https://www.twse.com.tw/rwd/zh/afterTrading/STOCK_DAY?date=20260101&stockNo=6526&response=json,2026-01-13 14:00 Asia/Taipei,premarket trade_date may only use row.date < trade_date
2026-01-14,2345,智邦,1205.0,1225.0,1185.0,1215.0,3274971.0,3965142725.0,TWSE STOCK_DAY,https://www.twse.com.tw/rwd/zh/afterTrading/STOCK_DAY?date=20260101&stockNo=2345&response=json,2026-01-14 14:00 Asia/Taipei,premarket trade_date may only use row.date < trade_date
2026-01-14,3017,奇鋐,1365.0,1425.0,1360.0,1420.0,6359542.0,8942176975.0,TWSE STOCK_DAY,https://www.twse.com.tw/rwd/zh/afterTrading/STOCK_DAY?date=20260101&stockNo=3017&response=json,2026-01-14 14:00 Asia/Taipei,premarket trade_date may only use row.date < trade_date
2026-01-14,3189,景碩,179.0,179.5,171.0,172.0,18862843.0,3285659293.0,TWSE STOCK_DAY,https://www.twse.com.tw/rwd/zh/afterTrading/STOCK_DAY?date=20260101&stockNo=3189&response=json,2026-01-14 14:00 Asia/Taipei,premarket trade_date may only use row.date < trade_date
2026-01-14,3443,創意,2475.0,2550.0,2415.0,2420.0,3497518.0,8646709170.0,TWSE STOCK_DAY,https://www.twse.com.tw/rwd/zh/afterTrading/STOCK_DAY?date=20260101&stockNo=3443&response=json,2026-01-14 14:00 Asia/Taipei,premarket trade_date may only use row.date < trade_date
2026-01-14,6526,達發,436.0,442.5,435.0,441.5,200269.0,88079945.0,TWSE STOCK_DAY,https://www.twse.com.tw/rwd/zh/afterTrading/STOCK_DAY?date=20260101&stockNo=6526&response=json,2026-01-14 14:00 Asia/Taipei,premarket trade_date may only use row.date < trade_date
2026-01-15,2345,智邦,1225.0,1285.0,1215.0,1240.0,7324019.0,9189020100.0,TWSE STOCK_DAY,https://www.twse.com.tw/rwd/zh/afterTrading/STOCK_DAY?date=20260101&stockNo=2345&response=json,2026-01-15 14:00 Asia/Taipei,premarket trade_date may only use row.date < trade_date
2026-01-15,3017,奇鋐,1420.0,1425.0,1360.0,1380.0,5284664.0,7300102445.0,TWSE STOCK_DAY,https://www.twse.com.tw/rwd/zh/afterTrading/STOCK_DAY?date=20260101&stockNo=3017&response=json,2026-01-15 14:00 Asia/Taipei,premarket trade_date may only use row.date < trade_date
2026-01-15,3189,景碩,172.5,179.0,170.0,175.0,25414189.0,4422241908.0,TWSE STOCK_DAY,https://www.twse.com.tw/rwd/zh/afterTrading/STOCK_DAY?date=20260101&stockNo=3189&response=json,2026-01-15 14:00 Asia/Taipei,premarket trade_date may only use row.date < trade_date
2026-01-15,3443,創意,2435.0,2525.0,2435.0,2505.0,3233264.0,8070654010.0,TWSE STOCK_DAY,https://www.twse.com.tw/rwd/zh/afterTrading/STOCK_DAY?date=20260101&stockNo=3443&response=json,2026-01-15 14:00 Asia/Taipei,premarket trade_date may only use row.date < trade_date
2026-01-15,6526,達發,438.0,440.5,428.0,440.0,341193.0,147831582.0,TWSE STOCK_DAY,https://www.twse.com.tw/rwd/zh/afterTrading/STOCK_DAY?date=20260101&stockNo=6526&response=json,2026-01-15 14:00 Asia/Taipei,premarket trade_date may only use row.date < trade_date
2026-01-16,2345,智邦,1265.0,1270.0,1220.0,1230.0,3473159.0,4297930990.0,TWSE STOCK_DAY,https://www.twse.com.tw/rwd/zh/afterTrading/STOCK_DAY?date=20260101&stockNo=2345&response=json,2026-01-16 14:00 Asia/Taipei,premarket trade_date may only use row.date < trade_date
2026-01-16,3017,奇鋐,1395.0,1395.0,1350.0,1360.0,4857493.0,6626400820.0,TWSE STOCK_DAY,https://www.twse.com.tw/rwd/zh/afterTrading/STOCK_DAY?date=20260101&stockNo=3017&response=json,2026-01-16 14:00 Asia/Taipei,premarket trade_date may only use row.date < trade_date
2026-01-16,3189,景碩,176.5,192.5,174.5,192.5,55502025.0,10394261525.0,TWSE STOCK_DAY,https://www.twse.com.tw/rwd/zh/afterTrading/STOCK_DAY?date=20260101&stockNo=3189&response=json,2026-01-16 14:00 Asia/Taipei,premarket trade_date may only use row.date < trade_date
2026-01-16,3443,創意,2610.0,2675.0,2475.0,2510.0,3611838.0,9243071290.0,TWSE STOCK_DAY,https://www.twse.com.tw/rwd/zh/afterTrading/STOCK_DAY?date=20260101&stockNo=3443&response=json,2026-01-16 14:00 Asia/Taipei,premarket trade_date may only use row.date < trade_date
2026-01-16,6526,達發,438.5,444.0,432.5,432.5,231703.0,101143222.0,TWSE STOCK_DAY,https://www.twse.com.tw/rwd/zh/afterTrading/STOCK_DAY?date=20260101&stockNo=6526&response=json,2026-01-16 14:00 Asia/Taipei,premarket trade_date may only use row.date < trade_date
2026-01-19,2345,智邦,1230.0,1235.0,1160.0,1165.0,4631438.0,5474751990.0,TWSE STOCK_DAY,https://www.twse.com.tw/rwd/zh/afterTrading/STOCK_DAY?date=20260101&stockNo=2345&response=json,2026-01-19 14:00 Asia/Taipei,premarket trade_date may only use row.date < trade_date
2026-01-19,3017,奇鋐,1355.0,1360.0,1275.0,1280.0,9552812.0,12409257815.0,TWSE STOCK_DAY,https://www.twse.com.tw/rwd/zh/afterTrading/STOCK_DAY?date=20260101&stockNo=3017&response=json,2026-01-19 14:00 Asia/Taipei,premarket trade_date may only use row.date < trade_date
2026-01-19,3189,景碩,197.5,211.5,195.0,211.5,68351434.0,13946684135.0,TWSE STOCK_DAY,https://www.twse.com.tw/rwd/zh/afterTrading/STOCK_DAY?date=20260101&stockNo=3189&response=json,2026-01-19 14:00 Asia/Taipei,premarket trade_date may only use row.date < trade_date
2026-01-19,3443,創意,2525.0,2735.0,2465.0,2695.0,3721814.0,9774686795.0,TWSE STOCK_DAY,https://www.twse.com.tw/rwd/zh/afterTrading/STOCK_DAY?date=20260101&stockNo=3443&response=json,2026-01-19 14:00 Asia/Taipei,premarket trade_date may only use row.date < trade_date
2026-01-19,6526,達發,428.5,436.5,428.0,430.5,177700.0,76853602.0,TWSE STOCK_DAY,https://www.twse.com.tw/rwd/zh/afterTrading/STOCK_DAY?date=20260101&stockNo=6526&response=json,2026-01-19 14:00 Asia/Taipei,premarket trade_date may only use row.date < trade_date
2026-01-20,2345,智邦,1165.0,1220.0,1160.0,1185.0,3573823.0,4261251853.0,TWSE STOCK_DAY,https://www.twse.com.tw/rwd/zh/afterTrading/STOCK_DAY?date=20260101&stockNo=2345&response=json,2026-01-20 14:00 Asia/Taipei,premarket trade_date may only use row.date < trade_date
2026-01-20,3017,奇鋐,1275.0,1305.0,1265.0,1295.0,4832354.0,6217964285.0,TWSE STOCK_DAY,https://www.twse.com.tw/rwd/zh/afterTrading/STOCK_DAY?date=20260101&stockNo=3017&response=json,2026-01-20 14:00 Asia/Taipei,premarket trade_date may only use row.date < trade_date
2026-01-20,3189,景碩,209.5,220.5,202.0,206.5,95080480.0,20135697364.0,TWSE STOCK_DAY,https://www.twse.com.tw/rwd/zh/afterTrading/STOCK_DAY?date=20260101&stockNo=3189&response=json,2026-01-20 14:00 Asia/Taipei,premarket trade_date may only use row.date < trade_date
2026-01-20,3443,創意,2645.0,2730.0,2620.0,2700.0,2034495.0,5467043495.0,TWSE STOCK_DAY,https://www.twse.com.tw/rwd/zh/afterTrading/STOCK_DAY?date=20260101&stockNo=3443&response=json,2026-01-20 14:00 Asia/Taipei,premarket trade_date may only use row.date < trade_date
2026-01-20,6526,達發,428.0,433.5,428.0,429.5,125395.0,54065096.0,TWSE STOCK_DAY,https://www.twse.com.tw/rwd/zh/afterTrading/STOCK_DAY?date=20260101&stockNo=6526&response=json,2026-01-20 14:00 Asia/Taipei,premarket trade_date may only use row.date < trade_date
2026-01-21,2345,智邦,1175.0,1230.0,1150.0,1150.0,3893637.0,4620058965.0,TWSE STOCK_DAY,https://www.twse.com.tw/rwd/zh/afterTrading/STOCK_DAY?date=20260101&stockNo=2345&response=json,2026-01-21 14:00 Asia/Taipei,premarket trade_date may only use row.date < trade_date
2026-01-21,3017,奇鋐,1285.0,1310.0,1280.0,1280.0,3616028.0,4671666900.0,TWSE STOCK_DAY,https://www.twse.com.tw/rwd/zh/afterTrading/STOCK_DAY?date=20260101&stockNo=3017&response=json,2026-01-21 14:00 Asia/Taipei,premarket trade_date may only use row.date < trade_date
2026-01-21,3189,景碩,206.0,218.0,200.0,200.0,72926558.0,15193069799.0,TWSE STOCK_DAY,https://www.twse.com.tw/rwd/zh/afterTrading/STOCK_DAY?date=20260101&stockNo=3189&response=json,2026-01-21 14:00 Asia/Taipei,premarket trade_date may only use row.date < trade_date
2026-01-21,3443,創意,2660.0,2735.0,2610.0,2625.0,2650094.0,7035719905.0,TWSE STOCK_DAY,https://www.twse.com.tw/rwd/zh/afterTrading/STOCK_DAY?date=20260101&stockNo=3443&response=json,2026-01-21 14:00 Asia/Taipei,premarket trade_date may only use row.date < trade_date
2026-01-21,6526,達發,430.0,430.0,422.5,422.5,351862.0,149536370.0,TWSE STOCK_DAY,https://www.twse.com.tw/rwd/zh/afterTrading/STOCK_DAY?date=20260101&stockNo=6526&response=json,2026-01-21 14:00 Asia/Taipei,premarket trade_date may only use row.date < trade_date
2026-01-22,2345,智邦,1185.0,1195.0,1125.0,1150.0,7228506.0,8349187990.0,TWSE STOCK_DAY,https://www.twse.com.tw/rwd/zh/afterTrading/STOCK_DAY?date=20260101&stockNo=2345&response=json,2026-01-22 14:00 Asia/Taipei,premarket trade_date may only use row.date < trade_date
2026-01-22,3017,奇鋐,1320.0,1370.0,1265.0,1355.0,7901222.0,10567497865.0,TWSE STOCK_DAY,https://www.twse.com.tw/rwd/zh/afterTrading/STOCK_DAY?date=20260101&stockNo=3017&response=json,2026-01-22 14:00 Asia/Taipei,premarket trade_date may only use row.date < trade_date
2026-01-22,3189,景碩,209.0,213.0,205.0,205.5,30531808.0,6385832463.0,TWSE STOCK_DAY,https://www.twse.com.tw/rwd/zh/afterTrading/STOCK_DAY?date=20260101&stockNo=3189&response=json,2026-01-22 14:00 Asia/Taipei,premarket trade_date may only use row.date < trade_date
2026-01-22,3443,創意,2710.0,2755.0,2525.0,2575.0,3352013.0,8826080615.0,TWSE STOCK_DAY,https://www.twse.com.tw/rwd/zh/afterTrading/STOCK_DAY?date=20260101&stockNo=3443&response=json,2026-01-22 14:00 Asia/Taipei,premarket trade_date may only use row.date < trade_date
2026-01-22,6526,達發,425.0,436.5,424.5,428.0,201726.0,86436091.0,TWSE STOCK_DAY,https://www.twse.com.tw/rwd/zh/afterTrading/STOCK_DAY?date=20260101&stockNo=6526&response=json,2026-01-22 14:00 Asia/Taipei,premarket trade_date may only use row.date < trade_date
2026-01-23,2345,智邦,1175.0,1190.0,1145.0,1175.0,4301221.0,5013380310.0,TWSE STOCK_DAY,https://www.twse.com.tw/rwd/zh/afterTrading/STOCK_DAY?date=20260101&stockNo=2345&response=json,2026-01-23 14:00 Asia/Taipei,premarket trade_date may only use row.date < trade_date
2026-01-23,3017,奇鋐,1385.0,1385.0,1355.0,1375.0,4242687.0,5805203913.0,TWSE STOCK_DAY,https://www.twse.com.tw/rwd/zh/afterTrading/STOCK_DAY?date=20260101&stockNo=3017&response=json,2026-01-23 14:00 Asia/Taipei,premarket trade_date may only use row.date < trade_date
2026-01-23,3189,景碩,207.0,215.0,204.0,214.0,31668283.0,6644620277.0,TWSE STOCK_DAY,https://www.twse.com.tw/rwd/zh/afterTrading/STOCK_DAY?date=20260101&stockNo=3189&response=json,2026-01-23 14:00 Asia/Taipei,premarket trade_date may only use row.date < trade_date
2026-01-23,3443,創意,2700.0,2790.0,2675.0,2725.0,4049019.0,11050505045.0,TWSE STOCK_DAY,https://www.twse.com.tw/rwd/zh/afterTrading/STOCK_DAY?date=20260101&stockNo=3443&response=json,2026-01-23 14:00 Asia/Taipei,premarket trade_date may only use row.date < trade_date
2026-01-23,6526,達發,432.0,470.5,432.0,470.5,1804712.0,825556361.0,TWSE STOCK_DAY,https://www.twse.com.tw/rwd/zh/afterTrading/STOCK_DAY?date=20260101&stockNo=6526&response=json,2026-01-23 14:00 Asia/Taipei,premarket trade_date may only use row.date < trade_date
2026-01-26,2345,智邦,1185.0,1185.0,1135.0,1150.0,4773611.0,5486401285.0,TWSE STOCK_DAY,https://www.twse.com.tw/rwd/zh/afterTrading/STOCK_DAY?date=20260101&stockNo=2345&response=json,2026-01-26 14:00 Asia/Taipei,premarket trade_date may only use row.date < trade_date
2026-01-26,3017,奇鋐,1390.0,1405.0,1365.0,1370.0,4133584.0,5719309050.0,TWSE STOCK_DAY,https://www.twse.com.tw/rwd/zh/afterTrading/STOCK_DAY?date=20260101&stockNo=3017&response=json,2026-01-26 14:00 Asia/Taipei,premarket trade_date may only use row.date < trade_date
2026-01-26,3189,景碩,210.0,214.0,205.5,208.0,21470613.0,4496522545.0,TWSE STOCK_DAY,https://www.twse.com.tw/rwd/zh/afterTrading/STOCK_DAY?date=20260101&stockNo=3189&response=json,2026-01-26 14:00 Asia/Taipei,premarket trade_date may only use row.date < trade_date
2026-01-26,3443,創意,2700.0,2720.0,2600.0,2620.0,3266890.0,8662829690.0,TWSE STOCK_DAY,https://www.twse.com.tw/rwd/zh/afterTrading/STOCK_DAY?date=20260101&stockNo=3443&response=json,2026-01-26 14:00 Asia/Taipei,premarket trade_date may only use row.date < trade_date
2026-01-26,6526,達發,469.5,500.0,462.0,482.0,1953745.0,942165069.0,TWSE STOCK_DAY,https://www.twse.com.tw/rwd/zh/afterTrading/STOCK_DAY?date=20260101&stockNo=6526&response=json,2026-01-26 14:00 Asia/Taipei,premarket trade_date may only use row.date < trade_date
2026-01-27,2345,智邦,1160.0,1195.0,1155.0,1155.0,3771267.0,4411664885.0,TWSE STOCK_DAY,https://www.twse.com.tw/rwd/zh/afterTrading/STOCK_DAY?date=20260101&stockNo=2345&response=json,2026-01-27 14:00 Asia/Taipei,premarket trade_date may only use row.date < trade_date
2026-01-27,3017,奇鋐,1380.0,1440.0,1375.0,1420.0,6606873.0,9370966435.0,TWSE STOCK_DAY,https://www.twse.com.tw/rwd/zh/afterTrading/STOCK_DAY?date=20260101&stockNo=3017&response=json,2026-01-27 14:00 Asia/Taipei,premarket trade_date may only use row.date < trade_date
2026-01-27,3189,景碩,213.0,228.5,210.0,228.5,32338657.0,7209176516.0,TWSE STOCK_DAY,https://www.twse.com.tw/rwd/zh/afterTrading/STOCK_DAY?date=20260101&stockNo=3189&response=json,2026-01-27 14:00 Asia/Taipei,premarket trade_date may only use row.date < trade_date
2026-01-27,3443,創意,2630.0,2660.0,2555.0,2585.0,3887592.0,10100678275.0,TWSE STOCK_DAY,https://www.twse.com.tw/rwd/zh/afterTrading/STOCK_DAY?date=20260101&stockNo=3443&response=json,2026-01-27 14:00 Asia/Taipei,premarket trade_date may only use row.date < trade_date
2026-01-27,6526,達發,481.0,481.0,464.0,464.0,846533.0,397648440.0,TWSE STOCK_DAY,https://www.twse.com.tw/rwd/zh/afterTrading/STOCK_DAY?date=20260101&stockNo=6526&response=json,2026-01-27 14:00 Asia/Taipei,premarket trade_date may only use row.date < trade_date
2026-01-28,2345,智邦,1180.0,1190.0,1150.0,1170.0,3406180.0,3973258445.0,TWSE STOCK_DAY,https://www.twse.com.tw/rwd/zh/afterTrading/STOCK_DAY?date=20260101&stockNo=2345&response=json,2026-01-28 14:00 Asia/Taipei,premarket trade_date may only use row.date < trade_date
2026-01-28,3017,奇鋐,1445.0,1470.0,1430.0,1465.0,5845271.0,8485076555.0,TWSE STOCK_DAY,https://www.twse.com.tw/rwd/zh/afterTrading/STOCK_DAY?date=20260101&stockNo=3017&response=json,2026-01-28 14:00 Asia/Taipei,premarket trade_date may only use row.date < trade_date
2026-01-28,3189,景碩,228.5,249.5,227.0,243.5,66707750.0,15923955501.0,TWSE STOCK_DAY,https://www.twse.com.tw/rwd/zh/afterTrading/STOCK_DAY?date=20260101&stockNo=3189&response=json,2026-01-28 14:00 Asia/Taipei,premarket trade_date may only use row.date < trade_date
2026-01-28,3443,創意,2625.0,2630.0,2530.0,2580.0,2889427.0,7437793115.0,TWSE STOCK_DAY,https://www.twse.com.tw/rwd/zh/afterTrading/STOCK_DAY?date=20260101&stockNo=3443&response=json,2026-01-28 14:00 Asia/Taipei,premarket trade_date may only use row.date < trade_date
2026-01-28,6526,達發,465.5,465.5,454.5,462.5,509086.0,233815230.0,TWSE STOCK_DAY,https://www.twse.com.tw/rwd/zh/afterTrading/STOCK_DAY?date=20260101&stockNo=6526&response=json,2026-01-28 14:00 Asia/Taipei,premarket trade_date may only use row.date < trade_date
2026-01-29,2345,智邦,1165.0,1195.0,1135.0,1170.0,4811517.0,5623079220.0,TWSE STOCK_DAY,https://www.twse.com.tw/rwd/zh/afterTrading/STOCK_DAY?date=20260101&stockNo=2345&response=json,2026-01-29 14:00 Asia/Taipei,premarket trade_date may only use row.date < trade_date
2026-01-29,3017,奇鋐,1480.0,1510.0,1450.0,1495.0,9257577.0,13759185210.0,TWSE STOCK_DAY,https://www.twse.com.tw/rwd/zh/afterTrading/STOCK_DAY?date=20260101&stockNo=3017&response=json,2026-01-29 14:00 Asia/Taipei,premarket trade_date may only use row.date < trade_date
2026-01-29,3189,景碩,243.5,243.5,219.5,229.5,39665970.0,9099487862.0,TWSE STOCK_DAY,https://www.twse.com.tw/rwd/zh/afterTrading/STOCK_DAY?date=20260101&stockNo=3189&response=json,2026-01-29 14:00 Asia/Taipei,premarket trade_date may only use row.date < trade_date
2026-01-29,3443,創意,2600.0,2720.0,2545.0,2695.0,4125518.0,10959163460.0,TWSE STOCK_DAY,https://www.twse.com.tw/rwd/zh/afterTrading/STOCK_DAY?date=20260101&stockNo=3443&response=json,2026-01-29 14:00 Asia/Taipei,premarket trade_date may only use row.date < trade_date
2026-01-29,6526,達發,465.5,471.5,451.0,451.5,519803.0,237405332.0,TWSE STOCK_DAY,https://www.twse.com.tw/rwd/zh/afterTrading/STOCK_DAY?date=20260101&stockNo=6526&response=json,2026-01-29 14:00 Asia/Taipei,premarket trade_date may only use row.date < trade_date
2026-01-30,2345,智邦,1175.0,1180.0,1110.0,1115.0,4328349.0,4889050220.0,TWSE STOCK_DAY,https://www.twse.com.tw/rwd/zh/afterTrading/STOCK_DAY?date=20260101&stockNo=2345&response=json,2026-01-30 14:00 Asia/Taipei,premarket trade_date may only use row.date < trade_date
2026-01-30,3017,奇鋐,1490.0,1495.0,1400.0,1460.0,6913370.0,9946713945.0,TWSE STOCK_DAY,https://www.twse.com.tw/rwd/zh/afterTrading/STOCK_DAY?date=20260101&stockNo=3017&response=json,2026-01-30 14:00 Asia/Taipei,premarket trade_date may only use row.date < trade_date
2026-01-30,3189,景碩,233.0,252.0,231.0,252.0,76967011.0,18738030317.0,TWSE STOCK_DAY,https://www.twse.com.tw/rwd/zh/afterTrading/STOCK_DAY?date=20260101&stockNo=3189&response=json,2026-01-30 14:00 Asia/Taipei,premarket trade_date may only use row.date < trade_date
2026-01-30,3443,創意,2635.0,2670.0,2540.0,2620.0,4579235.0,11941535200.0,TWSE STOCK_DAY,https://www.twse.com.tw/rwd/zh/afterTrading/STOCK_DAY?date=20260101&stockNo=3443&response=json,2026-01-30 14:00 Asia/Taipei,premarket trade_date may only use row.date < trade_date
2026-01-30,6526,達發,451.5,453.0,428.5,434.5,567739.0,247601967.0,TWSE STOCK_DAY,https://www.twse.com.tw/rwd/zh/afterTrading/STOCK_DAY?date=20260101&stockNo=6526&response=json,2026-01-30 14:00 Asia/Taipei,premarket trade_date may only use row.date < trade_date
2026-02-02,2345,智邦,1100.0,1160.0,1100.0,1140.0,4368011.0,4977238780.0,TWSE STOCK_DAY,https://www.twse.com.tw/rwd/zh/afterTrading/STOCK_DAY?date=20260201&stockNo=2345&response=json,2026-02-02 14:00 Asia/Taipei,premarket trade_date may only use row.date < trade_date
2026-02-02,3017,奇鋐,1440.0,1505.0,1415.0,1490.0,7071740.0,10437827835.0,TWSE STOCK_DAY,https://www.twse.com.tw/rwd/zh/afterTrading/STOCK_DAY?date=20260201&stockNo=3017&response=json,2026-02-02 14:00 Asia/Taipei,premarket trade_date may only use row.date < trade_date
2026-02-02,3189,景碩,245.0,251.0,230.5,239.5,44449860.0,10692149350.0,TWSE STOCK_DAY,https://www.twse.com.tw/rwd/zh/afterTrading/STOCK_DAY?date=20260201&stockNo=3189&response=json,2026-02-02 14:00 Asia/Taipei,premarket trade_date may only use row.date < trade_date
2026-02-02,3443,創意,2580.0,2745.0,2570.0,2685.0,5214225.0,13921374850.0,TWSE STOCK_DAY,https://www.twse.com.tw/rwd/zh/afterTrading/STOCK_DAY?date=20260201&stockNo=3443&response=json,2026-02-02 14:00 Asia/Taipei,premarket trade_date may only use row.date < trade_date
2026-02-02,6526,達發,429.5,433.0,422.5,424.0,325934.0,138781925.0,TWSE STOCK_DAY,https://www.twse.com.tw/rwd/zh/afterTrading/STOCK_DAY?date=20260201&stockNo=6526&response=json,2026-02-02 14:00 Asia/Taipei,premarket trade_date may only use row.date < trade_date
2026-02-03,2345,智邦,1190.0,1205.0,1160.0,1185.0,5512844.0,6538168795.0,TWSE STOCK_DAY,https://www.twse.com.tw/rwd/zh/afterTrading/STOCK_DAY?date=20260201&stockNo=2345&response=json,2026-02-03 14:00 Asia/Taipei,premarket trade_date may only use row.date < trade_date
2026-02-03,3017,奇鋐,1550.0,1635.0,1545.0,1635.0,14952322.0,23901100955.0,TWSE STOCK_DAY,https://www.twse.com.tw/rwd/zh/afterTrading/STOCK_DAY?date=20260201&stockNo=3017&response=json,2026-02-03 14:00 Asia/Taipei,premarket trade_date may only use row.date < trade_date
2026-02-03,3189,景碩,253.5,259.0,236.0,246.0,68948124.0,17128581753.0,TWSE STOCK_DAY,https://www.twse.com.tw/rwd/zh/afterTrading/STOCK_DAY?date=20260201&stockNo=3189&response=json,2026-02-03 14:00 Asia/Taipei,premarket trade_date may only use row.date < trade_date
2026-02-03,3443,創意,2780.0,2830.0,2650.0,2705.0,4526322.0,12324472805.0,TWSE STOCK_DAY,https://www.twse.com.tw/rwd/zh/afterTrading/STOCK_DAY?date=20260201&stockNo=3443&response=json,2026-02-03 14:00 Asia/Taipei,premarket trade_date may only use row.date < trade_date
2026-02-03,6526,達發,426.5,451.5,426.5,451.5,544616.0,240273996.0,TWSE STOCK_DAY,https://www.twse.com.tw/rwd/zh/afterTrading/STOCK_DAY?date=20260201&stockNo=6526&response=json,2026-02-03 14:00 Asia/Taipei,premarket trade_date may only use row.date < trade_date
2026-02-04,2345,智邦,1155.0,1190.0,1140.0,1185.0,3351774.0,3917622970.0,TWSE STOCK_DAY,https://www.twse.com.tw/rwd/zh/afterTrading/STOCK_DAY?date=20260201&stockNo=2345&response=json,2026-02-04 14:00 Asia/Taipei,premarket trade_date may only use row.date < trade_date
2026-02-04,3017,奇鋐,1645.0,1710.0,1625.0,1675.0,10085080.0,16811953680.0,TWSE STOCK_DAY,https://www.twse.com.tw/rwd/zh/afterTrading/STOCK_DAY?date=20260201&stockNo=3017&response=json,2026-02-04 14:00 Asia/Taipei,premarket trade_date may only use row.date < trade_date
2026-02-04,3189,景碩,248.5,270.5,248.0,270.5,78044116.0,20779608536.0,TWSE STOCK_DAY,https://www.twse.com.tw/rwd/zh/afterTrading/STOCK_DAY?date=20260201&stockNo=3189&response=json,2026-02-04 14:00 Asia/Taipei,premarket trade_date may only use row.date < trade_date
2026-02-04,3443,創意,2690.0,2705.0,2525.0,2530.0,4714930.0,12141710775.0,TWSE STOCK_DAY,https://www.twse.com.tw/rwd/zh/afterTrading/STOCK_DAY?date=20260201&stockNo=3443&response=json,2026-02-04 14:00 Asia/Taipei,premarket trade_date may only use row.date < trade_date
2026-02-04,6526,達發,452.0,475.5,440.5,462.0,576542.0,263875641.0,TWSE STOCK_DAY,https://www.twse.com.tw/rwd/zh/afterTrading/STOCK_DAY?date=20260201&stockNo=6526&response=json,2026-02-04 14:00 Asia/Taipei,premarket trade_date may only use row.date < trade_date
2026-02-05,2345,智邦,1170.0,1185.0,1125.0,1125.0,3576402.0,4112151480.0,TWSE STOCK_DAY,https://www.twse.com.tw/rwd/zh/afterTrading/STOCK_DAY?date=20260201&stockNo=2345&response=json,2026-02-05 14:00 Asia/Taipei,premarket trade_date may only use row.date < trade_date
2026-02-05,3017,奇鋐,1665.0,1720.0,1630.0,1630.0,6535909.0,10892515541.0,TWSE STOCK_DAY,https://www.twse.com.tw/rwd/zh/afterTrading/STOCK_DAY?date=20260201&stockNo=3017&response=json,2026-02-05 14:00 Asia/Taipei,premarket trade_date may only use row.date < trade_date
2026-02-05,3189,景碩,272.0,274.5,258.0,263.5,57158598.0,15225212203.0,TWSE STOCK_DAY,https://www.twse.com.tw/rwd/zh/afterTrading/STOCK_DAY?date=20260201&stockNo=3189&response=json,2026-02-05 14:00 Asia/Taipei,premarket trade_date may only use row.date < trade_date
2026-02-05,3443,創意,2495.0,2520.0,2340.0,2340.0,3982343.0,9613782900.0,TWSE STOCK_DAY,https://www.twse.com.tw/rwd/zh/afterTrading/STOCK_DAY?date=20260201&stockNo=3443&response=json,2026-02-05 14:00 Asia/Taipei,premarket trade_date may only use row.date < trade_date
2026-02-05,6526,達發,455.0,475.5,452.0,452.0,523739.0,241847247.0,TWSE STOCK_DAY,https://www.twse.com.tw/rwd/zh/afterTrading/STOCK_DAY?date=20260201&stockNo=6526&response=json,2026-02-05 14:00 Asia/Taipei,premarket trade_date may only use row.date < trade_date
2026-02-06,2345,智邦,1125.0,1195.0,1090.0,1190.0,5997300.0,6942039280.0,TWSE STOCK_DAY,https://www.twse.com.tw/rwd/zh/afterTrading/STOCK_DAY?date=20260201&stockNo=2345&response=json,2026-02-06 14:00 Asia/Taipei,premarket trade_date may only use row.date < trade_date
2026-02-06,3017,奇鋐,1605.0,1625.0,1535.0,1595.0,6375872.0,10111056350.0,TWSE STOCK_DAY,https://www.twse.com.tw/rwd/zh/afterTrading/STOCK_DAY?date=20260201&stockNo=3017&response=json,2026-02-06 14:00 Asia/Taipei,premarket trade_date may only use row.date < trade_date
2026-02-06,3189,景碩,246.0,250.0,237.5,242.5,45777861.0,10969675683.0,TWSE STOCK_DAY,https://www.twse.com.tw/rwd/zh/afterTrading/STOCK_DAY?date=20260201&stockNo=3189&response=json,2026-02-06 14:00 Asia/Taipei,premarket trade_date may only use row.date < trade_date
2026-02-06,3443,創意,2360.0,2410.0,2255.0,2375.0,3732221.0,8757473040.0,TWSE STOCK_DAY,https://www.twse.com.tw/rwd/zh/afterTrading/STOCK_DAY?date=20260201&stockNo=3443&response=json,2026-02-06 14:00 Asia/Taipei,premarket trade_date may only use row.date < trade_date
2026-02-06,6526,達發,448.0,448.5,431.0,437.0,434680.0,190281000.0,TWSE STOCK_DAY,https://www.twse.com.tw/rwd/zh/afterTrading/STOCK_DAY?date=20260201&stockNo=6526&response=json,2026-02-06 14:00 Asia/Taipei,premarket trade_date may only use row.date < trade_date
2026-02-09,2345,智邦,1270.0,1305.0,1245.0,1305.0,8165564.0,10446468375.0,TWSE STOCK_DAY,https://www.twse.com.tw/rwd/zh/afterTrading/STOCK_DAY?date=20260201&stockNo=2345&response=json,2026-02-09 14:00 Asia/Taipei,premarket trade_date may only use row.date < trade_date
2026-02-09,3017,奇鋐,1680.0,1680.0,1585.0,1600.0,5674608.0,9202968900.0,TWSE STOCK_DAY,https://www.twse.com.tw/rwd/zh/afterTrading/STOCK_DAY?date=20260201&stockNo=3017&response=json,2026-02-09 14:00 Asia/Taipei,premarket trade_date may only use row.date < trade_date
2026-02-09,3189,景碩,261.0,261.0,240.5,255.0,44875118.0,11298256258.0,TWSE STOCK_DAY,https://www.twse.com.tw/rwd/zh/afterTrading/STOCK_DAY?date=20260201&stockNo=3189&response=json,2026-02-09 14:00 Asia/Taipei,premarket trade_date may only use row.date < trade_date
2026-02-09,3443,創意,2480.0,2505.0,2430.0,2445.0,2500866.0,6173939067.0,TWSE STOCK_DAY,https://www.twse.com.tw/rwd/zh/afterTrading/STOCK_DAY?date=20260201&stockNo=3443&response=json,2026-02-09 14:00 Asia/Taipei,premarket trade_date may only use row.date < trade_date
2026-02-09,6526,達發,452.0,466.5,444.5,446.5,473515.0,214847365.0,TWSE STOCK_DAY,https://www.twse.com.tw/rwd/zh/afterTrading/STOCK_DAY?date=20260201&stockNo=6526&response=json,2026-02-09 14:00 Asia/Taipei,premarket trade_date may only use row.date < trade_date
2026-02-10,2345,智邦,1365.0,1395.0,1325.0,1390.0,9630459.0,13137197460.0,TWSE STOCK_DAY,https://www.twse.com.tw/rwd/zh/afterTrading/STOCK_DAY?date=20260201&stockNo=2345&response=json,2026-02-10 14:00 Asia/Taipei,premarket trade_date may only use row.date < trade_date
2026-02-10,3017,奇鋐,1625.0,1645.0,1590.0,1620.0,3737625.0,6021530620.0,TWSE STOCK_DAY,https://www.twse.com.tw/rwd/zh/afterTrading/STOCK_DAY?date=20260201&stockNo=3017&response=json,2026-02-10 14:00 Asia/Taipei,premarket trade_date may only use row.date < trade_date
2026-02-10,3189,景碩,257.0,268.5,251.0,253.5,60687229.0,15854273355.0,TWSE STOCK_DAY,https://www.twse.com.tw/rwd/zh/afterTrading/STOCK_DAY?date=20260201&stockNo=3189&response=json,2026-02-10 14:00 Asia/Taipei,premarket trade_date may only use row.date < trade_date
2026-02-10,3443,創意,2480.0,2515.0,2425.0,2505.0,2034739.0,5053373380.0,TWSE STOCK_DAY,https://www.twse.com.tw/rwd/zh/afterTrading/STOCK_DAY?date=20260201&stockNo=3443&response=json,2026-02-10 14:00 Asia/Taipei,premarket trade_date may only use row.date < trade_date
2026-02-10,6526,達發,448.0,453.5,443.0,447.0,197857.0,88535879.0,TWSE STOCK_DAY,https://www.twse.com.tw/rwd/zh/afterTrading/STOCK_DAY?date=20260201&stockNo=6526&response=json,2026-02-10 14:00 Asia/Taipei,premarket trade_date may only use row.date < trade_date
2026-02-11,2345,智邦,1355.0,1455.0,1355.0,1450.0,7612726.0,10842388375.0,TWSE STOCK_DAY,https://www.twse.com.tw/rwd/zh/afterTrading/STOCK_DAY?date=20260201&stockNo=2345&response=json,2026-02-11 14:00 Asia/Taipei,premarket trade_date may only use row.date < trade_date
2026-02-11,3017,奇鋐,1610.0,1620.0,1560.0,1605.0,3294642.0,5266533000.0,TWSE STOCK_DAY,https://www.twse.com.tw/rwd/zh/afterTrading/STOCK_DAY?date=20260201&stockNo=3017&response=json,2026-02-11 14:00 Asia/Taipei,premarket trade_date may only use row.date < trade_date
2026-02-11,3189,景碩,253.5,268.0,252.5,265.5,36128337.0,9509314171.0,TWSE STOCK_DAY,https://www.twse.com.tw/rwd/zh/afterTrading/STOCK_DAY?date=20260201&stockNo=3189&response=json,2026-02-11 14:00 Asia/Taipei,premarket trade_date may only use row.date < trade_date
2026-02-11,3443,創意,2510.0,2510.0,2450.0,2475.0,1316450.0,3266527055.0,TWSE STOCK_DAY,https://www.twse.com.tw/rwd/zh/afterTrading/STOCK_DAY?date=20260201&stockNo=3443&response=json,2026-02-11 14:00 Asia/Taipei,premarket trade_date may only use row.date < trade_date
2026-02-11,6526,達發,447.5,458.5,443.0,455.5,336692.0,152482780.0,TWSE STOCK_DAY,https://www.twse.com.tw/rwd/zh/afterTrading/STOCK_DAY?date=20260201&stockNo=6526&response=json,2026-02-11 14:00 Asia/Taipei,premarket trade_date may only use row.date < trade_date
2026-02-23,2345,智邦,1475.0,1480.0,1355.0,1400.0,7796001.0,10943691810.0,TWSE STOCK_DAY,https://www.twse.com.tw/rwd/zh/afterTrading/STOCK_DAY?date=20260201&stockNo=2345&response=json,2026-02-23 14:00 Asia/Taipei,premarket trade_date may only use row.date < trade_date
2026-02-23,3017,奇鋐,1650.0,1650.0,1515.0,1520.0,6287420.0,9769752650.0,TWSE STOCK_DAY,https://www.twse.com.tw/rwd/zh/afterTrading/STOCK_DAY?date=20260201&stockNo=3017&response=json,2026-02-23 14:00 Asia/Taipei,premarket trade_date may only use row.date < trade_date
2026-02-23,3189,景碩,280.0,292.0,280.0,292.0,23267123.0,6720838389.0,TWSE STOCK_DAY,https://www.twse.com.tw/rwd/zh/afterTrading/STOCK_DAY?date=20260201&stockNo=3189&response=json,2026-02-23 14:00 Asia/Taipei,premarket trade_date may only use row.date < trade_date
2026-02-23,3443,創意,2510.0,2515.0,2335.0,2370.0,3458154.0,8250945915.0,TWSE STOCK_DAY,https://www.twse.com.tw/rwd/zh/afterTrading/STOCK_DAY?date=20260201&stockNo=3443&response=json,2026-02-23 14:00 Asia/Taipei,premarket trade_date may only use row.date < trade_date
2026-02-23,6526,達發,464.5,467.5,456.0,463.0,432409.0,200123812.0,TWSE STOCK_DAY,https://www.twse.com.tw/rwd/zh/afterTrading/STOCK_DAY?date=20260201&stockNo=6526&response=json,2026-02-23 14:00 Asia/Taipei,premarket trade_date may only use row.date < trade_date
2026-02-24,2345,智邦,1405.0,1440.0,1385.0,1405.0,3441769.0,4862593915.0,TWSE STOCK_DAY,https://www.twse.com.tw/rwd/zh/afterTrading/STOCK_DAY?date=20260201&stockNo=2345&response=json,2026-02-24 14:00 Asia/Taipei,premarket trade_date may only use row.date < trade_date
2026-02-24,3017,奇鋐,1535.0,1560.0,1510.0,1550.0,4176128.0,6414465095.0,TWSE STOCK_DAY,https://www.twse.com.tw/rwd/zh/afterTrading/STOCK_DAY?date=20260201&stockNo=3017&response=json,2026-02-24 14:00 Asia/Taipei,premarket trade_date may only use row.date < trade_date
2026-02-24,3189,景碩,302.0,321.0,301.0,321.0,34019528.0,10609943332.0,TWSE STOCK_DAY,https://www.twse.com.tw/rwd/zh/afterTrading/STOCK_DAY?date=20260201&stockNo=3189&response=json,2026-02-24 14:00 Asia/Taipei,premarket trade_date may only use row.date < trade_date
2026-02-24,3443,創意,2385.0,2515.0,2360.0,2500.0,2407115.0,5916265275.0,TWSE STOCK_DAY,https://www.twse.com.tw/rwd/zh/afterTrading/STOCK_DAY?date=20260201&stockNo=3443&response=json,2026-02-24 14:00 Asia/Taipei,premarket trade_date may only use row.date < trade_date
2026-02-24,6526,達發,465.0,467.0,459.5,465.0,278195.0,128954290.0,TWSE STOCK_DAY,https://www.twse.com.tw/rwd/zh/afterTrading/STOCK_DAY?date=20260201&stockNo=6526&response=json,2026-02-24 14:00 Asia/Taipei,premarket trade_date may only use row.date < trade_date
2026-02-25,2345,智邦,1410.0,1495.0,1405.0,1450.0,4862429.0,7087602720.0,TWSE STOCK_DAY,https://www.twse.com.tw/rwd/zh/afterTrading/STOCK_DAY?date=20260201&stockNo=2345&response=json,2026-02-25 14:00 Asia/Taipei,premarket trade_date may only use row.date < trade_date
2026-02-25,3017,奇鋐,1565.0,1695.0,1560.0,1675.0,8984346.0,14809374795.0,TWSE STOCK_DAY,https://www.twse.com.tw/rwd/zh/afterTrading/STOCK_DAY?date=20260201&stockNo=3017&response=json,2026-02-25 14:00 Asia/Taipei,premarket trade_date may only use row.date < trade_date
2026-02-25,3189,景碩,327.0,332.5,312.5,325.5,61480296.0,19867058525.0,TWSE STOCK_DAY,https://www.twse.com.tw/rwd/zh/afterTrading/STOCK_DAY?date=20260201&stockNo=3189&response=json,2026-02-25 14:00 Asia/Taipei,premarket trade_date may only use row.date < trade_date
2026-02-25,3443,創意,2510.0,2590.0,2440.0,2575.0,2368371.0,6020642370.0,TWSE STOCK_DAY,https://www.twse.com.tw/rwd/zh/afterTrading/STOCK_DAY?date=20260201&stockNo=3443&response=json,2026-02-25 14:00 Asia/Taipei,premarket trade_date may only use row.date < trade_date
2026-02-25,6526,達發,467.0,478.5,465.0,470.0,496724.0,233970876.0,TWSE STOCK_DAY,https://www.twse.com.tw/rwd/zh/afterTrading/STOCK_DAY?date=20260201&stockNo=6526&response=json,2026-02-25 14:00 Asia/Taipei,premarket trade_date may only use row.date < trade_date
2026-02-26,2345,智邦,1450.0,1460.0,1400.0,1400.0,5719491.0,8113457350.0,TWSE STOCK_DAY,https://www.twse.com.tw/rwd/zh/afterTrading/STOCK_DAY?date=20260201&stockNo=2345&response=json,2026-02-26 14:00 Asia/Taipei,premarket trade_date may only use row.date < trade_date
2026-02-26,3017,奇鋐,1680.0,1785.0,1665.0,1765.0,10544482.0,18338271690.0,TWSE STOCK_DAY,https://www.twse.com.tw/rwd/zh/afterTrading/STOCK_DAY?date=20260201&stockNo=3017&response=json,2026-02-26 14:00 Asia/Taipei,premarket trade_date may only use row.date < trade_date
2026-02-26,3189,景碩,325.0,329.5,304.5,314.5,51206644.0,16210004874.0,TWSE STOCK_DAY,https://www.twse.com.tw/rwd/zh/afterTrading/STOCK_DAY?date=20260201&stockNo=3189&response=json,2026-02-26 14:00 Asia/Taipei,premarket trade_date may only use row.date < trade_date
2026-02-26,3443,創意,2610.0,2800.0,2595.0,2770.0,5018399.0,13627684925.0,TWSE STOCK_DAY,https://www.twse.com.tw/rwd/zh/afterTrading/STOCK_DAY?date=20260201&stockNo=3443&response=json,2026-02-26 14:00 Asia/Taipei,premarket trade_date may only use row.date < trade_date
2026-02-26,6526,達發,475.5,517.0,468.5,517.0,1630459.0,821743230.0,TWSE STOCK_DAY,https://www.twse.com.tw/rwd/zh/afterTrading/STOCK_DAY?date=20260201&stockNo=6526&response=json,2026-02-26 14:00 Asia/Taipei,premarket trade_date may only use row.date < trade_date
2026-03-02,2345,智邦,1360.0,1435.0,1360.0,1415.0,4142561.0,5844537320.0,TWSE STOCK_DAY,https://www.twse.com.tw/rwd/zh/afterTrading/STOCK_DAY?date=20260301&stockNo=2345&response=json,2026-03-02 14:00 Asia/Taipei,premarket trade_date may only use row.date < trade_date
2026-03-02,3017,奇鋐,1720.0,1800.0,1715.0,1765.0,5311930.0,9409524235.0,TWSE STOCK_DAY,https://www.twse.com.tw/rwd/zh/afterTrading/STOCK_DAY?date=20260301&stockNo=3017&response=json,2026-03-02 14:00 Asia/Taipei,premarket trade_date may only use row.date < trade_date
2026-03-02,3189,景碩,300.0,323.0,299.5,304.5,41298007.0,12881471447.0,TWSE STOCK_DAY,https://www.twse.com.tw/rwd/zh/afterTrading/STOCK_DAY?date=20260301&stockNo=3189&response=json,2026-03-02 14:00 Asia/Taipei,premarket trade_date may only use row.date < trade_date
2026-03-02,3443,創意,2700.0,2735.0,2625.0,2645.0,2795594.0,7464658180.0,TWSE STOCK_DAY,https://www.twse.com.tw/rwd/zh/afterTrading/STOCK_DAY?date=20260301&stockNo=3443&response=json,2026-03-02 14:00 Asia/Taipei,premarket trade_date may only use row.date < trade_date
2026-03-02,6526,達發,530.0,568.0,529.0,552.0,4358754.0,2422799429.0,TWSE STOCK_DAY,https://www.twse.com.tw/rwd/zh/afterTrading/STOCK_DAY?date=20260301&stockNo=6526&response=json,2026-03-02 14:00 Asia/Taipei,premarket trade_date may only use row.date < trade_date
2026-03-03,2345,智邦,1415.0,1475.0,1415.0,1420.0,4810084.0,6940928660.0,TWSE STOCK_DAY,https://www.twse.com.tw/rwd/zh/afterTrading/STOCK_DAY?date=20260301&stockNo=2345&response=json,2026-03-03 14:00 Asia/Taipei,premarket trade_date may only use row.date < trade_date
2026-03-03,3017,奇鋐,1830.0,1910.0,1780.0,1795.0,8804200.0,16185755980.0,TWSE STOCK_DAY,https://www.twse.com.tw/rwd/zh/afterTrading/STOCK_DAY?date=20260301&stockNo=3017&response=json,2026-03-03 14:00 Asia/Taipei,premarket trade_date may only use row.date < trade_date
2026-03-03,3189,景碩,311.0,330.0,305.0,309.0,46756665.0,14795544133.0,TWSE STOCK_DAY,https://www.twse.com.tw/rwd/zh/afterTrading/STOCK_DAY?date=20260301&stockNo=3189&response=json,2026-03-03 14:00 Asia/Taipei,premarket trade_date may only use row.date < trade_date
2026-03-03,3443,創意,2665.0,2680.0,2485.0,2490.0,2818378.0,7229352975.0,TWSE STOCK_DAY,https://www.twse.com.tw/rwd/zh/afterTrading/STOCK_DAY?date=20260301&stockNo=3443&response=json,2026-03-03 14:00 Asia/Taipei,premarket trade_date may only use row.date < trade_date
2026-03-03,6526,達發,579.0,582.0,524.0,525.0,2667494.0,1458871352.0,TWSE STOCK_DAY,https://www.twse.com.tw/rwd/zh/afterTrading/STOCK_DAY?date=20260301&stockNo=6526&response=json,2026-03-03 14:00 Asia/Taipei,premarket trade_date may only use row.date < trade_date
2026-03-04,2345,智邦,1360.0,1380.0,1290.0,1305.0,5102273.0,6760425930.0,TWSE STOCK_DAY,https://www.twse.com.tw/rwd/zh/afterTrading/STOCK_DAY?date=20260301&stockNo=2345&response=json,2026-03-04 14:00 Asia/Taipei,premarket trade_date may only use row.date < trade_date
2026-03-04,3017,奇鋐,1775.0,1795.0,1670.0,1750.0,6886787.0,12036586325.0,TWSE STOCK_DAY,https://www.twse.com.tw/rwd/zh/afterTrading/STOCK_DAY?date=20260301&stockNo=3017&response=json,2026-03-04 14:00 Asia/Taipei,premarket trade_date may only use row.date < trade_date
2026-03-04,3189,景碩,304.0,312.0,282.0,284.5,45624084.0,13391861813.0,TWSE STOCK_DAY,https://www.twse.com.tw/rwd/zh/afterTrading/STOCK_DAY?date=20260301&stockNo=3189&response=json,2026-03-04 14:00 Asia/Taipei,premarket trade_date may only use row.date < trade_date
2026-03-04,3443,創意,2380.0,2415.0,2270.0,2280.0,3821687.0,8863824930.0,TWSE STOCK_DAY,https://www.twse.com.tw/rwd/zh/afterTrading/STOCK_DAY?date=20260301&stockNo=3443&response=json,2026-03-04 14:00 Asia/Taipei,premarket trade_date may only use row.date < trade_date
2026-03-04,6526,達發,520.0,549.0,492.0,535.0,2489553.0,1312479456.0,TWSE STOCK_DAY,https://www.twse.com.tw/rwd/zh/afterTrading/STOCK_DAY?date=20260301&stockNo=6526&response=json,2026-03-04 14:00 Asia/Taipei,premarket trade_date may only use row.date < trade_date
2026-03-05,2345,智邦,1375.0,1435.0,1350.0,1420.0,4477821.0,6258603705.0,TWSE STOCK_DAY,https://www.twse.com.tw/rwd/zh/afterTrading/STOCK_DAY?date=20260301&stockNo=2345&response=json,2026-03-05 14:00 Asia/Taipei,premarket trade_date may only use row.date < trade_date
2026-03-05,3017,奇鋐,1860.0,1900.0,1795.0,1820.0,5484692.0,10145440390.0,TWSE STOCK_DAY,https://www.twse.com.tw/rwd/zh/afterTrading/STOCK_DAY?date=20260301&stockNo=3017&response=json,2026-03-05 14:00 Asia/Taipei,premarket trade_date may only use row.date < trade_date
2026-03-05,3189,景碩,308.0,309.5,289.0,297.5,36204641.0,10842846147.0,TWSE STOCK_DAY,https://www.twse.com.tw/rwd/zh/afterTrading/STOCK_DAY?date=20260301&stockNo=3189&response=json,2026-03-05 14:00 Asia/Taipei,premarket trade_date may only use row.date < trade_date
2026-03-05,3443,創意,2405.0,2425.0,2315.0,2355.0,1968833.0,4648894125.0,TWSE STOCK_DAY,https://www.twse.com.tw/rwd/zh/afterTrading/STOCK_DAY?date=20260301&stockNo=3443&response=json,2026-03-05 14:00 Asia/Taipei,premarket trade_date may only use row.date < trade_date
2026-03-05,6526,達發,562.0,564.0,518.0,532.0,2132086.0,1151909672.0,TWSE STOCK_DAY,https://www.twse.com.tw/rwd/zh/afterTrading/STOCK_DAY?date=20260301&stockNo=6526&response=json,2026-03-05 14:00 Asia/Taipei,premarket trade_date may only use row.date < trade_date
2026-03-06,2345,智邦,1435.0,1515.0,1415.0,1465.0,6338751.0,9360000880.0,TWSE STOCK_DAY,https://www.twse.com.tw/rwd/zh/afterTrading/STOCK_DAY?date=20260301&stockNo=2345&response=json,2026-03-06 14:00 Asia/Taipei,premarket trade_date may only use row.date < trade_date
2026-03-06,3017,奇鋐,1810.0,1885.0,1785.0,1845.0,4254526.0,7835190860.0,TWSE STOCK_DAY,https://www.twse.com.tw/rwd/zh/afterTrading/STOCK_DAY?date=20260301&stockNo=3017&response=json,2026-03-06 14:00 Asia/Taipei,premarket trade_date may only use row.date < trade_date
2026-03-06,3189,景碩,295.0,304.0,291.5,291.5,20355106.0,6046868139.0,TWSE STOCK_DAY,https://www.twse.com.tw/rwd/zh/afterTrading/STOCK_DAY?date=20260301&stockNo=3189&response=json,2026-03-06 14:00 Asia/Taipei,premarket trade_date may only use row.date < trade_date
2026-03-06,3443,創意,2325.0,2435.0,2295.0,2385.0,1985038.0,4707871835.0,TWSE STOCK_DAY,https://www.twse.com.tw/rwd/zh/afterTrading/STOCK_DAY?date=20260301&stockNo=3443&response=json,2026-03-06 14:00 Asia/Taipei,premarket trade_date may only use row.date < trade_date
2026-03-06,6526,達發,519.0,528.0,505.0,505.0,1003983.0,516911123.0,TWSE STOCK_DAY,https://www.twse.com.tw/rwd/zh/afterTrading/STOCK_DAY?date=20260301&stockNo=6526&response=json,2026-03-06 14:00 Asia/Taipei,premarket trade_date may only use row.date < trade_date
2026-03-09,2345,智邦,1355.0,1380.0,1330.0,1380.0,5813708.0,7865151440.0,TWSE STOCK_DAY,https://www.twse.com.tw/rwd/zh/afterTrading/STOCK_DAY?date=20260301&stockNo=2345&response=json,2026-03-09 14:00 Asia/Taipei,premarket trade_date may only use row.date < trade_date
2026-03-09,3017,奇鋐,1665.0,1700.0,1665.0,1665.0,4090895.0,6840998490.0,TWSE STOCK_DAY,https://www.twse.com.tw/rwd/zh/afterTrading/STOCK_DAY?date=20260301&stockNo=3017&response=json,2026-03-09 14:00 Asia/Taipei,premarket trade_date may only use row.date < trade_date
2026-03-09,3189,景碩,262.5,271.0,262.5,264.5,16857608.0,4449354556.0,TWSE STOCK_DAY,https://www.twse.com.tw/rwd/zh/afterTrading/STOCK_DAY?date=20260301&stockNo=3189&response=json,2026-03-09 14:00 Asia/Taipei,premarket trade_date may only use row.date < trade_date
2026-03-09,3443,創意,2150.0,2200.0,2150.0,2190.0,1958110.0,4235830770.0,TWSE STOCK_DAY,https://www.twse.com.tw/rwd/zh/afterTrading/STOCK_DAY?date=20260301&stockNo=3443&response=json,2026-03-09 14:00 Asia/Taipei,premarket trade_date may only use row.date < trade_date
2026-03-09,6526,達發,468.0,478.0,460.0,477.5,1063942.0,498063444.0,TWSE STOCK_DAY,https://www.twse.com.tw/rwd/zh/afterTrading/STOCK_DAY?date=20260301&stockNo=6526&response=json,2026-03-09 14:00 Asia/Taipei,premarket trade_date may only use row.date < trade_date
2026-03-10,2345,智邦,1430.0,1455.0,1400.0,1435.0,5374084.0,7672020655.0,TWSE STOCK_DAY,https://www.twse.com.tw/rwd/zh/afterTrading/STOCK_DAY?date=20260301&stockNo=2345&response=json,2026-03-10 14:00 Asia/Taipei,premarket trade_date may only use row.date < trade_date
2026-03-10,3017,奇鋐,1735.0,1745.0,1665.0,1695.0,6547366.0,11174860850.0,TWSE STOCK_DAY,https://www.twse.com.tw/rwd/zh/afterTrading/STOCK_DAY?date=20260301&stockNo=3017&response=json,2026-03-10 14:00 Asia/Taipei,premarket trade_date may only use row.date < trade_date
2026-03-10,3189,景碩,280.0,286.5,267.5,274.0,24723052.0,6878302606.0,TWSE STOCK_DAY,https://www.twse.com.tw/rwd/zh/afterTrading/STOCK_DAY?date=20260301&stockNo=3189&response=json,2026-03-10 14:00 Asia/Taipei,premarket trade_date may only use row.date < trade_date
2026-03-10,3443,創意,2255.0,2300.0,2190.0,2245.0,1861573.0,4186492180.0,TWSE STOCK_DAY,https://www.twse.com.tw/rwd/zh/afterTrading/STOCK_DAY?date=20260301&stockNo=3443&response=json,2026-03-10 14:00 Asia/Taipei,premarket trade_date may only use row.date < trade_date
2026-03-10,6526,達發,495.5,502.0,481.5,487.0,609769.0,299609791.0,TWSE STOCK_DAY,https://www.twse.com.tw/rwd/zh/afterTrading/STOCK_DAY?date=20260301&stockNo=6526&response=json,2026-03-10 14:00 Asia/Taipei,premarket trade_date may only use row.date < trade_date
2026-03-11,2345,智邦,1505.0,1515.0,1465.0,1485.0,4197255.0,6256262779.0,TWSE STOCK_DAY,https://www.twse.com.tw/rwd/zh/afterTrading/STOCK_DAY?date=20260301&stockNo=2345&response=json,2026-03-11 14:00 Asia/Taipei,premarket trade_date may only use row.date < trade_date
2026-03-11,3017,奇鋐,1740.0,1860.0,1740.0,1860.0,5418586.0,9859306450.0,TWSE STOCK_DAY,https://www.twse.com.tw/rwd/zh/afterTrading/STOCK_DAY?date=20260301&stockNo=3017&response=json,2026-03-11 14:00 Asia/Taipei,premarket trade_date may only use row.date < trade_date
2026-03-11,3189,景碩,285.0,296.5,284.0,290.5,26988757.0,7852695366.0,TWSE STOCK_DAY,https://www.twse.com.tw/rwd/zh/afterTrading/STOCK_DAY?date=20260301&stockNo=3189&response=json,2026-03-11 14:00 Asia/Taipei,premarket trade_date may only use row.date < trade_date
2026-03-11,3443,創意,2285.0,2385.0,2285.0,2375.0,1729566.0,4051215330.0,TWSE STOCK_DAY,https://www.twse.com.tw/rwd/zh/afterTrading/STOCK_DAY?date=20260301&stockNo=3443&response=json,2026-03-11 14:00 Asia/Taipei,premarket trade_date may only use row.date < trade_date
2026-03-11,6526,達發,493.0,522.0,492.0,508.0,592775.0,301635785.0,TWSE STOCK_DAY,https://www.twse.com.tw/rwd/zh/afterTrading/STOCK_DAY?date=20260301&stockNo=6526&response=json,2026-03-11 14:00 Asia/Taipei,premarket trade_date may only use row.date < trade_date
2026-03-12,2345,智邦,1470.0,1510.0,1445.0,1505.0,4026146.0,5959729121.0,TWSE STOCK_DAY,https://www.twse.com.tw/rwd/zh/afterTrading/STOCK_DAY?date=20260301&stockNo=2345&response=json,2026-03-12 14:00 Asia/Taipei,premarket trade_date may only use row.date < trade_date
2026-03-12,3017,奇鋐,1900.0,1955.0,1870.0,1875.0,6700536.0,12775300075.0,TWSE STOCK_DAY,https://www.twse.com.tw/rwd/zh/afterTrading/STOCK_DAY?date=20260301&stockNo=3017&response=json,2026-03-12 14:00 Asia/Taipei,premarket trade_date may only use row.date < trade_date
2026-03-12,3189,景碩,288.0,300.0,282.5,289.0,29349770.0,8523186727.0,TWSE STOCK_DAY,https://www.twse.com.tw/rwd/zh/afterTrading/STOCK_DAY?date=20260301&stockNo=3189&response=json,2026-03-12 14:00 Asia/Taipei,premarket trade_date may only use row.date < trade_date
2026-03-12,3443,創意,2375.0,2395.0,2270.0,2290.0,2162422.0,5004274415.0,TWSE STOCK_DAY,https://www.twse.com.tw/rwd/zh/afterTrading/STOCK_DAY?date=20260301&stockNo=3443&response=json,2026-03-12 14:00 Asia/Taipei,premarket trade_date may only use row.date < trade_date
2026-03-12,6526,達發,505.0,557.0,505.0,549.0,1542533.0,823579962.0,TWSE STOCK_DAY,https://www.twse.com.tw/rwd/zh/afterTrading/STOCK_DAY?date=20260301&stockNo=6526&response=json,2026-03-12 14:00 Asia/Taipei,premarket trade_date may only use row.date < trade_date
2026-03-13,2345,智邦,1480.0,1490.0,1420.0,1420.0,6551351.0,9503071545.0,TWSE STOCK_DAY,https://www.twse.com.tw/rwd/zh/afterTrading/STOCK_DAY?date=20260301&stockNo=2345&response=json,2026-03-13 14:00 Asia/Taipei,premarket trade_date may only use row.date < trade_date
2026-03-13,3017,奇鋐,1855.0,1930.0,1815.0,1865.0,5993158.0,11284071615.0,TWSE STOCK_DAY,https://www.twse.com.tw/rwd/zh/afterTrading/STOCK_DAY?date=20260301&stockNo=3017&response=json,2026-03-13 14:00 Asia/Taipei,premarket trade_date may only use row.date < trade_date
2026-03-13,3189,景碩,283.0,317.5,280.0,317.5,48278519.0,14713038086.0,TWSE STOCK_DAY,https://www.twse.com.tw/rwd/zh/afterTrading/STOCK_DAY?date=20260301&stockNo=3189&response=json,2026-03-13 14:00 Asia/Taipei,premarket trade_date may only use row.date < trade_date
2026-03-13,3443,創意,2255.0,2330.0,2245.0,2285.0,1503131.0,3445391875.0,TWSE STOCK_DAY,https://www.twse.com.tw/rwd/zh/afterTrading/STOCK_DAY?date=20260301&stockNo=3443&response=json,2026-03-13 14:00 Asia/Taipei,premarket trade_date may only use row.date < trade_date
2026-03-13,6526,達發,540.0,566.0,531.0,533.0,1068994.0,582005069.0,TWSE STOCK_DAY,https://www.twse.com.tw/rwd/zh/afterTrading/STOCK_DAY?date=20260301&stockNo=6526&response=json,2026-03-13 14:00 Asia/Taipei,premarket trade_date may only use row.date < trade_date
2026-03-16,2345,智邦,1435.0,1445.0,1380.0,1390.0,4426977.0,6206293105.0,TWSE STOCK_DAY,https://www.twse.com.tw/rwd/zh/afterTrading/STOCK_DAY?date=20260301&stockNo=2345&response=json,2026-03-16 14:00 Asia/Taipei,premarket trade_date may only use row.date < trade_date
2026-03-16,3017,奇鋐,1890.0,1920.0,1830.0,1830.0,4314909.0,8094126872.0,TWSE STOCK_DAY,https://www.twse.com.tw/rwd/zh/afterTrading/STOCK_DAY?date=20260301&stockNo=3017&response=json,2026-03-16 14:00 Asia/Taipei,premarket trade_date may only use row.date < trade_date
2026-03-16,3189,景碩,322.5,348.5,312.0,337.0,91831377.0,30222415399.0,TWSE STOCK_DAY,https://www.twse.com.tw/rwd/zh/afterTrading/STOCK_DAY?date=20260301&stockNo=3189&response=json,2026-03-16 14:00 Asia/Taipei,premarket trade_date may only use row.date < trade_date
2026-03-16,3443,創意,2345.0,2345.0,2250.0,2260.0,1389953.0,3168163850.0,TWSE STOCK_DAY,https://www.twse.com.tw/rwd/zh/afterTrading/STOCK_DAY?date=20260301&stockNo=3443&response=json,2026-03-16 14:00 Asia/Taipei,premarket trade_date may only use row.date < trade_date
2026-03-16,6526,達發,542.0,543.0,519.0,519.0,490186.0,257783676.0,TWSE STOCK_DAY,https://www.twse.com.tw/rwd/zh/afterTrading/STOCK_DAY?date=20260301&stockNo=6526&response=json,2026-03-16 14:00 Asia/Taipei,premarket trade_date may only use row.date < trade_date
2026-03-17,2345,智邦,1420.0,1465.0,1420.0,1455.0,3563204.0,5159444565.0,TWSE STOCK_DAY,https://www.twse.com.tw/rwd/zh/afterTrading/STOCK_DAY?date=20260301&stockNo=2345&response=json,2026-03-17 14:00 Asia/Taipei,premarket trade_date may only use row.date < trade_date
2026-03-17,3017,奇鋐,1870.0,1970.0,1860.0,1905.0,5606630.0,10715856695.0,TWSE STOCK_DAY,https://www.twse.com.tw/rwd/zh/afterTrading/STOCK_DAY?date=20260301&stockNo=3017&response=json,2026-03-17 14:00 Asia/Taipei,premarket trade_date may only use row.date < trade_date
2026-03-17,3189,景碩,342.5,368.0,331.5,341.5,61696256.0,21441046174.0,TWSE STOCK_DAY,https://www.twse.com.tw/rwd/zh/afterTrading/STOCK_DAY?date=20260301&stockNo=3189&response=json,2026-03-17 14:00 Asia/Taipei,premarket trade_date may only use row.date < trade_date
2026-03-17,3443,創意,2310.0,2345.0,2290.0,2290.0,1448578.0,3347537845.0,TWSE STOCK_DAY,https://www.twse.com.tw/rwd/zh/afterTrading/STOCK_DAY?date=20260301&stockNo=3443&response=json,2026-03-17 14:00 Asia/Taipei,premarket trade_date may only use row.date < trade_date
2026-03-17,6526,達發,524.0,531.0,508.0,526.0,748404.0,389145123.0,TWSE STOCK_DAY,https://www.twse.com.tw/rwd/zh/afterTrading/STOCK_DAY?date=20260301&stockNo=6526&response=json,2026-03-17 14:00 Asia/Taipei,premarket trade_date may only use row.date < trade_date
2026-03-18,2345,智邦,1470.0,1600.0,1465.0,1600.0,8456080.0,13172891465.0,TWSE STOCK_DAY,https://www.twse.com.tw/rwd/zh/afterTrading/STOCK_DAY?date=20260301&stockNo=2345&response=json,2026-03-18 14:00 Asia/Taipei,premarket trade_date may only use row.date < trade_date
2026-03-18,3017,奇鋐,1935.0,1955.0,1850.0,1850.0,5543887.0,10498849744.0,TWSE STOCK_DAY,https://www.twse.com.tw/rwd/zh/afterTrading/STOCK_DAY?date=20260301&stockNo=3017&response=json,2026-03-18 14:00 Asia/Taipei,premarket trade_date may only use row.date < trade_date
2026-03-18,3189,景碩,349.0,373.0,339.0,365.5,59260279.0,21208417110.0,TWSE STOCK_DAY,https://www.twse.com.tw/rwd/zh/afterTrading/STOCK_DAY?date=20260301&stockNo=3189&response=json,2026-03-18 14:00 Asia/Taipei,premarket trade_date may only use row.date < trade_date
2026-03-18,3443,創意,2350.0,2515.0,2350.0,2515.0,3033839.0,7497388045.0,TWSE STOCK_DAY,https://www.twse.com.tw/rwd/zh/afterTrading/STOCK_DAY?date=20260301&stockNo=3443&response=json,2026-03-18 14:00 Asia/Taipei,premarket trade_date may only use row.date < trade_date
2026-03-18,6526,達發,529.0,531.0,514.0,516.0,616258.0,320301347.0,TWSE STOCK_DAY,https://www.twse.com.tw/rwd/zh/afterTrading/STOCK_DAY?date=20260301&stockNo=6526&response=json,2026-03-18 14:00 Asia/Taipei,premarket trade_date may only use row.date < trade_date
2026-03-19,2345,智邦,1585.0,1620.0,1560.0,1590.0,7188691.0,11445614540.0,TWSE STOCK_DAY,https://www.twse.com.tw/rwd/zh/afterTrading/STOCK_DAY?date=20260301&stockNo=2345&response=json,2026-03-19 14:00 Asia/Taipei,premarket trade_date may only use row.date < trade_date
2026-03-19,3017,奇鋐,1835.0,2035.0,1835.0,2015.0,10256997.0,20359184885.0,TWSE STOCK_DAY,https://www.twse.com.tw/rwd/zh/afterTrading/STOCK_DAY?date=20260301&stockNo=3017&response=json,2026-03-19 14:00 Asia/Taipei,premarket trade_date may only use row.date < trade_date
2026-03-19,3189,景碩,356.0,398.0,352.0,383.5,66787097.0,25243897811.0,TWSE STOCK_DAY,https://www.twse.com.tw/rwd/zh/afterTrading/STOCK_DAY?date=20260301&stockNo=3189&response=json,2026-03-19 14:00 Asia/Taipei,premarket trade_date may only use row.date < trade_date
2026-03-19,3443,創意,2500.0,2660.0,2465.0,2610.0,4749379.0,12323877400.0,TWSE STOCK_DAY,https://www.twse.com.tw/rwd/zh/afterTrading/STOCK_DAY?date=20260301&stockNo=3443&response=json,2026-03-19 14:00 Asia/Taipei,premarket trade_date may only use row.date < trade_date
2026-03-19,6526,達發,506.0,516.0,502.0,502.0,457784.0,232212649.0,TWSE STOCK_DAY,https://www.twse.com.tw/rwd/zh/afterTrading/STOCK_DAY?date=20260301&stockNo=6526&response=json,2026-03-19 14:00 Asia/Taipei,premarket trade_date may only use row.date < trade_date
2026-03-20,2345,智邦,1610.0,1675.0,1580.0,1610.0,5787071.0,9414436075.0,TWSE STOCK_DAY,https://www.twse.com.tw/rwd/zh/afterTrading/STOCK_DAY?date=20260301&stockNo=2345&response=json,2026-03-20 14:00 Asia/Taipei,premarket trade_date may only use row.date < trade_date
2026-03-20,3017,奇鋐,2010.0,2060.0,1945.0,2050.0,6991270.0,14028231360.0,TWSE STOCK_DAY,https://www.twse.com.tw/rwd/zh/afterTrading/STOCK_DAY?date=20260301&stockNo=3017&response=json,2026-03-20 14:00 Asia/Taipei,premarket trade_date may only use row.date < trade_date
2026-03-20,3189,景碩,388.5,388.5,356.0,380.0,9781675.0,3603606918.0,TWSE STOCK_DAY,https://www.twse.com.tw/rwd/zh/afterTrading/STOCK_DAY?date=20260301&stockNo=3189&response=json,2026-03-20 14:00 Asia/Taipei,premarket trade_date may only use row.date < trade_date
2026-03-20,3443,創意,2660.0,2735.0,2635.0,2645.0,3539579.0,9473145845.0,TWSE STOCK_DAY,https://www.twse.com.tw/rwd/zh/afterTrading/STOCK_DAY?date=20260301&stockNo=3443&response=json,2026-03-20 14:00 Asia/Taipei,premarket trade_date may only use row.date < trade_date
2026-03-20,6526,達發,504.0,518.0,502.0,502.0,463173.0,235727817.0,TWSE STOCK_DAY,https://www.twse.com.tw/rwd/zh/afterTrading/STOCK_DAY?date=20260301&stockNo=6526&response=json,2026-03-20 14:00 Asia/Taipei,premarket trade_date may only use row.date < trade_date
2026-03-23,2345,智邦,1540.0,1610.0,1535.0,1565.0,3284775.0,5160806550.0,TWSE STOCK_DAY,https://www.twse.com.tw/rwd/zh/afterTrading/STOCK_DAY?date=20260301&stockNo=2345&response=json,2026-03-23 14:00 Asia/Taipei,premarket trade_date may only use row.date < trade_date
2026-03-23,3017,奇鋐,1985.0,2045.0,1955.0,1995.0,5032899.0,10003165310.0,TWSE STOCK_DAY,https://www.twse.com.tw/rwd/zh/afterTrading/STOCK_DAY?date=20260301&stockNo=3017&response=json,2026-03-23 14:00 Asia/Taipei,premarket trade_date may only use row.date < trade_date
2026-03-23,3189,景碩,345.0,360.0,345.0,346.0,7125514.0,2489383772.0,TWSE STOCK_DAY,https://www.twse.com.tw/rwd/zh/afterTrading/STOCK_DAY?date=20260301&stockNo=3189&response=json,2026-03-23 14:00 Asia/Taipei,premarket trade_date may only use row.date < trade_date
2026-03-23,3443,創意,2515.0,2645.0,2505.0,2590.0,1695758.0,4368456135.0,TWSE STOCK_DAY,https://www.twse.com.tw/rwd/zh/afterTrading/STOCK_DAY?date=20260301&stockNo=3443&response=json,2026-03-23 14:00 Asia/Taipei,premarket trade_date may only use row.date < trade_date
2026-03-23,6526,達發,483.0,500.0,481.5,485.0,412534.0,201602795.0,TWSE STOCK_DAY,https://www.twse.com.tw/rwd/zh/afterTrading/STOCK_DAY?date=20260301&stockNo=6526&response=json,2026-03-23 14:00 Asia/Taipei,premarket trade_date may only use row.date < trade_date
2026-03-24,2345,智邦,1600.0,1610.0,1515.0,1535.0,4590394.0,7162730540.0,TWSE STOCK_DAY,https://www.twse.com.tw/rwd/zh/afterTrading/STOCK_DAY?date=20260301&stockNo=2345&response=json,2026-03-24 14:00 Asia/Taipei,premarket trade_date may only use row.date < trade_date
2026-03-24,3017,奇鋐,2020.0,2030.0,1915.0,1945.0,6721340.0,13285093275.0,TWSE STOCK_DAY,https://www.twse.com.tw/rwd/zh/afterTrading/STOCK_DAY?date=20260301&stockNo=3017&response=json,2026-03-24 14:00 Asia/Taipei,premarket trade_date may only use row.date < trade_date
2026-03-24,3189,景碩,357.0,357.0,311.5,320.5,8948825.0,2897107494.0,TWSE STOCK_DAY,https://www.twse.com.tw/rwd/zh/afterTrading/STOCK_DAY?date=20260301&stockNo=3189&response=json,2026-03-24 14:00 Asia/Taipei,premarket trade_date may only use row.date < trade_date
2026-03-24,3443,創意,2680.0,2695.0,2465.0,2505.0,2113977.0,5425858315.0,TWSE STOCK_DAY,https://www.twse.com.tw/rwd/zh/afterTrading/STOCK_DAY?date=20260301&stockNo=3443&response=json,2026-03-24 14:00 Asia/Taipei,premarket trade_date may only use row.date < trade_date
2026-03-24,6526,達發,499.0,501.0,476.0,480.5,415254.0,202140590.0,TWSE STOCK_DAY,https://www.twse.com.tw/rwd/zh/afterTrading/STOCK_DAY?date=20260301&stockNo=6526&response=json,2026-03-24 14:00 Asia/Taipei,premarket trade_date may only use row.date < trade_date
2026-03-25,2345,智邦,1580.0,1685.0,1580.0,1685.0,6912402.0,11429706845.0,TWSE STOCK_DAY,https://www.twse.com.tw/rwd/zh/afterTrading/STOCK_DAY?date=20260301&stockNo=2345&response=json,2026-03-25 14:00 Asia/Taipei,premarket trade_date may only use row.date < trade_date
2026-03-25,3017,奇鋐,2020.0,2100.0,2015.0,2100.0,5596612.0,11561071315.0,TWSE STOCK_DAY,https://www.twse.com.tw/rwd/zh/afterTrading/STOCK_DAY?date=20260301&stockNo=3017&response=json,2026-03-25 14:00 Asia/Taipei,premarket trade_date may only use row.date < trade_date
2026-03-25,3189,景碩,333.5,351.5,333.5,351.5,4847721.0,1681580350.0,TWSE STOCK_DAY,https://www.twse.com.tw/rwd/zh/afterTrading/STOCK_DAY?date=20260301&stockNo=3189&response=json,2026-03-25 14:00 Asia/Taipei,premarket trade_date may only use row.date < trade_date
2026-03-25,3443,創意,2575.0,2635.0,2475.0,2475.0,2976338.0,7535918695.0,TWSE STOCK_DAY,https://www.twse.com.tw/rwd/zh/afterTrading/STOCK_DAY?date=20260301&stockNo=3443&response=json,2026-03-25 14:00 Asia/Taipei,premarket trade_date may only use row.date < trade_date
2026-03-25,6526,達發,493.0,504.0,490.0,501.0,423940.0,211226429.0,TWSE STOCK_DAY,https://www.twse.com.tw/rwd/zh/afterTrading/STOCK_DAY?date=20260301&stockNo=6526&response=json,2026-03-25 14:00 Asia/Taipei,premarket trade_date may only use row.date < trade_date
2026-03-26,2345,智邦,1690.0,1750.0,1660.0,1675.0,7062091.0,12018485940.0,TWSE STOCK_DAY,https://www.twse.com.tw/rwd/zh/afterTrading/STOCK_DAY?date=20260301&stockNo=2345&response=json,2026-03-26 14:00 Asia/Taipei,premarket trade_date may only use row.date < trade_date
2026-03-26,3017,奇鋐,2200.0,2310.0,2175.0,2275.0,8504254.0,19327999055.0,TWSE STOCK_DAY,https://www.twse.com.tw/rwd/zh/afterTrading/STOCK_DAY?date=20260301&stockNo=3017&response=json,2026-03-26 14:00 Asia/Taipei,premarket trade_date may only use row.date < trade_date
2026-03-26,3189,景碩,352.0,370.0,351.5,351.5,6883559.0,2471443950.0,TWSE STOCK_DAY,https://www.twse.com.tw/rwd/zh/afterTrading/STOCK_DAY?date=20260301&stockNo=3189&response=json,2026-03-26 14:00 Asia/Taipei,premarket trade_date may only use row.date < trade_date
2026-03-26,3443,創意,2490.0,2570.0,2455.0,2540.0,2718187.0,6828018530.0,TWSE STOCK_DAY,https://www.twse.com.tw/rwd/zh/afterTrading/STOCK_DAY?date=20260301&stockNo=3443&response=json,2026-03-26 14:00 Asia/Taipei,premarket trade_date may only use row.date < trade_date
2026-03-26,6526,達發,502.0,516.0,496.0,496.0,398186.0,201266325.0,TWSE STOCK_DAY,https://www.twse.com.tw/rwd/zh/afterTrading/STOCK_DAY?date=20260301&stockNo=6526&response=json,2026-03-26 14:00 Asia/Taipei,premarket trade_date may only use row.date < trade_date
2026-03-27,2345,智邦,1625.0,1670.0,1600.0,1655.0,4485957.0,7351432015.0,TWSE STOCK_DAY,https://www.twse.com.tw/rwd/zh/afterTrading/STOCK_DAY?date=20260301&stockNo=2345&response=json,2026-03-27 14:00 Asia/Taipei,premarket trade_date may only use row.date < trade_date
2026-03-27,3017,奇鋐,2200.0,2225.0,2120.0,2195.0,5491400.0,12019459870.0,TWSE STOCK_DAY,https://www.twse.com.tw/rwd/zh/afterTrading/STOCK_DAY?date=20260301&stockNo=3017&response=json,2026-03-27 14:00 Asia/Taipei,premarket trade_date may only use row.date < trade_date
2026-03-27,3189,景碩,333.5,352.0,333.5,352.0,4269127.0,1482594138.0,TWSE STOCK_DAY,https://www.twse.com.tw/rwd/zh/afterTrading/STOCK_DAY?date=20260301&stockNo=3189&response=json,2026-03-27 14:00 Asia/Taipei,premarket trade_date may only use row.date < trade_date
2026-03-27,3443,創意,2470.0,2510.0,2415.0,2460.0,1460106.0,3599422135.0,TWSE STOCK_DAY,https://www.twse.com.tw/rwd/zh/afterTrading/STOCK_DAY?date=20260301&stockNo=3443&response=json,2026-03-27 14:00 Asia/Taipei,premarket trade_date may only use row.date < trade_date
2026-03-27,6526,達發,490.0,498.0,485.0,495.0,315044.0,154548062.0,TWSE STOCK_DAY,https://www.twse.com.tw/rwd/zh/afterTrading/STOCK_DAY?date=20260301&stockNo=6526&response=json,2026-03-27 14:00 Asia/Taipei,premarket trade_date may only use row.date < trade_date
2026-03-30,2345,智邦,1620.0,1650.0,1590.0,1635.0,3927435.0,6352029895.0,TWSE STOCK_DAY,https://www.twse.com.tw/rwd/zh/afterTrading/STOCK_DAY?date=20260301&stockNo=2345&response=json,2026-03-30 14:00 Asia/Taipei,premarket trade_date may only use row.date < trade_date
2026-03-30,3017,奇鋐,2115.0,2155.0,2075.0,2135.0,3278469.0,6964115850.0,TWSE STOCK_DAY,https://www.twse.com.tw/rwd/zh/afterTrading/STOCK_DAY?date=20260301&stockNo=3017&response=json,2026-03-30 14:00 Asia/Taipei,premarket trade_date may only use row.date < trade_date
2026-03-30,3189,景碩,334.5,348.5,324.5,346.5,6536532.0,2183278955.0,TWSE STOCK_DAY,https://www.twse.com.tw/rwd/zh/afterTrading/STOCK_DAY?date=20260301&stockNo=3189&response=json,2026-03-30 14:00 Asia/Taipei,premarket trade_date may only use row.date < trade_date
2026-03-30,3443,創意,2375.0,2390.0,2250.0,2310.0,2500860.0,5761225045.0,TWSE STOCK_DAY,https://www.twse.com.tw/rwd/zh/afterTrading/STOCK_DAY?date=20260301&stockNo=3443&response=json,2026-03-30 14:00 Asia/Taipei,premarket trade_date may only use row.date < trade_date
2026-03-30,6526,達發,480.0,482.5,474.0,475.0,297089.0,141831208.0,TWSE STOCK_DAY,https://www.twse.com.tw/rwd/zh/afterTrading/STOCK_DAY?date=20260301&stockNo=6526&response=json,2026-03-30 14:00 Asia/Taipei,premarket trade_date may only use row.date < trade_date
2026-03-31,2345,智邦,1600.0,1610.0,1495.0,1510.0,6030444.0,9267998168.0,TWSE STOCK_DAY,https://www.twse.com.tw/rwd/zh/afterTrading/STOCK_DAY?date=20260301&stockNo=2345&response=json,2026-03-31 14:00 Asia/Taipei,premarket trade_date may only use row.date < trade_date
2026-03-31,3017,奇鋐,2100.0,2115.0,1945.0,1990.0,5757841.0,11549811957.0,TWSE STOCK_DAY,https://www.twse.com.tw/rwd/zh/afterTrading/STOCK_DAY?date=20260301&stockNo=3017&response=json,2026-03-31 14:00 Asia/Taipei,premarket trade_date may only use row.date < trade_date
2026-03-31,3189,景碩,335.0,339.0,312.0,313.0,7785444.0,2481722228.0,TWSE STOCK_DAY,https://www.twse.com.tw/rwd/zh/afterTrading/STOCK_DAY?date=20260301&stockNo=3189&response=json,2026-03-31 14:00 Asia/Taipei,premarket trade_date may only use row.date < trade_date
2026-03-31,3443,創意,2260.0,2285.0,2140.0,2165.0,2646583.0,5816875975.0,TWSE STOCK_DAY,https://www.twse.com.tw/rwd/zh/afterTrading/STOCK_DAY?date=20260301&stockNo=3443&response=json,2026-03-31 14:00 Asia/Taipei,premarket trade_date may only use row.date < trade_date
2026-03-31,6526,達發,482.0,494.5,463.5,464.0,503434.0,240167220.0,TWSE STOCK_DAY,https://www.twse.com.tw/rwd/zh/afterTrading/STOCK_DAY?date=20260301&stockNo=6526&response=json,2026-03-31 14:00 Asia/Taipei,premarket trade_date may only use row.date < trade_date
2026-04-01,2345,智邦,1585.0,1660.0,1575.0,1660.0,4304379.0,7001411990.0,TWSE STOCK_DAY,https://www.twse.com.tw/rwd/zh/afterTrading/STOCK_DAY?date=20260401&stockNo=2345&response=json,2026-04-01 14:00 Asia/Taipei,premarket trade_date may only use row.date < trade_date
2026-04-01,3017,奇鋐,2120.0,2135.0,2065.0,2110.0,4034786.0,8527625450.0,TWSE STOCK_DAY,https://www.twse.com.tw/rwd/zh/afterTrading/STOCK_DAY?date=20260401&stockNo=3017&response=json,2026-04-01 14:00 Asia/Taipei,premarket trade_date may only use row.date < trade_date
2026-04-01,3189,景碩,335.0,335.0,321.0,332.0,7162420.0,2363791275.0,TWSE STOCK_DAY,https://www.twse.com.tw/rwd/zh/afterTrading/STOCK_DAY?date=20260401&stockNo=3189&response=json,2026-04-01 14:00 Asia/Taipei,premarket trade_date may only use row.date < trade_date
2026-04-01,3443,創意,2300.0,2380.0,2255.0,2355.0,1949221.0,4543682285.0,TWSE STOCK_DAY,https://www.twse.com.tw/rwd/zh/afterTrading/STOCK_DAY?date=20260401&stockNo=3443&response=json,2026-04-01 14:00 Asia/Taipei,premarket trade_date may only use row.date < trade_date
2026-04-01,6526,達發,480.0,485.0,477.0,483.5,295984.0,142662978.0,TWSE STOCK_DAY,https://www.twse.com.tw/rwd/zh/afterTrading/STOCK_DAY?date=20260401&stockNo=6526&response=json,2026-04-01 14:00 Asia/Taipei,premarket trade_date may only use row.date < trade_date
2026-04-02,2345,智邦,1670.0,1685.0,1580.0,1590.0,3328016.0,5422781290.0,TWSE STOCK_DAY,https://www.twse.com.tw/rwd/zh/afterTrading/STOCK_DAY?date=20260401&stockNo=2345&response=json,2026-04-02 14:00 Asia/Taipei,premarket trade_date may only use row.date < trade_date
2026-04-02,3017,奇鋐,2140.0,2150.0,2065.0,2070.0,3100871.0,6506852315.0,TWSE STOCK_DAY,https://www.twse.com.tw/rwd/zh/afterTrading/STOCK_DAY?date=20260401&stockNo=3017&response=json,2026-04-02 14:00 Asia/Taipei,premarket trade_date may only use row.date < trade_date
2026-04-02,3189,景碩,342.0,352.0,323.5,336.0,8260441.0,2783962388.0,TWSE STOCK_DAY,https://www.twse.com.tw/rwd/zh/afterTrading/STOCK_DAY?date=20260401&stockNo=3189&response=json,2026-04-02 14:00 Asia/Taipei,premarket trade_date may only use row.date < trade_date
2026-04-02,3443,創意,2375.0,2410.0,2315.0,2320.0,1707978.0,4014288855.0,TWSE STOCK_DAY,https://www.twse.com.tw/rwd/zh/afterTrading/STOCK_DAY?date=20260401&stockNo=3443&response=json,2026-04-02 14:00 Asia/Taipei,premarket trade_date may only use row.date < trade_date
2026-04-02,6526,達發,488.0,491.0,472.5,476.5,374998.0,179666047.0,TWSE STOCK_DAY,https://www.twse.com.tw/rwd/zh/afterTrading/STOCK_DAY?date=20260401&stockNo=6526&response=json,2026-04-02 14:00 Asia/Taipei,premarket trade_date may only use row.date < trade_date
2026-04-07,2345,智邦,1660.0,1685.0,1600.0,1615.0,3376820.0,5529887570.0,TWSE STOCK_DAY,https://www.twse.com.tw/rwd/zh/afterTrading/STOCK_DAY?date=20260401&stockNo=2345&response=json,2026-04-07 14:00 Asia/Taipei,premarket trade_date may only use row.date < trade_date
2026-04-07,3017,奇鋐,2150.0,2175.0,2015.0,2030.0,4775019.0,9925106585.0,TWSE STOCK_DAY,https://www.twse.com.tw/rwd/zh/afterTrading/STOCK_DAY?date=20260401&stockNo=3017&response=json,2026-04-07 14:00 Asia/Taipei,premarket trade_date may only use row.date < trade_date
2026-04-07,3189,景碩,350.0,366.0,350.0,358.5,9917650.0,3554503056.0,TWSE STOCK_DAY,https://www.twse.com.tw/rwd/zh/afterTrading/STOCK_DAY?date=20260401&stockNo=3189&response=json,2026-04-07 14:00 Asia/Taipei,premarket trade_date may only use row.date < trade_date
2026-04-07,3443,創意,2400.0,2400.0,2325.0,2365.0,971552.0,2298145850.0,TWSE STOCK_DAY,https://www.twse.com.tw/rwd/zh/afterTrading/STOCK_DAY?date=20260401&stockNo=3443&response=json,2026-04-07 14:00 Asia/Taipei,premarket trade_date may only use row.date < trade_date
2026-04-07,6526,達發,489.0,491.5,481.0,483.0,249486.0,121058745.0,TWSE STOCK_DAY,https://www.twse.com.tw/rwd/zh/afterTrading/STOCK_DAY?date=20260401&stockNo=6526&response=json,2026-04-07 14:00 Asia/Taipei,premarket trade_date may only use row.date < trade_date
2026-04-08,2345,智邦,1680.0,1765.0,1680.0,1710.0,5374240.0,9294478295.0,TWSE STOCK_DAY,https://www.twse.com.tw/rwd/zh/afterTrading/STOCK_DAY?date=20260401&stockNo=2345&response=json,2026-04-08 14:00 Asia/Taipei,premarket trade_date may only use row.date < trade_date
2026-04-08,3017,奇鋐,2200.0,2230.0,2150.0,2230.0,3868944.0,8534929125.0,TWSE STOCK_DAY,https://www.twse.com.tw/rwd/zh/afterTrading/STOCK_DAY?date=20260401&stockNo=3017&response=json,2026-04-08 14:00 Asia/Taipei,premarket trade_date may only use row.date < trade_date
2026-04-08,3189,景碩,391.5,394.0,381.5,394.0,15644754.0,6102966075.0,TWSE STOCK_DAY,https://www.twse.com.tw/rwd/zh/afterTrading/STOCK_DAY?date=20260401&stockNo=3189&response=json,2026-04-08 14:00 Asia/Taipei,premarket trade_date may only use row.date < trade_date
2026-04-08,3443,創意,2500.0,2570.0,2360.0,2510.0,3309931.0,8219744510.0,TWSE STOCK_DAY,https://www.twse.com.tw/rwd/zh/afterTrading/STOCK_DAY?date=20260401&stockNo=3443&response=json,2026-04-08 14:00 Asia/Taipei,premarket trade_date may only use row.date < trade_date
2026-04-08,6526,達發,495.0,498.0,486.0,488.0,418933.0,205626095.0,TWSE STOCK_DAY,https://www.twse.com.tw/rwd/zh/afterTrading/STOCK_DAY?date=20260401&stockNo=6526&response=json,2026-04-08 14:00 Asia/Taipei,premarket trade_date may only use row.date < trade_date
2026-04-09,2345,智邦,1730.0,1760.0,1670.0,1690.0,3271100.0,5621112190.0,TWSE STOCK_DAY,https://www.twse.com.tw/rwd/zh/afterTrading/STOCK_DAY?date=20260401&stockNo=2345&response=json,2026-04-09 14:00 Asia/Taipei,premarket trade_date may only use row.date < trade_date
2026-04-09,3017,奇鋐,2260.0,2290.0,2200.0,2235.0,4576820.0,10249205525.0,TWSE STOCK_DAY,https://www.twse.com.tw/rwd/zh/afterTrading/STOCK_DAY?date=20260401&stockNo=3017&response=json,2026-04-09 14:00 Asia/Taipei,premarket trade_date may only use row.date < trade_date
2026-04-09,3189,景碩,393.0,408.0,380.5,387.0,51903063.0,20436819312.0,TWSE STOCK_DAY,https://www.twse.com.tw/rwd/zh/afterTrading/STOCK_DAY?date=20260401&stockNo=3189&response=json,2026-04-09 14:00 Asia/Taipei,premarket trade_date may only use row.date < trade_date
2026-04-09,3443,創意,2530.0,2685.0,2460.0,2655.0,3451635.0,8976748590.0,TWSE STOCK_DAY,https://www.twse.com.tw/rwd/zh/afterTrading/STOCK_DAY?date=20260401&stockNo=3443&response=json,2026-04-09 14:00 Asia/Taipei,premarket trade_date may only use row.date < trade_date
2026-04-09,6526,達發,489.5,490.0,476.5,478.0,403647.0,194147155.0,TWSE STOCK_DAY,https://www.twse.com.tw/rwd/zh/afterTrading/STOCK_DAY?date=20260401&stockNo=6526&response=json,2026-04-09 14:00 Asia/Taipei,premarket trade_date may only use row.date < trade_date
2026-04-10,2345,智邦,1750.0,1855.0,1720.0,1835.0,5713072.0,10367894935.0,TWSE STOCK_DAY,https://www.twse.com.tw/rwd/zh/afterTrading/STOCK_DAY?date=20260401&stockNo=2345&response=json,2026-04-10 14:00 Asia/Taipei,premarket trade_date may only use row.date < trade_date
2026-04-10,3017,奇鋐,2305.0,2320.0,2230.0,2265.0,3201925.0,7290607325.0,TWSE STOCK_DAY,https://www.twse.com.tw/rwd/zh/afterTrading/STOCK_DAY?date=20260401&stockNo=3017&response=json,2026-04-10 14:00 Asia/Taipei,premarket trade_date may only use row.date < trade_date
2026-04-10,3189,景碩,399.5,400.0,373.0,381.0,25688029.0,9868927970.0,TWSE STOCK_DAY,https://www.twse.com.tw/rwd/zh/afterTrading/STOCK_DAY?date=20260401&stockNo=3189&response=json,2026-04-10 14:00 Asia/Taipei,premarket trade_date may only use row.date < trade_date
2026-04-10,3443,創意,2695.0,2720.0,2645.0,2665.0,2503866.0,6718275845.0,TWSE STOCK_DAY,https://www.twse.com.tw/rwd/zh/afterTrading/STOCK_DAY?date=20260401&stockNo=3443&response=json,2026-04-10 14:00 Asia/Taipei,premarket trade_date may only use row.date < trade_date
2026-04-10,6526,達發,482.0,487.0,473.0,474.5,414497.0,198535507.0,TWSE STOCK_DAY,https://www.twse.com.tw/rwd/zh/afterTrading/STOCK_DAY?date=20260401&stockNo=6526&response=json,2026-04-10 14:00 Asia/Taipei,premarket trade_date may only use row.date < trade_date
2026-04-13,2345,智邦,1820.0,1855.0,1785.0,1820.0,2933873.0,5348383290.0,TWSE STOCK_DAY,https://www.twse.com.tw/rwd/zh/afterTrading/STOCK_DAY?date=20260401&stockNo=2345&response=json,2026-04-13 14:00 Asia/Taipei,premarket trade_date may only use row.date < trade_date
2026-04-13,3017,奇鋐,2280.0,2280.0,2185.0,2200.0,3120709.0,6888166755.0,TWSE STOCK_DAY,https://www.twse.com.tw/rwd/zh/afterTrading/STOCK_DAY?date=20260401&stockNo=3017&response=json,2026-04-13 14:00 Asia/Taipei,premarket trade_date may only use row.date < trade_date
2026-04-13,3189,景碩,379.0,381.0,360.5,366.5,24114477.0,8925540455.0,TWSE STOCK_DAY,https://www.twse.com.tw/rwd/zh/afterTrading/STOCK_DAY?date=20260401&stockNo=3189&response=json,2026-04-13 14:00 Asia/Taipei,premarket trade_date may only use row.date < trade_date
2026-04-13,3443,創意,2620.0,2800.0,2575.0,2775.0,3023352.0,8226640530.0,TWSE STOCK_DAY,https://www.twse.com.tw/rwd/zh/afterTrading/STOCK_DAY?date=20260401&stockNo=3443&response=json,2026-04-13 14:00 Asia/Taipei,premarket trade_date may only use row.date < trade_date
2026-04-13,6526,達發,478.5,484.0,474.5,476.0,313740.0,150006811.0,TWSE STOCK_DAY,https://www.twse.com.tw/rwd/zh/afterTrading/STOCK_DAY?date=20260401&stockNo=6526&response=json,2026-04-13 14:00 Asia/Taipei,premarket trade_date may only use row.date < trade_date
2026-04-14,2345,智邦,1885.0,1910.0,1850.0,1890.0,4059621.0,7663781760.0,TWSE STOCK_DAY,https://www.twse.com.tw/rwd/zh/afterTrading/STOCK_DAY?date=20260401&stockNo=2345&response=json,2026-04-14 14:00 Asia/Taipei,premarket trade_date may only use row.date < trade_date
2026-04-14,3017,奇鋐,2260.0,2345.0,2260.0,2310.0,3772108.0,8712261840.0,TWSE STOCK_DAY,https://www.twse.com.tw/rwd/zh/afterTrading/STOCK_DAY?date=20260401&stockNo=3017&response=json,2026-04-14 14:00 Asia/Taipei,premarket trade_date may only use row.date < trade_date
2026-04-14,3189,景碩,375.0,386.0,366.0,371.0,26463388.0,9904043420.0,TWSE STOCK_DAY,https://www.twse.com.tw/rwd/zh/afterTrading/STOCK_DAY?date=20260401&stockNo=3189&response=json,2026-04-14 14:00 Asia/Taipei,premarket trade_date may only use row.date < trade_date
2026-04-14,3443,創意,2850.0,3050.0,2845.0,3050.0,4080105.0,12257296245.0,TWSE STOCK_DAY,https://www.twse.com.tw/rwd/zh/afterTrading/STOCK_DAY?date=20260401&stockNo=3443&response=json,2026-04-14 14:00 Asia/Taipei,premarket trade_date may only use row.date < trade_date
2026-04-14,6526,達發,483.0,493.0,481.0,493.0,508504.0,247970878.0,TWSE STOCK_DAY,https://www.twse.com.tw/rwd/zh/afterTrading/STOCK_DAY?date=20260401&stockNo=6526&response=json,2026-04-14 14:00 Asia/Taipei,premarket trade_date may only use row.date < trade_date
2026-04-15,2345,智邦,1900.0,2075.0,1870.0,1970.0,7294130.0,14661888290.0,TWSE STOCK_DAY,https://www.twse.com.tw/rwd/zh/afterTrading/STOCK_DAY?date=20260401&stockNo=2345&response=json,2026-04-15 14:00 Asia/Taipei,premarket trade_date may only use row.date < trade_date
2026-04-15,3017,奇鋐,2375.0,2375.0,2310.0,2325.0,3238805.0,7606030025.0,TWSE STOCK_DAY,https://www.twse.com.tw/rwd/zh/afterTrading/STOCK_DAY?date=20260401&stockNo=3017&response=json,2026-04-15 14:00 Asia/Taipei,premarket trade_date may only use row.date < trade_date
2026-04-15,3189,景碩,376.5,399.0,363.5,383.5,42021402.0,16224247651.0,TWSE STOCK_DAY,https://www.twse.com.tw/rwd/zh/afterTrading/STOCK_DAY?date=20260401&stockNo=3189&response=json,2026-04-15 14:00 Asia/Taipei,premarket trade_date may only use row.date < trade_date
2026-04-15,3443,創意,3150.0,3225.0,3070.0,3070.0,3760881.0,11836705105.0,TWSE STOCK_DAY,https://www.twse.com.tw/rwd/zh/afterTrading/STOCK_DAY?date=20260401&stockNo=3443&response=json,2026-04-15 14:00 Asia/Taipei,premarket trade_date may only use row.date < trade_date
2026-04-15,6526,達發,501.0,502.0,486.0,487.0,650014.0,321623306.0,TWSE STOCK_DAY,https://www.twse.com.tw/rwd/zh/afterTrading/STOCK_DAY?date=20260401&stockNo=6526&response=json,2026-04-15 14:00 Asia/Taipei,premarket trade_date may only use row.date < trade_date
2026-04-16,2345,智邦,2025.0,2050.0,1975.0,2035.0,3884881.0,7855307600.0,TWSE STOCK_DAY,https://www.twse.com.tw/rwd/zh/afterTrading/STOCK_DAY?date=20260401&stockNo=2345&response=json,2026-04-16 14:00 Asia/Taipei,premarket trade_date may only use row.date < trade_date
2026-04-16,3017,奇鋐,2380.0,2515.0,2365.0,2440.0,4611118.0,11271681445.0,TWSE STOCK_DAY,https://www.twse.com.tw/rwd/zh/afterTrading/STOCK_DAY?date=20260401&stockNo=3017&response=json,2026-04-16 14:00 Asia/Taipei,premarket trade_date may only use row.date < trade_date
2026-04-16,3189,景碩,389.0,402.5,377.5,393.5,43262498.0,16921614788.0,TWSE STOCK_DAY,https://www.twse.com.tw/rwd/zh/afterTrading/STOCK_DAY?date=20260401&stockNo=3189&response=json,2026-04-16 14:00 Asia/Taipei,premarket trade_date may only use row.date < trade_date
2026-04-16,3443,創意,3165.0,3375.0,3140.0,3345.0,4238415.0,14024991355.0,TWSE STOCK_DAY,https://www.twse.com.tw/rwd/zh/afterTrading/STOCK_DAY?date=20260401&stockNo=3443&response=json,2026-04-16 14:00 Asia/Taipei,premarket trade_date may only use row.date < trade_date
2026-04-16,6526,達發,496.0,506.0,491.5,503.0,941473.0,470979005.0,TWSE STOCK_DAY,https://www.twse.com.tw/rwd/zh/afterTrading/STOCK_DAY?date=20260401&stockNo=6526&response=json,2026-04-16 14:00 Asia/Taipei,premarket trade_date may only use row.date < trade_date
2026-04-17,2345,智邦,2035.0,2110.0,2020.0,2070.0,3419131.0,7100942455.0,TWSE STOCK_DAY,https://www.twse.com.tw/rwd/zh/afterTrading/STOCK_DAY?date=20260401&stockNo=2345&response=json,2026-04-17 14:00 Asia/Taipei,premarket trade_date may only use row.date < trade_date
2026-04-17,3017,奇鋐,2435.0,2485.0,2375.0,2400.0,3933545.0,9529538139.0,TWSE STOCK_DAY,https://www.twse.com.tw/rwd/zh/afterTrading/STOCK_DAY?date=20260401&stockNo=3017&response=json,2026-04-17 14:00 Asia/Taipei,premarket trade_date may only use row.date < trade_date
2026-04-17,3189,景碩,395.0,405.0,391.0,391.5,27129642.0,10766493066.0,TWSE STOCK_DAY,https://www.twse.com.tw/rwd/zh/afterTrading/STOCK_DAY?date=20260401&stockNo=3189&response=json,2026-04-17 14:00 Asia/Taipei,premarket trade_date may only use row.date < trade_date
2026-04-17,3443,創意,3340.0,3380.0,3250.0,3255.0,1284330.0,4248692105.0,TWSE STOCK_DAY,https://www.twse.com.tw/rwd/zh/afterTrading/STOCK_DAY?date=20260401&stockNo=3443&response=json,2026-04-17 14:00 Asia/Taipei,premarket trade_date may only use row.date < trade_date
2026-04-17,6526,達發,508.0,508.0,498.0,506.0,447469.0,225259150.0,TWSE STOCK_DAY,https://www.twse.com.tw/rwd/zh/afterTrading/STOCK_DAY?date=20260401&stockNo=6526&response=json,2026-04-17 14:00 Asia/Taipei,premarket trade_date may only use row.date < trade_date
2026-04-20,2345,智邦,2045.0,2060.0,1995.0,2005.0,4046599.0,8166168755.0,TWSE STOCK_DAY,https://www.twse.com.tw/rwd/zh/afterTrading/STOCK_DAY?date=20260401&stockNo=2345&response=json,2026-04-20 14:00 Asia/Taipei,premarket trade_date may only use row.date < trade_date
2026-04-20,3017,奇鋐,2410.0,2515.0,2395.0,2490.0,3547518.0,8767850520.0,TWSE STOCK_DAY,https://www.twse.com.tw/rwd/zh/afterTrading/STOCK_DAY?date=20260401&stockNo=3017&response=json,2026-04-20 14:00 Asia/Taipei,premarket trade_date may only use row.date < trade_date
2026-04-20,3189,景碩,397.0,430.5,396.0,430.5,33909184.0,14213273632.0,TWSE STOCK_DAY,https://www.twse.com.tw/rwd/zh/afterTrading/STOCK_DAY?date=20260401&stockNo=3189&response=json,2026-04-20 14:00 Asia/Taipei,premarket trade_date may only use row.date < trade_date
2026-04-20,3443,創意,3495.0,3580.0,3450.0,3580.0,1159632.0,4099387950.0,TWSE STOCK_DAY,https://www.twse.com.tw/rwd/zh/afterTrading/STOCK_DAY?date=20260401&stockNo=3443&response=json,2026-04-20 14:00 Asia/Taipei,premarket trade_date may only use row.date < trade_date
2026-04-20,6526,達發,508.0,520.0,504.0,505.0,794103.0,405901154.0,TWSE STOCK_DAY,https://www.twse.com.tw/rwd/zh/afterTrading/STOCK_DAY?date=20260401&stockNo=6526&response=json,2026-04-20 14:00 Asia/Taipei,premarket trade_date may only use row.date < trade_date
2026-04-21,2345,智邦,2100.0,2205.0,2060.0,2190.0,6399329.0,13739829545.0,TWSE STOCK_DAY,https://www.twse.com.tw/rwd/zh/afterTrading/STOCK_DAY?date=20260401&stockNo=2345&response=json,2026-04-21 14:00 Asia/Taipei,premarket trade_date may only use row.date < trade_date
2026-04-21,3017,奇鋐,2560.0,2585.0,2450.0,2565.0,4107167.0,10423384865.0,TWSE STOCK_DAY,https://www.twse.com.tw/rwd/zh/afterTrading/STOCK_DAY?date=20260401&stockNo=3017&response=json,2026-04-21 14:00 Asia/Taipei,premarket trade_date may only use row.date < trade_date
2026-04-21,3189,景碩,453.0,473.5,446.0,473.5,38001566.0,17590092162.0,TWSE STOCK_DAY,https://www.twse.com.tw/rwd/zh/afterTrading/STOCK_DAY?date=20260401&stockNo=3189&response=json,2026-04-21 14:00 Asia/Taipei,premarket trade_date may only use row.date < trade_date
2026-04-21,3443,創意,3605.0,3830.0,3605.0,3735.0,1074702.0,3979265575.0,TWSE STOCK_DAY,https://www.twse.com.tw/rwd/zh/afterTrading/STOCK_DAY?date=20260401&stockNo=3443&response=json,2026-04-21 14:00 Asia/Taipei,premarket trade_date may only use row.date < trade_date
2026-04-21,6526,達發,519.0,555.0,519.0,555.0,1544048.0,847065457.0,TWSE STOCK_DAY,https://www.twse.com.tw/rwd/zh/afterTrading/STOCK_DAY?date=20260401&stockNo=6526&response=json,2026-04-21 14:00 Asia/Taipei,premarket trade_date may only use row.date < trade_date
2026-04-22,2345,智邦,2150.0,2250.0,2130.0,2200.0,4732097.0,10369281940.0,TWSE STOCK_DAY,https://www.twse.com.tw/rwd/zh/afterTrading/STOCK_DAY?date=20260401&stockNo=2345&response=json,2026-04-22 14:00 Asia/Taipei,premarket trade_date may only use row.date < trade_date
2026-04-22,3017,奇鋐,2585.0,2800.0,2580.0,2695.0,5151543.0,13906393922.0,TWSE STOCK_DAY,https://www.twse.com.tw/rwd/zh/afterTrading/STOCK_DAY?date=20260401&stockNo=3017&response=json,2026-04-22 14:00 Asia/Taipei,premarket trade_date may only use row.date < trade_date
2026-04-22,3189,景碩,496.0,509.0,484.5,491.5,53118820.0,26331044262.0,TWSE STOCK_DAY,https://www.twse.com.tw/rwd/zh/afterTrading/STOCK_DAY?date=20260401&stockNo=3189&response=json,2026-04-22 14:00 Asia/Taipei,premarket trade_date may only use row.date < trade_date
2026-04-22,3443,創意,3755.0,3755.0,3660.0,3675.0,927944.0,3435289465.0,TWSE STOCK_DAY,https://www.twse.com.tw/rwd/zh/afterTrading/STOCK_DAY?date=20260401&stockNo=3443&response=json,2026-04-22 14:00 Asia/Taipei,premarket trade_date may only use row.date < trade_date
2026-04-22,6526,達發,584.0,610.0,578.0,610.0,4146311.0,2476630896.0,TWSE STOCK_DAY,https://www.twse.com.tw/rwd/zh/afterTrading/STOCK_DAY?date=20260401&stockNo=6526&response=json,2026-04-22 14:00 Asia/Taipei,premarket trade_date may only use row.date < trade_date
2026-04-23,2345,智邦,2220.0,2230.0,2010.0,2080.0,6588511.0,13900285926.0,TWSE STOCK_DAY,https://www.twse.com.tw/rwd/zh/afterTrading/STOCK_DAY?date=20260401&stockNo=2345&response=json,2026-04-23 14:00 Asia/Taipei,premarket trade_date may only use row.date < trade_date
2026-04-23,3017,奇鋐,2770.0,2875.0,2585.0,2680.0,6812966.0,18599861205.0,TWSE STOCK_DAY,https://www.twse.com.tw/rwd/zh/afterTrading/STOCK_DAY?date=20260401&stockNo=3017&response=json,2026-04-23 14:00 Asia/Taipei,premarket trade_date may only use row.date < trade_date
2026-04-23,3189,景碩,496.0,509.0,453.0,479.0,58632149.0,28435475227.0,TWSE STOCK_DAY,https://www.twse.com.tw/rwd/zh/afterTrading/STOCK_DAY?date=20260401&stockNo=3189&response=json,2026-04-23 14:00 Asia/Taipei,premarket trade_date may only use row.date < trade_date
2026-04-23,3443,創意,4035.0,4040.0,3710.0,3910.0,1774532.0,6965457075.0,TWSE STOCK_DAY,https://www.twse.com.tw/rwd/zh/afterTrading/STOCK_DAY?date=20260401&stockNo=3443&response=json,2026-04-23 14:00 Asia/Taipei,premarket trade_date may only use row.date < trade_date
2026-04-23,6526,達發,618.0,621.0,549.0,556.0,3850368.0,2224700223.0,TWSE STOCK_DAY,https://www.twse.com.tw/rwd/zh/afterTrading/STOCK_DAY?date=20260401&stockNo=6526&response=json,2026-04-23 14:00 Asia/Taipei,premarket trade_date may only use row.date < trade_date
2026-04-24,2345,智邦,2105.0,2170.0,2050.0,2140.0,5127676.0,10883355076.0,TWSE STOCK_DAY,https://www.twse.com.tw/rwd/zh/afterTrading/STOCK_DAY?date=20260401&stockNo=2345&response=json,2026-04-24 14:00 Asia/Taipei,premarket trade_date may only use row.date < trade_date
2026-04-24,3017,奇鋐,2770.0,2945.0,2760.0,2945.0,5243084.0,15215988480.0,TWSE STOCK_DAY,https://www.twse.com.tw/rwd/zh/afterTrading/STOCK_DAY?date=20260401&stockNo=3017&response=json,2026-04-24 14:00 Asia/Taipei,premarket trade_date may only use row.date < trade_date
2026-04-24,3189,景碩,499.0,526.0,498.5,526.0,57209204.0,29755624353.0,TWSE STOCK_DAY,https://www.twse.com.tw/rwd/zh/afterTrading/STOCK_DAY?date=20260401&stockNo=3189&response=json,2026-04-24 14:00 Asia/Taipei,premarket trade_date may only use row.date < trade_date
2026-04-24,3443,創意,4200.0,4300.0,3975.0,4035.0,1807025.0,7608248030.0,TWSE STOCK_DAY,https://www.twse.com.tw/rwd/zh/afterTrading/STOCK_DAY?date=20260401&stockNo=3443&response=json,2026-04-24 14:00 Asia/Taipei,premarket trade_date may only use row.date < trade_date
2026-04-24,6526,達發,579.0,611.0,577.0,601.0,4106366.0,2463746355.0,TWSE STOCK_DAY,https://www.twse.com.tw/rwd/zh/afterTrading/STOCK_DAY?date=20260401&stockNo=6526&response=json,2026-04-24 14:00 Asia/Taipei,premarket trade_date may only use row.date < trade_date
2026-04-27,2345,智邦,2205.0,2225.0,2105.0,2175.0,4986548.0,10848678485.0,TWSE STOCK_DAY,https://www.twse.com.tw/rwd/zh/afterTrading/STOCK_DAY?date=20260401&stockNo=2345&response=json,2026-04-27 14:00 Asia/Taipei,premarket trade_date may only use row.date < trade_date
2026-04-27,3017,奇鋐,2990.0,3010.0,2820.0,2835.0,6583986.0,19058501835.0,TWSE STOCK_DAY,https://www.twse.com.tw/rwd/zh/afterTrading/STOCK_DAY?date=20260401&stockNo=3017&response=json,2026-04-27 14:00 Asia/Taipei,premarket trade_date may only use row.date < trade_date
2026-04-27,3189,景碩,546.0,555.0,502.0,515.0,54177803.0,28563749052.0,TWSE STOCK_DAY,https://www.twse.com.tw/rwd/zh/afterTrading/STOCK_DAY?date=20260401&stockNo=3189&response=json,2026-04-27 14:00 Asia/Taipei,premarket trade_date may only use row.date < trade_date
2026-04-27,3443,創意,4120.0,4120.0,3705.0,3955.0,1745516.0,6770611835.0,TWSE STOCK_DAY,https://www.twse.com.tw/rwd/zh/afterTrading/STOCK_DAY?date=20260401&stockNo=3443&response=json,2026-04-27 14:00 Asia/Taipei,premarket trade_date may only use row.date < trade_date
2026-04-27,6526,達發,622.0,623.0,572.0,581.0,1955608.0,1151890160.0,TWSE STOCK_DAY,https://www.twse.com.tw/rwd/zh/afterTrading/STOCK_DAY?date=20260401&stockNo=6526&response=json,2026-04-27 14:00 Asia/Taipei,premarket trade_date may only use row.date < trade_date
2026-04-28,2345,智邦,2250.0,2340.0,2195.0,2295.0,5955672.0,13595882245.0,TWSE STOCK_DAY,https://www.twse.com.tw/rwd/zh/afterTrading/STOCK_DAY?date=20260401&stockNo=2345&response=json,2026-04-28 14:00 Asia/Taipei,premarket trade_date may only use row.date < trade_date
2026-04-28,3017,奇鋐,2885.0,2990.0,2755.0,2780.0,5933190.0,16770578225.0,TWSE STOCK_DAY,https://www.twse.com.tw/rwd/zh/afterTrading/STOCK_DAY?date=20260401&stockNo=3017&response=json,2026-04-28 14:00 Asia/Taipei,premarket trade_date may only use row.date < trade_date
2026-04-28,3189,景碩,521.0,538.0,496.0,508.0,44138536.0,22616419579.0,TWSE STOCK_DAY,https://www.twse.com.tw/rwd/zh/afterTrading/STOCK_DAY?date=20260401&stockNo=3189&response=json,2026-04-28 14:00 Asia/Taipei,premarket trade_date may only use row.date < trade_date
2026-04-28,3443,創意,4015.0,4245.0,4015.0,4190.0,701701.0,2924784510.0,TWSE STOCK_DAY,https://www.twse.com.tw/rwd/zh/afterTrading/STOCK_DAY?date=20260401&stockNo=3443&response=json,2026-04-28 14:00 Asia/Taipei,premarket trade_date may only use row.date < trade_date
2026-04-28,6526,達發,586.0,607.0,570.0,570.0,2231042.0,1310026366.0,TWSE STOCK_DAY,https://www.twse.com.tw/rwd/zh/afterTrading/STOCK_DAY?date=20260401&stockNo=6526&response=json,2026-04-28 14:00 Asia/Taipei,premarket trade_date may only use row.date < trade_date
2026-04-29,2345,智邦,2245.0,2270.0,2190.0,2210.0,4561794.0,10098961145.0,TWSE STOCK_DAY,https://www.twse.com.tw/rwd/zh/afterTrading/STOCK_DAY?date=20260401&stockNo=2345&response=json,2026-04-29 14:00 Asia/Taipei,premarket trade_date may only use row.date < trade_date
2026-04-29,3017,奇鋐,2735.0,2895.0,2735.0,2835.0,4122743.0,11663341455.0,TWSE STOCK_DAY,https://www.twse.com.tw/rwd/zh/afterTrading/STOCK_DAY?date=20260401&stockNo=3017&response=json,2026-04-29 14:00 Asia/Taipei,premarket trade_date may only use row.date < trade_date
2026-04-29,3189,景碩,508.0,516.0,490.0,508.0,24948151.0,12573175658.0,TWSE STOCK_DAY,https://www.twse.com.tw/rwd/zh/afterTrading/STOCK_DAY?date=20260401&stockNo=3189&response=json,2026-04-29 14:00 Asia/Taipei,premarket trade_date may only use row.date < trade_date
2026-04-29,3443,創意,4140.0,4140.0,3960.0,4120.0,626209.0,2542528260.0,TWSE STOCK_DAY,https://www.twse.com.tw/rwd/zh/afterTrading/STOCK_DAY?date=20260401&stockNo=3443&response=json,2026-04-29 14:00 Asia/Taipei,premarket trade_date may only use row.date < trade_date
2026-04-29,6526,達發,566.0,570.0,548.0,548.0,1574174.0,871608153.0,TWSE STOCK_DAY,https://www.twse.com.tw/rwd/zh/afterTrading/STOCK_DAY?date=20260401&stockNo=6526&response=json,2026-04-29 14:00 Asia/Taipei,premarket trade_date may only use row.date < trade_date
2026-04-30,2345,智邦,2225.0,2315.0,2215.0,2280.0,3775578.0,8579401800.0,TWSE STOCK_DAY,https://www.twse.com.tw/rwd/zh/afterTrading/STOCK_DAY?date=20260401&stockNo=2345&response=json,2026-04-30 14:00 Asia/Taipei,premarket trade_date may only use row.date < trade_date
2026-04-30,3017,奇鋐,2840.0,2870.0,2805.0,2835.0,3420271.0,9711527456.0,TWSE STOCK_DAY,https://www.twse.com.tw/rwd/zh/afterTrading/STOCK_DAY?date=20260401&stockNo=3017&response=json,2026-04-30 14:00 Asia/Taipei,premarket trade_date may only use row.date < trade_date
2026-04-30,3189,景碩,516.0,556.0,510.0,528.0,49392113.0,26443871028.0,TWSE STOCK_DAY,https://www.twse.com.tw/rwd/zh/afterTrading/STOCK_DAY?date=20260401&stockNo=3189&response=json,2026-04-30 14:00 Asia/Taipei,premarket trade_date may only use row.date < trade_date
2026-04-30,3443,創意,4180.0,4350.0,4070.0,4260.0,1038809.0,4367335290.0,TWSE STOCK_DAY,https://www.twse.com.tw/rwd/zh/afterTrading/STOCK_DAY?date=20260401&stockNo=3443&response=json,2026-04-30 14:00 Asia/Taipei,premarket trade_date may only use row.date < trade_date
2026-04-30,6526,達發,558.0,562.0,541.0,551.0,1499748.0,827039629.0,TWSE STOCK_DAY,https://www.twse.com.tw/rwd/zh/afterTrading/STOCK_DAY?date=20260401&stockNo=6526&response=json,2026-04-30 14:00 Asia/Taipei,premarket trade_date may only use row.date < trade_date
2026-05-04,2345,智邦,2380.0,2505.0,2360.0,2505.0,4412365.0,10867783650.0,TWSE STOCK_DAY,https://www.twse.com.tw/rwd/zh/afterTrading/STOCK_DAY?date=20260501&stockNo=2345&response=json,2026-05-04 14:00 Asia/Taipei,premarket trade_date may only use row.date < trade_date
2026-05-04,3017,奇鋐,2920.0,2975.0,2815.0,2885.0,3728835.0,10768455685.0,TWSE STOCK_DAY,https://www.twse.com.tw/rwd/zh/afterTrading/STOCK_DAY?date=20260501&stockNo=3017&response=json,2026-05-04 14:00 Asia/Taipei,premarket trade_date may only use row.date < trade_date
2026-05-04,3189,景碩,544.0,544.0,512.0,531.0,24877312.0,13188579959.0,TWSE STOCK_DAY,https://www.twse.com.tw/rwd/zh/afterTrading/STOCK_DAY?date=20260501&stockNo=3189&response=json,2026-05-04 14:00 Asia/Taipei,premarket trade_date may only use row.date < trade_date
2026-05-04,3443,創意,4580.0,4685.0,4475.0,4685.0,1595186.0,7350880115.0,TWSE STOCK_DAY,https://www.twse.com.tw/rwd/zh/afterTrading/STOCK_DAY?date=20260501&stockNo=3443&response=json,2026-05-04 14:00 Asia/Taipei,premarket trade_date may only use row.date < trade_date
2026-05-04,6526,達發,582.0,595.0,579.0,589.0,1789235.0,1055168275.0,TWSE STOCK_DAY,https://www.twse.com.tw/rwd/zh/afterTrading/STOCK_DAY?date=20260501&stockNo=6526&response=json,2026-05-04 14:00 Asia/Taipei,premarket trade_date may only use row.date < trade_date
2026-05-05,2345,智邦,2520.0,2550.0,2440.0,2495.0,3474551.0,8659162545.0,TWSE STOCK_DAY,https://www.twse.com.tw/rwd/zh/afterTrading/STOCK_DAY?date=20260501&stockNo=2345&response=json,2026-05-05 14:00 Asia/Taipei,premarket trade_date may only use row.date < trade_date
2026-05-05,3017,奇鋐,2815.0,2845.0,2655.0,2705.0,8453094.0,23099338620.0,TWSE STOCK_DAY,https://www.twse.com.tw/rwd/zh/afterTrading/STOCK_DAY?date=20260501&stockNo=3017&response=json,2026-05-05 14:00 Asia/Taipei,premarket trade_date may only use row.date < trade_date
2026-05-05,3189,景碩,530.0,541.0,521.0,527.0,15100395.0,7995273331.0,TWSE STOCK_DAY,https://www.twse.com.tw/rwd/zh/afterTrading/STOCK_DAY?date=20260501&stockNo=3189&response=json,2026-05-05 14:00 Asia/Taipei,premarket trade_date may only use row.date < trade_date
2026-05-05,3443,創意,4700.0,4930.0,4570.0,4835.0,4179087.0,19858493265.0,TWSE STOCK_DAY,https://www.twse.com.tw/rwd/zh/afterTrading/STOCK_DAY?date=20260501&stockNo=3443&response=json,2026-05-05 14:00 Asia/Taipei,premarket trade_date may only use row.date < trade_date
2026-05-05,6526,達發,593.0,623.0,587.0,596.0,2564849.0,1542448282.0,TWSE STOCK_DAY,https://www.twse.com.tw/rwd/zh/afterTrading/STOCK_DAY?date=20260501&stockNo=6526&response=json,2026-05-05 14:00 Asia/Taipei,premarket trade_date may only use row.date < trade_date
2026-05-06,2345,智邦,2545.0,2620.0,2325.0,2485.0,6256364.0,15328800450.0,TWSE STOCK_DAY,https://www.twse.com.tw/rwd/zh/afterTrading/STOCK_DAY?date=20260501&stockNo=2345&response=json,2026-05-06 14:00 Asia/Taipei,premarket trade_date may only use row.date < trade_date
2026-05-06,3017,奇鋐,2680.0,2685.0,2435.0,2435.0,11438234.0,28549491260.0,TWSE STOCK_DAY,https://www.twse.com.tw/rwd/zh/afterTrading/STOCK_DAY?date=20260501&stockNo=3017&response=json,2026-05-06 14:00 Asia/Taipei,premarket trade_date may only use row.date < trade_date
2026-05-06,3189,景碩,532.0,537.0,475.0,482.5,32577765.0,16163746596.0,TWSE STOCK_DAY,https://www.twse.com.tw/rwd/zh/afterTrading/STOCK_DAY?date=20260501&stockNo=3189&response=json,2026-05-06 14:00 Asia/Taipei,premarket trade_date may only use row.date < trade_date
2026-05-06,3443,創意,4925.0,4965.0,4520.0,4955.0,4890790.0,23255837870.0,TWSE STOCK_DAY,https://www.twse.com.tw/rwd/zh/afterTrading/STOCK_DAY?date=20260501&stockNo=3443&response=json,2026-05-06 14:00 Asia/Taipei,premarket trade_date may only use row.date < trade_date
2026-05-06,6526,達發,642.0,655.0,640.0,655.0,5119621.0,3341719815.0,TWSE STOCK_DAY,https://www.twse.com.tw/rwd/zh/afterTrading/STOCK_DAY?date=20260501&stockNo=6526&response=json,2026-05-06 14:00 Asia/Taipei,premarket trade_date may only use row.date < trade_date
2026-05-07,2345,智邦,2495.0,2560.0,2465.0,2560.0,3820023.0,9611011291.0,TWSE STOCK_DAY,https://www.twse.com.tw/rwd/zh/afterTrading/STOCK_DAY?date=20260501&stockNo=2345&response=json,2026-05-07 14:00 Asia/Taipei,premarket trade_date may only use row.date < trade_date
2026-05-07,3017,奇鋐,2445.0,2500.0,2380.0,2415.0,11314013.0,27505267905.0,TWSE STOCK_DAY,https://www.twse.com.tw/rwd/zh/afterTrading/STOCK_DAY?date=20260501&stockNo=3017&response=json,2026-05-07 14:00 Asia/Taipei,premarket trade_date may only use row.date < trade_date
2026-05-07,3189,景碩,486.5,506.0,478.0,492.5,21099853.0,10399773616.0,TWSE STOCK_DAY,https://www.twse.com.tw/rwd/zh/afterTrading/STOCK_DAY?date=20260501&stockNo=3189&response=json,2026-05-07 14:00 Asia/Taipei,premarket trade_date may only use row.date < trade_date
2026-05-07,3443,創意,4955.0,5450.0,4945.0,5450.0,2180365.0,11514942405.0,TWSE STOCK_DAY,https://www.twse.com.tw/rwd/zh/afterTrading/STOCK_DAY?date=20260501&stockNo=3443&response=json,2026-05-07 14:00 Asia/Taipei,premarket trade_date may only use row.date < trade_date
2026-05-07,6526,達發,687.0,720.0,671.0,720.0,6365852.0,4456575844.0,TWSE STOCK_DAY,https://www.twse.com.tw/rwd/zh/afterTrading/STOCK_DAY?date=20260501&stockNo=6526&response=json,2026-05-07 14:00 Asia/Taipei,premarket trade_date may only use row.date < trade_date
2026-05-08,2345,智邦,2400.0,2425.0,2305.0,2375.0,10934471.0,25609223875.0,TWSE STOCK_DAY,https://www.twse.com.tw/rwd/zh/afterTrading/STOCK_DAY?date=20260501&stockNo=2345&response=json,2026-05-08 14:00 Asia/Taipei,premarket trade_date may only use row.date < trade_date
2026-05-08,3017,奇鋐,2405.0,2500.0,2350.0,2445.0,5937295.0,14501631015.0,TWSE STOCK_DAY,https://www.twse.com.tw/rwd/zh/afterTrading/STOCK_DAY?date=20260501&stockNo=3017&response=json,2026-05-08 14:00 Asia/Taipei,premarket trade_date may only use row.date < trade_date
2026-05-08,3189,景碩,487.0,487.5,445.5,458.0,28689133.0,13326516382.0,TWSE STOCK_DAY,https://www.twse.com.tw/rwd/zh/afterTrading/STOCK_DAY?date=20260501&stockNo=3189&response=json,2026-05-08 14:00 Asia/Taipei,premarket trade_date may only use row.date < trade_date
2026-05-08,3443,創意,5465.0,5555.0,5210.0,5210.0,2898906.0,15622703065.0,TWSE STOCK_DAY,https://www.twse.com.tw/rwd/zh/afterTrading/STOCK_DAY?date=20260501&stockNo=3443&response=json,2026-05-08 14:00 Asia/Taipei,premarket trade_date may only use row.date < trade_date
2026-05-08,6526,達發,750.0,787.0,734.0,753.0,6700896.0,5102636780.0,TWSE STOCK_DAY,https://www.twse.com.tw/rwd/zh/afterTrading/STOCK_DAY?date=20260501&stockNo=6526&response=json,2026-05-08 14:00 Asia/Taipei,premarket trade_date may only use row.date < trade_date
2026-05-11,2345,智邦,2490.0,2610.0,2485.0,2590.0,8849256.0,22816501252.0,TWSE STOCK_DAY,https://www.twse.com.tw/rwd/zh/afterTrading/STOCK_DAY?date=20260501&stockNo=2345&response=json,2026-05-11 14:00 Asia/Taipei,premarket trade_date may only use row.date < trade_date
2026-05-11,3017,奇鋐,2485.0,2590.0,2455.0,2555.0,6204661.0,15814319510.0,TWSE STOCK_DAY,https://www.twse.com.tw/rwd/zh/afterTrading/STOCK_DAY?date=20260501&stockNo=3017&response=json,2026-05-11 14:00 Asia/Taipei,premarket trade_date may only use row.date < trade_date
2026-05-11,3189,景碩,475.0,503.0,468.0,503.0,26643811.0,13019892785.0,TWSE STOCK_DAY,https://www.twse.com.tw/rwd/zh/afterTrading/STOCK_DAY?date=20260501&stockNo=3189&response=json,2026-05-11 14:00 Asia/Taipei,premarket trade_date may only use row.date < trade_date
2026-05-11,3443,創意,5300.0,5730.0,5245.0,5730.0,2419167.0,13526016300.0,TWSE STOCK_DAY,https://www.twse.com.tw/rwd/zh/afterTrading/STOCK_DAY?date=20260501&stockNo=3443&response=json,2026-05-11 14:00 Asia/Taipei,premarket trade_date may only use row.date < trade_date
2026-05-11,6526,達發,775.0,782.0,739.0,750.0,3602950.0,2744115133.0,TWSE STOCK_DAY,https://www.twse.com.tw/rwd/zh/afterTrading/STOCK_DAY?date=20260501&stockNo=6526&response=json,2026-05-11 14:00 Asia/Taipei,premarket trade_date may only use row.date < trade_date
2026-05-12,2345,智邦,2675.0,2695.0,2520.0,2525.0,6056908.0,15608777104.0,TWSE STOCK_DAY,https://www.twse.com.tw/rwd/zh/afterTrading/STOCK_DAY?date=20260501&stockNo=2345&response=json,2026-05-12 14:00 Asia/Taipei,premarket trade_date may only use row.date < trade_date
2026-05-12,3017,奇鋐,2625.0,2625.0,2520.0,2520.0,5010847.0,12858115180.0,TWSE STOCK_DAY,https://www.twse.com.tw/rwd/zh/afterTrading/STOCK_DAY?date=20260501&stockNo=3017&response=json,2026-05-12 14:00 Asia/Taipei,premarket trade_date may only use row.date < trade_date
2026-05-12,3189,景碩,525.0,532.0,494.0,494.0,29425571.0,15071501993.0,TWSE STOCK_DAY,https://www.twse.com.tw/rwd/zh/afterTrading/STOCK_DAY?date=20260501&stockNo=3189&response=json,2026-05-12 14:00 Asia/Taipei,premarket trade_date may only use row.date < trade_date
2026-05-12,3443,創意,5950.0,5950.0,5510.0,5570.0,2615297.0,14799220160.0,TWSE STOCK_DAY,https://www.twse.com.tw/rwd/zh/afterTrading/STOCK_DAY?date=20260501&stockNo=3443&response=json,2026-05-12 14:00 Asia/Taipei,premarket trade_date may only use row.date < trade_date
2026-05-12,6526,達發,750.0,753.0,724.0,734.0,2247276.0,1655708558.0,TWSE STOCK_DAY,https://www.twse.com.tw/rwd/zh/afterTrading/STOCK_DAY?date=20260501&stockNo=6526&response=json,2026-05-12 14:00 Asia/Taipei,premarket trade_date may only use row.date < trade_date
2026-05-13,2345,智邦,2510.0,2555.0,2435.0,2435.0,4119903.0,10199950164.0,TWSE STOCK_DAY,https://www.twse.com.tw/rwd/zh/afterTrading/STOCK_DAY?date=20260501&stockNo=2345&response=json,2026-05-13 14:00 Asia/Taipei,premarket trade_date may only use row.date < trade_date
2026-05-13,3017,奇鋐,2545.0,2625.0,2500.0,2585.0,6267261.0,16068612240.0,TWSE STOCK_DAY,https://www.twse.com.tw/rwd/zh/afterTrading/STOCK_DAY?date=20260501&stockNo=3017&response=json,2026-05-13 14:00 Asia/Taipei,premarket trade_date may only use row.date < trade_date
2026-05-13,3189,景碩,482.0,516.0,481.5,497.5,24218373.0,12139349380.0,TWSE STOCK_DAY,https://www.twse.com.tw/rwd/zh/afterTrading/STOCK_DAY?date=20260501&stockNo=3189&response=json,2026-05-13 14:00 Asia/Taipei,premarket trade_date may only use row.date < trade_date
2026-05-13,3443,創意,5405.0,5455.0,5050.0,5330.0,2747701.0,14423575070.0,TWSE STOCK_DAY,https://www.twse.com.tw/rwd/zh/afterTrading/STOCK_DAY?date=20260501&stockNo=3443&response=json,2026-05-13 14:00 Asia/Taipei,premarket trade_date may only use row.date < trade_date
2026-05-13,6526,達發,726.0,729.0,695.0,703.0,1748310.0,1234575069.0,TWSE STOCK_DAY,https://www.twse.com.tw/rwd/zh/afterTrading/STOCK_DAY?date=20260501&stockNo=6526&response=json,2026-05-13 14:00 Asia/Taipei,premarket trade_date may only use row.date < trade_date
2026-05-14,2345,智邦,2625.0,2675.0,2605.0,2675.0,7660332.0,20426738501.0,TWSE STOCK_DAY,https://www.twse.com.tw/rwd/zh/afterTrading/STOCK_DAY?date=20260501&stockNo=2345&response=json,2026-05-14 14:00 Asia/Taipei,premarket trade_date may only use row.date < trade_date
2026-05-14,3017,奇鋐,2700.0,2775.0,2555.0,2555.0,7168071.0,19001413425.0,TWSE STOCK_DAY,https://www.twse.com.tw/rwd/zh/afterTrading/STOCK_DAY?date=20260501&stockNo=3017&response=json,2026-05-14 14:00 Asia/Taipei,premarket trade_date may only use row.date < trade_date
2026-05-14,3189,景碩,506.0,540.0,488.0,522.0,45244266.0,23468589890.0,TWSE STOCK_DAY,https://www.twse.com.tw/rwd/zh/afterTrading/STOCK_DAY?date=20260501&stockNo=3189&response=json,2026-05-14 14:00 Asia/Taipei,premarket trade_date may only use row.date < trade_date
2026-05-14,3443,創意,5505.0,5515.0,5055.0,5075.0,2742620.0,14185978030.0,TWSE STOCK_DAY,https://www.twse.com.tw/rwd/zh/afterTrading/STOCK_DAY?date=20260501&stockNo=3443&response=json,2026-05-14 14:00 Asia/Taipei,premarket trade_date may only use row.date < trade_date
2026-05-14,6526,達發,722.0,724.0,700.0,706.0,1424526.0,1009995956.0,TWSE STOCK_DAY,https://www.twse.com.tw/rwd/zh/afterTrading/STOCK_DAY?date=20260501&stockNo=6526&response=json,2026-05-14 14:00 Asia/Taipei,premarket trade_date may only use row.date < trade_date
2026-05-15,2345,智邦,2640.0,2640.0,2500.0,2505.0,7039823.0,17949880315.0,TWSE STOCK_DAY,https://www.twse.com.tw/rwd/zh/afterTrading/STOCK_DAY?date=20260501&stockNo=2345&response=json,2026-05-15 14:00 Asia/Taipei,premarket trade_date may only use row.date < trade_date
2026-05-15,3017,奇鋐,2690.0,2735.0,2445.0,2455.0,6646560.0,17045921560.0,TWSE STOCK_DAY,https://www.twse.com.tw/rwd/zh/afterTrading/STOCK_DAY?date=20260501&stockNo=3017&response=json,2026-05-15 14:00 Asia/Taipei,premarket trade_date may only use row.date < trade_date
2026-05-15,3189,景碩,536.0,537.0,480.0,486.0,33389422.0,16672453674.0,TWSE STOCK_DAY,https://www.twse.com.tw/rwd/zh/afterTrading/STOCK_DAY?date=20260501&stockNo=3189&response=json,2026-05-15 14:00 Asia/Taipei,premarket trade_date may only use row.date < trade_date
2026-05-15,3443,創意,5140.0,5205.0,4765.0,4845.0,3680869.0,18106828750.0,TWSE STOCK_DAY,https://www.twse.com.tw/rwd/zh/afterTrading/STOCK_DAY?date=20260501&stockNo=3443&response=json,2026-05-15 14:00 Asia/Taipei,premarket trade_date may only use row.date < trade_date
2026-05-15,6526,達發,718.0,724.0,687.0,688.0,1485581.0,1042825004.0,TWSE STOCK_DAY,https://www.twse.com.tw/rwd/zh/afterTrading/STOCK_DAY?date=20260501&stockNo=6526&response=json,2026-05-15 14:00 Asia/Taipei,premarket trade_date may only use row.date < trade_date
2026-05-18,2345,智邦,2375.0,2530.0,2375.0,2495.0,3138457.0,7784039070.0,TWSE STOCK_DAY,https://www.twse.com.tw/rwd/zh/afterTrading/STOCK_DAY?date=20260501&stockNo=2345&response=json,2026-05-18 14:00 Asia/Taipei,premarket trade_date may only use row.date < trade_date
2026-05-18,3017,奇鋐,2350.0,2435.0,2300.0,2410.0,4751185.0,11282056565.0,TWSE STOCK_DAY,https://www.twse.com.tw/rwd/zh/afterTrading/STOCK_DAY?date=20260501&stockNo=3017&response=json,2026-05-18 14:00 Asia/Taipei,premarket trade_date may only use row.date < trade_date
2026-05-18,3189,景碩,472.0,510.0,460.0,505.0,20228783.0,9750537678.0,TWSE STOCK_DAY,https://www.twse.com.tw/rwd/zh/afterTrading/STOCK_DAY?date=20260501&stockNo=3189&response=json,2026-05-18 14:00 Asia/Taipei,premarket trade_date may only use row.date < trade_date
2026-05-18,3443,創意,4625.0,4760.0,4560.0,4740.0,2458298.0,11397678185.0,TWSE STOCK_DAY,https://www.twse.com.tw/rwd/zh/afterTrading/STOCK_DAY?date=20260501&stockNo=3443&response=json,2026-05-18 14:00 Asia/Taipei,premarket trade_date may only use row.date < trade_date
2026-05-18,6526,達發,673.0,697.0,650.0,689.0,1201452.0,809750193.0,TWSE STOCK_DAY,https://www.twse.com.tw/rwd/zh/afterTrading/STOCK_DAY?date=20260501&stockNo=6526&response=json,2026-05-18 14:00 Asia/Taipei,premarket trade_date may only use row.date < trade_date
2026-05-19,2345,智邦,2460.0,2505.0,2375.0,2390.0,4254714.0,10279446455.0,TWSE STOCK_DAY,https://www.twse.com.tw/rwd/zh/afterTrading/STOCK_DAY?date=20260501&stockNo=2345&response=json,2026-05-19 14:00 Asia/Taipei,premarket trade_date may only use row.date < trade_date
2026-05-19,3017,奇鋐,2455.0,2470.0,2370.0,2390.0,3542685.0,8556803655.0,TWSE STOCK_DAY,https://www.twse.com.tw/rwd/zh/afterTrading/STOCK_DAY?date=20260501&stockNo=3017&response=json,2026-05-19 14:00 Asia/Taipei,premarket trade_date may only use row.date < trade_date
2026-05-19,3189,景碩,515.0,530.0,497.0,513.0,37470963.0,19302831992.0,TWSE STOCK_DAY,https://www.twse.com.tw/rwd/zh/afterTrading/STOCK_DAY?date=20260501&stockNo=3189&response=json,2026-05-19 14:00 Asia/Taipei,premarket trade_date may only use row.date < trade_date
2026-05-19,3443,創意,4710.0,4710.0,4370.0,4465.0,2565536.0,11489818600.0,TWSE STOCK_DAY,https://www.twse.com.tw/rwd/zh/afterTrading/STOCK_DAY?date=20260501&stockNo=3443&response=json,2026-05-19 14:00 Asia/Taipei,premarket trade_date may only use row.date < trade_date
2026-05-19,6526,達發,680.0,686.0,642.0,647.0,1955175.0,1283069393.0,TWSE STOCK_DAY,https://www.twse.com.tw/rwd/zh/afterTrading/STOCK_DAY?date=20260501&stockNo=6526&response=json,2026-05-19 14:00 Asia/Taipei,premarket trade_date may only use row.date < trade_date
2026-05-20,2345,智邦,2330.0,2475.0,2325.0,2355.0,4381174.0,10465339855.0,TWSE STOCK_DAY,https://www.twse.com.tw/rwd/zh/afterTrading/STOCK_DAY?date=20260501&stockNo=2345&response=json,2026-05-20 14:00 Asia/Taipei,premarket trade_date may only use row.date < trade_date
2026-05-20,3017,奇鋐,2425.0,2435.0,2325.0,2340.0,3568975.0,8444857406.0,TWSE STOCK_DAY,https://www.twse.com.tw/rwd/zh/afterTrading/STOCK_DAY?date=20260501&stockNo=3017&response=json,2026-05-20 14:00 Asia/Taipei,premarket trade_date may only use row.date < trade_date
2026-05-20,3189,景碩,513.0,520.0,481.0,504.0,39836206.0,19958513035.0,TWSE STOCK_DAY,https://www.twse.com.tw/rwd/zh/afterTrading/STOCK_DAY?date=20260501&stockNo=3189&response=json,2026-05-20 14:00 Asia/Taipei,premarket trade_date may only use row.date < trade_date
2026-05-20,3443,創意,4505.0,4830.0,4420.0,4605.0,3290150.0,15247799385.0,TWSE STOCK_DAY,https://www.twse.com.tw/rwd/zh/afterTrading/STOCK_DAY?date=20260501&stockNo=3443&response=json,2026-05-20 14:00 Asia/Taipei,premarket trade_date may only use row.date < trade_date
2026-05-20,6526,達發,647.0,665.0,632.0,657.0,1198631.0,784346952.0,TWSE STOCK_DAY,https://www.twse.com.tw/rwd/zh/afterTrading/STOCK_DAY?date=20260501&stockNo=6526&response=json,2026-05-20 14:00 Asia/Taipei,premarket trade_date may only use row.date < trade_date
2026-05-21,2345,智邦,2480.0,2530.0,2450.0,2480.0,5468981.0,13657335635.0,TWSE STOCK_DAY,https://www.twse.com.tw/rwd/zh/afterTrading/STOCK_DAY?date=20260501&stockNo=2345&response=json,2026-05-21 14:00 Asia/Taipei,premarket trade_date may only use row.date < trade_date
2026-05-21,3017,奇鋐,2445.0,2515.0,2415.0,2495.0,3762794.0,9313044865.0,TWSE STOCK_DAY,https://www.twse.com.tw/rwd/zh/afterTrading/STOCK_DAY?date=20260501&stockNo=3017&response=json,2026-05-21 14:00 Asia/Taipei,premarket trade_date may only use row.date < trade_date
2026-05-21,3189,景碩,540.0,554.0,531.0,554.0,35212876.0,19254979961.0,TWSE STOCK_DAY,https://www.twse.com.tw/rwd/zh/afterTrading/STOCK_DAY?date=20260501&stockNo=3189&response=json,2026-05-21 14:00 Asia/Taipei,premarket trade_date may only use row.date < trade_date
2026-05-21,3443,創意,4820.0,5065.0,4770.0,5065.0,2896956.0,14312484670.0,TWSE STOCK_DAY,https://www.twse.com.tw/rwd/zh/afterTrading/STOCK_DAY?date=20260501&stockNo=3443&response=json,2026-05-21 14:00 Asia/Taipei,premarket trade_date may only use row.date < trade_date
2026-05-21,6526,達發,680.0,712.0,680.0,704.0,1927329.0,1345817726.0,TWSE STOCK_DAY,https://www.twse.com.tw/rwd/zh/afterTrading/STOCK_DAY?date=20260501&stockNo=6526&response=json,2026-05-21 14:00 Asia/Taipei,premarket trade_date may only use row.date < trade_date
2026-05-22,2345,智邦,2535.0,2535.0,2450.0,2470.0,2750416.0,6848463020.0,TWSE STOCK_DAY,https://www.twse.com.tw/rwd/zh/afterTrading/STOCK_DAY?date=20260501&stockNo=2345&response=json,2026-05-22 14:00 Asia/Taipei,premarket trade_date may only use row.date < trade_date
2026-05-22,3017,奇鋐,2550.0,2610.0,2470.0,2545.0,5501063.0,13965964590.0,TWSE STOCK_DAY,https://www.twse.com.tw/rwd/zh/afterTrading/STOCK_DAY?date=20260501&stockNo=3017&response=json,2026-05-22 14:00 Asia/Taipei,premarket trade_date may only use row.date < trade_date
2026-05-22,3189,景碩,588.0,609.0,588.0,609.0,11454728.0,6883833352.0,TWSE STOCK_DAY,https://www.twse.com.tw/rwd/zh/afterTrading/STOCK_DAY?date=20260501&stockNo=3189&response=json,2026-05-22 14:00 Asia/Taipei,premarket trade_date may only use row.date < trade_date
2026-05-22,3443,創意,5105.0,5195.0,4955.0,5140.0,2682444.0,13623470060.0,TWSE STOCK_DAY,https://www.twse.com.tw/rwd/zh/afterTrading/STOCK_DAY?date=20260501&stockNo=3443&response=json,2026-05-22 14:00 Asia/Taipei,premarket trade_date may only use row.date < trade_date
2026-05-22,6526,達發,709.0,725.0,695.0,725.0,1994424.0,1422579666.0,TWSE STOCK_DAY,https://www.twse.com.tw/rwd/zh/afterTrading/STOCK_DAY?date=20260501&stockNo=6526&response=json,2026-05-22 14:00 Asia/Taipei,premarket trade_date may only use row.date < trade_date
2026-05-25,2345,智邦,2535.0,2600.0,2505.0,2540.0,2633850.0,6718326175.0,TWSE STOCK_DAY,https://www.twse.com.tw/rwd/zh/afterTrading/STOCK_DAY?date=20260501&stockNo=2345&response=json,2026-05-25 14:00 Asia/Taipei,premarket trade_date may only use row.date < trade_date
2026-05-25,3017,奇鋐,2625.0,2640.0,2545.0,2575.0,5688149.0,14770448085.0,TWSE STOCK_DAY,https://www.twse.com.tw/rwd/zh/afterTrading/STOCK_DAY?date=20260501&stockNo=3017&response=json,2026-05-25 14:00 Asia/Taipei,premarket trade_date may only use row.date < trade_date
2026-05-25,3189,景碩,664.0,669.0,660.0,669.0,8536899.0,5690800431.0,TWSE STOCK_DAY,https://www.twse.com.tw/rwd/zh/afterTrading/STOCK_DAY?date=20260501&stockNo=3189&response=json,2026-05-25 14:00 Asia/Taipei,premarket trade_date may only use row.date < trade_date
2026-05-25,3443,創意,5320.0,5560.0,5155.0,5310.0,2519157.0,13560912060.0,TWSE STOCK_DAY,https://www.twse.com.tw/rwd/zh/afterTrading/STOCK_DAY?date=20260501&stockNo=3443&response=json,2026-05-25 14:00 Asia/Taipei,premarket trade_date may only use row.date < trade_date
2026-05-25,6526,達發,745.0,774.0,741.0,750.0,2558448.0,1932372399.0,TWSE STOCK_DAY,https://www.twse.com.tw/rwd/zh/afterTrading/STOCK_DAY?date=20260501&stockNo=6526&response=json,2026-05-25 14:00 Asia/Taipei,premarket trade_date may only use row.date < trade_date
2026-05-26,2345,智邦,2610.0,2695.0,2560.0,2620.0,3688871.0,9679671770.0,TWSE STOCK_DAY,https://www.twse.com.tw/rwd/zh/afterTrading/STOCK_DAY?date=20260501&stockNo=2345&response=json,2026-05-26 14:00 Asia/Taipei,premarket trade_date may only use row.date < trade_date
2026-05-26,3017,奇鋐,2590.0,2750.0,2570.0,2725.0,6239924.0,16686855990.0,TWSE STOCK_DAY,https://www.twse.com.tw/rwd/zh/afterTrading/STOCK_DAY?date=20260501&stockNo=3017&response=json,2026-05-26 14:00 Asia/Taipei,premarket trade_date may only use row.date < trade_date
2026-05-26,3189,景碩,670.0,719.0,654.0,696.0,50429815.0,34607396590.0,TWSE STOCK_DAY,https://www.twse.com.tw/rwd/zh/afterTrading/STOCK_DAY?date=20260501&stockNo=3189&response=json,2026-05-26 14:00 Asia/Taipei,premarket trade_date may only use row.date < trade_date
2026-05-26,3443,創意,5510.0,5510.0,4910.0,5285.0,2019188.0,10566956125.0,TWSE STOCK_DAY,https://www.twse.com.tw/rwd/zh/afterTrading/STOCK_DAY?date=20260501&stockNo=3443&response=json,2026-05-26 14:00 Asia/Taipei,premarket trade_date may only use row.date < trade_date
2026-05-26,6526,達發,755.0,755.0,695.0,696.0,2228540.0,1595036769.0,TWSE STOCK_DAY,https://www.twse.com.tw/rwd/zh/afterTrading/STOCK_DAY?date=20260501&stockNo=6526&response=json,2026-05-26 14:00 Asia/Taipei,premarket trade_date may only use row.date < trade_date
2026-05-27,2345,智邦,2645.0,2670.0,2570.0,2620.0,3955442.0,10383502215.0,TWSE STOCK_DAY,https://www.twse.com.tw/rwd/zh/afterTrading/STOCK_DAY?date=20260501&stockNo=2345&response=json,2026-05-27 14:00 Asia/Taipei,premarket trade_date may only use row.date < trade_date
2026-05-27,3017,奇鋐,2800.0,2835.0,2695.0,2700.0,4384212.0,12112986195.0,TWSE STOCK_DAY,https://www.twse.com.tw/rwd/zh/afterTrading/STOCK_DAY?date=20260501&stockNo=3017&response=json,2026-05-27 14:00 Asia/Taipei,premarket trade_date may only use row.date < trade_date
2026-05-27,3189,景碩,726.0,764.0,693.0,702.0,30662886.0,22202080119.0,TWSE STOCK_DAY,https://www.twse.com.tw/rwd/zh/afterTrading/STOCK_DAY?date=20260501&stockNo=3189&response=json,2026-05-27 14:00 Asia/Taipei,premarket trade_date may only use row.date < trade_date
2026-05-27,3443,創意,5350.0,5620.0,5050.0,5100.0,2728891.0,14423055640.0,TWSE STOCK_DAY,https://www.twse.com.tw/rwd/zh/afterTrading/STOCK_DAY?date=20260501&stockNo=3443&response=json,2026-05-27 14:00 Asia/Taipei,premarket trade_date may only use row.date < trade_date
2026-05-27,6526,達發,690.0,715.0,680.0,682.0,1731600.0,1202637890.0,TWSE STOCK_DAY,https://www.twse.com.tw/rwd/zh/afterTrading/STOCK_DAY?date=20260501&stockNo=6526&response=json,2026-05-27 14:00 Asia/Taipei,premarket trade_date may only use row.date < trade_date
2026-05-28,2345,智邦,2575.0,2580.0,2395.0,2435.0,5051117.0,12517383459.0,TWSE STOCK_DAY,https://www.twse.com.tw/rwd/zh/afterTrading/STOCK_DAY?date=20260501&stockNo=2345&response=json,2026-05-28 14:00 Asia/Taipei,premarket trade_date may only use row.date < trade_date
2026-05-28,3017,奇鋐,2740.0,2795.0,2540.0,2580.0,5097423.0,13522980400.0,TWSE STOCK_DAY,https://www.twse.com.tw/rwd/zh/afterTrading/STOCK_DAY?date=20260501&stockNo=3017&response=json,2026-05-28 14:00 Asia/Taipei,premarket trade_date may only use row.date < trade_date
2026-05-28,3189,景碩,702.0,702.0,654.0,681.0,8187338.0,5578812838.0,TWSE STOCK_DAY,https://www.twse.com.tw/rwd/zh/afterTrading/STOCK_DAY?date=20260501&stockNo=3189&response=json,2026-05-28 14:00 Asia/Taipei,premarket trade_date may only use row.date < trade_date
2026-05-28,3443,創意,5090.0,5320.0,4590.0,4590.0,4074783.0,19746703530.0,TWSE STOCK_DAY,https://www.twse.com.tw/rwd/zh/afterTrading/STOCK_DAY?date=20260501&stockNo=3443&response=json,2026-05-28 14:00 Asia/Taipei,premarket trade_date may only use row.date < trade_date
2026-05-28,6526,達發,683.0,694.0,650.0,660.0,1339136.0,897250343.0,TWSE STOCK_DAY,https://www.twse.com.tw/rwd/zh/afterTrading/STOCK_DAY?date=20260501&stockNo=6526&response=json,2026-05-28 14:00 Asia/Taipei,premarket trade_date may only use row.date < trade_date
2026-05-29,2345,智邦,2505.0,2530.0,2390.0,2430.0,6396739.0,15627596485.0,TWSE STOCK_DAY,https://www.twse.com.tw/rwd/zh/afterTrading/STOCK_DAY?date=20260501&stockNo=2345&response=json,2026-05-29 14:00 Asia/Taipei,premarket trade_date may only use row.date < trade_date
2026-05-29,3017,奇鋐,2680.0,2730.0,2615.0,2665.0,9351169.0,25024183485.0,TWSE STOCK_DAY,https://www.twse.com.tw/rwd/zh/afterTrading/STOCK_DAY?date=20260501&stockNo=3017&response=json,2026-05-29 14:00 Asia/Taipei,premarket trade_date may only use row.date < trade_date
2026-05-29,3189,景碩,707.0,746.0,704.0,729.0,7357595.0,5320212011.0,TWSE STOCK_DAY,https://www.twse.com.tw/rwd/zh/afterTrading/STOCK_DAY?date=20260501&stockNo=3189&response=json,2026-05-29 14:00 Asia/Taipei,premarket trade_date may only use row.date < trade_date
2026-05-29,3443,創意,4440.0,4835.0,4155.0,4670.0,7153455.0,32009611980.0,TWSE STOCK_DAY,https://www.twse.com.tw/rwd/zh/afterTrading/STOCK_DAY?date=20260501&stockNo=3443&response=json,2026-05-29 14:00 Asia/Taipei,premarket trade_date may only use row.date < trade_date
2026-05-29,6526,達發,678.0,678.0,657.0,659.0,779235.0,517530255.0,TWSE STOCK_DAY,https://www.twse.com.tw/rwd/zh/afterTrading/STOCK_DAY?date=20260501&stockNo=6526&response=json,2026-05-29 14:00 Asia/Taipei,premarket trade_date may only use row.date < trade_date
2026-06-01,2345,智邦,2460.0,2540.0,2430.0,2510.0,3363120.0,8424026480.0,TWSE STOCK_DAY,https://www.twse.com.tw/rwd/zh/afterTrading/STOCK_DAY?date=20260601&stockNo=2345&response=json,2026-06-01 14:00 Asia/Taipei,premarket trade_date may only use row.date < trade_date
2026-06-01,3017,奇鋐,2705.0,2835.0,2705.0,2785.0,5090031.0,14219678560.0,TWSE STOCK_DAY,https://www.twse.com.tw/rwd/zh/afterTrading/STOCK_DAY?date=20260601&stockNo=3017&response=json,2026-06-01 14:00 Asia/Taipei,premarket trade_date may only use row.date < trade_date
2026-06-01,3189,景碩,740.0,775.0,740.0,774.0,6218324.0,4735282955.0,TWSE STOCK_DAY,https://www.twse.com.tw/rwd/zh/afterTrading/STOCK_DAY?date=20260601&stockNo=3189&response=json,2026-06-01 14:00 Asia/Taipei,premarket trade_date may only use row.date < trade_date
2026-06-01,3443,創意,4655.0,4790.0,4540.0,4655.0,3322337.0,15461832075.0,TWSE STOCK_DAY,https://www.twse.com.tw/rwd/zh/afterTrading/STOCK_DAY?date=20260601&stockNo=3443&response=json,2026-06-01 14:00 Asia/Taipei,premarket trade_date may only use row.date < trade_date
2026-06-01,6526,達發,667.0,682.0,661.0,673.0,749021.0,501780644.0,TWSE STOCK_DAY,https://www.twse.com.tw/rwd/zh/afterTrading/STOCK_DAY?date=20260601&stockNo=6526&response=json,2026-06-01 14:00 Asia/Taipei,premarket trade_date may only use row.date < trade_date
2026-06-02,2345,智邦,2505.0,2520.0,2390.0,2425.0,3795060.0,9261935655.0,TWSE STOCK_DAY,https://www.twse.com.tw/rwd/zh/afterTrading/STOCK_DAY?date=20260601&stockNo=2345&response=json,2026-06-02 14:00 Asia/Taipei,premarket trade_date may only use row.date < trade_date
2026-06-02,3017,奇鋐,2800.0,2835.0,2650.0,2700.0,4220815.0,11577589785.0,TWSE STOCK_DAY,https://www.twse.com.tw/rwd/zh/afterTrading/STOCK_DAY?date=20260601&stockNo=3017&response=json,2026-06-02 14:00 Asia/Taipei,premarket trade_date may only use row.date < trade_date
2026-06-02,3189,景碩,778.0,778.0,710.0,743.0,6753281.0,4927070109.0,TWSE STOCK_DAY,https://www.twse.com.tw/rwd/zh/afterTrading/STOCK_DAY?date=20260601&stockNo=3189&response=json,2026-06-02 14:00 Asia/Taipei,premarket trade_date may only use row.date < trade_date
2026-06-02,3443,創意,4745.0,4795.0,4420.0,4535.0,2850767.0,12986244575.0,TWSE STOCK_DAY,https://www.twse.com.tw/rwd/zh/afterTrading/STOCK_DAY?date=20260601&stockNo=3443&response=json,2026-06-02 14:00 Asia/Taipei,premarket trade_date may only use row.date < trade_date
2026-06-02,6526,達發,684.0,715.0,678.0,714.0,2511965.0,1762794992.0,TWSE STOCK_DAY,https://www.twse.com.tw/rwd/zh/afterTrading/STOCK_DAY?date=20260601&stockNo=6526&response=json,2026-06-02 14:00 Asia/Taipei,premarket trade_date may only use row.date < trade_date
2026-06-03,2345,智邦,2470.0,2645.0,2470.0,2585.0,4091539.0,10555074850.0,TWSE STOCK_DAY,https://www.twse.com.tw/rwd/zh/afterTrading/STOCK_DAY?date=20260601&stockNo=2345&response=json,2026-06-03 14:00 Asia/Taipei,premarket trade_date may only use row.date < trade_date
2026-06-03,3017,奇鋐,2750.0,2965.0,2700.0,2855.0,6908395.0,19863474820.0,TWSE STOCK_DAY,https://www.twse.com.tw/rwd/zh/afterTrading/STOCK_DAY?date=20260601&stockNo=3017&response=json,2026-06-03 14:00 Asia/Taipei,premarket trade_date may only use row.date < trade_date
2026-06-03,3189,景碩,740.0,749.0,730.0,739.0,4661433.0,3439201474.0,TWSE STOCK_DAY,https://www.twse.com.tw/rwd/zh/afterTrading/STOCK_DAY?date=20260601&stockNo=3189&response=json,2026-06-03 14:00 Asia/Taipei,premarket trade_date may only use row.date < trade_date
2026-06-03,3443,創意,4600.0,4725.0,4510.0,4605.0,1608751.0,7408169165.0,TWSE STOCK_DAY,https://www.twse.com.tw/rwd/zh/afterTrading/STOCK_DAY?date=20260601&stockNo=3443&response=json,2026-06-03 14:00 Asia/Taipei,premarket trade_date may only use row.date < trade_date
2026-06-03,6526,達發,730.0,737.0,706.0,712.0,1861693.0,1337157609.0,TWSE STOCK_DAY,https://www.twse.com.tw/rwd/zh/afterTrading/STOCK_DAY?date=20260601&stockNo=6526&response=json,2026-06-03 14:00 Asia/Taipei,premarket trade_date may only use row.date < trade_date
2026-06-04,2345,智邦,2525.0,2550.0,2460.0,2510.0,2462108.0,6165558845.0,TWSE STOCK_DAY,https://www.twse.com.tw/rwd/zh/afterTrading/STOCK_DAY?date=20260601&stockNo=2345&response=json,2026-06-04 14:00 Asia/Taipei,premarket trade_date may only use row.date < trade_date
2026-06-04,3017,奇鋐,2805.0,2820.0,2675.0,2710.0,4446507.0,12139646015.0,TWSE STOCK_DAY,https://www.twse.com.tw/rwd/zh/afterTrading/STOCK_DAY?date=20260601&stockNo=3017&response=json,2026-06-04 14:00 Asia/Taipei,premarket trade_date may only use row.date < trade_date
2026-06-04,3189,景碩,706.0,720.0,681.0,692.0,6144218.0,4277338334.0,TWSE STOCK_DAY,https://www.twse.com.tw/rwd/zh/afterTrading/STOCK_DAY?date=20260601&stockNo=3189&response=json,2026-06-04 14:00 Asia/Taipei,premarket trade_date may only use row.date < trade_date
2026-06-04,3443,創意,4550.0,4690.0,4400.0,4400.0,1429563.0,6450707460.0,TWSE STOCK_DAY,https://www.twse.com.tw/rwd/zh/afterTrading/STOCK_DAY?date=20260601&stockNo=3443&response=json,2026-06-04 14:00 Asia/Taipei,premarket trade_date may only use row.date < trade_date
2026-06-04,6526,達發,706.0,712.0,686.0,687.0,808422.0,561955637.0,TWSE STOCK_DAY,https://www.twse.com.tw/rwd/zh/afterTrading/STOCK_DAY?date=20260601&stockNo=6526&response=json,2026-06-04 14:00 Asia/Taipei,premarket trade_date may only use row.date < trade_date
2026-06-05,2345,智邦,2460.0,2545.0,2430.0,2490.0,2517690.0,6263856840.0,TWSE STOCK_DAY,https://www.twse.com.tw/rwd/zh/afterTrading/STOCK_DAY?date=20260601&stockNo=2345&response=json,2026-06-05 14:00 Asia/Taipei,premarket trade_date may only use row.date < trade_date
2026-06-05,3017,奇鋐,2680.0,2680.0,2505.0,2600.0,4900550.0,12694006585.0,TWSE STOCK_DAY,https://www.twse.com.tw/rwd/zh/afterTrading/STOCK_DAY?date=20260601&stockNo=3017&response=json,2026-06-05 14:00 Asia/Taipei,premarket trade_date may only use row.date < trade_date
2026-06-05,3189,景碩,662.0,725.0,623.0,712.0,7602120.0,5119045349.0,TWSE STOCK_DAY,https://www.twse.com.tw/rwd/zh/afterTrading/STOCK_DAY?date=20260601&stockNo=3189&response=json,2026-06-05 14:00 Asia/Taipei,premarket trade_date may only use row.date < trade_date
2026-06-05,3443,創意,4335.0,4570.0,4130.0,4410.0,2408529.0,10493419470.0,TWSE STOCK_DAY,https://www.twse.com.tw/rwd/zh/afterTrading/STOCK_DAY?date=20260601&stockNo=3443&response=json,2026-06-05 14:00 Asia/Taipei,premarket trade_date may only use row.date < trade_date
2026-06-05,6526,達發,685.0,687.0,660.0,669.0,597039.0,401509400.0,TWSE STOCK_DAY,https://www.twse.com.tw/rwd/zh/afterTrading/STOCK_DAY?date=20260601&stockNo=6526&response=json,2026-06-05 14:00 Asia/Taipei,premarket trade_date may only use row.date < trade_date
2026-06-08,2345,智邦,2265.0,2435.0,2260.0,2420.0,3205900.0,7613217785.0,TWSE STOCK_DAY,https://www.twse.com.tw/rwd/zh/afterTrading/STOCK_DAY?date=20260601&stockNo=2345&response=json,2026-06-08 14:00 Asia/Taipei,premarket trade_date may only use row.date < trade_date
2026-06-08,3017,奇鋐,2340.0,2570.0,2340.0,2570.0,4356915.0,10736707610.0,TWSE STOCK_DAY,https://www.twse.com.tw/rwd/zh/afterTrading/STOCK_DAY?date=20260601&stockNo=3017&response=json,2026-06-08 14:00 Asia/Taipei,premarket trade_date may only use row.date < trade_date
2026-06-08,3189,景碩,641.0,698.0,641.0,698.0,8137218.0,5403523911.0,TWSE STOCK_DAY,https://www.twse.com.tw/rwd/zh/afterTrading/STOCK_DAY?date=20260601&stockNo=3189&response=json,2026-06-08 14:00 Asia/Taipei,premarket trade_date may only use row.date < trade_date
2026-06-08,3443,創意,4000.0,4315.0,4000.0,4255.0,1876483.0,7743605060.0,TWSE STOCK_DAY,https://www.twse.com.tw/rwd/zh/afterTrading/STOCK_DAY?date=20260601&stockNo=3443&response=json,2026-06-08 14:00 Asia/Taipei,premarket trade_date may only use row.date < trade_date
2026-06-08,6526,達發,603.0,629.0,603.0,627.0,828176.0,508685232.0,TWSE STOCK_DAY,https://www.twse.com.tw/rwd/zh/afterTrading/STOCK_DAY?date=20260601&stockNo=6526&response=json,2026-06-08 14:00 Asia/Taipei,premarket trade_date may only use row.date < trade_date
2026-06-09,2345,智邦,2420.0,2475.0,2345.0,2475.0,2691554.0,6536234705.0,TWSE STOCK_DAY,https://www.twse.com.tw/rwd/zh/afterTrading/STOCK_DAY?date=20260601&stockNo=2345&response=json,2026-06-09 14:00 Asia/Taipei,premarket trade_date may only use row.date < trade_date
2026-06-09,3017,奇鋐,2575.0,2575.0,2440.0,2545.0,6361937.0,15981947935.0,TWSE STOCK_DAY,https://www.twse.com.tw/rwd/zh/afterTrading/STOCK_DAY?date=20260601&stockNo=3017&response=json,2026-06-09 14:00 Asia/Taipei,premarket trade_date may only use row.date < trade_date
2026-06-09,3189,景碩,705.0,732.0,683.0,714.0,5537626.0,3922503055.0,TWSE STOCK_DAY,https://www.twse.com.tw/rwd/zh/afterTrading/STOCK_DAY?date=20260601&stockNo=3189&response=json,2026-06-09 14:00 Asia/Taipei,premarket trade_date may only use row.date < trade_date
2026-06-09,3443,創意,4300.0,4430.0,4240.0,4310.0,1777373.0,7697306390.0,TWSE STOCK_DAY,https://www.twse.com.tw/rwd/zh/afterTrading/STOCK_DAY?date=20260601&stockNo=3443&response=json,2026-06-09 14:00 Asia/Taipei,premarket trade_date may only use row.date < trade_date
2026-06-09,6526,達發,632.0,656.0,625.0,649.0,576207.0,369415482.0,TWSE STOCK_DAY,https://www.twse.com.tw/rwd/zh/afterTrading/STOCK_DAY?date=20260601&stockNo=6526&response=json,2026-06-09 14:00 Asia/Taipei,premarket trade_date may only use row.date < trade_date
2026-06-10,2345,智邦,2590.0,2630.0,2360.0,2365.0,4169145.0,10434916225.0,TWSE STOCK_DAY,https://www.twse.com.tw/rwd/zh/afterTrading/STOCK_DAY?date=20260601&stockNo=2345&response=json,2026-06-10 14:00 Asia/Taipei,premarket trade_date may only use row.date < trade_date
2026-06-10,3017,奇鋐,2490.0,2505.0,2350.0,2360.0,5878553.0,14190024820.0,TWSE STOCK_DAY,https://www.twse.com.tw/rwd/zh/afterTrading/STOCK_DAY?date=20260601&stockNo=3017&response=json,2026-06-10 14:00 Asia/Taipei,premarket trade_date may only use row.date < trade_date
2026-06-10,3189,景碩,705.0,723.0,650.0,660.0,6573701.0,4501574946.0,TWSE STOCK_DAY,https://www.twse.com.tw/rwd/zh/afterTrading/STOCK_DAY?date=20260601&stockNo=3189&response=json,2026-06-10 14:00 Asia/Taipei,premarket trade_date may only use row.date < trade_date
2026-06-10,3443,創意,4220.0,4365.0,4000.0,4025.0,2697470.0,11249485865.0,TWSE STOCK_DAY,https://www.twse.com.tw/rwd/zh/afterTrading/STOCK_DAY?date=20260601&stockNo=3443&response=json,2026-06-10 14:00 Asia/Taipei,premarket trade_date may only use row.date < trade_date
2026-06-10,6526,達發,633.0,649.0,612.0,615.0,702329.0,443745620.0,TWSE STOCK_DAY,https://www.twse.com.tw/rwd/zh/afterTrading/STOCK_DAY?date=20260601&stockNo=6526&response=json,2026-06-10 14:00 Asia/Taipei,premarket trade_date may only use row.date < trade_date
2026-06-11,2345,智邦,2330.0,2345.0,2170.0,2275.0,3682161.0,8313952610.0,TWSE STOCK_DAY,https://www.twse.com.tw/rwd/zh/afterTrading/STOCK_DAY?date=20260601&stockNo=2345&response=json,2026-06-11 14:00 Asia/Taipei,premarket trade_date may only use row.date < trade_date
2026-06-11,3017,奇鋐,2340.0,2445.0,2260.0,2335.0,4531372.0,10578731600.0,TWSE STOCK_DAY,https://www.twse.com.tw/rwd/zh/afterTrading/STOCK_DAY?date=20260601&stockNo=3017&response=json,2026-06-11 14:00 Asia/Taipei,premarket trade_date may only use row.date < trade_date
2026-06-11,3189,景碩,674.0,693.0,594.0,619.0,31037944.0,19201356933.0,TWSE STOCK_DAY,https://www.twse.com.tw/rwd/zh/afterTrading/STOCK_DAY?date=20260601&stockNo=3189&response=json,2026-06-11 14:00 Asia/Taipei,premarket trade_date may only use row.date < trade_date
2026-06-11,3443,創意,4030.0,4250.0,3935.0,4105.0,2049636.0,8370214440.0,TWSE STOCK_DAY,https://www.twse.com.tw/rwd/zh/afterTrading/STOCK_DAY?date=20260601&stockNo=3443&response=json,2026-06-11 14:00 Asia/Taipei,premarket trade_date may only use row.date < trade_date
2026-06-11,6526,達發,619.0,629.0,598.0,618.0,770739.0,472194272.0,TWSE STOCK_DAY,https://www.twse.com.tw/rwd/zh/afterTrading/STOCK_DAY?date=20260601&stockNo=6526&response=json,2026-06-11 14:00 Asia/Taipei,premarket trade_date may only use row.date < trade_date
2026-06-12,2345,智邦,2365.0,2390.0,2270.0,2335.0,2814268.0,6555879865.0,TWSE STOCK_DAY,https://www.twse.com.tw/rwd/zh/afterTrading/STOCK_DAY?date=20260601&stockNo=2345&response=json,2026-06-12 14:00 Asia/Taipei,premarket trade_date may only use row.date < trade_date
2026-06-12,3017,奇鋐,2465.0,2480.0,2380.0,2405.0,2490291.0,6035173930.0,TWSE STOCK_DAY,https://www.twse.com.tw/rwd/zh/afterTrading/STOCK_DAY?date=20260601&stockNo=3017&response=json,2026-06-12 14:00 Asia/Taipei,premarket trade_date may only use row.date < trade_date
2026-06-12,3189,景碩,661.0,664.0,599.0,610.0,27158125.0,16895458024.0,TWSE STOCK_DAY,https://www.twse.com.tw/rwd/zh/afterTrading/STOCK_DAY?date=20260601&stockNo=3189&response=json,2026-06-12 14:00 Asia/Taipei,premarket trade_date may only use row.date < trade_date
2026-06-12,3443,創意,4390.0,4455.0,4220.0,4380.0,2209665.0,9644720985.0,TWSE STOCK_DAY,https://www.twse.com.tw/rwd/zh/afterTrading/STOCK_DAY?date=20260601&stockNo=3443&response=json,2026-06-12 14:00 Asia/Taipei,premarket trade_date may only use row.date < trade_date
2026-06-12,6526,達發,646.0,646.0,630.0,633.0,381008.0,242823228.0,TWSE STOCK_DAY,https://www.twse.com.tw/rwd/zh/afterTrading/STOCK_DAY?date=20260601&stockNo=6526&response=json,2026-06-12 14:00 Asia/Taipei,premarket trade_date may only use row.date < trade_date
2026-06-15,2345,智邦,2435.0,2475.0,2335.0,2430.0,3350938.0,8079677345.0,TWSE STOCK_DAY,https://www.twse.com.tw/rwd/zh/afterTrading/STOCK_DAY?date=20260601&stockNo=2345&response=json,2026-06-15 14:00 Asia/Taipei,premarket trade_date may only use row.date < trade_date
2026-06-15,3017,奇鋐,2475.0,2475.0,2410.0,2410.0,2107865.0,5135902405.0,TWSE STOCK_DAY,https://www.twse.com.tw/rwd/zh/afterTrading/STOCK_DAY?date=20260601&stockNo=3017&response=json,2026-06-15 14:00 Asia/Taipei,premarket trade_date may only use row.date < trade_date
2026-06-15,3189,景碩,631.0,660.0,621.0,660.0,21349711.0,13714532839.0,TWSE STOCK_DAY,https://www.twse.com.tw/rwd/zh/afterTrading/STOCK_DAY?date=20260601&stockNo=3189&response=json,2026-06-15 14:00 Asia/Taipei,premarket trade_date may only use row.date < trade_date
2026-06-15,3443,創意,4720.0,4815.0,4670.0,4815.0,1252068.0,6003937445.0,TWSE STOCK_DAY,https://www.twse.com.tw/rwd/zh/afterTrading/STOCK_DAY?date=20260601&stockNo=3443&response=json,2026-06-15 14:00 Asia/Taipei,premarket trade_date may only use row.date < trade_date
2026-06-15,6526,達發,659.0,675.0,642.0,655.0,940207.0,621717884.0,TWSE STOCK_DAY,https://www.twse.com.tw/rwd/zh/afterTrading/STOCK_DAY?date=20260601&stockNo=6526&response=json,2026-06-15 14:00 Asia/Taipei,premarket trade_date may only use row.date < trade_date
2026-06-16,2345,智邦,2495.0,2555.0,2410.0,2520.0,3072890.0,7691526455.0,TWSE STOCK_DAY,https://www.twse.com.tw/rwd/zh/afterTrading/STOCK_DAY?date=20260601&stockNo=2345&response=json,2026-06-16 14:00 Asia/Taipei,premarket trade_date may only use row.date < trade_date
2026-06-16,3017,奇鋐,2455.0,2470.0,2370.0,2370.0,3025487.0,7242860310.0,TWSE STOCK_DAY,https://www.twse.com.tw/rwd/zh/afterTrading/STOCK_DAY?date=20260601&stockNo=3017&response=json,2026-06-16 14:00 Asia/Taipei,premarket trade_date may only use row.date < trade_date
2026-06-16,3189,景碩,660.0,688.0,637.0,642.0,26698363.0,17556950322.0,TWSE STOCK_DAY,https://www.twse.com.tw/rwd/zh/afterTrading/STOCK_DAY?date=20260601&stockNo=3189&response=json,2026-06-16 14:00 Asia/Taipei,premarket trade_date may only use row.date < trade_date
2026-06-16,3443,創意,5055.0,5055.0,4845.0,4920.0,3257983.0,16132499030.0,TWSE STOCK_DAY,https://www.twse.com.tw/rwd/zh/afterTrading/STOCK_DAY?date=20260601&stockNo=3443&response=json,2026-06-16 14:00 Asia/Taipei,premarket trade_date may only use row.date < trade_date
2026-06-16,6526,達發,659.0,671.0,646.0,660.0,560801.0,371446915.0,TWSE STOCK_DAY,https://www.twse.com.tw/rwd/zh/afterTrading/STOCK_DAY?date=20260601&stockNo=6526&response=json,2026-06-16 14:00 Asia/Taipei,premarket trade_date may only use row.date < trade_date
2026-06-17,2345,智邦,2555.0,2600.0,2470.0,2495.0,2648670.0,6691910405.0,TWSE STOCK_DAY,https://www.twse.com.tw/rwd/zh/afterTrading/STOCK_DAY?date=20260601&stockNo=2345&response=json,2026-06-17 14:00 Asia/Taipei,premarket trade_date may only use row.date < trade_date
2026-06-17,3017,奇鋐,2365.0,2440.0,2330.0,2365.0,3829529.0,9054502255.0,TWSE STOCK_DAY,https://www.twse.com.tw/rwd/zh/afterTrading/STOCK_DAY?date=20260601&stockNo=3017&response=json,2026-06-17 14:00 Asia/Taipei,premarket trade_date may only use row.date < trade_date
2026-06-17,3189,景碩,642.0,706.0,640.0,706.0,29986280.0,20708074212.0,TWSE STOCK_DAY,https://www.twse.com.tw/rwd/zh/afterTrading/STOCK_DAY?date=20260601&stockNo=3189&response=json,2026-06-17 14:00 Asia/Taipei,premarket trade_date may only use row.date < trade_date
2026-06-17,3443,創意,4900.0,5135.0,4830.0,5075.0,3268312.0,16378580540.0,TWSE STOCK_DAY,https://www.twse.com.tw/rwd/zh/afterTrading/STOCK_DAY?date=20260601&stockNo=3443&response=json,2026-06-17 14:00 Asia/Taipei,premarket trade_date may only use row.date < trade_date
2026-06-17,6526,達發,650.0,678.0,650.0,666.0,517204.0,343079177.0,TWSE STOCK_DAY,https://www.twse.com.tw/rwd/zh/afterTrading/STOCK_DAY?date=20260601&stockNo=6526&response=json,2026-06-17 14:00 Asia/Taipei,premarket trade_date may only use row.date < trade_date
2026-06-18,2345,智邦,2480.0,2490.0,2415.0,2435.0,4237239.0,10337317670.0,TWSE STOCK_DAY,https://www.twse.com.tw/rwd/zh/afterTrading/STOCK_DAY?date=20260601&stockNo=2345&response=json,2026-06-18 14:00 Asia/Taipei,premarket trade_date may only use row.date < trade_date
2026-06-18,3017,奇鋐,2400.0,2425.0,2365.0,2400.0,3318114.0,7964551140.0,TWSE STOCK_DAY,https://www.twse.com.tw/rwd/zh/afterTrading/STOCK_DAY?date=20260601&stockNo=3017&response=json,2026-06-18 14:00 Asia/Taipei,premarket trade_date may only use row.date < trade_date
2026-06-18,3189,景碩,738.0,738.0,702.0,724.0,27743868.0,19845128175.0,TWSE STOCK_DAY,https://www.twse.com.tw/rwd/zh/afterTrading/STOCK_DAY?date=20260601&stockNo=3189&response=json,2026-06-18 14:00 Asia/Taipei,premarket trade_date may only use row.date < trade_date
2026-06-18,3443,創意,5160.0,5160.0,4860.0,4860.0,4719521.0,23249958325.0,TWSE STOCK_DAY,https://www.twse.com.tw/rwd/zh/afterTrading/STOCK_DAY?date=20260601&stockNo=3443&response=json,2026-06-18 14:00 Asia/Taipei,premarket trade_date may only use row.date < trade_date
2026-06-18,6526,達發,671.0,696.0,670.0,696.0,988525.0,678034390.0,TWSE STOCK_DAY,https://www.twse.com.tw/rwd/zh/afterTrading/STOCK_DAY?date=20260601&stockNo=6526&response=json,2026-06-18 14:00 Asia/Taipei,premarket trade_date may only use row.date < trade_date
2026-06-22,2345,智邦,2495.0,2605.0,2485.0,2595.0,3410352.0,8738747610.0,TWSE STOCK_DAY,https://www.twse.com.tw/rwd/zh/afterTrading/STOCK_DAY?date=20260601&stockNo=2345&response=json,2026-06-22 14:00 Asia/Taipei,premarket trade_date may only use row.date < trade_date
2026-06-22,3017,奇鋐,2465.0,2490.0,2380.0,2420.0,3254412.0,7936185690.0,TWSE STOCK_DAY,https://www.twse.com.tw/rwd/zh/afterTrading/STOCK_DAY?date=20260601&stockNo=3017&response=json,2026-06-22 14:00 Asia/Taipei,premarket trade_date may only use row.date < trade_date
2026-06-22,3189,景碩,740.0,796.0,733.0,796.0,20663905.0,15996985976.0,TWSE STOCK_DAY,https://www.twse.com.tw/rwd/zh/afterTrading/STOCK_DAY?date=20260601&stockNo=3189&response=json,2026-06-22 14:00 Asia/Taipei,premarket trade_date may only use row.date < trade_date
2026-06-22,3443,創意,5000.0,5050.0,4715.0,4755.0,2992095.0,14596627360.0,TWSE STOCK_DAY,https://www.twse.com.tw/rwd/zh/afterTrading/STOCK_DAY?date=20260601&stockNo=3443&response=json,2026-06-22 14:00 Asia/Taipei,premarket trade_date may only use row.date < trade_date
2026-06-22,6526,達發,711.0,725.0,700.0,705.0,1189990.0,848055100.0,TWSE STOCK_DAY,https://www.twse.com.tw/rwd/zh/afterTrading/STOCK_DAY?date=20260601&stockNo=6526&response=json,2026-06-22 14:00 Asia/Taipei,premarket trade_date may only use row.date < trade_date
2026-06-23,2345,智邦,2675.0,2720.0,2435.0,2435.0,3948138.0,10001722380.0,TWSE STOCK_DAY,https://www.twse.com.tw/rwd/zh/afterTrading/STOCK_DAY?date=20260601&stockNo=2345&response=json,2026-06-23 14:00 Asia/Taipei,premarket trade_date may only use row.date < trade_date
2026-06-23,3017,奇鋐,2455.0,2475.0,2400.0,2425.0,3079821.0,7492793463.0,TWSE STOCK_DAY,https://www.twse.com.tw/rwd/zh/afterTrading/STOCK_DAY?date=20260601&stockNo=3017&response=json,2026-06-23 14:00 Asia/Taipei,premarket trade_date may only use row.date < trade_date
2026-06-23,3189,景碩,780.0,788.0,727.0,727.0,36604253.0,27638749214.0,TWSE STOCK_DAY,https://www.twse.com.tw/rwd/zh/afterTrading/STOCK_DAY?date=20260601&stockNo=3189&response=json,2026-06-23 14:00 Asia/Taipei,premarket trade_date may only use row.date < trade_date
2026-06-23,3443,創意,4855.0,4980.0,4650.0,4725.0,1910835.0,9130024625.0,TWSE STOCK_DAY,https://www.twse.com.tw/rwd/zh/afterTrading/STOCK_DAY?date=20260601&stockNo=3443&response=json,2026-06-23 14:00 Asia/Taipei,premarket trade_date may only use row.date < trade_date
2026-06-23,6526,達發,723.0,726.0,691.0,697.0,969646.0,684277081.0,TWSE STOCK_DAY,https://www.twse.com.tw/rwd/zh/afterTrading/STOCK_DAY?date=20260601&stockNo=6526&response=json,2026-06-23 14:00 Asia/Taipei,premarket trade_date may only use row.date < trade_date
2026-06-24,2345,智邦,2410.0,2445.0,2340.0,2375.0,3033201.0,7227019445.0,TWSE STOCK_DAY,https://www.twse.com.tw/rwd/zh/afterTrading/STOCK_DAY?date=20260601&stockNo=2345&response=json,2026-06-24 14:00 Asia/Taipei,premarket trade_date may only use row.date < trade_date
2026-06-24,3017,奇鋐,2355.0,2590.0,2335.0,2530.0,6494281.0,16023184935.0,TWSE STOCK_DAY,https://www.twse.com.tw/rwd/zh/afterTrading/STOCK_DAY?date=20260601&stockNo=3017&response=json,2026-06-24 14:00 Asia/Taipei,premarket trade_date may only use row.date < trade_date
2026-06-24,3189,景碩,749.0,766.0,710.0,739.0,29958162.0,22169743017.0,TWSE STOCK_DAY,https://www.twse.com.tw/rwd/zh/afterTrading/STOCK_DAY?date=20260601&stockNo=3189&response=json,2026-06-24 14:00 Asia/Taipei,premarket trade_date may only use row.date < trade_date
2026-06-24,3443,創意,4725.0,4880.0,4615.0,4880.0,1747105.0,8295987820.0,TWSE STOCK_DAY,https://www.twse.com.tw/rwd/zh/afterTrading/STOCK_DAY?date=20260601&stockNo=3443&response=json,2026-06-24 14:00 Asia/Taipei,premarket trade_date may only use row.date < trade_date
2026-06-24,6526,達發,690.0,709.0,682.0,706.0,812201.0,565037262.0,TWSE STOCK_DAY,https://www.twse.com.tw/rwd/zh/afterTrading/STOCK_DAY?date=20260601&stockNo=6526&response=json,2026-06-24 14:00 Asia/Taipei,premarket trade_date may only use row.date < trade_date
2026-06-25,2345,智邦,2485.0,2545.0,2375.0,2380.0,4634360.0,11336448815.0,TWSE STOCK_DAY,https://www.twse.com.tw/rwd/zh/afterTrading/STOCK_DAY?date=20260601&stockNo=2345&response=json,2026-06-25 14:00 Asia/Taipei,premarket trade_date may only use row.date < trade_date
2026-06-25,3017,奇鋐,2595.0,2635.0,2485.0,2505.0,3833150.0,9748244120.0,TWSE STOCK_DAY,https://www.twse.com.tw/rwd/zh/afterTrading/STOCK_DAY?date=20260601&stockNo=3017&response=json,2026-06-25 14:00 Asia/Taipei,premarket trade_date may only use row.date < trade_date
2026-06-25,3189,景碩,760.0,812.0,750.0,812.0,44514741.0,35088172686.0,TWSE STOCK_DAY,https://www.twse.com.tw/rwd/zh/afterTrading/STOCK_DAY?date=20260601&stockNo=3189&response=json,2026-06-25 14:00 Asia/Taipei,premarket trade_date may only use row.date < trade_date
2026-06-25,3443,創意,5255.0,5330.0,4735.0,4850.0,3234838.0,16239033045.0,TWSE STOCK_DAY,https://www.twse.com.tw/rwd/zh/afterTrading/STOCK_DAY?date=20260601&stockNo=3443&response=json,2026-06-25 14:00 Asia/Taipei,premarket trade_date may only use row.date < trade_date
2026-06-25,6526,達發,717.0,720.0,690.0,692.0,765480.0,537550791.0,TWSE STOCK_DAY,https://www.twse.com.tw/rwd/zh/afterTrading/STOCK_DAY?date=20260601&stockNo=6526&response=json,2026-06-25 14:00 Asia/Taipei,premarket trade_date may only use row.date < trade_date
2026-06-26,2345,智邦,2395.0,2520.0,2335.0,2380.0,4874059.0,11798046417.0,TWSE STOCK_DAY,https://www.twse.com.tw/rwd/zh/afterTrading/STOCK_DAY?date=20260601&stockNo=2345&response=json,2026-06-26 14:00 Asia/Taipei,premarket trade_date may only use row.date < trade_date
2026-06-26,3017,奇鋐,2475.0,2475.0,2255.0,2255.0,6567236.0,15240096640.0,TWSE STOCK_DAY,https://www.twse.com.tw/rwd/zh/afterTrading/STOCK_DAY?date=20260601&stockNo=3017&response=json,2026-06-26 14:00 Asia/Taipei,premarket trade_date may only use row.date < trade_date
2026-06-26,3189,景碩,828.0,893.0,790.0,797.0,62632239.0,53658839939.0,TWSE STOCK_DAY,https://www.twse.com.tw/rwd/zh/afterTrading/STOCK_DAY?date=20260601&stockNo=3189&response=json,2026-06-26 14:00 Asia/Taipei,premarket trade_date may only use row.date < trade_date
2026-06-26,3443,創意,4790.0,4875.0,4410.0,4420.0,2291763.0,10553956900.0,TWSE STOCK_DAY,https://www.twse.com.tw/rwd/zh/afterTrading/STOCK_DAY?date=20260601&stockNo=3443&response=json,2026-06-26 14:00 Asia/Taipei,premarket trade_date may only use row.date < trade_date
2026-06-26,6526,達發,684.0,686.0,625.0,626.0,1169286.0,754024026.0,TWSE STOCK_DAY,https://www.twse.com.tw/rwd/zh/afterTrading/STOCK_DAY?date=20260601&stockNo=6526&response=json,2026-06-26 14:00 Asia/Taipei,premarket trade_date may only use row.date < trade_date
2026-06-29,2345,智邦,2395.0,2430.0,2290.0,2340.0,3066800.0,7184716365.0,TWSE STOCK_DAY,https://www.twse.com.tw/rwd/zh/afterTrading/STOCK_DAY?date=20260601&stockNo=2345&response=json,2026-06-29 14:00 Asia/Taipei,premarket trade_date may only use row.date < trade_date
2026-06-29,3017,奇鋐,2220.0,2315.0,2220.0,2300.0,3084014.0,7032758260.0,TWSE STOCK_DAY,https://www.twse.com.tw/rwd/zh/afterTrading/STOCK_DAY?date=20260601&stockNo=3017&response=json,2026-06-29 14:00 Asia/Taipei,premarket trade_date may only use row.date < trade_date
2026-06-29,3189,景碩,825.0,833.0,782.0,810.0,31131139.0,25302720507.0,TWSE STOCK_DAY,https://www.twse.com.tw/rwd/zh/afterTrading/STOCK_DAY?date=20260601&stockNo=3189&response=json,2026-06-29 14:00 Asia/Taipei,premarket trade_date may only use row.date < trade_date
2026-06-29,3443,創意,4425.0,4520.0,4355.0,4420.0,947448.0,4191250805.0,TWSE STOCK_DAY,https://www.twse.com.tw/rwd/zh/afterTrading/STOCK_DAY?date=20260601&stockNo=3443&response=json,2026-06-29 14:00 Asia/Taipei,premarket trade_date may only use row.date < trade_date
2026-06-29,6526,達發,627.0,646.0,624.0,636.0,559108.0,355069532.0,TWSE STOCK_DAY,https://www.twse.com.tw/rwd/zh/afterTrading/STOCK_DAY?date=20260601&stockNo=6526&response=json,2026-06-29 14:00 Asia/Taipei,premarket trade_date may only use row.date < trade_date
2026-06-30,2345,智邦,2445.0,2525.0,2420.0,2495.0,3513262.0,8748293785.0,TWSE STOCK_DAY,https://www.twse.com.tw/rwd/zh/afterTrading/STOCK_DAY?date=20260601&stockNo=2345&response=json,2026-06-30 14:00 Asia/Taipei,premarket trade_date may only use row.date < trade_date
2026-06-30,3017,奇鋐,2380.0,2530.0,2370.0,2525.0,4835330.0,11993921150.0,TWSE STOCK_DAY,https://www.twse.com.tw/rwd/zh/afterTrading/STOCK_DAY?date=20260601&stockNo=3017&response=json,2026-06-30 14:00 Asia/Taipei,premarket trade_date may only use row.date < trade_date
2026-06-30,3189,景碩,851.0,891.0,840.0,891.0,31315583.0,27362612179.0,TWSE STOCK_DAY,https://www.twse.com.tw/rwd/zh/afterTrading/STOCK_DAY?date=20260601&stockNo=3189&response=json,2026-06-30 14:00 Asia/Taipei,premarket trade_date may only use row.date < trade_date
2026-06-30,3443,創意,4555.0,4860.0,4445.0,4845.0,2006814.0,9506629420.0,TWSE STOCK_DAY,https://www.twse.com.tw/rwd/zh/afterTrading/STOCK_DAY?date=20260601&stockNo=3443&response=json,2026-06-30 14:00 Asia/Taipei,premarket trade_date may only use row.date < trade_date
2026-06-30,6526,達發,651.0,681.0,646.0,670.0,990869.0,659641825.0,TWSE STOCK_DAY,https://www.twse.com.tw/rwd/zh/afterTrading/STOCK_DAY?date=20260601&stockNo=6526&response=json,2026-06-30 14:00 Asia/Taipei,premarket trade_date may only use row.date < trade_date
2026-07-01,2345,智邦,2600.0,2695.0,2540.0,2660.0,4593489.0,12098866390.0,TWSE STOCK_DAY,https://www.twse.com.tw/rwd/zh/afterTrading/STOCK_DAY?date=20260701&stockNo=2345&response=json,2026-07-01 14:00 Asia/Taipei,premarket trade_date may only use row.date < trade_date
2026-07-01,3017,奇鋐,2615.0,2665.0,2500.0,2620.0,5567033.0,14509902815.0,TWSE STOCK_DAY,https://www.twse.com.tw/rwd/zh/afterTrading/STOCK_DAY?date=20260701&stockNo=3017&response=json,2026-07-01 14:00 Asia/Taipei,premarket trade_date may only use row.date < trade_date
2026-07-01,3189,景碩,900.0,939.0,872.0,888.0,38728579.0,35018399433.0,TWSE STOCK_DAY,https://www.twse.com.tw/rwd/zh/afterTrading/STOCK_DAY?date=20260701&stockNo=3189&response=json,2026-07-01 14:00 Asia/Taipei,premarket trade_date may only use row.date < trade_date
2026-07-01,3443,創意,4865.0,5130.0,4845.0,5045.0,2288154.0,11464470595.0,TWSE STOCK_DAY,https://www.twse.com.tw/rwd/zh/afterTrading/STOCK_DAY?date=20260701&stockNo=3443&response=json,2026-07-01 14:00 Asia/Taipei,premarket trade_date may only use row.date < trade_date
2026-07-01,6526,達發,687.0,715.0,677.0,703.0,1576124.0,1103033305.0,TWSE STOCK_DAY,https://www.twse.com.tw/rwd/zh/afterTrading/STOCK_DAY?date=20260701&stockNo=6526&response=json,2026-07-01 14:00 Asia/Taipei,premarket trade_date may only use row.date < trade_date
2026-07-02,2345,智邦,2660.0,2780.0,2610.0,2750.0,4236718.0,11492038315.0,TWSE STOCK_DAY,https://www.twse.com.tw/rwd/zh/afterTrading/STOCK_DAY?date=20260701&stockNo=2345&response=json,2026-07-02 14:00 Asia/Taipei,premarket trade_date may only use row.date < trade_date
2026-07-02,3017,奇鋐,2565.0,2745.0,2525.0,2740.0,5061323.0,13521473385.0,TWSE STOCK_DAY,https://www.twse.com.tw/rwd/zh/afterTrading/STOCK_DAY?date=20260701&stockNo=3017&response=json,2026-07-02 14:00 Asia/Taipei,premarket trade_date may only use row.date < trade_date
2026-07-02,3189,景碩,845.0,857.0,816.0,830.0,27680448.0,23103472338.0,TWSE STOCK_DAY,https://www.twse.com.tw/rwd/zh/afterTrading/STOCK_DAY?date=20260701&stockNo=3189&response=json,2026-07-02 14:00 Asia/Taipei,premarket trade_date may only use row.date < trade_date
2026-07-02,3443,創意,4900.0,5345.0,4845.0,5330.0,3217683.0,16661121045.0,TWSE STOCK_DAY,https://www.twse.com.tw/rwd/zh/afterTrading/STOCK_DAY?date=20260701&stockNo=3443&response=json,2026-07-02 14:00 Asia/Taipei,premarket trade_date may only use row.date < trade_date
2026-07-02,6526,達發,688.0,714.0,688.0,705.0,714634.0,501780003.0,TWSE STOCK_DAY,https://www.twse.com.tw/rwd/zh/afterTrading/STOCK_DAY?date=20260701&stockNo=6526&response=json,2026-07-02 14:00 Asia/Taipei,premarket trade_date may only use row.date < trade_date
2026-07-03,2345,智邦,2750.0,2800.0,2675.0,2735.0,3021446.0,8247191370.0,TWSE STOCK_DAY,https://www.twse.com.tw/rwd/zh/afterTrading/STOCK_DAY?date=20260701&stockNo=2345&response=json,2026-07-03 14:00 Asia/Taipei,premarket trade_date may only use row.date < trade_date
2026-07-03,3017,奇鋐,2690.0,2780.0,2665.0,2760.0,4659120.0,12727945955.0,TWSE STOCK_DAY,https://www.twse.com.tw/rwd/zh/afterTrading/STOCK_DAY?date=20260701&stockNo=3017&response=json,2026-07-03 14:00 Asia/Taipei,premarket trade_date may only use row.date < trade_date
2026-07-03,3189,景碩,770.0,843.0,770.0,833.0,3349718.0,2703617547.0,TWSE STOCK_DAY,https://www.twse.com.tw/rwd/zh/afterTrading/STOCK_DAY?date=20260701&stockNo=3189&response=json,2026-07-03 14:00 Asia/Taipei,premarket trade_date may only use row.date < trade_date
2026-07-03,3443,創意,5225.0,5310.0,5015.0,5040.0,1908960.0,9750195520.0,TWSE STOCK_DAY,https://www.twse.com.tw/rwd/zh/afterTrading/STOCK_DAY?date=20260701&stockNo=3443&response=json,2026-07-03 14:00 Asia/Taipei,premarket trade_date may only use row.date < trade_date
2026-07-03,6526,達發,697.0,719.0,696.0,706.0,733986.0,520088953.0,TWSE STOCK_DAY,https://www.twse.com.tw/rwd/zh/afterTrading/STOCK_DAY?date=20260701&stockNo=6526&response=json,2026-07-03 14:00 Asia/Taipei,premarket trade_date may only use row.date < trade_date
2026-07-06,2345,智邦,2825.0,2825.0,2600.0,2645.0,2283004.0,6124581505.0,TWSE STOCK_DAY,https://www.twse.com.tw/rwd/zh/afterTrading/STOCK_DAY?date=20260701&stockNo=2345&response=json,2026-07-06 14:00 Asia/Taipei,premarket trade_date may only use row.date < trade_date
2026-07-06,3017,奇鋐,2790.0,2790.0,2615.0,2670.0,3733969.0,10032199845.0,TWSE STOCK_DAY,https://www.twse.com.tw/rwd/zh/afterTrading/STOCK_DAY?date=20260701&stockNo=3017&response=json,2026-07-06 14:00 Asia/Taipei,premarket trade_date may only use row.date < trade_date
2026-07-06,3189,景碩,807.0,807.0,763.0,763.0,3956863.0,3089750266.0,TWSE STOCK_DAY,https://www.twse.com.tw/rwd/zh/afterTrading/STOCK_DAY?date=20260701&stockNo=3189&response=json,2026-07-06 14:00 Asia/Taipei,premarket trade_date may only use row.date < trade_date
2026-07-06,3443,創意,5105.0,5105.0,4555.0,4605.0,2512560.0,11907340800.0,TWSE STOCK_DAY,https://www.twse.com.tw/rwd/zh/afterTrading/STOCK_DAY?date=20260701&stockNo=3443&response=json,2026-07-06 14:00 Asia/Taipei,premarket trade_date may only use row.date < trade_date
2026-07-06,6526,達發,710.0,715.0,684.0,686.0,609979.0,424644395.0,TWSE STOCK_DAY,https://www.twse.com.tw/rwd/zh/afterTrading/STOCK_DAY?date=20260701&stockNo=6526&response=json,2026-07-06 14:00 Asia/Taipei,premarket trade_date may only use row.date < trade_date
2026-07-07,2345,智邦,2700.0,2700.0,2450.0,2455.0,3972983.0,10087420695.0,TWSE STOCK_DAY,https://www.twse.com.tw/rwd/zh/afterTrading/STOCK_DAY?date=20260701&stockNo=2345&response=json,2026-07-07 14:00 Asia/Taipei,premarket trade_date may only use row.date < trade_date
2026-07-07,3017,奇鋐,2670.0,2670.0,2410.0,2450.0,4349877.0,10910593515.0,TWSE STOCK_DAY,https://www.twse.com.tw/rwd/zh/afterTrading/STOCK_DAY?date=20260701&stockNo=3017&response=json,2026-07-07 14:00 Asia/Taipei,premarket trade_date may only use row.date < trade_date
2026-07-07,3189,景碩,761.0,770.0,687.0,687.0,6854269.0,4937308784.0,TWSE STOCK_DAY,https://www.twse.com.tw/rwd/zh/afterTrading/STOCK_DAY?date=20260701&stockNo=3189&response=json,2026-07-07 14:00 Asia/Taipei,premarket trade_date may only use row.date < trade_date
2026-07-07,3443,創意,4770.0,4830.0,4425.0,4480.0,2274231.0,10479238655.0,TWSE STOCK_DAY,https://www.twse.com.tw/rwd/zh/afterTrading/STOCK_DAY?date=20260701&stockNo=3443&response=json,2026-07-07 14:00 Asia/Taipei,premarket trade_date may only use row.date < trade_date
2026-07-07,6526,達發,685.0,691.0,647.0,648.0,994041.0,657127895.0,TWSE STOCK_DAY,https://www.twse.com.tw/rwd/zh/afterTrading/STOCK_DAY?date=20260701&stockNo=6526&response=json,2026-07-07 14:00 Asia/Taipei,premarket trade_date may only use row.date < trade_date
2026-07-08,2345,智邦,2440.0,2525.0,2370.0,2415.0,3644265.0,8864901406.0,TWSE STOCK_DAY,https://www.twse.com.tw/rwd/zh/afterTrading/STOCK_DAY?date=20260701&stockNo=2345&response=json,2026-07-08 14:00 Asia/Taipei,premarket trade_date may only use row.date < trade_date
2026-07-08,3017,奇鋐,2425.0,2440.0,2290.0,2325.0,4441500.0,10430098105.0,TWSE STOCK_DAY,https://www.twse.com.tw/rwd/zh/afterTrading/STOCK_DAY?date=20260701&stockNo=3017&response=json,2026-07-08 14:00 Asia/Taipei,premarket trade_date may only use row.date < trade_date
2026-07-08,3189,景碩,714.0,755.0,714.0,755.0,4336069.0,3220098378.0,TWSE STOCK_DAY,https://www.twse.com.tw/rwd/zh/afterTrading/STOCK_DAY?date=20260701&stockNo=3189&response=json,2026-07-08 14:00 Asia/Taipei,premarket trade_date may only use row.date < trade_date
2026-07-08,3443,創意,4500.0,4570.0,4330.0,4400.0,1695901.0,7526430470.0,TWSE STOCK_DAY,https://www.twse.com.tw/rwd/zh/afterTrading/STOCK_DAY?date=20260701&stockNo=3443&response=json,2026-07-08 14:00 Asia/Taipei,premarket trade_date may only use row.date < trade_date
2026-07-08,6526,達發,658.0,658.0,635.0,656.0,397069.0,257527467.0,TWSE STOCK_DAY,https://www.twse.com.tw/rwd/zh/afterTrading/STOCK_DAY?date=20260701&stockNo=6526&response=json,2026-07-08 14:00 Asia/Taipei,premarket trade_date may only use row.date < trade_date
2026-07-09,2345,智邦,2485.0,2540.0,2465.0,2470.0,2856685.0,7141466385.0,TWSE STOCK_DAY,https://www.twse.com.tw/rwd/zh/afterTrading/STOCK_DAY?date=20260701&stockNo=2345&response=json,2026-07-09 14:00 Asia/Taipei,premarket trade_date may only use row.date < trade_date
2026-07-09,3017,奇鋐,2380.0,2435.0,2335.0,2350.0,2889551.0,6872747488.0,TWSE STOCK_DAY,https://www.twse.com.tw/rwd/zh/afterTrading/STOCK_DAY?date=20260701&stockNo=3017&response=json,2026-07-09 14:00 Asia/Taipei,premarket trade_date may only use row.date < trade_date
2026-07-09,3189,景碩,770.0,829.0,770.0,795.0,2569666.0,2066662104.0,TWSE STOCK_DAY,https://www.twse.com.tw/rwd/zh/afterTrading/STOCK_DAY?date=20260701&stockNo=3189&response=json,2026-07-09 14:00 Asia/Taipei,premarket trade_date may only use row.date < trade_date
2026-07-09,3443,創意,4380.0,4560.0,4330.0,4340.0,1850306.0,8178592215.0,TWSE STOCK_DAY,https://www.twse.com.tw/rwd/zh/afterTrading/STOCK_DAY?date=20260701&stockNo=3443&response=json,2026-07-09 14:00 Asia/Taipei,premarket trade_date may only use row.date < trade_date
2026-07-09,6526,達發,663.0,663.0,648.0,652.0,252755.0,165354214.0,TWSE STOCK_DAY,https://www.twse.com.tw/rwd/zh/afterTrading/STOCK_DAY?date=20260701&stockNo=6526&response=json,2026-07-09 14:00 Asia/Taipei,premarket trade_date may only use row.date < trade_date
2026-07-13,2345,智邦,2565.0,2565.0,2400.0,2405.0,2111638.0,5182175855.0,TWSE STOCK_DAY,https://www.twse.com.tw/rwd/zh/afterTrading/STOCK_DAY?date=20260701&stockNo=2345&response=json,2026-07-13 14:00 Asia/Taipei,premarket trade_date may only use row.date < trade_date
2026-07-13,3017,奇鋐,2420.0,2420.0,2210.0,2225.0,2704759.0,6140607380.0,TWSE STOCK_DAY,https://www.twse.com.tw/rwd/zh/afterTrading/STOCK_DAY?date=20260701&stockNo=3017&response=json,2026-07-13 14:00 Asia/Taipei,premarket trade_date may only use row.date < trade_date
2026-07-13,3189,景碩,838.0,838.0,815.0,819.0,3480697.0,2879432565.0,TWSE STOCK_DAY,https://www.twse.com.tw/rwd/zh/afterTrading/STOCK_DAY?date=20260701&stockNo=3189&response=json,2026-07-13 14:00 Asia/Taipei,premarket trade_date may only use row.date < trade_date
2026-07-13,3443,創意,4385.0,4415.0,4180.0,4270.0,1703309.0,7298040875.0,TWSE STOCK_DAY,https://www.twse.com.tw/rwd/zh/afterTrading/STOCK_DAY?date=20260701&stockNo=3443&response=json,2026-07-13 14:00 Asia/Taipei,premarket trade_date may only use row.date < trade_date
2026-07-13,6526,達發,673.0,694.0,650.0,682.0,1039458.0,704484289.0,TWSE STOCK_DAY,https://www.twse.com.tw/rwd/zh/afterTrading/STOCK_DAY?date=20260701&stockNo=6526&response=json,2026-07-13 14:00 Asia/Taipei,premarket trade_date may only use row.date < trade_date
2026-07-14,2345,智邦,2350.0,2415.0,2195.0,2280.0,3090709.0,7059061945.0,TWSE STOCK_DAY,https://www.twse.com.tw/rwd/zh/afterTrading/STOCK_DAY?date=20260701&stockNo=2345&response=json,2026-07-14 14:00 Asia/Taipei,premarket trade_date may only use row.date < trade_date
2026-07-14,3017,奇鋐,2185.0,2220.0,2015.0,2120.0,4396274.0,9218188720.0,TWSE STOCK_DAY,https://www.twse.com.tw/rwd/zh/afterTrading/STOCK_DAY?date=20260701&stockNo=3017&response=json,2026-07-14 14:00 Asia/Taipei,premarket trade_date may only use row.date < trade_date
2026-07-14,3189,景碩,793.0,805.0,738.0,805.0,3717468.0,2873799356.0,TWSE STOCK_DAY,https://www.twse.com.tw/rwd/zh/afterTrading/STOCK_DAY?date=20260701&stockNo=3189&response=json,2026-07-14 14:00 Asia/Taipei,premarket trade_date may only use row.date < trade_date
2026-07-14,3443,創意,4275.0,4275.0,3845.0,4020.0,2805750.0,11099152930.0,TWSE STOCK_DAY,https://www.twse.com.tw/rwd/zh/afterTrading/STOCK_DAY?date=20260701&stockNo=3443&response=json,2026-07-14 14:00 Asia/Taipei,premarket trade_date may only use row.date < trade_date
2026-07-14,6526,達發,675.0,680.0,616.0,646.0,858207.0,549411763.0,TWSE STOCK_DAY,https://www.twse.com.tw/rwd/zh/afterTrading/STOCK_DAY?date=20260701&stockNo=6526&response=json,2026-07-14 14:00 Asia/Taipei,premarket trade_date may only use row.date < trade_date
2026-07-15,2345,智邦,2395.0,2420.0,2315.0,2340.0,2058964.0,4860611625.0,TWSE STOCK_DAY,https://www.twse.com.tw/rwd/zh/afterTrading/STOCK_DAY?date=20260701&stockNo=2345&response=json,2026-07-15 14:00 Asia/Taipei,premarket trade_date may only use row.date < trade_date
2026-07-15,3017,奇鋐,2140.0,2200.0,2120.0,2165.0,2129895.0,4620568925.0,TWSE STOCK_DAY,https://www.twse.com.tw/rwd/zh/afterTrading/STOCK_DAY?date=20260701&stockNo=3017&response=json,2026-07-15 14:00 Asia/Taipei,premarket trade_date may only use row.date < trade_date
2026-07-15,3189,景碩,831.0,859.0,823.0,845.0,4103308.0,3453342278.0,TWSE STOCK_DAY,https://www.twse.com.tw/rwd/zh/afterTrading/STOCK_DAY?date=20260701&stockNo=3189&response=json,2026-07-15 14:00 Asia/Taipei,premarket trade_date may only use row.date < trade_date
2026-07-15,3443,創意,4135.0,4185.0,3970.0,4120.0,1617992.0,6657075335.0,TWSE STOCK_DAY,https://www.twse.com.tw/rwd/zh/afterTrading/STOCK_DAY?date=20260701&stockNo=3443&response=json,2026-07-15 14:00 Asia/Taipei,premarket trade_date may only use row.date < trade_date
2026-07-15,6526,達發,661.0,661.0,635.0,643.0,461585.0,297825338.0,TWSE STOCK_DAY,https://www.twse.com.tw/rwd/zh/afterTrading/STOCK_DAY?date=20260701&stockNo=6526&response=json,2026-07-15 14:00 Asia/Taipei,premarket trade_date may only use row.date < trade_date
2026-07-16,2345,智邦,2350.0,2350.0,2255.0,2320.0,1274880.0,2949065375.0,TWSE STOCK_DAY,https://www.twse.com.tw/rwd/zh/afterTrading/STOCK_DAY?date=20260701&stockNo=2345&response=json,2026-07-16 14:00 Asia/Taipei,premarket trade_date may only use row.date < trade_date
2026-07-16,3017,奇鋐,2275.0,2290.0,2155.0,2225.0,4220745.0,9434223940.0,TWSE STOCK_DAY,https://www.twse.com.tw/rwd/zh/afterTrading/STOCK_DAY?date=20260701&stockNo=3017&response=json,2026-07-16 14:00 Asia/Taipei,premarket trade_date may only use row.date < trade_date
2026-07-16,3189,景碩,820.0,820.0,764.0,770.0,2674083.0,2094934222.0,TWSE STOCK_DAY,https://www.twse.com.tw/rwd/zh/afterTrading/STOCK_DAY?date=20260701&stockNo=3189&response=json,2026-07-16 14:00 Asia/Taipei,premarket trade_date may only use row.date < trade_date
2026-07-16,3443,創意,4120.0,4240.0,3990.0,4185.0,849361.0,3516031670.0,TWSE STOCK_DAY,https://www.twse.com.tw/rwd/zh/afterTrading/STOCK_DAY?date=20260701&stockNo=3443&response=json,2026-07-16 14:00 Asia/Taipei,premarket trade_date may only use row.date < trade_date
2026-07-16,6526,達發,646.0,646.0,614.0,619.0,574182.0,355947044.0,TWSE STOCK_DAY,https://www.twse.com.tw/rwd/zh/afterTrading/STOCK_DAY?date=20260701&stockNo=6526&response=json,2026-07-16 14:00 Asia/Taipei,premarket trade_date may only use row.date < trade_date
2026-07-17,2345,智邦,2190.0,2205.0,2090.0,2090.0,3429156.0,7356255795.0,TWSE STOCK_DAY,https://www.twse.com.tw/rwd/zh/afterTrading/STOCK_DAY?date=20260701&stockNo=2345&response=json,2026-07-17 14:00 Asia/Taipei,premarket trade_date may only use row.date < trade_date
2026-07-17,3017,奇鋐,2160.0,2335.0,2145.0,2200.0,5543230.0,12498608770.0,TWSE STOCK_DAY,https://www.twse.com.tw/rwd/zh/afterTrading/STOCK_DAY?date=20260701&stockNo=3017&response=json,2026-07-17 14:00 Asia/Taipei,premarket trade_date may only use row.date < trade_date
2026-07-17,3189,景碩,705.0,711.0,693.0,693.0,3693770.0,2573124165.0,TWSE STOCK_DAY,https://www.twse.com.tw/rwd/zh/afterTrading/STOCK_DAY?date=20260701&stockNo=3189&response=json,2026-07-17 14:00 Asia/Taipei,premarket trade_date may only use row.date < trade_date
2026-07-17,3443,創意,3950.0,4050.0,3780.0,3835.0,2361511.0,9221110205.0,TWSE STOCK_DAY,https://www.twse.com.tw/rwd/zh/afterTrading/STOCK_DAY?date=20260701&stockNo=3443&response=json,2026-07-17 14:00 Asia/Taipei,premarket trade_date may only use row.date < trade_date
2026-07-17,6526,達發,595.0,599.0,561.0,563.0,909195.0,525024502.0,TWSE STOCK_DAY,https://www.twse.com.tw/rwd/zh/afterTrading/STOCK_DAY?date=20260701&stockNo=6526&response=json,2026-07-17 14:00 Asia/Taipei,premarket trade_date may only use row.date < trade_date
2026-07-20,2345,智邦,2035.0,2150.0,2000.0,2090.0,3939531.0,8248378455.0,TWSE STOCK_DAY,https://www.twse.com.tw/rwd/zh/afterTrading/STOCK_DAY?date=20260701&stockNo=2345&response=json,2026-07-20 14:00 Asia/Taipei,premarket trade_date may only use row.date < trade_date
2026-07-20,3017,奇鋐,2210.0,2240.0,2015.0,2135.0,4416999.0,9356599417.0,TWSE STOCK_DAY,https://www.twse.com.tw/rwd/zh/afterTrading/STOCK_DAY?date=20260701&stockNo=3017&response=json,2026-07-20 14:00 Asia/Taipei,premarket trade_date may only use row.date < trade_date
2026-07-20,3189,景碩,693.0,724.0,653.0,679.0,23743793.0,16462657909.0,TWSE STOCK_DAY,https://www.twse.com.tw/rwd/zh/afterTrading/STOCK_DAY?date=20260701&stockNo=3189&response=json,2026-07-20 14:00 Asia/Taipei,premarket trade_date may only use row.date < trade_date
2026-07-20,3443,創意,3880.0,3880.0,3535.0,3745.0,1809521.0,6700555410.0,TWSE STOCK_DAY,https://www.twse.com.tw/rwd/zh/afterTrading/STOCK_DAY?date=20260701&stockNo=3443&response=json,2026-07-20 14:00 Asia/Taipei,premarket trade_date may only use row.date < trade_date
2026-07-20,6526,達發,568.0,569.0,530.0,548.0,726342.0,398921671.0,TWSE STOCK_DAY,https://www.twse.com.tw/rwd/zh/afterTrading/STOCK_DAY?date=20260701&stockNo=6526&response=json,2026-07-20 14:00 Asia/Taipei,premarket trade_date may only use row.date < trade_date
2026-07-21,2345,智邦,2150.0,2220.0,2140.0,2220.0,2272779.0,4991973340.0,TWSE STOCK_DAY,https://www.twse.com.tw/rwd/zh/afterTrading/STOCK_DAY?date=20260701&stockNo=2345&response=json,2026-07-21 14:00 Asia/Taipei,premarket trade_date may only use row.date < trade_date
2026-07-21,3017,奇鋐,2190.0,2340.0,2175.0,2320.0,3736446.0,8489473280.0,TWSE STOCK_DAY,https://www.twse.com.tw/rwd/zh/afterTrading/STOCK_DAY?date=20260701&stockNo=3017&response=json,2026-07-21 14:00 Asia/Taipei,premarket trade_date may only use row.date < trade_date
2026-07-21,3189,景碩,715.0,746.0,704.0,746.0,6598311.0,4842844006.0,TWSE STOCK_DAY,https://www.twse.com.tw/rwd/zh/afterTrading/STOCK_DAY?date=20260701&stockNo=3189&response=json,2026-07-21 14:00 Asia/Taipei,premarket trade_date may only use row.date < trade_date
2026-07-21,3443,創意,3830.0,4115.0,3810.0,4115.0,1416745.0,5691820925.0,TWSE STOCK_DAY,https://www.twse.com.tw/rwd/zh/afterTrading/STOCK_DAY?date=20260701&stockNo=3443&response=json,2026-07-21 14:00 Asia/Taipei,premarket trade_date may only use row.date < trade_date
2026-07-21,6526,達發,556.0,585.0,556.0,584.0,328098.0,187903375.0,TWSE STOCK_DAY,https://www.twse.com.tw/rwd/zh/afterTrading/STOCK_DAY?date=20260701&stockNo=6526&response=json,2026-07-21 14:00 Asia/Taipei,premarket trade_date may only use row.date < trade_date
2026-07-22,2345,智邦,2295.0,2310.0,2240.0,2285.0,3027115.0,6901041235.0,TWSE STOCK_DAY,https://www.twse.com.tw/rwd/zh/afterTrading/STOCK_DAY?date=20260701&stockNo=2345&response=json,2026-07-22 14:00 Asia/Taipei,premarket trade_date may only use row.date < trade_date
2026-07-22,3017,奇鋐,2385.0,2390.0,2255.0,2265.0,4356001.0,10034797450.0,TWSE STOCK_DAY,https://www.twse.com.tw/rwd/zh/afterTrading/STOCK_DAY?date=20260701&stockNo=3017&response=json,2026-07-22 14:00 Asia/Taipei,premarket trade_date may only use row.date < trade_date
2026-07-22,3189,景碩,804.0,819.0,770.0,796.0,25561416.0,20426356411.0,TWSE STOCK_DAY,https://www.twse.com.tw/rwd/zh/afterTrading/STOCK_DAY?date=20260701&stockNo=3189&response=json,2026-07-22 14:00 Asia/Taipei,premarket trade_date may only use row.date < trade_date
2026-07-22,3443,創意,4305.0,4450.0,4235.0,4370.0,2504634.0,10840111140.0,TWSE STOCK_DAY,https://www.twse.com.tw/rwd/zh/afterTrading/STOCK_DAY?date=20260701&stockNo=3443&response=json,2026-07-22 14:00 Asia/Taipei,premarket trade_date may only use row.date < trade_date
2026-07-22,6526,達發,590.0,604.0,590.0,591.0,307825.0,183928079.0,TWSE STOCK_DAY,https://www.twse.com.tw/rwd/zh/afterTrading/STOCK_DAY?date=20260701&stockNo=6526&response=json,2026-07-22 14:00 Asia/Taipei,premarket trade_date may only use row.date < trade_date
2026-07-23,2345,智邦,2305.0,2390.0,2280.0,2325.0,2178658.0,5083398420.0,TWSE STOCK_DAY,https://www.twse.com.tw/rwd/zh/afterTrading/STOCK_DAY?date=20260701&stockNo=2345&response=json,2026-07-23 14:00 Asia/Taipei,premarket trade_date may only use row.date < trade_date
2026-07-23,3017,奇鋐,2350.0,2490.0,2350.0,2440.0,7157581.0,17555109085.0,TWSE STOCK_DAY,https://www.twse.com.tw/rwd/zh/afterTrading/STOCK_DAY?date=20260701&stockNo=3017&response=json,2026-07-23 14:00 Asia/Taipei,premarket trade_date may only use row.date < trade_date
2026-07-23,3189,景碩,802.0,814.0,760.0,785.0,16084194.0,12660613680.0,TWSE STOCK_DAY,https://www.twse.com.tw/rwd/zh/afterTrading/STOCK_DAY?date=20260701&stockNo=3189&response=json,2026-07-23 14:00 Asia/Taipei,premarket trade_date may only use row.date < trade_date
2026-07-23,3443,創意,4400.0,4420.0,4220.0,4380.0,1318309.0,5704848735.0,TWSE STOCK_DAY,https://www.twse.com.tw/rwd/zh/afterTrading/STOCK_DAY?date=20260701&stockNo=3443&response=json,2026-07-23 14:00 Asia/Taipei,premarket trade_date may only use row.date < trade_date
2026-07-23,6526,達發,595.0,600.0,573.0,588.0,280065.0,164380356.0,TWSE STOCK_DAY,https://www.twse.com.tw/rwd/zh/afterTrading/STOCK_DAY?date=20260701&stockNo=6526&response=json,2026-07-23 14:00 Asia/Taipei,premarket trade_date may only use row.date < trade_date
2026-07-24,2345,智邦,2315.0,2330.0,2205.0,2220.0,1607977.0,3627658175.0,TWSE STOCK_DAY,https://www.twse.com.tw/rwd/zh/afterTrading/STOCK_DAY?date=20260701&stockNo=2345&response=json,2026-07-24 14:00 Asia/Taipei,premarket trade_date may only use row.date < trade_date
2026-07-24,3017,奇鋐,2375.0,2510.0,2355.0,2380.0,4515686.0,10956024585.0,TWSE STOCK_DAY,https://www.twse.com.tw/rwd/zh/afterTrading/STOCK_DAY?date=20260701&stockNo=3017&response=json,2026-07-24 14:00 Asia/Taipei,premarket trade_date may only use row.date < trade_date
2026-07-24,3189,景碩,766.0,770.0,707.0,711.0,14224914.0,10362094070.0,TWSE STOCK_DAY,https://www.twse.com.tw/rwd/zh/afterTrading/STOCK_DAY?date=20260701&stockNo=3189&response=json,2026-07-24 14:00 Asia/Taipei,premarket trade_date may only use row.date < trade_date
2026-07-24,3443,創意,4330.0,4475.0,4060.0,4070.0,1934100.0,8144366725.0,TWSE STOCK_DAY,https://www.twse.com.tw/rwd/zh/afterTrading/STOCK_DAY?date=20260701&stockNo=3443&response=json,2026-07-24 14:00 Asia/Taipei,premarket trade_date may only use row.date < trade_date
2026-07-24,6526,達發,577.0,591.0,575.0,587.0,359807.0,210202262.0,TWSE STOCK_DAY,https://www.twse.com.tw/rwd/zh/afterTrading/STOCK_DAY?date=20260701&stockNo=6526&response=json,2026-07-24 14:00 Asia/Taipei,premarket trade_date may only use row.date < trade_date
2026-07-27,2345,智邦,2280.0,2285.0,2170.0,2240.0,1809334.0,4015200700.0,TWSE STOCK_DAY,https://www.twse.com.tw/rwd/zh/afterTrading/STOCK_DAY?date=20260701&stockNo=2345&response=json,2026-07-27 14:00 Asia/Taipei,premarket trade_date may only use row.date < trade_date
2026-07-27,3017,奇鋐,2375.0,2420.0,2310.0,2400.0,2367643.0,5598378250.0,TWSE STOCK_DAY,https://www.twse.com.tw/rwd/zh/afterTrading/STOCK_DAY?date=20260701&stockNo=3017&response=json,2026-07-27 14:00 Asia/Taipei,premarket trade_date may only use row.date < trade_date
2026-07-27,3189,景碩,702.0,718.0,673.0,710.0,11397368.0,7928691872.0,TWSE STOCK_DAY,https://www.twse.com.tw/rwd/zh/afterTrading/STOCK_DAY?date=20260701&stockNo=3189&response=json,2026-07-27 14:00 Asia/Taipei,premarket trade_date may only use row.date < trade_date
2026-07-27,3443,創意,4080.0,4080.0,3855.0,4050.0,1820157.0,7226596245.0,TWSE STOCK_DAY,https://www.twse.com.tw/rwd/zh/afterTrading/STOCK_DAY?date=20260701&stockNo=3443&response=json,2026-07-27 14:00 Asia/Taipei,premarket trade_date may only use row.date < trade_date
2026-07-27,6526,達發,575.0,585.0,565.0,576.0,370655.0,212120902.0,TWSE STOCK_DAY,https://www.twse.com.tw/rwd/zh/afterTrading/STOCK_DAY?date=20260701&stockNo=6526&response=json,2026-07-27 14:00 Asia/Taipei,premarket trade_date may only use row.date < trade_date
2026-07-28,2345,智邦,2165.0,2180.0,2040.0,2040.0,2796586.0,5839505507.0,TWSE STOCK_DAY,https://www.twse.com.tw/rwd/zh/afterTrading/STOCK_DAY?date=20260701&stockNo=2345&response=json,2026-07-28 14:00 Asia/Taipei,premarket trade_date may only use row.date < trade_date
2026-07-28,3017,奇鋐,2285.0,2325.0,2225.0,2240.0,3173558.0,7200028160.0,TWSE STOCK_DAY,https://www.twse.com.tw/rwd/zh/afterTrading/STOCK_DAY?date=20260701&stockNo=3017&response=json,2026-07-28 14:00 Asia/Taipei,premarket trade_date may only use row.date < trade_date
2026-07-28,3189,景碩,650.0,700.0,639.0,639.0,19391146.0,12770179886.0,TWSE STOCK_DAY,https://www.twse.com.tw/rwd/zh/afterTrading/STOCK_DAY?date=20260701&stockNo=3189&response=json,2026-07-28 14:00 Asia/Taipei,premarket trade_date may only use row.date < trade_date
2026-07-28,3443,創意,3795.0,3855.0,3645.0,3660.0,2329437.0,8692975085.0,TWSE STOCK_DAY,https://www.twse.com.tw/rwd/zh/afterTrading/STOCK_DAY?date=20260701&stockNo=3443&response=json,2026-07-28 14:00 Asia/Taipei,premarket trade_date may only use row.date < trade_date
2026-07-28,6526,達發,559.0,559.0,531.0,532.0,524967.0,285115313.0,TWSE STOCK_DAY,https://www.twse.com.tw/rwd/zh/afterTrading/STOCK_DAY?date=20260701&stockNo=6526&response=json,2026-07-28 14:00 Asia/Taipei,premarket trade_date may only use row.date < trade_date
2026-07-29,2345,智邦,2040.0,2110.0,1840.0,1910.0,4161040.0,8092423465.0,TWSE STOCK_DAY,https://www.twse.com.tw/rwd/zh/afterTrading/STOCK_DAY?date=20260701&stockNo=2345&response=json,2026-07-29 14:00 Asia/Taipei,premarket trade_date may only use row.date < trade_date
2026-07-29,3017,奇鋐,2225.0,2245.0,2020.0,2095.0,6379050.0,13423426555.0,TWSE STOCK_DAY,https://www.twse.com.tw/rwd/zh/afterTrading/STOCK_DAY?date=20260701&stockNo=3017&response=json,2026-07-29 14:00 Asia/Taipei,premarket trade_date may only use row.date < trade_date
2026-07-29,3189,景碩,650.0,650.0,576.0,576.0,15851867.0,9453252975.0,TWSE STOCK_DAY,https://www.twse.com.tw/rwd/zh/afterTrading/STOCK_DAY?date=20260701&stockNo=3189&response=json,2026-07-29 14:00 Asia/Taipei,premarket trade_date may only use row.date < trade_date
2026-07-29,3443,創意,3605.0,3685.0,3295.0,3295.0,2438225.0,8341289725.0,TWSE STOCK_DAY,https://www.twse.com.tw/rwd/zh/afterTrading/STOCK_DAY?date=20260701&stockNo=3443&response=json,2026-07-29 14:00 Asia/Taipei,premarket trade_date may only use row.date < trade_date
2026-07-29,6526,達發,540.0,541.0,486.0,507.0,807121.0,405320121.0,TWSE STOCK_DAY,https://www.twse.com.tw/rwd/zh/afterTrading/STOCK_DAY?date=20260701&stockNo=6526&response=json,2026-07-29 14:00 Asia/Taipei,premarket trade_date may only use row.date < trade_date
2026-07-30,2345,智邦,1910.0,2050.0,1855.0,1935.0,3309765.0,6466321220.0,TWSE STOCK_DAY,https://www.twse.com.tw/rwd/zh/afterTrading/STOCK_DAY?date=20260701&stockNo=2345&response=json,2026-07-30 14:00 Asia/Taipei,premarket trade_date may only use row.date < trade_date
2026-07-30,3017,奇鋐,2055.0,2200.0,2030.0,2110.0,4483632.0,9511034280.0,TWSE STOCK_DAY,https://www.twse.com.tw/rwd/zh/afterTrading/STOCK_DAY?date=20260701&stockNo=3017&response=json,2026-07-30 14:00 Asia/Taipei,premarket trade_date may only use row.date < trade_date
2026-07-30,3189,景碩,550.0,633.0,541.0,578.0,30600261.0,18415149507.0,TWSE STOCK_DAY,https://www.twse.com.tw/rwd/zh/afterTrading/STOCK_DAY?date=20260701&stockNo=3189&response=json,2026-07-30 14:00 Asia/Taipei,premarket trade_date may only use row.date < trade_date
2026-07-30,3443,創意,3175.0,3620.0,3175.0,3460.0,3078508.0,10711506305.0,TWSE STOCK_DAY,https://www.twse.com.tw/rwd/zh/afterTrading/STOCK_DAY?date=20260701&stockNo=3443&response=json,2026-07-30 14:00 Asia/Taipei,premarket trade_date may only use row.date < trade_date
2026-07-30,6526,達發,507.0,517.0,485.0,493.0,540018.0,269097512.0,TWSE STOCK_DAY,https://www.twse.com.tw/rwd/zh/afterTrading/STOCK_DAY?date=20260701&stockNo=6526&response=json,2026-07-30 14:00 Asia/Taipei,premarket trade_date may only use row.date < trade_date
2026-07-31,2345,智邦,2125.0,2125.0,2125.0,2125.0,1009455.0,2145091875.0,TWSE STOCK_DAY,https://www.twse.com.tw/rwd/zh/afterTrading/STOCK_DAY?date=20260701&stockNo=2345&response=json,2026-07-31 14:00 Asia/Taipei,premarket trade_date may only use row.date < trade_date
2026-07-31,3017,奇鋐,2320.0,2320.0,2275.0,2320.0,2498885.0,5777964465.0,TWSE STOCK_DAY,https://www.twse.com.tw/rwd/zh/afterTrading/STOCK_DAY?date=20260701&stockNo=3017&response=json,2026-07-31 14:00 Asia/Taipei,premarket trade_date may only use row.date < trade_date
2026-07-31,3189,景碩,635.0,635.0,635.0,635.0,1399371.0,888600585.0,TWSE STOCK_DAY,https://www.twse.com.tw/rwd/zh/afterTrading/STOCK_DAY?date=20260701&stockNo=3189&response=json,2026-07-31 14:00 Asia/Taipei,premarket trade_date may only use row.date < trade_date
2026-07-31,3443,創意,3805.0,3805.0,3805.0,3805.0,750048.0,2853932640.0,TWSE STOCK_DAY,https://www.twse.com.tw/rwd/zh/afterTrading/STOCK_DAY?date=20260701&stockNo=3443&response=json,2026-07-31 14:00 Asia/Taipei,premarket trade_date may only use row.date < trade_date
2026-07-31,6526,達發,535.0,535.0,515.0,520.0,522924.0,273779541.0,TWSE STOCK_DAY,https://www.twse.com.tw/rwd/zh/afterTrading/STOCK_DAY?date=20260701&stockNo=6526&response=json,2026-07-31 14:00 Asia/Taipei,premarket trade_date may only use row.date < trade_date
2026-08-03,2345,智邦,2335.0,2335.0,2215.0,2335.0,3727502.0,8569943725.0,TWSE STOCK_DAY,https://www.twse.com.tw/rwd/zh/afterTrading/STOCK_DAY?date=20260801&stockNo=2345&response=json,2026-08-03 14:00 Asia/Taipei,premarket trade_date may only use row.date < trade_date
2026-08-03,3017,奇鋐,2400.0,2550.0,2400.0,2550.0,4533982.0,11388751630.0,TWSE STOCK_DAY,https://www.twse.com.tw/rwd/zh/afterTrading/STOCK_DAY?date=20260801&stockNo=3017&response=json,2026-08-03 14:00 Asia/Taipei,premarket trade_date may only use row.date < trade_date
2026-08-03,3189,景碩,695.0,698.0,694.0,698.0,4279917.0,2983216066.0,TWSE STOCK_DAY,https://www.twse.com.tw/rwd/zh/afterTrading/STOCK_DAY?date=20260801&stockNo=3189&response=json,2026-08-03 14:00 Asia/Taipei,premarket trade_date may only use row.date < trade_date
2026-08-03,3443,創意,4150.0,4185.0,4030.0,4185.0,1306441.0,5437655585.0,TWSE STOCK_DAY,https://www.twse.com.tw/rwd/zh/afterTrading/STOCK_DAY?date=20260801&stockNo=3443&response=json,2026-08-03 14:00 Asia/Taipei,premarket trade_date may only use row.date < trade_date
2026-08-03,6526,達發,523.0,557.0,523.0,552.0,413472.0,226476377.0,TWSE STOCK_DAY,https://www.twse.com.tw/rwd/zh/afterTrading/STOCK_DAY?date=20260801&stockNo=6526&response=json,2026-08-03 14:00 Asia/Taipei,premarket trade_date may only use row.date < trade_date
2026-08-04,2345,智邦,2355.0,2360.0,2280.0,2320.0,4443582.0,10304733550.0,TWSE STOCK_DAY,https://www.twse.com.tw/rwd/zh/afterTrading/STOCK_DAY?date=20260801&stockNo=2345&response=json,2026-08-04 14:00 Asia/Taipei,premarket trade_date may only use row.date < trade_date
2026-08-04,3017,奇鋐,2595.0,2675.0,2560.0,2600.0,5548736.0,14509938570.0,TWSE STOCK_DAY,https://www.twse.com.tw/rwd/zh/afterTrading/STOCK_DAY?date=20260801&stockNo=3017&response=json,2026-08-04 14:00 Asia/Taipei,premarket trade_date may only use row.date < trade_date
2026-08-04,3189,景碩,755.0,767.0,754.0,767.0,6043831.0,4620580377.0,TWSE STOCK_DAY,https://www.twse.com.tw/rwd/zh/afterTrading/STOCK_DAY?date=20260801&stockNo=3189&response=json,2026-08-04 14:00 Asia/Taipei,premarket trade_date may only use row.date < trade_date
2026-08-04,3443,創意,4200.0,4335.0,4085.0,4145.0,3005664.0,12655876735.0,TWSE STOCK_DAY,https://www.twse.com.tw/rwd/zh/afterTrading/STOCK_DAY?date=20260801&stockNo=3443&response=json,2026-08-04 14:00 Asia/Taipei,premarket trade_date may only use row.date < trade_date
2026-08-04,6526,達發,567.0,593.0,549.0,575.0,940874.0,536616457.0,TWSE STOCK_DAY,https://www.twse.com.tw/rwd/zh/afterTrading/STOCK_DAY?date=20260801&stockNo=6526&response=json,2026-08-04 14:00 Asia/Taipei,premarket trade_date may only use row.date < trade_date
2026-08-05,2345,智邦,2420.0,2480.0,2375.0,2385.0,2914548.0,7057301985.0,TWSE STOCK_DAY,https://www.twse.com.tw/rwd/zh/afterTrading/STOCK_DAY?date=20260801&stockNo=2345&response=json,2026-08-05 14:00 Asia/Taipei,premarket trade_date may only use row.date < trade_date
2026-08-05,3017,奇鋐,2660.0,2775.0,2640.0,2730.0,5823988.0,15860875725.0,TWSE STOCK_DAY,https://www.twse.com.tw/rwd/zh/afterTrading/STOCK_DAY?date=20260801&stockNo=3017&response=json,2026-08-05 14:00 Asia/Taipei,premarket trade_date may only use row.date < trade_date
2026-08-05,3189,景碩,843.0,843.0,812.0,828.0,33103524.0,27700605414.0,TWSE STOCK_DAY,https://www.twse.com.tw/rwd/zh/afterTrading/STOCK_DAY?date=20260801&stockNo=3189&response=json,2026-08-05 14:00 Asia/Taipei,premarket trade_date may only use row.date < trade_date
2026-08-05,3443,創意,4355.0,4515.0,4285.0,4390.0,2175518.0,9603737715.0,TWSE STOCK_DAY,https://www.twse.com.tw/rwd/zh/afterTrading/STOCK_DAY?date=20260801&stockNo=3443&response=json,2026-08-05 14:00 Asia/Taipei,premarket trade_date may only use row.date < trade_date
2026-08-05,6526,達發,618.0,632.0,605.0,632.0,1155759.0,719072609.0,TWSE STOCK_DAY,https://www.twse.com.tw/rwd/zh/afterTrading/STOCK_DAY?date=20260801&stockNo=6526&response=json,2026-08-05 14:00 Asia/Taipei,premarket trade_date may only use row.date < trade_date
2026-08-06,2345,智邦,2590.0,2595.0,2390.0,2410.0,4044919.0,9993907220.0,TWSE STOCK_DAY,https://www.twse.com.tw/rwd/zh/afterTrading/STOCK_DAY?date=20260801&stockNo=2345&response=json,2026-08-06 14:00 Asia/Taipei,premarket trade_date may only use row.date < trade_date
2026-08-06,3017,奇鋐,2730.0,2965.0,2730.0,2940.0,9418730.0,27219624955.0,TWSE STOCK_DAY,https://www.twse.com.tw/rwd/zh/afterTrading/STOCK_DAY?date=20260801&stockNo=3017&response=json,2026-08-06 14:00 Asia/Taipei,premarket trade_date may only use row.date < trade_date
2026-08-06,3189,景碩,816.0,853.0,801.0,853.0,23356386.0,19481027645.0,TWSE STOCK_DAY,https://www.twse.com.tw/rwd/zh/afterTrading/STOCK_DAY?date=20260801&stockNo=3189&response=json,2026-08-06 14:00 Asia/Taipei,premarket trade_date may only use row.date < trade_date
2026-08-06,3443,創意,4395.0,4550.0,4250.0,4480.0,1855688.0,8240657435.0,TWSE STOCK_DAY,https://www.twse.com.tw/rwd/zh/afterTrading/STOCK_DAY?date=20260801&stockNo=3443&response=json,2026-08-06 14:00 Asia/Taipei,premarket trade_date may only use row.date < trade_date
2026-08-06,6526,達發,627.0,656.0,625.0,637.0,1342991.0,861935681.0,TWSE STOCK_DAY,https://www.twse.com.tw/rwd/zh/afterTrading/STOCK_DAY?date=20260801&stockNo=6526&response=json,2026-08-06 14:00 Asia/Taipei,premarket trade_date may only use row.date < trade_date
2026-08-07,2345,智邦,2395.0,2395.0,2185.0,2215.0,4227407.0,9570245665.0,TWSE STOCK_DAY,https://www.twse.com.tw/rwd/zh/afterTrading/STOCK_DAY?date=20260801&stockNo=2345&response=json,2026-08-07 14:00 Asia/Taipei,premarket trade_date may only use row.date < trade_date
2026-08-07,3017,奇鋐,2935.0,2935.0,2750.0,2785.0,4140360.0,11715402275.0,TWSE STOCK_DAY,https://www.twse.com.tw/rwd/zh/afterTrading/STOCK_DAY?date=20260801&stockNo=3017&response=json,2026-08-07 14:00 Asia/Taipei,premarket trade_date may only use row.date < trade_date
2026-08-07,3189,景碩,848.0,854.0,808.0,823.0,16107601.0,13363533661.0,TWSE STOCK_DAY,https://www.twse.com.tw/rwd/zh/afterTrading/STOCK_DAY?date=20260801&stockNo=3189&response=json,2026-08-07 14:00 Asia/Taipei,premarket trade_date may only use row.date < trade_date
2026-08-07,3443,創意,4505.0,4665.0,4415.0,4545.0,1913717.0,8715655140.0,TWSE STOCK_DAY,https://www.twse.com.tw/rwd/zh/afterTrading/STOCK_DAY?date=20260801&stockNo=3443&response=json,2026-08-07 14:00 Asia/Taipei,premarket trade_date may only use row.date < trade_date
2026-08-07,6526,達發,637.0,639.0,616.0,625.0,519335.0,323708409.0,TWSE STOCK_DAY,https://www.twse.com.tw/rwd/zh/afterTrading/STOCK_DAY?date=20260801&stockNo=6526&response=json,2026-08-07 14:00 Asia/Taipei,premarket trade_date may only use row.date < trade_date
2026-08-10,2345,智邦,2255.0,2280.0,2135.0,2165.0,2810982.0,6182816405.0,TWSE STOCK_DAY,https://www.twse.com.tw/rwd/zh/afterTrading/STOCK_DAY?date=20260801&stockNo=2345&response=json,2026-08-10 14:00 Asia/Taipei,premarket trade_date may only use row.date < trade_date
2026-08-10,3017,奇鋐,2865.0,2890.0,2755.0,2765.0,3326767.0,9345241965.0,TWSE STOCK_DAY,https://www.twse.com.tw/rwd/zh/afterTrading/STOCK_DAY?date=20260801&stockNo=3017&response=json,2026-08-10 14:00 Asia/Taipei,premarket trade_date may only use row.date < trade_date
2026-08-10,3189,景碩,823.0,849.0,811.0,836.0,3650916.0,3034065584.0,TWSE STOCK_DAY,https://www.twse.com.tw/rwd/zh/afterTrading/STOCK_DAY?date=20260801&stockNo=3189&response=json,2026-08-10 14:00 Asia/Taipei,premarket trade_date may only use row.date < trade_date
2026-08-10,3443,創意,4640.0,4815.0,4510.0,4530.0,2048185.0,9507228235.0,TWSE STOCK_DAY,https://www.twse.com.tw/rwd/zh/afterTrading/STOCK_DAY?date=20260801&stockNo=3443&response=json,2026-08-10 14:00 Asia/Taipei,premarket trade_date may only use row.date < trade_date
2026-08-10,6526,達發,634.0,639.0,627.0,627.0,313730.0,198309083.0,TWSE STOCK_DAY,https://www.twse.com.tw/rwd/zh/afterTrading/STOCK_DAY?date=20260801&stockNo=6526&response=json,2026-08-10 14:00 Asia/Taipei,premarket trade_date may only use row.date < trade_date
2026-08-11,2345,智邦,2140.0,2150.0,2075.0,2135.0,3575999.0,7555776180.0,TWSE STOCK_DAY,https://www.twse.com.tw/rwd/zh/afterTrading/STOCK_DAY?date=20260801&stockNo=2345&response=json,2026-08-11 14:00 Asia/Taipei,premarket trade_date may only use row.date < trade_date
2026-08-11,3017,奇鋐,2705.0,2800.0,2625.0,2760.0,3159103.0,8652305225.0,TWSE STOCK_DAY,https://www.twse.com.tw/rwd/zh/afterTrading/STOCK_DAY?date=20260801&stockNo=3017&response=json,2026-08-11 14:00 Asia/Taipei,premarket trade_date may only use row.date < trade_date
2026-08-11,3189,景碩,820.0,844.0,807.0,842.0,2961490.0,2459488798.0,TWSE STOCK_DAY,https://www.twse.com.tw/rwd/zh/afterTrading/STOCK_DAY?date=20260801&stockNo=3189&response=json,2026-08-11 14:00 Asia/Taipei,premarket trade_date may only use row.date < trade_date
2026-08-11,3443,創意,4630.0,4980.0,4615.0,4955.0,3469647.0,16802639225.0,TWSE STOCK_DAY,https://www.twse.com.tw/rwd/zh/afterTrading/STOCK_DAY?date=20260801&stockNo=3443&response=json,2026-08-11 14:00 Asia/Taipei,premarket trade_date may only use row.date < trade_date
2026-08-11,6526,達發,620.0,632.0,612.0,620.0,273764.0,169811154.0,TWSE STOCK_DAY,https://www.twse.com.tw/rwd/zh/afterTrading/STOCK_DAY?date=20260801&stockNo=6526&response=json,2026-08-11 14:00 Asia/Taipei,premarket trade_date may only use row.date < trade_date
2026-08-12,2345,智邦,2140.0,2255.0,2125.0,2215.0,2859759.0,6316335620.0,TWSE STOCK_DAY,https://www.twse.com.tw/rwd/zh/afterTrading/STOCK_DAY?date=20260801&stockNo=2345&response=json,2026-08-12 14:00 Asia/Taipei,premarket trade_date may only use row.date < trade_date
2026-08-12,3017,奇鋐,2765.0,2915.0,2755.0,2910.0,4218037.0,12048731925.0,TWSE STOCK_DAY,https://www.twse.com.tw/rwd/zh/afterTrading/STOCK_DAY?date=20260801&stockNo=3017&response=json,2026-08-12 14:00 Asia/Taipei,premarket trade_date may only use row.date < trade_date
2026-08-12,3189,景碩,847.0,864.0,827.0,858.0,3488257.0,2967136379.0,TWSE STOCK_DAY,https://www.twse.com.tw/rwd/zh/afterTrading/STOCK_DAY?date=20260801&stockNo=3189&response=json,2026-08-12 14:00 Asia/Taipei,premarket trade_date may only use row.date < trade_date
2026-08-12,3443,創意,5025.0,5180.0,4945.0,5130.0,2712101.0,13761993470.0,TWSE STOCK_DAY,https://www.twse.com.tw/rwd/zh/afterTrading/STOCK_DAY?date=20260801&stockNo=3443&response=json,2026-08-12 14:00 Asia/Taipei,premarket trade_date may only use row.date < trade_date
2026-08-12,6526,達發,622.0,628.0,617.0,619.0,217940.0,135453513.0,TWSE STOCK_DAY,https://www.twse.com.tw/rwd/zh/afterTrading/STOCK_DAY?date=20260801&stockNo=6526&response=json,2026-08-12 14:00 Asia/Taipei,premarket trade_date may only use row.date < trade_date
2026-08-13,2345,智邦,2275.0,2310.0,2235.0,2270.0,3000738.0,6815329400.0,TWSE STOCK_DAY,https://www.twse.com.tw/rwd/zh/afterTrading/STOCK_DAY?date=20260801&stockNo=2345&response=json,2026-08-13 14:00 Asia/Taipei,premarket trade_date may only use row.date < trade_date
2026-08-13,3017,奇鋐,3030.0,3200.0,2925.0,3200.0,10569479.0,33001664680.0,TWSE STOCK_DAY,https://www.twse.com.tw/rwd/zh/afterTrading/STOCK_DAY?date=20260801&stockNo=3017&response=json,2026-08-13 14:00 Asia/Taipei,premarket trade_date may only use row.date < trade_date
2026-08-13,3189,景碩,866.0,872.0,813.0,851.0,4544970.0,3797290822.0,TWSE STOCK_DAY,https://www.twse.com.tw/rwd/zh/afterTrading/STOCK_DAY?date=20260801&stockNo=3189&response=json,2026-08-13 14:00 Asia/Taipei,premarket trade_date may only use row.date < trade_date
2026-08-13,3443,創意,5260.0,5580.0,5230.0,5540.0,2994558.0,16257215455.0,TWSE STOCK_DAY,https://www.twse.com.tw/rwd/zh/afterTrading/STOCK_DAY?date=20260801&stockNo=3443&response=json,2026-08-13 14:00 Asia/Taipei,premarket trade_date may only use row.date < trade_date
2026-08-13,6526,達發,627.0,635.0,623.0,624.0,309369.0,194695553.0,TWSE STOCK_DAY,https://www.twse.com.tw/rwd/zh/afterTrading/STOCK_DAY?date=20260801&stockNo=6526&response=json,2026-08-13 14:00 Asia/Taipei,premarket trade_date may only use row.date < trade_date
2026-08-14,2345,智邦,2305.0,2385.0,2275.0,2300.0,3328996.0,7750817310.0,TWSE STOCK_DAY,https://www.twse.com.tw/rwd/zh/afterTrading/STOCK_DAY?date=20260801&stockNo=2345&response=json,2026-08-14 14:00 Asia/Taipei,premarket trade_date may only use row.date < trade_date
2026-08-14,3017,奇鋐,3250.0,3320.0,3170.0,3235.0,7354711.0,23876896640.0,TWSE STOCK_DAY,https://www.twse.com.tw/rwd/zh/afterTrading/STOCK_DAY?date=20260801&stockNo=3017&response=json,2026-08-14 14:00 Asia/Taipei,premarket trade_date may only use row.date < trade_date
2026-08-14,3189,景碩,841.0,862.0,840.0,862.0,4293886.0,3660805471.0,TWSE STOCK_DAY,https://www.twse.com.tw/rwd/zh/afterTrading/STOCK_DAY?date=20260801&stockNo=3189&response=json,2026-08-14 14:00 Asia/Taipei,premarket trade_date may only use row.date < trade_date
2026-08-14,3443,創意,5640.0,5830.0,5420.0,5465.0,2676032.0,15029846210.0,TWSE STOCK_DAY,https://www.twse.com.tw/rwd/zh/afterTrading/STOCK_DAY?date=20260801&stockNo=3443&response=json,2026-08-14 14:00 Asia/Taipei,premarket trade_date may only use row.date < trade_date
2026-08-14,6526,達發,634.0,634.0,608.0,610.0,290094.0,179212827.0,TWSE STOCK_DAY,https://www.twse.com.tw/rwd/zh/afterTrading/STOCK_DAY?date=20260801&stockNo=6526&response=json,2026-08-14 14:00 Asia/Taipei,premarket trade_date may only use row.date < trade_date
2026-08-17,2345,智邦,2300.0,2335.0,2245.0,2290.0,2439612.0,5593399565.0,TWSE STOCK_DAY,https://www.twse.com.tw/rwd/zh/afterTrading/STOCK_DAY?date=20260801&stockNo=2345&response=json,2026-08-17 14:00 Asia/Taipei,premarket trade_date may only use row.date < trade_date
2026-08-17,3017,奇鋐,3230.0,3230.0,3115.0,3150.0,3126245.0,9919034100.0,TWSE STOCK_DAY,https://www.twse.com.tw/rwd/zh/afterTrading/STOCK_DAY?date=20260801&stockNo=3017&response=json,2026-08-17 14:00 Asia/Taipei,premarket trade_date may only use row.date < trade_date
2026-08-17,3189,景碩,896.0,932.0,881.0,905.0,38323719.0,34802947201.0,TWSE STOCK_DAY,https://www.twse.com.tw/rwd/zh/afterTrading/STOCK_DAY?date=20260801&stockNo=3189&response=json,2026-08-17 14:00 Asia/Taipei,premarket trade_date may only use row.date < trade_date
2026-08-17,3443,創意,5475.0,5990.0,5360.0,5850.0,3216422.0,18513234390.0,TWSE STOCK_DAY,https://www.twse.com.tw/rwd/zh/afterTrading/STOCK_DAY?date=20260801&stockNo=3443&response=json,2026-08-17 14:00 Asia/Taipei,premarket trade_date may only use row.date < trade_date
2026-08-17,6526,達發,609.0,615.0,596.0,605.0,383957.0,232384764.0,TWSE STOCK_DAY,https://www.twse.com.tw/rwd/zh/afterTrading/STOCK_DAY?date=20260801&stockNo=6526&response=json,2026-08-17 14:00 Asia/Taipei,premarket trade_date may only use row.date < trade_date
2026-08-18,2345,智邦,2280.0,2350.0,2210.0,2225.0,3175549.0,7214463640.0,TWSE STOCK_DAY,https://www.twse.com.tw/rwd/zh/afterTrading/STOCK_DAY?date=20260801&stockNo=2345&response=json,2026-08-18 14:00 Asia/Taipei,premarket trade_date may only use row.date < trade_date
2026-08-18,3017,奇鋐,3150.0,3180.0,2990.0,3035.0,3613625.0,11053113895.0,TWSE STOCK_DAY,https://www.twse.com.tw/rwd/zh/afterTrading/STOCK_DAY?date=20260801&stockNo=3017&response=json,2026-08-18 14:00 Asia/Taipei,premarket trade_date may only use row.date < trade_date
2026-08-18,3189,景碩,917.0,937.0,861.0,865.0,26966801.0,24210045795.0,TWSE STOCK_DAY,https://www.twse.com.tw/rwd/zh/afterTrading/STOCK_DAY?date=20260801&stockNo=3189&response=json,2026-08-18 14:00 Asia/Taipei,premarket trade_date may only use row.date < trade_date
2026-08-18,3443,創意,5845.0,5885.0,5520.0,5535.0,2450968.0,13928284670.0,TWSE STOCK_DAY,https://www.twse.com.tw/rwd/zh/afterTrading/STOCK_DAY?date=20260801&stockNo=3443&response=json,2026-08-18 14:00 Asia/Taipei,premarket trade_date may only use row.date < trade_date
2026-08-18,6526,達發,600.0,603.0,578.0,579.0,467549.0,275048972.0,TWSE STOCK_DAY,https://www.twse.com.tw/rwd/zh/afterTrading/STOCK_DAY?date=20260801&stockNo=6526&response=json,2026-08-18 14:00 Asia/Taipei,premarket trade_date may only use row.date < trade_date
2026-08-19,2345,智邦,2060.0,2145.0,2060.0,2125.0,4040971.0,8523677435.0,TWSE STOCK_DAY,https://www.twse.com.tw/rwd/zh/afterTrading/STOCK_DAY?date=20260801&stockNo=2345&response=json,2026-08-19 14:00 Asia/Taipei,premarket trade_date may only use row.date < trade_date
2026-08-19,3017,奇鋐,2915.0,3160.0,2900.0,3095.0,3982151.0,12239049250.0,TWSE STOCK_DAY,https://www.twse.com.tw/rwd/zh/afterTrading/STOCK_DAY?date=20260801&stockNo=3017&response=json,2026-08-19 14:00 Asia/Taipei,premarket trade_date may only use row.date < trade_date
2026-08-19,3189,景碩,834.0,902.0,832.0,849.0,21079068.0,18209051004.0,TWSE STOCK_DAY,https://www.twse.com.tw/rwd/zh/afterTrading/STOCK_DAY?date=20260801&stockNo=3189&response=json,2026-08-19 14:00 Asia/Taipei,premarket trade_date may only use row.date < trade_date
2026-08-19,3443,創意,5350.0,5530.0,5230.0,5295.0,2510975.0,13479515735.0,TWSE STOCK_DAY,https://www.twse.com.tw/rwd/zh/afterTrading/STOCK_DAY?date=20260801&stockNo=3443&response=json,2026-08-19 14:00 Asia/Taipei,premarket trade_date may only use row.date < trade_date
2026-08-19,6526,達發,573.0,583.0,561.0,580.0,284469.0,163877006.0,TWSE STOCK_DAY,https://www.twse.com.tw/rwd/zh/afterTrading/STOCK_DAY?date=20260801&stockNo=6526&response=json,2026-08-19 14:00 Asia/Taipei,premarket trade_date may only use row.date < trade_date
2026-08-20,2345,智邦,2125.0,2135.0,2070.0,2105.0,2410579.0,5061868285.0,TWSE STOCK_DAY,https://www.twse.com.tw/rwd/zh/afterTrading/STOCK_DAY?date=20260801&stockNo=2345&response=json,2026-08-20 14:00 Asia/Taipei,premarket trade_date may only use row.date < trade_date
2026-08-20,3017,奇鋐,3175.0,3175.0,2925.0,2985.0,3219927.0,9635258630.0,TWSE STOCK_DAY,https://www.twse.com.tw/rwd/zh/afterTrading/STOCK_DAY?date=20260801&stockNo=3017&response=json,2026-08-20 14:00 Asia/Taipei,premarket trade_date may only use row.date < trade_date
2026-08-20,3189,景碩,871.0,880.0,818.0,851.0,16928119.0,14299407495.0,TWSE STOCK_DAY,https://www.twse.com.tw/rwd/zh/afterTrading/STOCK_DAY?date=20260801&stockNo=3189&response=json,2026-08-20 14:00 Asia/Taipei,premarket trade_date may only use row.date < trade_date
2026-08-20,3443,創意,5345.0,5660.0,5300.0,5630.0,2626990.0,14379203410.0,TWSE STOCK_DAY,https://www.twse.com.tw/rwd/zh/afterTrading/STOCK_DAY?date=20260801&stockNo=3443&response=json,2026-08-20 14:00 Asia/Taipei,premarket trade_date may only use row.date < trade_date
2026-08-20,6526,達發,581.0,590.0,575.0,585.0,182458.0,106320159.0,TWSE STOCK_DAY,https://www.twse.com.tw/rwd/zh/afterTrading/STOCK_DAY?date=20260801&stockNo=6526&response=json,2026-08-20 14:00 Asia/Taipei,premarket trade_date may only use row.date < trade_date
2026-08-21,2345,智邦,2090.0,2110.0,2020.0,2035.0,2809274.0,5760513020.0,TWSE STOCK_DAY,https://www.twse.com.tw/rwd/zh/afterTrading/STOCK_DAY?date=20260801&stockNo=2345&response=json,2026-08-21 14:00 Asia/Taipei,premarket trade_date may only use row.date < trade_date
2026-08-21,3017,奇鋐,2995.0,3035.0,2850.0,2865.0,2515057.0,7307288770.0,TWSE STOCK_DAY,https://www.twse.com.tw/rwd/zh/afterTrading/STOCK_DAY?date=20260801&stockNo=3017&response=json,2026-08-21 14:00 Asia/Taipei,premarket trade_date may only use row.date < trade_date
2026-08-21,3189,景碩,842.0,842.0,792.0,811.0,17272838.0,14047360962.0,TWSE STOCK_DAY,https://www.twse.com.tw/rwd/zh/afterTrading/STOCK_DAY?date=20260801&stockNo=3189&response=json,2026-08-21 14:00 Asia/Taipei,premarket trade_date may only use row.date < trade_date
2026-08-21,3443,創意,5620.0,5830.0,5425.0,5600.0,3184974.0,17998366205.0,TWSE STOCK_DAY,https://www.twse.com.tw/rwd/zh/afterTrading/STOCK_DAY?date=20260801&stockNo=3443&response=json,2026-08-21 14:00 Asia/Taipei,premarket trade_date may only use row.date < trade_date
2026-08-21,6526,達發,582.0,595.0,566.0,572.0,421910.0,244667351.0,TWSE STOCK_DAY,https://www.twse.com.tw/rwd/zh/afterTrading/STOCK_DAY?date=20260801&stockNo=6526&response=json,2026-08-21 14:00 Asia/Taipei,premarket trade_date may only use row.date < trade_date
2026-08-24,2345,智邦,2055.0,2130.0,2045.0,2070.0,1772738.0,3694464730.0,TWSE STOCK_DAY,https://www.twse.com.tw/rwd/zh/afterTrading/STOCK_DAY?date=20260801&stockNo=2345&response=json,2026-08-24 14:00 Asia/Taipei,premarket trade_date may only use row.date < trade_date
2026-08-24,3017,奇鋐,2865.0,2935.0,2830.0,2855.0,2274318.0,6563630250.0,TWSE STOCK_DAY,https://www.twse.com.tw/rwd/zh/afterTrading/STOCK_DAY?date=20260801&stockNo=3017&response=json,2026-08-24 14:00 Asia/Taipei,premarket trade_date may only use row.date < trade_date
2026-08-24,3189,景碩,814.0,842.0,791.0,794.0,11764951.0,9494636552.0,TWSE STOCK_DAY,https://www.twse.com.tw/rwd/zh/afterTrading/STOCK_DAY?date=20260801&stockNo=3189&response=json,2026-08-24 14:00 Asia/Taipei,premarket trade_date may only use row.date < trade_date
2026-08-24,3443,創意,5635.0,5690.0,5350.0,5365.0,1656444.0,9129025455.0,TWSE STOCK_DAY,https://www.twse.com.tw/rwd/zh/afterTrading/STOCK_DAY?date=20260801&stockNo=3443&response=json,2026-08-24 14:00 Asia/Taipei,premarket trade_date may only use row.date < trade_date
2026-08-24,6526,達發,571.0,587.0,570.0,578.0,244435.0,141412219.0,TWSE STOCK_DAY,https://www.twse.com.tw/rwd/zh/afterTrading/STOCK_DAY?date=20260801&stockNo=6526&response=json,2026-08-24 14:00 Asia/Taipei,premarket trade_date may only use row.date < trade_date
2026-08-25,2345,智邦,2080.0,2080.0,1960.0,2030.0,2786151.0,5588513510.0,TWSE STOCK_DAY,https://www.twse.com.tw/rwd/zh/afterTrading/STOCK_DAY?date=20260801&stockNo=2345&response=json,2026-08-25 14:00 Asia/Taipei,premarket trade_date may only use row.date < trade_date
2026-08-25,3017,奇鋐,2835.0,2950.0,2740.0,2950.0,2905308.0,8251099495.0,TWSE STOCK_DAY,https://www.twse.com.tw/rwd/zh/afterTrading/STOCK_DAY?date=20260801&stockNo=3017&response=json,2026-08-25 14:00 Asia/Taipei,premarket trade_date may only use row.date < trade_date
2026-08-25,3189,景碩,783.0,837.0,766.0,835.0,11433672.0,9169982179.0,TWSE STOCK_DAY,https://www.twse.com.tw/rwd/zh/afterTrading/STOCK_DAY?date=20260801&stockNo=3189&response=json,2026-08-25 14:00 Asia/Taipei,premarket trade_date may only use row.date < trade_date
2026-08-25,3443,創意,5260.0,5570.0,5205.0,5570.0,1644526.0,8820001980.0,TWSE STOCK_DAY,https://www.twse.com.tw/rwd/zh/afterTrading/STOCK_DAY?date=20260801&stockNo=3443&response=json,2026-08-25 14:00 Asia/Taipei,premarket trade_date may only use row.date < trade_date
2026-08-25,6526,達發,569.0,578.0,562.0,578.0,242904.0,138137414.0,TWSE STOCK_DAY,https://www.twse.com.tw/rwd/zh/afterTrading/STOCK_DAY?date=20260801&stockNo=6526&response=json,2026-08-25 14:00 Asia/Taipei,premarket trade_date may only use row.date < trade_date
2026-08-26,2345,智邦,2040.0,2070.0,1985.0,2055.0,3430799.0,6924401265.0,TWSE STOCK_DAY,https://www.twse.com.tw/rwd/zh/afterTrading/STOCK_DAY?date=20260801&stockNo=2345&response=json,2026-08-26 14:00 Asia/Taipei,premarket trade_date may only use row.date < trade_date
2026-08-26,3017,奇鋐,2880.0,3155.0,2850.0,3155.0,5242984.0,15993879540.0,TWSE STOCK_DAY,https://www.twse.com.tw/rwd/zh/afterTrading/STOCK_DAY?date=20260801&stockNo=3017&response=json,2026-08-26 14:00 Asia/Taipei,premarket trade_date may only use row.date < trade_date
2026-08-26,3189,景碩,820.0,881.0,812.0,881.0,23277987.0,19562894456.0,TWSE STOCK_DAY,https://www.twse.com.tw/rwd/zh/afterTrading/STOCK_DAY?date=20260801&stockNo=3189&response=json,2026-08-26 14:00 Asia/Taipei,premarket trade_date may only use row.date < trade_date
2026-08-26,3443,創意,5640.0,6125.0,5570.0,6125.0,2298730.0,13695514970.0,TWSE STOCK_DAY,https://www.twse.com.tw/rwd/zh/afterTrading/STOCK_DAY?date=20260801&stockNo=3443&response=json,2026-08-26 14:00 Asia/Taipei,premarket trade_date may only use row.date < trade_date
2026-08-26,6526,達發,580.0,596.0,575.0,595.0,293274.0,172863467.0,TWSE STOCK_DAY,https://www.twse.com.tw/rwd/zh/afterTrading/STOCK_DAY?date=20260801&stockNo=6526&response=json,2026-08-26 14:00 Asia/Taipei,premarket trade_date may only use row.date < trade_date
2026-08-27,2345,智邦,2120.0,2130.0,2065.0,2090.0,2473876.0,5185113045.0,TWSE STOCK_DAY,https://www.twse.com.tw/rwd/zh/afterTrading/STOCK_DAY?date=20260801&stockNo=2345&response=json,2026-08-27 14:00 Asia/Taipei,premarket trade_date may only use row.date < trade_date
2026-08-27,3017,奇鋐,3305.0,3440.0,3265.0,3340.0,6114908.0,20475933080.0,TWSE STOCK_DAY,https://www.twse.com.tw/rwd/zh/afterTrading/STOCK_DAY?date=20260801&stockNo=3017&response=json,2026-08-27 14:00 Asia/Taipei,premarket trade_date may only use row.date < trade_date
2026-08-27,3189,景碩,920.0,960.0,905.0,914.0,32580788.0,30258717988.0,TWSE STOCK_DAY,https://www.twse.com.tw/rwd/zh/afterTrading/STOCK_DAY?date=20260801&stockNo=3189&response=json,2026-08-27 14:00 Asia/Taipei,premarket trade_date may only use row.date < trade_date
2026-08-27,3443,創意,6345.0,6370.0,5880.0,5920.0,3050886.0,18795609865.0,TWSE STOCK_DAY,https://www.twse.com.tw/rwd/zh/afterTrading/STOCK_DAY?date=20260801&stockNo=3443&response=json,2026-08-27 14:00 Asia/Taipei,premarket trade_date may only use row.date < trade_date
2026-08-27,6526,達發,591.0,621.0,586.0,610.0,463344.0,282069879.0,TWSE STOCK_DAY,https://www.twse.com.tw/rwd/zh/afterTrading/STOCK_DAY?date=20260801&stockNo=6526&response=json,2026-08-27 14:00 Asia/Taipei,premarket trade_date may only use row.date < trade_date
2026-08-28,2345,智邦,2120.0,2195.0,2100.0,2125.0,2374655.0,5081260310.0,TWSE STOCK_DAY,https://www.twse.com.tw/rwd/zh/afterTrading/STOCK_DAY?date=20260801&stockNo=2345&response=json,2026-08-28 14:00 Asia/Taipei,premarket trade_date may only use row.date < trade_date
2026-08-28,3017,奇鋐,3360.0,3450.0,3320.0,3360.0,4035280.0,13676448040.0,TWSE STOCK_DAY,https://www.twse.com.tw/rwd/zh/afterTrading/STOCK_DAY?date=20260801&stockNo=3017&response=json,2026-08-28 14:00 Asia/Taipei,premarket trade_date may only use row.date < trade_date
2026-08-28,3189,景碩,929.0,933.0,867.0,899.0,21576121.0,19476377313.0,TWSE STOCK_DAY,https://www.twse.com.tw/rwd/zh/afterTrading/STOCK_DAY?date=20260801&stockNo=3189&response=json,2026-08-28 14:00 Asia/Taipei,premarket trade_date may only use row.date < trade_date
2026-08-28,3443,創意,5975.0,6245.0,5910.0,6015.0,1881658.0,11433324680.0,TWSE STOCK_DAY,https://www.twse.com.tw/rwd/zh/afterTrading/STOCK_DAY?date=20260801&stockNo=3443&response=json,2026-08-28 14:00 Asia/Taipei,premarket trade_date may only use row.date < trade_date
2026-08-28,6526,達發,611.0,626.0,611.0,620.0,297879.0,184509371.0,TWSE STOCK_DAY,https://www.twse.com.tw/rwd/zh/afterTrading/STOCK_DAY?date=20260801&stockNo=6526&response=json,2026-08-28 14:00 Asia/Taipei,premarket trade_date may only use row.date < trade_date
2026-08-31,2345,智邦,2085.0,2085.0,1950.0,2035.0,4484579.0,9023851430.0,TWSE STOCK_DAY,https://www.twse.com.tw/rwd/zh/afterTrading/STOCK_DAY?date=20260801&stockNo=2345&response=json,2026-08-31 14:00 Asia/Taipei,premarket trade_date may only use row.date < trade_date
2026-08-31,3017,奇鋐,3280.0,3425.0,3250.0,3425.0,4468442.0,15068026760.0,TWSE STOCK_DAY,https://www.twse.com.tw/rwd/zh/afterTrading/STOCK_DAY?date=20260801&stockNo=3017&response=json,2026-08-31 14:00 Asia/Taipei,premarket trade_date may only use row.date < trade_date
2026-08-31,3189,景碩,844.0,899.0,810.0,819.0,31932413.0,26652095390.0,TWSE STOCK_DAY,https://www.twse.com.tw/rwd/zh/afterTrading/STOCK_DAY?date=20260801&stockNo=3189&response=json,2026-08-31 14:00 Asia/Taipei,premarket trade_date may only use row.date < trade_date
2026-08-31,3443,創意,5850.0,6100.0,5680.0,6100.0,2037697.0,11981709730.0,TWSE STOCK_DAY,https://www.twse.com.tw/rwd/zh/afterTrading/STOCK_DAY?date=20260801&stockNo=3443&response=json,2026-08-31 14:00 Asia/Taipei,premarket trade_date may only use row.date < trade_date
2026-08-31,6526,達發,606.0,612.0,597.0,607.0,265942.0,160677562.0,TWSE STOCK_DAY,https://www.twse.com.tw/rwd/zh/afterTrading/STOCK_DAY?date=20260801&stockNo=6526&response=json,2026-08-31 14:00 Asia/Taipei,premarket trade_date may only use row.date < trade_date
2026-09-01,2345,智邦,2085.0,2235.0,2050.0,2205.0,5313838.0,11473309020.0,TWSE STOCK_DAY,https://www.twse.com.tw/rwd/zh/afterTrading/STOCK_DAY?date=20260901&stockNo=2345&response=json,2026-09-01 14:00 Asia/Taipei,premarket trade_date may only use row.date < trade_date
2026-09-01,3017,奇鋐,3435.0,3465.0,3350.0,3410.0,3084829.0,10534323830.0,TWSE STOCK_DAY,https://www.twse.com.tw/rwd/zh/afterTrading/STOCK_DAY?date=20260901&stockNo=3017&response=json,2026-09-01 14:00 Asia/Taipei,premarket trade_date may only use row.date < trade_date
2026-09-01,3189,景碩,838.0,900.0,835.0,874.0,36368169.0,32041668680.0,TWSE STOCK_DAY,https://www.twse.com.tw/rwd/zh/afterTrading/STOCK_DAY?date=20260901&stockNo=3189&response=json,2026-09-01 14:00 Asia/Taipei,premarket trade_date may only use row.date < trade_date
2026-09-01,3443,創意,6490.0,6490.0,5925.0,5995.0,2108698.0,12898210290.0,TWSE STOCK_DAY,https://www.twse.com.tw/rwd/zh/afterTrading/STOCK_DAY?date=20260901&stockNo=3443&response=json,2026-09-01 14:00 Asia/Taipei,premarket trade_date may only use row.date < trade_date
2026-09-01,6526,達發,667.0,667.0,667.0,667.0,427589.0,285201863.0,TWSE STOCK_DAY,https://www.twse.com.tw/rwd/zh/afterTrading/STOCK_DAY?date=20260901&stockNo=6526&response=json,2026-09-01 14:00 Asia/Taipei,premarket trade_date may only use row.date < trade_date
2026-09-02,2345,智邦,2145.0,2205.0,2105.0,2140.0,3470248.0,7445083220.0,TWSE STOCK_DAY,https://www.twse.com.tw/rwd/zh/afterTrading/STOCK_DAY?date=20260901&stockNo=2345&response=json,2026-09-02 14:00 Asia/Taipei,premarket trade_date may only use row.date < trade_date
2026-09-02,3017,奇鋐,3365.0,3490.0,3280.0,3310.0,3136748.0,10559265060.0,TWSE STOCK_DAY,https://www.twse.com.tw/rwd/zh/afterTrading/STOCK_DAY?date=20260901&stockNo=3017&response=json,2026-09-02 14:00 Asia/Taipei,premarket trade_date may only use row.date < trade_date
2026-09-02,3189,景碩,850.0,864.0,837.0,847.0,14894440.0,12677487842.0,TWSE STOCK_DAY,https://www.twse.com.tw/rwd/zh/afterTrading/STOCK_DAY?date=20260901&stockNo=3189&response=json,2026-09-02 14:00 Asia/Taipei,premarket trade_date may only use row.date < trade_date
2026-09-02,3443,創意,5955.0,6080.0,5860.0,5895.0,1159803.0,6893933585.0,TWSE STOCK_DAY,https://www.twse.com.tw/rwd/zh/afterTrading/STOCK_DAY?date=20260901&stockNo=3443&response=json,2026-09-02 14:00 Asia/Taipei,premarket trade_date may only use row.date < trade_date
2026-09-02,6526,達發,687.0,710.0,641.0,646.0,3331396.0,2257492439.0,TWSE STOCK_DAY,https://www.twse.com.tw/rwd/zh/afterTrading/STOCK_DAY?date=20260901&stockNo=6526&response=json,2026-09-02 14:00 Asia/Taipei,premarket trade_date may only use row.date < trade_date
2026-09-03,2345,智邦,2150.0,2165.0,2060.0,2090.0,2730824.0,5790070715.0,TWSE STOCK_DAY,https://www.twse.com.tw/rwd/zh/afterTrading/STOCK_DAY?date=20260901&stockNo=2345&response=json,2026-09-03 14:00 Asia/Taipei,premarket trade_date may only use row.date < trade_date
2026-09-03,3017,奇鋐,3395.0,3525.0,3290.0,3300.0,4418016.0,15115243075.0,TWSE STOCK_DAY,https://www.twse.com.tw/rwd/zh/afterTrading/STOCK_DAY?date=20260901&stockNo=3017&response=json,2026-09-03 14:00 Asia/Taipei,premarket trade_date may only use row.date < trade_date
2026-09-03,3189,景碩,867.0,882.0,775.0,775.0,27084870.0,22092746781.0,TWSE STOCK_DAY,https://www.twse.com.tw/rwd/zh/afterTrading/STOCK_DAY?date=20260901&stockNo=3189&response=json,2026-09-03 14:00 Asia/Taipei,premarket trade_date may only use row.date < trade_date
2026-09-03,3443,創意,5895.0,6045.0,5725.0,5800.0,1600424.0,9415174865.0,TWSE STOCK_DAY,https://www.twse.com.tw/rwd/zh/afterTrading/STOCK_DAY?date=20260901&stockNo=3443&response=json,2026-09-03 14:00 Asia/Taipei,premarket trade_date may only use row.date < trade_date
2026-09-03,6526,達發,652.0,655.0,630.0,630.0,573091.0,368013477.0,TWSE STOCK_DAY,https://www.twse.com.tw/rwd/zh/afterTrading/STOCK_DAY?date=20260901&stockNo=6526&response=json,2026-09-03 14:00 Asia/Taipei,premarket trade_date may only use row.date < trade_date
2026-09-04,2345,智邦,2145.0,2190.0,2075.0,2100.0,2163787.0,4571878280.0,TWSE STOCK_DAY,https://www.twse.com.tw/rwd/zh/afterTrading/STOCK_DAY?date=20260901&stockNo=2345&response=json,2026-09-04 14:00 Asia/Taipei,premarket trade_date may only use row.date < trade_date
2026-09-04,3017,奇鋐,3465.0,3570.0,3410.0,3570.0,4515440.0,15836041480.0,TWSE STOCK_DAY,https://www.twse.com.tw/rwd/zh/afterTrading/STOCK_DAY?date=20260901&stockNo=3017&response=json,2026-09-04 14:00 Asia/Taipei,premarket trade_date may only use row.date < trade_date
2026-09-04,3189,景碩,797.0,828.0,766.0,819.0,19778741.0,15770884241.0,TWSE STOCK_DAY,https://www.twse.com.tw/rwd/zh/afterTrading/STOCK_DAY?date=20260901&stockNo=3189&response=json,2026-09-04 14:00 Asia/Taipei,premarket trade_date may only use row.date < trade_date
2026-09-04,3443,創意,5945.0,6000.0,5680.0,5810.0,1581762.0,9187836880.0,TWSE STOCK_DAY,https://www.twse.com.tw/rwd/zh/afterTrading/STOCK_DAY?date=20260901&stockNo=3443&response=json,2026-09-04 14:00 Asia/Taipei,premarket trade_date may only use row.date < trade_date
2026-09-04,6526,達發,646.0,649.0,620.0,635.0,367471.0,232892985.0,TWSE STOCK_DAY,https://www.twse.com.tw/rwd/zh/afterTrading/STOCK_DAY?date=20260901&stockNo=6526&response=json,2026-09-04 14:00 Asia/Taipei,premarket trade_date may only use row.date < trade_date
2026-09-07,2345,智邦,2150.0,2155.0,2090.0,2100.0,2076808.0,4403329290.0,TWSE STOCK_DAY,https://www.twse.com.tw/rwd/zh/afterTrading/STOCK_DAY?date=20260901&stockNo=2345&response=json,2026-09-07 14:00 Asia/Taipei,premarket trade_date may only use row.date < trade_date
2026-09-07,3017,奇鋐,3595.0,3595.0,3410.0,3420.0,3303272.0,11488040865.0,TWSE STOCK_DAY,https://www.twse.com.tw/rwd/zh/afterTrading/STOCK_DAY?date=20260901&stockNo=3017&response=json,2026-09-07 14:00 Asia/Taipei,premarket trade_date may only use row.date < trade_date
2026-09-07,3189,景碩,819.0,831.0,805.0,813.0,17014894.0,13866578553.0,TWSE STOCK_DAY,https://www.twse.com.tw/rwd/zh/afterTrading/STOCK_DAY?date=20260901&stockNo=3189&response=json,2026-09-07 14:00 Asia/Taipei,premarket trade_date may only use row.date < trade_date
2026-09-07,3443,創意,6000.0,6030.0,5705.0,5935.0,2131993.0,12609985290.0,TWSE STOCK_DAY,https://www.twse.com.tw/rwd/zh/afterTrading/STOCK_DAY?date=20260901&stockNo=3443&response=json,2026-09-07 14:00 Asia/Taipei,premarket trade_date may only use row.date < trade_date
2026-09-07,6526,達發,642.0,658.0,633.0,644.0,775824.0,503615533.0,TWSE STOCK_DAY,https://www.twse.com.tw/rwd/zh/afterTrading/STOCK_DAY?date=20260901&stockNo=6526&response=json,2026-09-07 14:00 Asia/Taipei,premarket trade_date may only use row.date < trade_date
2026-09-08,2345,智邦,2130.0,2140.0,1950.0,1955.0,6441295.0,12850208590.0,TWSE STOCK_DAY,https://www.twse.com.tw/rwd/zh/afterTrading/STOCK_DAY?date=20260901&stockNo=2345&response=json,2026-09-08 14:00 Asia/Taipei,premarket trade_date may only use row.date < trade_date
2026-09-08,3017,奇鋐,3455.0,3455.0,3245.0,3285.0,3350997.0,11125560060.0,TWSE STOCK_DAY,https://www.twse.com.tw/rwd/zh/afterTrading/STOCK_DAY?date=20260901&stockNo=3017&response=json,2026-09-08 14:00 Asia/Taipei,premarket trade_date may only use row.date < trade_date
2026-09-08,3189,景碩,822.0,832.0,792.0,800.0,11072227.0,8940456936.0,TWSE STOCK_DAY,https://www.twse.com.tw/rwd/zh/afterTrading/STOCK_DAY?date=20260901&stockNo=3189&response=json,2026-09-08 14:00 Asia/Taipei,premarket trade_date may only use row.date < trade_date
2026-09-08,3443,創意,5940.0,6100.0,5730.0,5960.0,1602965.0,9512725720.0,TWSE STOCK_DAY,https://www.twse.com.tw/rwd/zh/afterTrading/STOCK_DAY?date=20260901&stockNo=3443&response=json,2026-09-08 14:00 Asia/Taipei,premarket trade_date may only use row.date < trade_date
2026-09-08,6526,達發,648.0,653.0,636.0,643.0,335172.0,216042592.0,TWSE STOCK_DAY,https://www.twse.com.tw/rwd/zh/afterTrading/STOCK_DAY?date=20260901&stockNo=6526&response=json,2026-09-08 14:00 Asia/Taipei,premarket trade_date may only use row.date < trade_date
2026-09-09,2345,智邦,1960.0,2070.0,1960.0,2015.0,4715389.0,9567026060.0,TWSE STOCK_DAY,https://www.twse.com.tw/rwd/zh/afterTrading/STOCK_DAY?date=20260901&stockNo=2345&response=json,2026-09-09 14:00 Asia/Taipei,premarket trade_date may only use row.date < trade_date
2026-09-09,3017,奇鋐,3285.0,3395.0,3265.0,3380.0,2364600.0,7917222305.0,TWSE STOCK_DAY,https://www.twse.com.tw/rwd/zh/afterTrading/STOCK_DAY?date=20260901&stockNo=3017&response=json,2026-09-09 14:00 Asia/Taipei,premarket trade_date may only use row.date < trade_date
2026-09-09,3189,景碩,812.0,835.0,805.0,812.0,15225627.0,12465866596.0,TWSE STOCK_DAY,https://www.twse.com.tw/rwd/zh/afterTrading/STOCK_DAY?date=20260901&stockNo=3189&response=json,2026-09-09 14:00 Asia/Taipei,premarket trade_date may only use row.date < trade_date
2026-09-09,3443,創意,5955.0,6075.0,5875.0,5925.0,993983.0,5932169410.0,TWSE STOCK_DAY,https://www.twse.com.tw/rwd/zh/afterTrading/STOCK_DAY?date=20260901&stockNo=3443&response=json,2026-09-09 14:00 Asia/Taipei,premarket trade_date may only use row.date < trade_date
2026-09-09,6526,達發,643.0,652.0,641.0,643.0,319608.0,206604139.0,TWSE STOCK_DAY,https://www.twse.com.tw/rwd/zh/afterTrading/STOCK_DAY?date=20260901&stockNo=6526&response=json,2026-09-09 14:00 Asia/Taipei,premarket trade_date may only use row.date < trade_date
2026-09-10,2345,智邦,1990.0,2005.0,1955.0,1965.0,2982489.0,5889536500.0,TWSE STOCK_DAY,https://www.twse.com.tw/rwd/zh/afterTrading/STOCK_DAY?date=20260901&stockNo=2345&response=json,2026-09-10 14:00 Asia/Taipei,premarket trade_date may only use row.date < trade_date
2026-09-10,3017,奇鋐,3405.0,3470.0,3380.0,3460.0,2574023.0,8829341945.0,TWSE STOCK_DAY,https://www.twse.com.tw/rwd/zh/afterTrading/STOCK_DAY?date=20260901&stockNo=3017&response=json,2026-09-10 14:00 Asia/Taipei,premarket trade_date may only use row.date < trade_date
2026-09-10,3189,景碩,800.0,835.0,792.0,827.0,13682688.0,11224753066.0,TWSE STOCK_DAY,https://www.twse.com.tw/rwd/zh/afterTrading/STOCK_DAY?date=20260901&stockNo=3189&response=json,2026-09-10 14:00 Asia/Taipei,premarket trade_date may only use row.date < trade_date
2026-09-10,3443,創意,5895.0,6275.0,5850.0,6225.0,1829250.0,11207290355.0,TWSE STOCK_DAY,https://www.twse.com.tw/rwd/zh/afterTrading/STOCK_DAY?date=20260901&stockNo=3443&response=json,2026-09-10 14:00 Asia/Taipei,premarket trade_date may only use row.date < trade_date
2026-09-10,6526,達發,637.0,647.0,632.0,642.0,301594.0,192855670.0,TWSE STOCK_DAY,https://www.twse.com.tw/rwd/zh/afterTrading/STOCK_DAY?date=20260901&stockNo=6526&response=json,2026-09-10 14:00 Asia/Taipei,premarket trade_date may only use row.date < trade_date
2026-09-11,2345,智邦,1910.0,1925.0,1870.0,1885.0,4090126.0,7719908410.0,TWSE STOCK_DAY,https://www.twse.com.tw/rwd/zh/afterTrading/STOCK_DAY?date=20260901&stockNo=2345&response=json,2026-09-11 14:00 Asia/Taipei,premarket trade_date may only use row.date < trade_date
2026-09-11,3017,奇鋐,3360.0,3390.0,3300.0,3370.0,2111512.0,7071715075.0,TWSE STOCK_DAY,https://www.twse.com.tw/rwd/zh/afterTrading/STOCK_DAY?date=20260901&stockNo=3017&response=json,2026-09-11 14:00 Asia/Taipei,premarket trade_date may only use row.date < trade_date
2026-09-11,3189,景碩,811.0,833.0,806.0,822.0,8394038.0,6866576960.0,TWSE STOCK_DAY,https://www.twse.com.tw/rwd/zh/afterTrading/STOCK_DAY?date=20260901&stockNo=3189&response=json,2026-09-11 14:00 Asia/Taipei,premarket trade_date may only use row.date < trade_date
2026-09-11,3443,創意,6200.0,6200.0,5970.0,6120.0,1484010.0,9041726600.0,TWSE STOCK_DAY,https://www.twse.com.tw/rwd/zh/afterTrading/STOCK_DAY?date=20260901&stockNo=3443&response=json,2026-09-11 14:00 Asia/Taipei,premarket trade_date may only use row.date < trade_date
2026-09-11,6526,達發,632.0,637.0,624.0,624.0,371358.0,233117258.0,TWSE STOCK_DAY,https://www.twse.com.tw/rwd/zh/afterTrading/STOCK_DAY?date=20260901&stockNo=6526&response=json,2026-09-11 14:00 Asia/Taipei,premarket trade_date may only use row.date < trade_date
2026-09-14,2345,智邦,1840.0,1895.0,1830.0,1875.0,3068576.0,5745651240.0,TWSE STOCK_DAY,https://www.twse.com.tw/rwd/zh/afterTrading/STOCK_DAY?date=20260901&stockNo=2345&response=json,2026-09-14 14:00 Asia/Taipei,premarket trade_date may only use row.date < trade_date
2026-09-14,3017,奇鋐,3255.0,3360.0,3210.0,3310.0,2215371.0,7284098600.0,TWSE STOCK_DAY,https://www.twse.com.tw/rwd/zh/afterTrading/STOCK_DAY?date=20260901&stockNo=3017&response=json,2026-09-14 14:00 Asia/Taipei,premarket trade_date may only use row.date < trade_date
2026-09-14,3189,景碩,795.0,810.0,784.0,798.0,11217499.0,8937310600.0,TWSE STOCK_DAY,https://www.twse.com.tw/rwd/zh/afterTrading/STOCK_DAY?date=20260901&stockNo=3189&response=json,2026-09-14 14:00 Asia/Taipei,premarket trade_date may only use row.date < trade_date
2026-09-14,3443,創意,5995.0,6575.0,5850.0,6400.0,2640389.0,16667635500.0,TWSE STOCK_DAY,https://www.twse.com.tw/rwd/zh/afterTrading/STOCK_DAY?date=20260901&stockNo=3443&response=json,2026-09-14 14:00 Asia/Taipei,premarket trade_date may only use row.date < trade_date
2026-09-14,6526,達發,618.0,637.0,607.0,630.0,255880.0,159828451.0,TWSE STOCK_DAY,https://www.twse.com.tw/rwd/zh/afterTrading/STOCK_DAY?date=20260901&stockNo=6526&response=json,2026-09-14 14:00 Asia/Taipei,premarket trade_date may only use row.date < trade_date
2026-09-15,2345,智邦,1870.0,1895.0,1830.0,1840.0,2272078.0,4228856595.0,TWSE STOCK_DAY,https://www.twse.com.tw/rwd/zh/afterTrading/STOCK_DAY?date=20260901&stockNo=2345&response=json,2026-09-15 14:00 Asia/Taipei,premarket trade_date may only use row.date < trade_date
2026-09-15,3017,奇鋐,3265.0,3300.0,3100.0,3115.0,3217593.0,10218771055.0,TWSE STOCK_DAY,https://www.twse.com.tw/rwd/zh/afterTrading/STOCK_DAY?date=20260901&stockNo=3017&response=json,2026-09-15 14:00 Asia/Taipei,premarket trade_date may only use row.date < trade_date
2026-09-15,3189,景碩,795.0,822.0,791.0,795.0,7509520.0,6051891571.0,TWSE STOCK_DAY,https://www.twse.com.tw/rwd/zh/afterTrading/STOCK_DAY?date=20260901&stockNo=3189&response=json,2026-09-15 14:00 Asia/Taipei,premarket trade_date may only use row.date < trade_date
2026-09-15,3443,創意,6400.0,6455.0,6035.0,6035.0,2199061.0,13618376645.0,TWSE STOCK_DAY,https://www.twse.com.tw/rwd/zh/afterTrading/STOCK_DAY?date=20260901&stockNo=3443&response=json,2026-09-15 14:00 Asia/Taipei,premarket trade_date may only use row.date < trade_date
2026-09-15,6526,達發,637.0,637.0,623.0,623.0,202854.0,127336818.0,TWSE STOCK_DAY,https://www.twse.com.tw/rwd/zh/afterTrading/STOCK_DAY?date=20260901&stockNo=6526&response=json,2026-09-15 14:00 Asia/Taipei,premarket trade_date may only use row.date < trade_date
2026-09-16,2345,智邦,1840.0,1860.0,1830.0,1840.0,3116998.0,5735394800.0,TWSE STOCK_DAY,https://www.twse.com.tw/rwd/zh/afterTrading/STOCK_DAY?date=20260901&stockNo=2345&response=json,2026-09-16 14:00 Asia/Taipei,premarket trade_date may only use row.date < trade_date
2026-09-16,3017,奇鋐,3115.0,3225.0,3100.0,3175.0,2744795.0,8691980285.0,TWSE STOCK_DAY,https://www.twse.com.tw/rwd/zh/afterTrading/STOCK_DAY?date=20260901&stockNo=3017&response=json,2026-09-16 14:00 Asia/Taipei,premarket trade_date may only use row.date < trade_date
2026-09-16,3189,景碩,810.0,832.0,792.0,820.0,10957053.0,8908932513.0,TWSE STOCK_DAY,https://www.twse.com.tw/rwd/zh/afterTrading/STOCK_DAY?date=20260901&stockNo=3189&response=json,2026-09-16 14:00 Asia/Taipei,premarket trade_date may only use row.date < trade_date
2026-09-16,3443,創意,6070.0,6295.0,6050.0,6170.0,1261412.0,7788259740.0,TWSE STOCK_DAY,https://www.twse.com.tw/rwd/zh/afterTrading/STOCK_DAY?date=20260901&stockNo=3443&response=json,2026-09-16 14:00 Asia/Taipei,premarket trade_date may only use row.date < trade_date
2026-09-16,6526,達發,627.0,637.0,625.0,629.0,398507.0,251187665.0,TWSE STOCK_DAY,https://www.twse.com.tw/rwd/zh/afterTrading/STOCK_DAY?date=20260901&stockNo=6526&response=json,2026-09-16 14:00 Asia/Taipei,premarket trade_date may only use row.date < trade_date
2026-09-17,2345,智邦,1865.0,1885.0,1790.0,1800.0,4448162.0,8074666930.0,TWSE STOCK_DAY,https://www.twse.com.tw/rwd/zh/afterTrading/STOCK_DAY?date=20260901&stockNo=2345&response=json,2026-09-17 14:00 Asia/Taipei,premarket trade_date may only use row.date < trade_date
2026-09-17,3017,奇鋐,3285.0,3350.0,3175.0,3185.0,3034388.0,9846738260.0,TWSE STOCK_DAY,https://www.twse.com.tw/rwd/zh/afterTrading/STOCK_DAY?date=20260901&stockNo=3017&response=json,2026-09-17 14:00 Asia/Taipei,premarket trade_date may only use row.date < trade_date
2026-09-17,3189,景碩,825.0,835.0,785.0,805.0,15730754.0,12713222974.0,TWSE STOCK_DAY,https://www.twse.com.tw/rwd/zh/afterTrading/STOCK_DAY?date=20260901&stockNo=3189&response=json,2026-09-17 14:00 Asia/Taipei,premarket trade_date may only use row.date < trade_date
2026-09-17,3443,創意,6315.0,6610.0,6205.0,6500.0,2334082.0,15104569705.0,TWSE STOCK_DAY,https://www.twse.com.tw/rwd/zh/afterTrading/STOCK_DAY?date=20260901&stockNo=3443&response=json,2026-09-17 14:00 Asia/Taipei,premarket trade_date may only use row.date < trade_date
2026-09-17,6526,達發,639.0,649.0,629.0,629.0,443827.0,283512896.0,TWSE STOCK_DAY,https://www.twse.com.tw/rwd/zh/afterTrading/STOCK_DAY?date=20260901&stockNo=6526&response=json,2026-09-17 14:00 Asia/Taipei,premarket trade_date may only use row.date < trade_date
2026-09-18,2345,智邦,1810.0,1855.0,1810.0,1855.0,5848473.0,10715225245.0,TWSE STOCK_DAY,https://www.twse.com.tw/rwd/zh/afterTrading/STOCK_DAY?date=20260901&stockNo=2345&response=json,2026-09-18 14:00 Asia/Taipei,premarket trade_date may only use row.date < trade_date
2026-09-18,3017,奇鋐,3345.0,3450.0,3290.0,3430.0,3785048.0,12809231975.0,TWSE STOCK_DAY,https://www.twse.com.tw/rwd/zh/afterTrading/STOCK_DAY?date=20260901&stockNo=3017&response=json,2026-09-18 14:00 Asia/Taipei,premarket trade_date may only use row.date < trade_date
2026-09-18,3189,景碩,828.0,850.0,815.0,832.0,18317821.0,15216149397.0,TWSE STOCK_DAY,https://www.twse.com.tw/rwd/zh/afterTrading/STOCK_DAY?date=20260901&stockNo=3189&response=json,2026-09-18 14:00 Asia/Taipei,premarket trade_date may only use row.date < trade_date
2026-09-18,3443,創意,6600.0,7150.0,6510.0,7150.0,2735598.0,19043564150.0,TWSE STOCK_DAY,https://www.twse.com.tw/rwd/zh/afterTrading/STOCK_DAY?date=20260901&stockNo=3443&response=json,2026-09-18 14:00 Asia/Taipei,premarket trade_date may only use row.date < trade_date
2026-09-18,6526,達發,643.0,691.0,640.0,691.0,2751706.0,1873603406.0,TWSE STOCK_DAY,https://www.twse.com.tw/rwd/zh/afterTrading/STOCK_DAY?date=20260901&stockNo=6526&response=json,2026-09-18 14:00 Asia/Taipei,premarket trade_date may only use row.date < trade_date
2026-09-21,2345,智邦,1840.0,1880.0,1810.0,1840.0,3499481.0,6439350105.0,TWSE STOCK_DAY,https://www.twse.com.tw/rwd/zh/afterTrading/STOCK_DAY?date=20260901&stockNo=2345&response=json,2026-09-21 14:00 Asia/Taipei,premarket trade_date may only use row.date < trade_date
2026-09-21,3017,奇鋐,3480.0,3495.0,3365.0,3415.0,1743425.0,5972229325.0,TWSE STOCK_DAY,https://www.twse.com.tw/rwd/zh/afterTrading/STOCK_DAY?date=20260901&stockNo=3017&response=json,2026-09-21 14:00 Asia/Taipei,premarket trade_date may only use row.date < trade_date
2026-09-21,3189,景碩,849.0,878.0,824.0,827.0,23391137.0,19835033475.0,TWSE STOCK_DAY,https://www.twse.com.tw/rwd/zh/afterTrading/STOCK_DAY?date=20260901&stockNo=3189&response=json,2026-09-21 14:00 Asia/Taipei,premarket trade_date may only use row.date < trade_date
2026-09-21,3443,創意,7395.0,7755.0,7030.0,7615.0,3187762.0,23526975000.0,TWSE STOCK_DAY,https://www.twse.com.tw/rwd/zh/afterTrading/STOCK_DAY?date=20260901&stockNo=3443&response=json,2026-09-21 14:00 Asia/Taipei,premarket trade_date may only use row.date < trade_date
2026-09-21,6526,達發,700.0,734.0,688.0,724.0,2896069.0,2073485395.0,TWSE STOCK_DAY,https://www.twse.com.tw/rwd/zh/afterTrading/STOCK_DAY?date=20260901&stockNo=6526&response=json,2026-09-21 14:00 Asia/Taipei,premarket trade_date may only use row.date < trade_date
2026-09-22,2345,智邦,1900.0,1935.0,1865.0,1915.0,3976822.0,7568598080.0,TWSE STOCK_DAY,https://www.twse.com.tw/rwd/zh/afterTrading/STOCK_DAY?date=20260901&stockNo=2345&response=json,2026-09-22 14:00 Asia/Taipei,premarket trade_date may only use row.date < trade_date
2026-09-22,3017,奇鋐,3500.0,3505.0,3385.0,3390.0,2288258.0,7877677905.0,TWSE STOCK_DAY,https://www.twse.com.tw/rwd/zh/afterTrading/STOCK_DAY?date=20260901&stockNo=3017&response=json,2026-09-22 14:00 Asia/Taipei,premarket trade_date may only use row.date < trade_date
2026-09-22,3189,景碩,875.0,909.0,875.0,909.0,29109027.0,26206915085.0,TWSE STOCK_DAY,https://www.twse.com.tw/rwd/zh/afterTrading/STOCK_DAY?date=20260901&stockNo=3189&response=json,2026-09-22 14:00 Asia/Taipei,premarket trade_date may only use row.date < trade_date
2026-09-22,3443,創意,8370.0,8375.0,8370.0,8375.0,711474.0,5957804750.0,TWSE STOCK_DAY,https://www.twse.com.tw/rwd/zh/afterTrading/STOCK_DAY?date=20260901&stockNo=3443&response=json,2026-09-22 14:00 Asia/Taipei,premarket trade_date may only use row.date < trade_date
2026-09-22,6526,達發,736.0,796.0,733.0,764.0,4916606.0,3770561507.0,TWSE STOCK_DAY,https://www.twse.com.tw/rwd/zh/afterTrading/STOCK_DAY?date=20260901&stockNo=6526&response=json,2026-09-22 14:00 Asia/Taipei,premarket trade_date may only use row.date < trade_date
2026-09-23,2345,智邦,1935.0,1955.0,1845.0,1890.0,4143392.0,7840857285.0,TWSE STOCK_DAY,https://www.twse.com.tw/rwd/zh/afterTrading/STOCK_DAY?date=20260901&stockNo=2345&response=json,2026-09-23 14:00 Asia/Taipei,premarket trade_date may only use row.date < trade_date
2026-09-23,3017,奇鋐,3425.0,3590.0,3410.0,3470.0,2649367.0,9319874150.0,TWSE STOCK_DAY,https://www.twse.com.tw/rwd/zh/afterTrading/STOCK_DAY?date=20260901&stockNo=3017&response=json,2026-09-23 14:00 Asia/Taipei,premarket trade_date may only use row.date < trade_date
2026-09-23,3189,景碩,905.0,922.0,881.0,906.0,29744187.0,26899777317.0,TWSE STOCK_DAY,https://www.twse.com.tw/rwd/zh/afterTrading/STOCK_DAY?date=20260901&stockNo=3189&response=json,2026-09-23 14:00 Asia/Taipei,premarket trade_date may only use row.date < trade_date
2026-09-23,3443,創意,8325.0,8540.0,8200.0,8385.0,2107816.0,17663909663.0,TWSE STOCK_DAY,https://www.twse.com.tw/rwd/zh/afterTrading/STOCK_DAY?date=20260901&stockNo=3443&response=json,2026-09-23 14:00 Asia/Taipei,premarket trade_date may only use row.date < trade_date
2026-09-23,6526,達發,777.0,840.0,761.0,840.0,4748267.0,3916585488.0,TWSE STOCK_DAY,https://www.twse.com.tw/rwd/zh/afterTrading/STOCK_DAY?date=20260901&stockNo=6526&response=json,2026-09-23 14:00 Asia/Taipei,premarket trade_date may only use row.date < trade_date
2026-09-24,2345,智邦,1880.0,1905.0,1855.0,1895.0,2611500.0,4918443105.0,TWSE STOCK_DAY,https://www.twse.com.tw/rwd/zh/afterTrading/STOCK_DAY?date=20260901&stockNo=2345&response=json,2026-09-24 14:00 Asia/Taipei,premarket trade_date may only use row.date < trade_date
2026-09-24,3017,奇鋐,3460.0,3600.0,3455.0,3555.0,2261001.0,7987635275.0,TWSE STOCK_DAY,https://www.twse.com.tw/rwd/zh/afterTrading/STOCK_DAY?date=20260901&stockNo=3017&response=json,2026-09-24 14:00 Asia/Taipei,premarket trade_date may only use row.date < trade_date
2026-09-24,3189,景碩,938.0,996.0,929.0,962.0,44137311.0,42422694809.0,TWSE STOCK_DAY,https://www.twse.com.tw/rwd/zh/afterTrading/STOCK_DAY?date=20260901&stockNo=3189&response=json,2026-09-24 14:00 Asia/Taipei,premarket trade_date may only use row.date < trade_date
2026-09-24,3443,創意,8300.0,8545.0,8205.0,8525.0,1471460.0,12367022922.0,TWSE STOCK_DAY,https://www.twse.com.tw/rwd/zh/afterTrading/STOCK_DAY?date=20260901&stockNo=3443&response=json,2026-09-24 14:00 Asia/Taipei,premarket trade_date may only use row.date < trade_date
2026-09-24,6526,達發,845.0,862.0,818.0,840.0,4581078.0,3849869100.0,TWSE STOCK_DAY,https://www.twse.com.tw/rwd/zh/afterTrading/STOCK_DAY?date=20260901&stockNo=6526&response=json,2026-09-24 14:00 Asia/Taipei,premarket trade_date may only use row.date < trade_date
