date,symbol,name,open,high,low,close,volume,amount,source,source_url,available_from,pit_use_rule
2024-01-02,TAIEX,加權指數,17939.79,17956.74,17784.97,17853.76,,,TWSE MI_5MINS_HIST,https://www.twse.com.tw/rwd/zh/TAIEX/MI_5MINS_HIST?date=20240101&response=json,2024-01-02 14:00 Asia/Taipei,premarket trade_date may only use row.date < trade_date
2024-01-03,TAIEX,加權指數,17829.28,17829.28,17518.19,17559.31,,,TWSE MI_5MINS_HIST,https://www.twse.com.tw/rwd/zh/TAIEX/MI_5MINS_HIST?date=20240101&response=json,2024-01-03 14:00 Asia/Taipei,premarket trade_date may only use row.date < trade_date
2024-01-04,TAIEX,加權指數,17574.39,17609.89,17515.73,17549.65,,,TWSE MI_5MINS_HIST,https://www.twse.com.tw/rwd/zh/TAIEX/MI_5MINS_HIST?date=20240101&response=json,2024-01-04 14:00 Asia/Taipei,premarket trade_date may only use row.date < trade_date
2024-01-05,TAIEX,加權指數,17559.4,17606.79,17495.39,17519.14,,,TWSE MI_5MINS_HIST,https://www.twse.com.tw/rwd/zh/TAIEX/MI_5MINS_HIST?date=20240101&response=json,2024-01-05 14:00 Asia/Taipei,premarket trade_date may only use row.date < trade_date
2024-01-08,TAIEX,加權指數,17534.52,17688.11,17534.52,17572.66,,,TWSE MI_5MINS_HIST,https://www.twse.com.tw/rwd/zh/TAIEX/MI_5MINS_HIST?date=20240101&response=json,2024-01-08 14:00 Asia/Taipei,premarket trade_date may only use row.date < trade_date
2024-01-09,TAIEX,加權指數,17585.4,17694.26,17517.55,17535.49,,,TWSE MI_5MINS_HIST,https://www.twse.com.tw/rwd/zh/TAIEX/MI_5MINS_HIST?date=20240101&response=json,2024-01-09 14:00 Asia/Taipei,premarket trade_date may only use row.date < trade_date
2024-01-10,TAIEX,加權指數,17495.67,17499.43,17439.27,17465.63,,,TWSE MI_5MINS_HIST,https://www.twse.com.tw/rwd/zh/TAIEX/MI_5MINS_HIST?date=20240101&response=json,2024-01-10 14:00 Asia/Taipei,premarket trade_date may only use row.date < trade_date
2024-01-11,TAIEX,加權指數,17477.88,17574.92,17476.87,17545.32,,,TWSE MI_5MINS_HIST,https://www.twse.com.tw/rwd/zh/TAIEX/MI_5MINS_HIST?date=20240101&response=json,2024-01-11 14:00 Asia/Taipei,premarket trade_date may only use row.date < trade_date
2024-01-12,TAIEX,加權指數,17536.05,17570.63,17469.87,17512.83,,,TWSE MI_5MINS_HIST,https://www.twse.com.tw/rwd/zh/TAIEX/MI_5MINS_HIST?date=20240101&response=json,2024-01-12 14:00 Asia/Taipei,premarket trade_date may only use row.date < trade_date
2024-01-15,TAIEX,加權指數,17541.26,17632.77,17532.98,17546.82,,,TWSE MI_5MINS_HIST,https://www.twse.com.tw/rwd/zh/TAIEX/MI_5MINS_HIST?date=20240101&response=json,2024-01-15 14:00 Asia/Taipei,premarket trade_date may only use row.date < trade_date
2024-01-16,TAIEX,加權指數,17523.78,17523.78,17337.58,17346.87,,,TWSE MI_5MINS_HIST,https://www.twse.com.tw/rwd/zh/TAIEX/MI_5MINS_HIST?date=20240101&response=json,2024-01-16 14:00 Asia/Taipei,premarket trade_date may only use row.date < trade_date
2024-01-17,TAIEX,加權指數,17341.58,17361.05,17151.58,17161.79,,,TWSE MI_5MINS_HIST,https://www.twse.com.tw/rwd/zh/TAIEX/MI_5MINS_HIST?date=20240101&response=json,2024-01-17 14:00 Asia/Taipei,premarket trade_date may only use row.date < trade_date
2024-01-18,TAIEX,加權指數,17169.1,17300.29,17169.1,17227.79,,,TWSE MI_5MINS_HIST,https://www.twse.com.tw/rwd/zh/TAIEX/MI_5MINS_HIST?date=20240101&response=json,2024-01-18 14:00 Asia/Taipei,premarket trade_date may only use row.date < trade_date
2024-01-19,TAIEX,加權指數,17546.51,17682.97,17499.85,17681.52,,,TWSE MI_5MINS_HIST,https://www.twse.com.tw/rwd/zh/TAIEX/MI_5MINS_HIST?date=20240101&response=json,2024-01-19 14:00 Asia/Taipei,premarket trade_date may only use row.date < trade_date
2024-01-22,TAIEX,加權指數,17770.78,17869.07,17765.13,17815.1,,,TWSE MI_5MINS_HIST,https://www.twse.com.tw/rwd/zh/TAIEX/MI_5MINS_HIST?date=20240101&response=json,2024-01-22 14:00 Asia/Taipei,premarket trade_date may only use row.date < trade_date
2024-01-23,TAIEX,加權指數,17840.28,17893.73,17801.89,17874.59,,,TWSE MI_5MINS_HIST,https://www.twse.com.tw/rwd/zh/TAIEX/MI_5MINS_HIST?date=20240101&response=json,2024-01-23 14:00 Asia/Taipei,premarket trade_date may only use row.date < trade_date
2024-01-24,TAIEX,加權指數,17883.62,17944.98,17856.34,17875.83,,,TWSE MI_5MINS_HIST,https://www.twse.com.tw/rwd/zh/TAIEX/MI_5MINS_HIST?date=20240101&response=json,2024-01-24 14:00 Asia/Taipei,premarket trade_date may only use row.date < trade_date
2024-01-25,TAIEX,加權指數,17894.83,18014.26,17894.83,18002.62,,,TWSE MI_5MINS_HIST,https://www.twse.com.tw/rwd/zh/TAIEX/MI_5MINS_HIST?date=20240101&response=json,2024-01-25 14:00 Asia/Taipei,premarket trade_date may only use row.date < trade_date
2024-01-26,TAIEX,加權指數,17985.44,18029.85,17943.65,17995.03,,,TWSE MI_5MINS_HIST,https://www.twse.com.tw/rwd/zh/TAIEX/MI_5MINS_HIST?date=20240101&response=json,2024-01-26 14:00 Asia/Taipei,premarket trade_date may only use row.date < trade_date
2024-01-29,TAIEX,加權指數,18001.24,18119.63,17995.11,18119.63,,,TWSE MI_5MINS_HIST,https://www.twse.com.tw/rwd/zh/TAIEX/MI_5MINS_HIST?date=20240101&response=json,2024-01-29 14:00 Asia/Taipei,premarket trade_date may only use row.date < trade_date
2024-01-30,TAIEX,加權指數,18083.45,18138.74,18034.63,18034.63,,,TWSE MI_5MINS_HIST,https://www.twse.com.tw/rwd/zh/TAIEX/MI_5MINS_HIST?date=20240101&response=json,2024-01-30 14:00 Asia/Taipei,premarket trade_date may only use row.date < trade_date
2024-01-31,TAIEX,加權指數,17970.41,17996.33,17874.95,17889.56,,,TWSE MI_5MINS_HIST,https://www.twse.com.tw/rwd/zh/TAIEX/MI_5MINS_HIST?date=20240101&response=json,2024-01-31 14:00 Asia/Taipei,premarket trade_date may only use row.date < trade_date
2024-02-01,TAIEX,加權指數,17871.27,17968.11,17832.95,17968.11,,,TWSE MI_5MINS_HIST,https://www.twse.com.tw/rwd/zh/TAIEX/MI_5MINS_HIST?date=20240201&response=json,2024-02-01 14:00 Asia/Taipei,premarket trade_date may only use row.date < trade_date
2024-02-02,TAIEX,加權指數,18016.35,18059.93,17985.89,18059.93,,,TWSE MI_5MINS_HIST,https://www.twse.com.tw/rwd/zh/TAIEX/MI_5MINS_HIST?date=20240201&response=json,2024-02-02 14:00 Asia/Taipei,premarket trade_date may only use row.date < trade_date
2024-02-05,TAIEX,加權指數,18047.4,18115.8,17992.17,18096.07,,,TWSE MI_5MINS_HIST,https://www.twse.com.tw/rwd/zh/TAIEX/MI_5MINS_HIST?date=20240201&response=json,2024-02-05 14:00 Asia/Taipei,premarket trade_date may only use row.date < trade_date
2024-02-15,TAIEX,加權指數,18664.45,18725.47,18550.86,18644.57,,,TWSE MI_5MINS_HIST,https://www.twse.com.tw/rwd/zh/TAIEX/MI_5MINS_HIST?date=20240201&response=json,2024-02-15 14:00 Asia/Taipei,premarket trade_date may only use row.date < trade_date
2024-02-16,TAIEX,加權指數,18639.66,18715.69,18585.14,18607.25,,,TWSE MI_5MINS_HIST,https://www.twse.com.tw/rwd/zh/TAIEX/MI_5MINS_HIST?date=20240201&response=json,2024-02-16 14:00 Asia/Taipei,premarket trade_date may only use row.date < trade_date
2024-02-19,TAIEX,加權指數,18561.04,18663.74,18561.04,18635.8,,,TWSE MI_5MINS_HIST,https://www.twse.com.tw/rwd/zh/TAIEX/MI_5MINS_HIST?date=20240201&response=json,2024-02-19 14:00 Asia/Taipei,premarket trade_date may only use row.date < trade_date
2024-02-20,TAIEX,加權指數,18610.21,18756.33,18610.21,18753.16,,,TWSE MI_5MINS_HIST,https://www.twse.com.tw/rwd/zh/TAIEX/MI_5MINS_HIST?date=20240201&response=json,2024-02-20 14:00 Asia/Taipei,premarket trade_date may only use row.date < trade_date
2024-02-21,TAIEX,加權指數,18673.49,18729.03,18645.27,18676.31,,,TWSE MI_5MINS_HIST,https://www.twse.com.tw/rwd/zh/TAIEX/MI_5MINS_HIST?date=20240201&response=json,2024-02-21 14:00 Asia/Taipei,premarket trade_date may only use row.date < trade_date
2024-02-22,TAIEX,加權指數,18826.85,18881.77,18758.15,18852.78,,,TWSE MI_5MINS_HIST,https://www.twse.com.tw/rwd/zh/TAIEX/MI_5MINS_HIST?date=20240201&response=json,2024-02-22 14:00 Asia/Taipei,premarket trade_date may only use row.date < trade_date
2024-02-23,TAIEX,加權指數,18950.07,19012.38,18889.19,18889.19,,,TWSE MI_5MINS_HIST,https://www.twse.com.tw/rwd/zh/TAIEX/MI_5MINS_HIST?date=20240201&response=json,2024-02-23 14:00 Asia/Taipei,premarket trade_date may only use row.date < trade_date
2024-02-26,TAIEX,加權指數,18899.39,18974.08,18854.71,18948.05,,,TWSE MI_5MINS_HIST,https://www.twse.com.tw/rwd/zh/TAIEX/MI_5MINS_HIST?date=20240201&response=json,2024-02-26 14:00 Asia/Taipei,premarket trade_date may only use row.date < trade_date
2024-02-27,TAIEX,加權指數,18964.49,19023.01,18752.53,18854.41,,,TWSE MI_5MINS_HIST,https://www.twse.com.tw/rwd/zh/TAIEX/MI_5MINS_HIST?date=20240201&response=json,2024-02-27 14:00 Asia/Taipei,premarket trade_date may only use row.date < trade_date
2024-02-29,TAIEX,加權指數,18796.54,19019.69,18794.62,18966.77,,,TWSE MI_5MINS_HIST,https://www.twse.com.tw/rwd/zh/TAIEX/MI_5MINS_HIST?date=20240201&response=json,2024-02-29 14:00 Asia/Taipei,premarket trade_date may only use row.date < trade_date
2024-03-01,TAIEX,加權指數,19021.35,19041.92,18923.46,18935.93,,,TWSE MI_5MINS_HIST,https://www.twse.com.tw/rwd/zh/TAIEX/MI_5MINS_HIST?date=20240301&response=json,2024-03-01 14:00 Asia/Taipei,premarket trade_date may only use row.date < trade_date
2024-03-04,TAIEX,加權指數,18952.69,19333.39,18952.69,19305.31,,,TWSE MI_5MINS_HIST,https://www.twse.com.tw/rwd/zh/TAIEX/MI_5MINS_HIST?date=20240301&response=json,2024-03-04 14:00 Asia/Taipei,premarket trade_date may only use row.date < trade_date
2024-03-05,TAIEX,加權指數,19398.97,19453.85,19332.73,19386.92,,,TWSE MI_5MINS_HIST,https://www.twse.com.tw/rwd/zh/TAIEX/MI_5MINS_HIST?date=20240301&response=json,2024-03-05 14:00 Asia/Taipei,premarket trade_date may only use row.date < trade_date
2024-03-06,TAIEX,加權指數,19283.61,19532.3,19246.3,19499.45,,,TWSE MI_5MINS_HIST,https://www.twse.com.tw/rwd/zh/TAIEX/MI_5MINS_HIST?date=20240301&response=json,2024-03-06 14:00 Asia/Taipei,premarket trade_date may only use row.date < trade_date
2024-03-07,TAIEX,加權指數,19678.36,19794.57,19630.79,19693.52,,,TWSE MI_5MINS_HIST,https://www.twse.com.tw/rwd/zh/TAIEX/MI_5MINS_HIST?date=20240301&response=json,2024-03-07 14:00 Asia/Taipei,premarket trade_date may only use row.date < trade_date
2024-03-08,TAIEX,加權指數,19966.49,20065.5,19638.13,19785.32,,,TWSE MI_5MINS_HIST,https://www.twse.com.tw/rwd/zh/TAIEX/MI_5MINS_HIST?date=20240301&response=json,2024-03-08 14:00 Asia/Taipei,premarket trade_date may only use row.date < trade_date
2024-03-11,TAIEX,加權指數,19671.9,19828.7,19649.67,19726.08,,,TWSE MI_5MINS_HIST,https://www.twse.com.tw/rwd/zh/TAIEX/MI_5MINS_HIST?date=20240301&response=json,2024-03-11 14:00 Asia/Taipei,premarket trade_date may only use row.date < trade_date
2024-03-12,TAIEX,加權指數,19672.76,19917.06,19664.71,19914.55,,,TWSE MI_5MINS_HIST,https://www.twse.com.tw/rwd/zh/TAIEX/MI_5MINS_HIST?date=20240301&response=json,2024-03-12 14:00 Asia/Taipei,premarket trade_date may only use row.date < trade_date
2024-03-13,TAIEX,加權指數,20024.83,20112.81,19866.73,19928.51,,,TWSE MI_5MINS_HIST,https://www.twse.com.tw/rwd/zh/TAIEX/MI_5MINS_HIST?date=20240301&response=json,2024-03-13 14:00 Asia/Taipei,premarket trade_date may only use row.date < trade_date
2024-03-14,TAIEX,加權指數,19920.63,19995.51,19775.5,19937.92,,,TWSE MI_5MINS_HIST,https://www.twse.com.tw/rwd/zh/TAIEX/MI_5MINS_HIST?date=20240301&response=json,2024-03-14 14:00 Asia/Taipei,premarket trade_date may only use row.date < trade_date
2024-03-15,TAIEX,加權指數,19845.45,19888.13,19682.5,19682.5,,,TWSE MI_5MINS_HIST,https://www.twse.com.tw/rwd/zh/TAIEX/MI_5MINS_HIST?date=20240301&response=json,2024-03-15 14:00 Asia/Taipei,premarket trade_date may only use row.date < trade_date
2024-03-18,TAIEX,加權指數,19706.11,19879.86,19706.11,19879.85,,,TWSE MI_5MINS_HIST,https://www.twse.com.tw/rwd/zh/TAIEX/MI_5MINS_HIST?date=20240301&response=json,2024-03-18 14:00 Asia/Taipei,premarket trade_date may only use row.date < trade_date
2024-03-19,TAIEX,加權指數,19798.12,19921.25,19762.16,19857.2,,,TWSE MI_5MINS_HIST,https://www.twse.com.tw/rwd/zh/TAIEX/MI_5MINS_HIST?date=20240301&response=json,2024-03-19 14:00 Asia/Taipei,premarket trade_date may only use row.date < trade_date
2024-03-20,TAIEX,加權指數,19879.25,19994.42,19728.43,19784.45,,,TWSE MI_5MINS_HIST,https://www.twse.com.tw/rwd/zh/TAIEX/MI_5MINS_HIST?date=20240301&response=json,2024-03-20 14:00 Asia/Taipei,premarket trade_date may only use row.date < trade_date
2024-03-21,TAIEX,加權指數,19843.8,20199.3,19843.8,20199.09,,,TWSE MI_5MINS_HIST,https://www.twse.com.tw/rwd/zh/TAIEX/MI_5MINS_HIST?date=20240301&response=json,2024-03-21 14:00 Asia/Taipei,premarket trade_date may only use row.date < trade_date
2024-03-22,TAIEX,加權指數,20232.06,20296.1,20084.31,20228.43,,,TWSE MI_5MINS_HIST,https://www.twse.com.tw/rwd/zh/TAIEX/MI_5MINS_HIST?date=20240301&response=json,2024-03-22 14:00 Asia/Taipei,premarket trade_date may only use row.date < trade_date
2024-03-25,TAIEX,加權指數,20228.64,20285.38,20172.8,20192.25,,,TWSE MI_5MINS_HIST,https://www.twse.com.tw/rwd/zh/TAIEX/MI_5MINS_HIST?date=20240301&response=json,2024-03-25 14:00 Asia/Taipei,premarket trade_date may only use row.date < trade_date
2024-03-26,TAIEX,加權指數,20208.88,20397.07,19977.4,20126.49,,,TWSE MI_5MINS_HIST,https://www.twse.com.tw/rwd/zh/TAIEX/MI_5MINS_HIST?date=20240301&response=json,2024-03-26 14:00 Asia/Taipei,premarket trade_date may only use row.date < trade_date
2024-03-27,TAIEX,加權指數,20158.07,20255.1,20108.96,20200.12,,,TWSE MI_5MINS_HIST,https://www.twse.com.tw/rwd/zh/TAIEX/MI_5MINS_HIST?date=20240301&response=json,2024-03-27 14:00 Asia/Taipei,premarket trade_date may only use row.date < trade_date
2024-03-28,TAIEX,加權指數,20213.34,20222.2,20065.93,20146.55,,,TWSE MI_5MINS_HIST,https://www.twse.com.tw/rwd/zh/TAIEX/MI_5MINS_HIST?date=20240301&response=json,2024-03-28 14:00 Asia/Taipei,premarket trade_date may only use row.date < trade_date
2024-03-29,TAIEX,加權指數,20156.34,20335.92,20156.34,20294.45,,,TWSE MI_5MINS_HIST,https://www.twse.com.tw/rwd/zh/TAIEX/MI_5MINS_HIST?date=20240301&response=json,2024-03-29 14:00 Asia/Taipei,premarket trade_date may only use row.date < trade_date
2024-04-01,TAIEX,加權指數,20319.73,20387.23,20217.58,20222.33,,,TWSE MI_5MINS_HIST,https://www.twse.com.tw/rwd/zh/TAIEX/MI_5MINS_HIST?date=20240401&response=json,2024-04-01 14:00 Asia/Taipei,premarket trade_date may only use row.date < trade_date
2024-04-02,TAIEX,加權指數,20359.81,20466.57,20359.81,20466.57,,,TWSE MI_5MINS_HIST,https://www.twse.com.tw/rwd/zh/TAIEX/MI_5MINS_HIST?date=20240401&response=json,2024-04-02 14:00 Asia/Taipei,premarket trade_date may only use row.date < trade_date
2024-04-03,TAIEX,加權指數,20388.84,20403.73,20269.66,20337.6,,,TWSE MI_5MINS_HIST,https://www.twse.com.tw/rwd/zh/TAIEX/MI_5MINS_HIST?date=20240401&response=json,2024-04-03 14:00 Asia/Taipei,premarket trade_date may only use row.date < trade_date
2024-04-08,TAIEX,加權指數,20395.05,20487.83,20379.83,20417.7,,,TWSE MI_5MINS_HIST,https://www.twse.com.tw/rwd/zh/TAIEX/MI_5MINS_HIST?date=20240401&response=json,2024-04-08 14:00 Asia/Taipei,premarket trade_date may only use row.date < trade_date
2024-04-09,TAIEX,加權指數,20521.56,20820.81,20521.56,20796.2,,,TWSE MI_5MINS_HIST,https://www.twse.com.tw/rwd/zh/TAIEX/MI_5MINS_HIST?date=20240401&response=json,2024-04-09 14:00 Asia/Taipei,premarket trade_date may only use row.date < trade_date
2024-04-10,TAIEX,加權指數,20789.42,20883.69,20763.53,20763.53,,,TWSE MI_5MINS_HIST,https://www.twse.com.tw/rwd/zh/TAIEX/MI_5MINS_HIST?date=20240401&response=json,2024-04-10 14:00 Asia/Taipei,premarket trade_date may only use row.date < trade_date
2024-04-11,TAIEX,加權指數,20713.25,20770.83,20651.88,20753.22,,,TWSE MI_5MINS_HIST,https://www.twse.com.tw/rwd/zh/TAIEX/MI_5MINS_HIST?date=20240401&response=json,2024-04-11 14:00 Asia/Taipei,premarket trade_date may only use row.date < trade_date
2024-04-12,TAIEX,加權指數,20772.79,20825.04,20713.87,20736.57,,,TWSE MI_5MINS_HIST,https://www.twse.com.tw/rwd/zh/TAIEX/MI_5MINS_HIST?date=20240401&response=json,2024-04-12 14:00 Asia/Taipei,premarket trade_date may only use row.date < trade_date
2024-04-15,TAIEX,加權指數,20586.53,20623.77,20449.77,20449.77,,,TWSE MI_5MINS_HIST,https://www.twse.com.tw/rwd/zh/TAIEX/MI_5MINS_HIST?date=20240401&response=json,2024-04-15 14:00 Asia/Taipei,premarket trade_date may only use row.date < trade_date
2024-04-16,TAIEX,加權指數,20365.11,20365.11,19844.54,19901.96,,,TWSE MI_5MINS_HIST,https://www.twse.com.tw/rwd/zh/TAIEX/MI_5MINS_HIST?date=20240401&response=json,2024-04-16 14:00 Asia/Taipei,premarket trade_date may only use row.date < trade_date
2024-04-17,TAIEX,加權指數,19986.62,20264.99,19986.62,20213.33,,,TWSE MI_5MINS_HIST,https://www.twse.com.tw/rwd/zh/TAIEX/MI_5MINS_HIST?date=20240401&response=json,2024-04-17 14:00 Asia/Taipei,premarket trade_date may only use row.date < trade_date
2024-04-18,TAIEX,加權指數,20126.57,20363.09,20057.81,20301.2,,,TWSE MI_5MINS_HIST,https://www.twse.com.tw/rwd/zh/TAIEX/MI_5MINS_HIST?date=20240401&response=json,2024-04-18 14:00 Asia/Taipei,premarket trade_date may only use row.date < trade_date
2024-04-19,TAIEX,加權指數,19992.06,19992.06,19291.88,19527.12,,,TWSE MI_5MINS_HIST,https://www.twse.com.tw/rwd/zh/TAIEX/MI_5MINS_HIST?date=20240401&response=json,2024-04-19 14:00 Asia/Taipei,premarket trade_date may only use row.date < trade_date
2024-04-22,TAIEX,加權指數,19466.44,19695.49,19395.31,19411.22,,,TWSE MI_5MINS_HIST,https://www.twse.com.tw/rwd/zh/TAIEX/MI_5MINS_HIST?date=20240401&response=json,2024-04-22 14:00 Asia/Taipei,premarket trade_date may only use row.date < trade_date
2024-04-23,TAIEX,加權指數,19564.38,19709.0,19509.74,19599.28,,,TWSE MI_5MINS_HIST,https://www.twse.com.tw/rwd/zh/TAIEX/MI_5MINS_HIST?date=20240401&response=json,2024-04-23 14:00 Asia/Taipei,premarket trade_date may only use row.date < trade_date
2024-04-24,TAIEX,加權指數,19770.46,20165.77,19770.46,20131.74,,,TWSE MI_5MINS_HIST,https://www.twse.com.tw/rwd/zh/TAIEX/MI_5MINS_HIST?date=20240401&response=json,2024-04-24 14:00 Asia/Taipei,premarket trade_date may only use row.date < trade_date
2024-04-25,TAIEX,加權指數,20003.0,20003.0,19848.57,19857.42,,,TWSE MI_5MINS_HIST,https://www.twse.com.tw/rwd/zh/TAIEX/MI_5MINS_HIST?date=20240401&response=json,2024-04-25 14:00 Asia/Taipei,premarket trade_date may only use row.date < trade_date
2024-04-26,TAIEX,加權指數,20094.17,20226.29,20087.61,20120.51,,,TWSE MI_5MINS_HIST,https://www.twse.com.tw/rwd/zh/TAIEX/MI_5MINS_HIST?date=20240401&response=json,2024-04-26 14:00 Asia/Taipei,premarket trade_date may only use row.date < trade_date
2024-04-29,TAIEX,加權指數,20235.93,20495.52,20235.93,20495.52,,,TWSE MI_5MINS_HIST,https://www.twse.com.tw/rwd/zh/TAIEX/MI_5MINS_HIST?date=20240401&response=json,2024-04-29 14:00 Asia/Taipei,premarket trade_date may only use row.date < trade_date
2024-04-30,TAIEX,加權指數,20508.48,20559.97,20396.6,20396.6,,,TWSE MI_5MINS_HIST,https://www.twse.com.tw/rwd/zh/TAIEX/MI_5MINS_HIST?date=20240401&response=json,2024-04-30 14:00 Asia/Taipei,premarket trade_date may only use row.date < trade_date
2024-05-02,TAIEX,加權指數,20360.67,20360.67,20222.44,20222.44,,,TWSE MI_5MINS_HIST,https://www.twse.com.tw/rwd/zh/TAIEX/MI_5MINS_HIST?date=20240501&response=json,2024-05-02 14:00 Asia/Taipei,premarket trade_date may only use row.date < trade_date
2024-05-03,TAIEX,加權指數,20381.98,20521.49,20272.34,20330.32,,,TWSE MI_5MINS_HIST,https://www.twse.com.tw/rwd/zh/TAIEX/MI_5MINS_HIST?date=20240501&response=json,2024-05-03 14:00 Asia/Taipei,premarket trade_date may only use row.date < trade_date
2024-05-06,TAIEX,加權指數,20479.8,20639.9,20479.8,20523.31,,,TWSE MI_5MINS_HIST,https://www.twse.com.tw/rwd/zh/TAIEX/MI_5MINS_HIST?date=20240501&response=json,2024-05-06 14:00 Asia/Taipei,premarket trade_date may only use row.date < trade_date
2024-05-07,TAIEX,加權指數,20634.62,20689.19,20493.8,20653.53,,,TWSE MI_5MINS_HIST,https://www.twse.com.tw/rwd/zh/TAIEX/MI_5MINS_HIST?date=20240501&response=json,2024-05-07 14:00 Asia/Taipei,premarket trade_date may only use row.date < trade_date
2024-05-08,TAIEX,加權指數,20604.18,20700.51,20547.48,20700.51,,,TWSE MI_5MINS_HIST,https://www.twse.com.tw/rwd/zh/TAIEX/MI_5MINS_HIST?date=20240501&response=json,2024-05-08 14:00 Asia/Taipei,premarket trade_date may only use row.date < trade_date
2024-05-09,TAIEX,加權指數,20710.05,20754.61,20560.77,20560.77,,,TWSE MI_5MINS_HIST,https://www.twse.com.tw/rwd/zh/TAIEX/MI_5MINS_HIST?date=20240501&response=json,2024-05-09 14:00 Asia/Taipei,premarket trade_date may only use row.date < trade_date
2024-05-10,TAIEX,加權指數,20582.12,20765.82,20574.01,20708.84,,,TWSE MI_5MINS_HIST,https://www.twse.com.tw/rwd/zh/TAIEX/MI_5MINS_HIST?date=20240501&response=json,2024-05-10 14:00 Asia/Taipei,premarket trade_date may only use row.date < trade_date
2024-05-13,TAIEX,加權指數,20905.16,20933.28,20816.42,20857.71,,,TWSE MI_5MINS_HIST,https://www.twse.com.tw/rwd/zh/TAIEX/MI_5MINS_HIST?date=20240501&response=json,2024-05-13 14:00 Asia/Taipei,premarket trade_date may only use row.date < trade_date
2024-05-14,TAIEX,加權指數,20835.95,20994.53,20816.77,20985.85,,,TWSE MI_5MINS_HIST,https://www.twse.com.tw/rwd/zh/TAIEX/MI_5MINS_HIST?date=20240501&response=json,2024-05-14 14:00 Asia/Taipei,premarket trade_date may only use row.date < trade_date
2024-05-15,TAIEX,加權指數,20984.7,21308.32,20984.7,21147.21,,,TWSE MI_5MINS_HIST,https://www.twse.com.tw/rwd/zh/TAIEX/MI_5MINS_HIST?date=20240501&response=json,2024-05-15 14:00 Asia/Taipei,premarket trade_date may only use row.date < trade_date
2024-05-16,TAIEX,加權指數,21319.02,21515.52,21249.88,21304.26,,,TWSE MI_5MINS_HIST,https://www.twse.com.tw/rwd/zh/TAIEX/MI_5MINS_HIST?date=20240501&response=json,2024-05-16 14:00 Asia/Taipei,premarket trade_date may only use row.date < trade_date
2024-05-17,TAIEX,加權指數,21346.75,21346.75,21218.34,21258.47,,,TWSE MI_5MINS_HIST,https://www.twse.com.tw/rwd/zh/TAIEX/MI_5MINS_HIST?date=20240501&response=json,2024-05-17 14:00 Asia/Taipei,premarket trade_date may only use row.date < trade_date
2024-05-20,TAIEX,加權指數,21278.38,21338.35,21102.18,21271.63,,,TWSE MI_5MINS_HIST,https://www.twse.com.tw/rwd/zh/TAIEX/MI_5MINS_HIST?date=20240501&response=json,2024-05-20 14:00 Asia/Taipei,premarket trade_date may only use row.date < trade_date
2024-05-21,TAIEX,加權指數,21239.26,21307.08,21131.62,21236.75,,,TWSE MI_5MINS_HIST,https://www.twse.com.tw/rwd/zh/TAIEX/MI_5MINS_HIST?date=20240501&response=json,2024-05-21 14:00 Asia/Taipei,premarket trade_date may only use row.date < trade_date
2024-05-22,TAIEX,加權指數,21248.99,21567.48,21248.99,21551.83,,,TWSE MI_5MINS_HIST,https://www.twse.com.tw/rwd/zh/TAIEX/MI_5MINS_HIST?date=20240501&response=json,2024-05-22 14:00 Asia/Taipei,premarket trade_date may only use row.date < trade_date
2024-05-23,TAIEX,加權指數,21668.84,21668.84,21475.99,21607.43,,,TWSE MI_5MINS_HIST,https://www.twse.com.tw/rwd/zh/TAIEX/MI_5MINS_HIST?date=20240501&response=json,2024-05-23 14:00 Asia/Taipei,premarket trade_date may only use row.date < trade_date
2024-05-24,TAIEX,加權指數,21442.67,21608.72,21381.25,21565.34,,,TWSE MI_5MINS_HIST,https://www.twse.com.tw/rwd/zh/TAIEX/MI_5MINS_HIST?date=20240501&response=json,2024-05-24 14:00 Asia/Taipei,premarket trade_date may only use row.date < trade_date
2024-05-27,TAIEX,加權指數,21699.98,21871.34,21699.98,21803.77,,,TWSE MI_5MINS_HIST,https://www.twse.com.tw/rwd/zh/TAIEX/MI_5MINS_HIST?date=20240501&response=json,2024-05-27 14:00 Asia/Taipei,premarket trade_date may only use row.date < trade_date
2024-05-28,TAIEX,加權指數,21812.2,21937.4,21812.2,21858.41,,,TWSE MI_5MINS_HIST,https://www.twse.com.tw/rwd/zh/TAIEX/MI_5MINS_HIST?date=20240501&response=json,2024-05-28 14:00 Asia/Taipei,premarket trade_date may only use row.date < trade_date
2024-05-29,TAIEX,加權指數,21846.41,21906.1,21662.5,21662.5,,,TWSE MI_5MINS_HIST,https://www.twse.com.tw/rwd/zh/TAIEX/MI_5MINS_HIST?date=20240501&response=json,2024-05-29 14:00 Asia/Taipei,premarket trade_date may only use row.date < trade_date
2024-05-30,TAIEX,加權指數,21481.39,21558.36,21364.24,21364.48,,,TWSE MI_5MINS_HIST,https://www.twse.com.tw/rwd/zh/TAIEX/MI_5MINS_HIST?date=20240501&response=json,2024-05-30 14:00 Asia/Taipei,premarket trade_date may only use row.date < trade_date
2024-05-31,TAIEX,加權指數,21400.83,21539.03,21174.22,21174.22,,,TWSE MI_5MINS_HIST,https://www.twse.com.tw/rwd/zh/TAIEX/MI_5MINS_HIST?date=20240501&response=json,2024-05-31 14:00 Asia/Taipei,premarket trade_date may only use row.date < trade_date
2024-06-03,TAIEX,加權指數,21388.71,21612.54,21372.08,21536.76,,,TWSE MI_5MINS_HIST,https://www.twse.com.tw/rwd/zh/TAIEX/MI_5MINS_HIST?date=20240601&response=json,2024-06-03 14:00 Asia/Taipei,premarket trade_date may only use row.date < trade_date
2024-06-04,TAIEX,加權指數,21513.85,21529.98,21308.97,21356.62,,,TWSE MI_5MINS_HIST,https://www.twse.com.tw/rwd/zh/TAIEX/MI_5MINS_HIST?date=20240601&response=json,2024-06-04 14:00 Asia/Taipei,premarket trade_date may only use row.date < trade_date
2024-06-05,TAIEX,加權指數,21385.0,21510.86,21264.63,21484.88,,,TWSE MI_5MINS_HIST,https://www.twse.com.tw/rwd/zh/TAIEX/MI_5MINS_HIST?date=20240601&response=json,2024-06-05 14:00 Asia/Taipei,premarket trade_date may only use row.date < trade_date
2024-06-06,TAIEX,加權指數,21856.13,21970.63,21847.68,21902.7,,,TWSE MI_5MINS_HIST,https://www.twse.com.tw/rwd/zh/TAIEX/MI_5MINS_HIST?date=20240601&response=json,2024-06-06 14:00 Asia/Taipei,premarket trade_date may only use row.date < trade_date
2024-06-07,TAIEX,加權指數,21823.62,21920.85,21823.62,21858.38,,,TWSE MI_5MINS_HIST,https://www.twse.com.tw/rwd/zh/TAIEX/MI_5MINS_HIST?date=20240601&response=json,2024-06-07 14:00 Asia/Taipei,premarket trade_date may only use row.date < trade_date
2024-06-11,TAIEX,加權指數,21984.42,22003.71,21792.12,21792.12,,,TWSE MI_5MINS_HIST,https://www.twse.com.tw/rwd/zh/TAIEX/MI_5MINS_HIST?date=20240601&response=json,2024-06-11 14:00 Asia/Taipei,premarket trade_date may only use row.date < trade_date
2024-06-12,TAIEX,加權指數,21841.81,22094.94,21841.81,22048.96,,,TWSE MI_5MINS_HIST,https://www.twse.com.tw/rwd/zh/TAIEX/MI_5MINS_HIST?date=20240601&response=json,2024-06-12 14:00 Asia/Taipei,premarket trade_date may only use row.date < trade_date
2024-06-13,TAIEX,加權指數,22217.64,22440.1,22211.08,22312.04,,,TWSE MI_5MINS_HIST,https://www.twse.com.tw/rwd/zh/TAIEX/MI_5MINS_HIST?date=20240601&response=json,2024-06-13 14:00 Asia/Taipei,premarket trade_date may only use row.date < trade_date
2024-06-14,TAIEX,加權指數,22311.93,22504.72,22252.02,22504.72,,,TWSE MI_5MINS_HIST,https://www.twse.com.tw/rwd/zh/TAIEX/MI_5MINS_HIST?date=20240601&response=json,2024-06-14 14:00 Asia/Taipei,premarket trade_date may only use row.date < trade_date
2024-06-17,TAIEX,加權指數,22468.11,22567.34,22431.26,22496.53,,,TWSE MI_5MINS_HIST,https://www.twse.com.tw/rwd/zh/TAIEX/MI_5MINS_HIST?date=20240601&response=json,2024-06-17 14:00 Asia/Taipei,premarket trade_date may only use row.date < trade_date
2024-06-18,TAIEX,加權指數,22690.34,22787.67,22642.94,22757.43,,,TWSE MI_5MINS_HIST,https://www.twse.com.tw/rwd/zh/TAIEX/MI_5MINS_HIST?date=20240601&response=json,2024-06-18 14:00 Asia/Taipei,premarket trade_date may only use row.date < trade_date
2024-06-19,TAIEX,加權指數,22858.45,23275.3,22858.45,23209.54,,,TWSE MI_5MINS_HIST,https://www.twse.com.tw/rwd/zh/TAIEX/MI_5MINS_HIST?date=20240601&response=json,2024-06-19 14:00 Asia/Taipei,premarket trade_date may only use row.date < trade_date
2024-06-20,TAIEX,加權指數,23196.69,23406.1,23180.7,23406.1,,,TWSE MI_5MINS_HIST,https://www.twse.com.tw/rwd/zh/TAIEX/MI_5MINS_HIST?date=20240601&response=json,2024-06-20 14:00 Asia/Taipei,premarket trade_date may only use row.date < trade_date
2024-06-21,TAIEX,加權指數,23193.9,23351.17,23151.15,23253.39,,,TWSE MI_5MINS_HIST,https://www.twse.com.tw/rwd/zh/TAIEX/MI_5MINS_HIST?date=20240601&response=json,2024-06-21 14:00 Asia/Taipei,premarket trade_date may only use row.date < trade_date
2024-06-24,TAIEX,加權指數,23124.31,23131.68,22813.7,22813.7,,,TWSE MI_5MINS_HIST,https://www.twse.com.tw/rwd/zh/TAIEX/MI_5MINS_HIST?date=20240601&response=json,2024-06-24 14:00 Asia/Taipei,premarket trade_date may only use row.date < trade_date
2024-06-25,TAIEX,加權指數,22695.15,22875.97,22503.0,22875.97,,,TWSE MI_5MINS_HIST,https://www.twse.com.tw/rwd/zh/TAIEX/MI_5MINS_HIST?date=20240601&response=json,2024-06-25 14:00 Asia/Taipei,premarket trade_date may only use row.date < trade_date
2024-06-26,TAIEX,加權指數,22938.57,23074.74,22893.75,22986.69,,,TWSE MI_5MINS_HIST,https://www.twse.com.tw/rwd/zh/TAIEX/MI_5MINS_HIST?date=20240601&response=json,2024-06-26 14:00 Asia/Taipei,premarket trade_date may only use row.date < trade_date
2024-06-27,TAIEX,加權指數,22859.93,22922.56,22765.16,22905.98,,,TWSE MI_5MINS_HIST,https://www.twse.com.tw/rwd/zh/TAIEX/MI_5MINS_HIST?date=20240601&response=json,2024-06-27 14:00 Asia/Taipei,premarket trade_date may only use row.date < trade_date
2024-06-28,TAIEX,加權指數,22896.72,23142.4,22896.72,23032.25,,,TWSE MI_5MINS_HIST,https://www.twse.com.tw/rwd/zh/TAIEX/MI_5MINS_HIST?date=20240601&response=json,2024-06-28 14:00 Asia/Taipei,premarket trade_date may only use row.date < trade_date
2024-07-01,TAIEX,加權指數,23042.7,23187.88,23015.17,23058.57,,,TWSE MI_5MINS_HIST,https://www.twse.com.tw/rwd/zh/TAIEX/MI_5MINS_HIST?date=20240701&response=json,2024-07-01 14:00 Asia/Taipei,premarket trade_date may only use row.date < trade_date
2024-07-02,TAIEX,加權指數,23012.74,23041.9,22833.78,22879.37,,,TWSE MI_5MINS_HIST,https://www.twse.com.tw/rwd/zh/TAIEX/MI_5MINS_HIST?date=20240701&response=json,2024-07-02 14:00 Asia/Taipei,premarket trade_date may only use row.date < trade_date
2024-07-03,TAIEX,加權指數,23009.82,23172.43,22994.28,23172.43,,,TWSE MI_5MINS_HIST,https://www.twse.com.tw/rwd/zh/TAIEX/MI_5MINS_HIST?date=20240701&response=json,2024-07-03 14:00 Asia/Taipei,premarket trade_date may only use row.date < trade_date
2024-07-04,TAIEX,加權指數,23360.88,23571.82,23360.88,23522.53,,,TWSE MI_5MINS_HIST,https://www.twse.com.tw/rwd/zh/TAIEX/MI_5MINS_HIST?date=20240701&response=json,2024-07-04 14:00 Asia/Taipei,premarket trade_date may only use row.date < trade_date
2024-07-05,TAIEX,加權指數,23532.01,23628.86,23491.79,23556.59,,,TWSE MI_5MINS_HIST,https://www.twse.com.tw/rwd/zh/TAIEX/MI_5MINS_HIST?date=20240701&response=json,2024-07-05 14:00 Asia/Taipei,premarket trade_date may only use row.date < trade_date
2024-07-08,TAIEX,加權指數,23550.64,24011.64,23505.86,23878.15,,,TWSE MI_5MINS_HIST,https://www.twse.com.tw/rwd/zh/TAIEX/MI_5MINS_HIST?date=20240701&response=json,2024-07-08 14:00 Asia/Taipei,premarket trade_date may only use row.date < trade_date
2024-07-09,TAIEX,加權指數,23888.2,24126.66,23607.92,23900.08,,,TWSE MI_5MINS_HIST,https://www.twse.com.tw/rwd/zh/TAIEX/MI_5MINS_HIST?date=20240701&response=json,2024-07-09 14:00 Asia/Taipei,premarket trade_date may only use row.date < trade_date
2024-07-10,TAIEX,加權指數,23744.88,24040.61,23682.49,24007.08,,,TWSE MI_5MINS_HIST,https://www.twse.com.tw/rwd/zh/TAIEX/MI_5MINS_HIST?date=20240701&response=json,2024-07-10 14:00 Asia/Taipei,premarket trade_date may only use row.date < trade_date
2024-07-11,TAIEX,加權指數,24242.03,24416.67,24151.8,24390.03,,,TWSE MI_5MINS_HIST,https://www.twse.com.tw/rwd/zh/TAIEX/MI_5MINS_HIST?date=20240701&response=json,2024-07-11 14:00 Asia/Taipei,premarket trade_date may only use row.date < trade_date
2024-07-12,TAIEX,加權指數,23955.67,24045.73,23774.22,23916.93,,,TWSE MI_5MINS_HIST,https://www.twse.com.tw/rwd/zh/TAIEX/MI_5MINS_HIST?date=20240701&response=json,2024-07-12 14:00 Asia/Taipei,premarket trade_date may only use row.date < trade_date
2024-07-15,TAIEX,加權指數,23927.91,24018.31,23759.51,23879.36,,,TWSE MI_5MINS_HIST,https://www.twse.com.tw/rwd/zh/TAIEX/MI_5MINS_HIST?date=20240701&response=json,2024-07-15 14:00 Asia/Taipei,premarket trade_date may only use row.date < trade_date
2024-07-16,TAIEX,加權指數,23880.33,24174.18,23861.77,23997.25,,,TWSE MI_5MINS_HIST,https://www.twse.com.tw/rwd/zh/TAIEX/MI_5MINS_HIST?date=20240701&response=json,2024-07-16 14:00 Asia/Taipei,premarket trade_date may only use row.date < trade_date
2024-07-17,TAIEX,加權指數,23827.27,23993.68,23650.94,23769.82,,,TWSE MI_5MINS_HIST,https://www.twse.com.tw/rwd/zh/TAIEX/MI_5MINS_HIST?date=20240701&response=json,2024-07-17 14:00 Asia/Taipei,premarket trade_date may only use row.date < trade_date
2024-07-18,TAIEX,加權指數,23373.01,23450.91,23148.74,23398.47,,,TWSE MI_5MINS_HIST,https://www.twse.com.tw/rwd/zh/TAIEX/MI_5MINS_HIST?date=20240701&response=json,2024-07-18 14:00 Asia/Taipei,premarket trade_date may only use row.date < trade_date
2024-07-19,TAIEX,加權指數,23228.04,23235.82,22865.84,22869.26,,,TWSE MI_5MINS_HIST,https://www.twse.com.tw/rwd/zh/TAIEX/MI_5MINS_HIST?date=20240701&response=json,2024-07-19 14:00 Asia/Taipei,premarket trade_date may only use row.date < trade_date
2024-07-22,TAIEX,加權指數,22818.86,22818.86,22130.88,22256.99,,,TWSE MI_5MINS_HIST,https://www.twse.com.tw/rwd/zh/TAIEX/MI_5MINS_HIST?date=20240701&response=json,2024-07-22 14:00 Asia/Taipei,premarket trade_date may only use row.date < trade_date
2024-07-23,TAIEX,加權指數,22514.75,22871.84,22514.75,22871.84,,,TWSE MI_5MINS_HIST,https://www.twse.com.tw/rwd/zh/TAIEX/MI_5MINS_HIST?date=20240701&response=json,2024-07-23 14:00 Asia/Taipei,premarket trade_date may only use row.date < trade_date
2024-07-26,TAIEX,加權指數,22206.93,22206.93,21889.61,22119.21,,,TWSE MI_5MINS_HIST,https://www.twse.com.tw/rwd/zh/TAIEX/MI_5MINS_HIST?date=20240701&response=json,2024-07-26 14:00 Asia/Taipei,premarket trade_date may only use row.date < trade_date
2024-07-29,TAIEX,加權指數,22321.37,22471.4,22128.14,22164.49,,,TWSE MI_5MINS_HIST,https://www.twse.com.tw/rwd/zh/TAIEX/MI_5MINS_HIST?date=20240701&response=json,2024-07-29 14:00 Asia/Taipei,premarket trade_date may only use row.date < trade_date
2024-07-30,TAIEX,加權指數,22040.04,22276.39,21833.85,22223.57,,,TWSE MI_5MINS_HIST,https://www.twse.com.tw/rwd/zh/TAIEX/MI_5MINS_HIST?date=20240701&response=json,2024-07-30 14:00 Asia/Taipei,premarket trade_date may only use row.date < trade_date
2024-07-31,TAIEX,加權指數,22088.78,22315.31,22046.29,22199.35,,,TWSE MI_5MINS_HIST,https://www.twse.com.tw/rwd/zh/TAIEX/MI_5MINS_HIST?date=20240701&response=json,2024-07-31 14:00 Asia/Taipei,premarket trade_date may only use row.date < trade_date
2024-08-01,TAIEX,加權指數,22546.4,22652.21,22465.06,22642.1,,,TWSE MI_5MINS_HIST,https://www.twse.com.tw/rwd/zh/TAIEX/MI_5MINS_HIST?date=20240801&response=json,2024-08-01 14:00 Asia/Taipei,premarket trade_date may only use row.date < trade_date
2024-08-02,TAIEX,加權指數,22141.2,22141.2,21636.22,21638.09,,,TWSE MI_5MINS_HIST,https://www.twse.com.tw/rwd/zh/TAIEX/MI_5MINS_HIST?date=20240801&response=json,2024-08-02 14:00 Asia/Taipei,premarket trade_date may only use row.date < trade_date
2024-08-05,TAIEX,加權指數,20982.92,20982.92,19783.5,19830.88,,,TWSE MI_5MINS_HIST,https://www.twse.com.tw/rwd/zh/TAIEX/MI_5MINS_HIST?date=20240801&response=json,2024-08-05 14:00 Asia/Taipei,premarket trade_date may only use row.date < trade_date
2024-08-06,TAIEX,加權指數,20344.39,20751.5,19662.74,20501.02,,,TWSE MI_5MINS_HIST,https://www.twse.com.tw/rwd/zh/TAIEX/MI_5MINS_HIST?date=20240801&response=json,2024-08-06 14:00 Asia/Taipei,premarket trade_date may only use row.date < trade_date
2024-08-07,TAIEX,加權指數,20638.28,21306.23,20638.28,21295.28,,,TWSE MI_5MINS_HIST,https://www.twse.com.tw/rwd/zh/TAIEX/MI_5MINS_HIST?date=20240801&response=json,2024-08-07 14:00 Asia/Taipei,premarket trade_date may only use row.date < trade_date
2024-08-08,TAIEX,加權指數,21047.16,21074.19,20723.26,20870.1,,,TWSE MI_5MINS_HIST,https://www.twse.com.tw/rwd/zh/TAIEX/MI_5MINS_HIST?date=20240801&response=json,2024-08-08 14:00 Asia/Taipei,premarket trade_date may only use row.date < trade_date
2024-08-09,TAIEX,加權指數,21212.0,21613.76,21212.0,21469.0,,,TWSE MI_5MINS_HIST,https://www.twse.com.tw/rwd/zh/TAIEX/MI_5MINS_HIST?date=20240801&response=json,2024-08-09 14:00 Asia/Taipei,premarket trade_date may only use row.date < trade_date
2024-08-12,TAIEX,加權指數,21598.93,21897.98,21598.93,21773.26,,,TWSE MI_5MINS_HIST,https://www.twse.com.tw/rwd/zh/TAIEX/MI_5MINS_HIST?date=20240801&response=json,2024-08-12 14:00 Asia/Taipei,premarket trade_date may only use row.date < trade_date
2024-08-13,TAIEX,加權指數,21816.07,21866.63,21698.47,21796.57,,,TWSE MI_5MINS_HIST,https://www.twse.com.tw/rwd/zh/TAIEX/MI_5MINS_HIST?date=20240801&response=json,2024-08-13 14:00 Asia/Taipei,premarket trade_date may only use row.date < trade_date
2024-08-14,TAIEX,加權指數,21952.03,22155.29,21942.22,22027.25,,,TWSE MI_5MINS_HIST,https://www.twse.com.tw/rwd/zh/TAIEX/MI_5MINS_HIST?date=20240801&response=json,2024-08-14 14:00 Asia/Taipei,premarket trade_date may only use row.date < trade_date
2024-08-15,TAIEX,加權指數,22005.69,22089.04,21895.17,21895.17,,,TWSE MI_5MINS_HIST,https://www.twse.com.tw/rwd/zh/TAIEX/MI_5MINS_HIST?date=20240801&response=json,2024-08-15 14:00 Asia/Taipei,premarket trade_date may only use row.date < trade_date
2024-08-16,TAIEX,加權指數,22114.72,22374.94,22114.72,22349.33,,,TWSE MI_5MINS_HIST,https://www.twse.com.tw/rwd/zh/TAIEX/MI_5MINS_HIST?date=20240801&response=json,2024-08-16 14:00 Asia/Taipei,premarket trade_date may only use row.date < trade_date
2024-08-19,TAIEX,加權指數,22338.83,22485.91,22307.17,22409.63,,,TWSE MI_5MINS_HIST,https://www.twse.com.tw/rwd/zh/TAIEX/MI_5MINS_HIST?date=20240801&response=json,2024-08-19 14:00 Asia/Taipei,premarket trade_date may only use row.date < trade_date
2024-08-20,TAIEX,加權指數,22464.07,22545.89,22369.25,22429.1,,,TWSE MI_5MINS_HIST,https://www.twse.com.tw/rwd/zh/TAIEX/MI_5MINS_HIST?date=20240801&response=json,2024-08-20 14:00 Asia/Taipei,premarket trade_date may only use row.date < trade_date
2024-08-21,TAIEX,加權指數,22316.78,22358.88,22165.82,22237.89,,,TWSE MI_5MINS_HIST,https://www.twse.com.tw/rwd/zh/TAIEX/MI_5MINS_HIST?date=20240801&response=json,2024-08-21 14:00 Asia/Taipei,premarket trade_date may only use row.date < trade_date
2024-08-22,TAIEX,加權指數,22254.59,22315.92,22096.26,22148.83,,,TWSE MI_5MINS_HIST,https://www.twse.com.tw/rwd/zh/TAIEX/MI_5MINS_HIST?date=20240801&response=json,2024-08-22 14:00 Asia/Taipei,premarket trade_date may only use row.date < trade_date
2024-08-23,TAIEX,加權指數,22042.59,22159.27,21935.98,22158.05,,,TWSE MI_5MINS_HIST,https://www.twse.com.tw/rwd/zh/TAIEX/MI_5MINS_HIST?date=20240801&response=json,2024-08-23 14:00 Asia/Taipei,premarket trade_date may only use row.date < trade_date
2024-08-26,TAIEX,加權指數,22250.49,22449.45,22164.53,22240.12,,,TWSE MI_5MINS_HIST,https://www.twse.com.tw/rwd/zh/TAIEX/MI_5MINS_HIST?date=20240801&response=json,2024-08-26 14:00 Asia/Taipei,premarket trade_date may only use row.date < trade_date
2024-08-27,TAIEX,加權指數,22179.21,22205.11,22059.51,22185.0,,,TWSE MI_5MINS_HIST,https://www.twse.com.tw/rwd/zh/TAIEX/MI_5MINS_HIST?date=20240801&response=json,2024-08-27 14:00 Asia/Taipei,premarket trade_date may only use row.date < trade_date
2024-08-28,TAIEX,加權指數,22210.57,22370.66,22108.86,22370.66,,,TWSE MI_5MINS_HIST,https://www.twse.com.tw/rwd/zh/TAIEX/MI_5MINS_HIST?date=20240801&response=json,2024-08-28 14:00 Asia/Taipei,premarket trade_date may only use row.date < trade_date
2024-08-29,TAIEX,加權指數,22136.31,22273.62,22010.89,22201.85,,,TWSE MI_5MINS_HIST,https://www.twse.com.tw/rwd/zh/TAIEX/MI_5MINS_HIST?date=20240801&response=json,2024-08-29 14:00 Asia/Taipei,premarket trade_date may only use row.date < trade_date
2024-08-30,TAIEX,加權指數,22230.07,22342.25,22230.07,22268.09,,,TWSE MI_5MINS_HIST,https://www.twse.com.tw/rwd/zh/TAIEX/MI_5MINS_HIST?date=20240801&response=json,2024-08-30 14:00 Asia/Taipei,premarket trade_date may only use row.date < trade_date
2024-09-02,TAIEX,加權指數,22341.9,22439.31,22178.04,22235.1,,,TWSE MI_5MINS_HIST,https://www.twse.com.tw/rwd/zh/TAIEX/MI_5MINS_HIST?date=20240901&response=json,2024-09-02 14:00 Asia/Taipei,premarket trade_date may only use row.date < trade_date
2024-09-03,TAIEX,加權指數,22240.11,22303.5,22092.21,22092.21,,,TWSE MI_5MINS_HIST,https://www.twse.com.tw/rwd/zh/TAIEX/MI_5MINS_HIST?date=20240901&response=json,2024-09-03 14:00 Asia/Taipei,premarket trade_date may only use row.date < trade_date
2024-09-04,TAIEX,加權指數,21574.65,21574.65,20922.17,21092.75,,,TWSE MI_5MINS_HIST,https://www.twse.com.tw/rwd/zh/TAIEX/MI_5MINS_HIST?date=20240901&response=json,2024-09-04 14:00 Asia/Taipei,premarket trade_date may only use row.date < trade_date
2024-09-05,TAIEX,加權指數,21271.09,21488.81,21150.99,21187.71,,,TWSE MI_5MINS_HIST,https://www.twse.com.tw/rwd/zh/TAIEX/MI_5MINS_HIST?date=20240901&response=json,2024-09-05 14:00 Asia/Taipei,premarket trade_date may only use row.date < trade_date
2024-09-06,TAIEX,加權指數,21255.45,21461.71,21125.14,21435.19,,,TWSE MI_5MINS_HIST,https://www.twse.com.tw/rwd/zh/TAIEX/MI_5MINS_HIST?date=20240901&response=json,2024-09-06 14:00 Asia/Taipei,premarket trade_date may only use row.date < trade_date
2024-09-09,TAIEX,加權指數,21127.81,21163.91,20922.51,21144.44,,,TWSE MI_5MINS_HIST,https://www.twse.com.tw/rwd/zh/TAIEX/MI_5MINS_HIST?date=20240901&response=json,2024-09-09 14:00 Asia/Taipei,premarket trade_date may only use row.date < trade_date
2024-09-10,TAIEX,加權指數,21252.57,21324.43,20977.0,21064.08,,,TWSE MI_5MINS_HIST,https://www.twse.com.tw/rwd/zh/TAIEX/MI_5MINS_HIST?date=20240901&response=json,2024-09-10 14:00 Asia/Taipei,premarket trade_date may only use row.date < trade_date
2024-09-11,TAIEX,加權指數,21089.18,21134.05,21031.0,21031.0,,,TWSE MI_5MINS_HIST,https://www.twse.com.tw/rwd/zh/TAIEX/MI_5MINS_HIST?date=20240901&response=json,2024-09-11 14:00 Asia/Taipei,premarket trade_date may only use row.date < trade_date
2024-09-12,TAIEX,加權指數,21373.64,21706.85,21373.64,21653.25,,,TWSE MI_5MINS_HIST,https://www.twse.com.tw/rwd/zh/TAIEX/MI_5MINS_HIST?date=20240901&response=json,2024-09-12 14:00 Asia/Taipei,premarket trade_date may only use row.date < trade_date
2024-09-13,TAIEX,加權指數,21754.36,21796.39,21643.22,21759.65,,,TWSE MI_5MINS_HIST,https://www.twse.com.tw/rwd/zh/TAIEX/MI_5MINS_HIST?date=20240901&response=json,2024-09-13 14:00 Asia/Taipei,premarket trade_date may only use row.date < trade_date
2024-09-16,TAIEX,加權指數,21800.0,21854.74,21736.7,21850.08,,,TWSE MI_5MINS_HIST,https://www.twse.com.tw/rwd/zh/TAIEX/MI_5MINS_HIST?date=20240901&response=json,2024-09-16 14:00 Asia/Taipei,premarket trade_date may only use row.date < trade_date
2024-09-18,TAIEX,加權指數,21813.54,21859.16,21584.63,21678.84,,,TWSE MI_5MINS_HIST,https://www.twse.com.tw/rwd/zh/TAIEX/MI_5MINS_HIST?date=20240901&response=json,2024-09-18 14:00 Asia/Taipei,premarket trade_date may only use row.date < trade_date
2024-09-19,TAIEX,加權指數,21675.4,22042.69,21656.66,22042.69,,,TWSE MI_5MINS_HIST,https://www.twse.com.tw/rwd/zh/TAIEX/MI_5MINS_HIST?date=20240901&response=json,2024-09-19 14:00 Asia/Taipei,premarket trade_date may only use row.date < trade_date
2024-09-20,TAIEX,加權指數,22246.24,22354.54,22136.53,22159.42,,,TWSE MI_5MINS_HIST,https://www.twse.com.tw/rwd/zh/TAIEX/MI_5MINS_HIST?date=20240901&response=json,2024-09-20 14:00 Asia/Taipei,premarket trade_date may only use row.date < trade_date
2024-09-23,TAIEX,加權指數,22170.94,22307.46,22170.94,22285.53,,,TWSE MI_5MINS_HIST,https://www.twse.com.tw/rwd/zh/TAIEX/MI_5MINS_HIST?date=20240901&response=json,2024-09-23 14:00 Asia/Taipei,premarket trade_date may only use row.date < trade_date
2024-09-24,TAIEX,加權指數,22273.79,22431.78,22154.55,22431.78,,,TWSE MI_5MINS_HIST,https://www.twse.com.tw/rwd/zh/TAIEX/MI_5MINS_HIST?date=20240901&response=json,2024-09-24 14:00 Asia/Taipei,premarket trade_date may only use row.date < trade_date
2024-09-25,TAIEX,加權指數,22569.29,22785.32,22569.29,22761.6,,,TWSE MI_5MINS_HIST,https://www.twse.com.tw/rwd/zh/TAIEX/MI_5MINS_HIST?date=20240901&response=json,2024-09-25 14:00 Asia/Taipei,premarket trade_date may only use row.date < trade_date
2024-09-26,TAIEX,加權指數,22841.42,22961.77,22769.24,22858.81,,,TWSE MI_5MINS_HIST,https://www.twse.com.tw/rwd/zh/TAIEX/MI_5MINS_HIST?date=20240901&response=json,2024-09-26 14:00 Asia/Taipei,premarket trade_date may only use row.date < trade_date
2024-09-27,TAIEX,加權指數,22978.97,23079.21,22806.83,22822.79,,,TWSE MI_5MINS_HIST,https://www.twse.com.tw/rwd/zh/TAIEX/MI_5MINS_HIST?date=20240901&response=json,2024-09-27 14:00 Asia/Taipei,premarket trade_date may only use row.date < trade_date
2024-09-30,TAIEX,加權指數,22643.91,22691.23,22224.54,22224.54,,,TWSE MI_5MINS_HIST,https://www.twse.com.tw/rwd/zh/TAIEX/MI_5MINS_HIST?date=20240901&response=json,2024-09-30 14:00 Asia/Taipei,premarket trade_date may only use row.date < trade_date
2024-10-01,TAIEX,加權指數,22329.65,22446.86,22311.33,22390.39,,,TWSE MI_5MINS_HIST,https://www.twse.com.tw/rwd/zh/TAIEX/MI_5MINS_HIST?date=20241001&response=json,2024-10-01 14:00 Asia/Taipei,premarket trade_date may only use row.date < trade_date
2024-10-04,TAIEX,加權指數,22459.1,22493.05,22193.5,22302.71,,,TWSE MI_5MINS_HIST,https://www.twse.com.tw/rwd/zh/TAIEX/MI_5MINS_HIST?date=20241001&response=json,2024-10-04 14:00 Asia/Taipei,premarket trade_date may only use row.date < trade_date
2024-10-07,TAIEX,加權指數,22479.24,22719.07,22479.24,22702.56,,,TWSE MI_5MINS_HIST,https://www.twse.com.tw/rwd/zh/TAIEX/MI_5MINS_HIST?date=20241001&response=json,2024-10-07 14:00 Asia/Taipei,premarket trade_date may only use row.date < trade_date
2024-10-08,TAIEX,加權指數,22691.32,22691.32,22418.38,22611.39,,,TWSE MI_5MINS_HIST,https://www.twse.com.tw/rwd/zh/TAIEX/MI_5MINS_HIST?date=20241001&response=json,2024-10-08 14:00 Asia/Taipei,premarket trade_date may only use row.date < trade_date
2024-10-09,TAIEX,加權指數,22637.17,22885.95,22637.17,22659.08,,,TWSE MI_5MINS_HIST,https://www.twse.com.tw/rwd/zh/TAIEX/MI_5MINS_HIST?date=20241001&response=json,2024-10-09 14:00 Asia/Taipei,premarket trade_date may only use row.date < trade_date
2024-10-11,TAIEX,加權指數,22726.19,23011.11,22726.19,22901.64,,,TWSE MI_5MINS_HIST,https://www.twse.com.tw/rwd/zh/TAIEX/MI_5MINS_HIST?date=20241001&response=json,2024-10-11 14:00 Asia/Taipei,premarket trade_date may only use row.date < trade_date
2024-10-14,TAIEX,加權指數,22947.32,23015.55,22799.14,22975.29,,,TWSE MI_5MINS_HIST,https://www.twse.com.tw/rwd/zh/TAIEX/MI_5MINS_HIST?date=20241001&response=json,2024-10-14 14:00 Asia/Taipei,premarket trade_date may only use row.date < trade_date
2024-10-15,TAIEX,加權指數,23083.7,23353.91,23082.06,23292.04,,,TWSE MI_5MINS_HIST,https://www.twse.com.tw/rwd/zh/TAIEX/MI_5MINS_HIST?date=20241001&response=json,2024-10-15 14:00 Asia/Taipei,premarket trade_date may only use row.date < trade_date
2024-10-16,TAIEX,加權指數,22990.64,23258.52,22866.73,23010.98,,,TWSE MI_5MINS_HIST,https://www.twse.com.tw/rwd/zh/TAIEX/MI_5MINS_HIST?date=20241001&response=json,2024-10-16 14:00 Asia/Taipei,premarket trade_date may only use row.date < trade_date
2024-10-17,TAIEX,加權指數,23114.21,23191.79,22950.7,23053.84,,,TWSE MI_5MINS_HIST,https://www.twse.com.tw/rwd/zh/TAIEX/MI_5MINS_HIST?date=20241001&response=json,2024-10-17 14:00 Asia/Taipei,premarket trade_date may only use row.date < trade_date
2024-10-18,TAIEX,加權指數,23620.57,23713.7,23378.36,23487.27,,,TWSE MI_5MINS_HIST,https://www.twse.com.tw/rwd/zh/TAIEX/MI_5MINS_HIST?date=20241001&response=json,2024-10-18 14:00 Asia/Taipei,premarket trade_date may only use row.date < trade_date
2024-10-21,TAIEX,加權指數,23602.98,23678.51,23480.06,23542.53,,,TWSE MI_5MINS_HIST,https://www.twse.com.tw/rwd/zh/TAIEX/MI_5MINS_HIST?date=20241001&response=json,2024-10-21 14:00 Asia/Taipei,premarket trade_date may only use row.date < trade_date
2024-10-22,TAIEX,加權指數,23428.11,23535.43,23269.86,23535.43,,,TWSE MI_5MINS_HIST,https://www.twse.com.tw/rwd/zh/TAIEX/MI_5MINS_HIST?date=20241001&response=json,2024-10-22 14:00 Asia/Taipei,premarket trade_date may only use row.date < trade_date
2024-10-23,TAIEX,加權指數,23402.24,23486.45,23318.84,23334.76,,,TWSE MI_5MINS_HIST,https://www.twse.com.tw/rwd/zh/TAIEX/MI_5MINS_HIST?date=20241001&response=json,2024-10-23 14:00 Asia/Taipei,premarket trade_date may only use row.date < trade_date
2024-10-24,TAIEX,加權指數,23446.64,23446.64,23150.77,23192.52,,,TWSE MI_5MINS_HIST,https://www.twse.com.tw/rwd/zh/TAIEX/MI_5MINS_HIST?date=20241001&response=json,2024-10-24 14:00 Asia/Taipei,premarket trade_date may only use row.date < trade_date
2024-10-25,TAIEX,加權指數,23255.07,23388.53,23222.77,23348.45,,,TWSE MI_5MINS_HIST,https://www.twse.com.tw/rwd/zh/TAIEX/MI_5MINS_HIST?date=20241001&response=json,2024-10-25 14:00 Asia/Taipei,premarket trade_date may only use row.date < trade_date
2024-10-28,TAIEX,加權指數,23455.69,23547.12,23164.42,23198.07,,,TWSE MI_5MINS_HIST,https://www.twse.com.tw/rwd/zh/TAIEX/MI_5MINS_HIST?date=20241001&response=json,2024-10-28 14:00 Asia/Taipei,premarket trade_date may only use row.date < trade_date
2024-10-29,TAIEX,加權指數,23048.45,23056.57,22711.1,22926.59,,,TWSE MI_5MINS_HIST,https://www.twse.com.tw/rwd/zh/TAIEX/MI_5MINS_HIST?date=20241001&response=json,2024-10-29 14:00 Asia/Taipei,premarket trade_date may only use row.date < trade_date
2024-10-30,TAIEX,加權指數,22985.13,23116.33,22801.45,22820.43,,,TWSE MI_5MINS_HIST,https://www.twse.com.tw/rwd/zh/TAIEX/MI_5MINS_HIST?date=20241001&response=json,2024-10-30 14:00 Asia/Taipei,premarket trade_date may only use row.date < trade_date
2024-11-01,TAIEX,加權指數,22438.93,22828.98,22231.94,22780.08,,,TWSE MI_5MINS_HIST,https://www.twse.com.tw/rwd/zh/TAIEX/MI_5MINS_HIST?date=20241101&response=json,2024-11-01 14:00 Asia/Taipei,premarket trade_date may only use row.date < trade_date
2024-11-04,TAIEX,加權指數,22839.18,23020.99,22792.77,22965.39,,,TWSE MI_5MINS_HIST,https://www.twse.com.tw/rwd/zh/TAIEX/MI_5MINS_HIST?date=20241101&response=json,2024-11-04 14:00 Asia/Taipei,premarket trade_date may only use row.date < trade_date
2024-11-05,TAIEX,加權指數,22870.11,23178.8,22849.83,23106.79,,,TWSE MI_5MINS_HIST,https://www.twse.com.tw/rwd/zh/TAIEX/MI_5MINS_HIST?date=20241101&response=json,2024-11-05 14:00 Asia/Taipei,premarket trade_date may only use row.date < trade_date
2024-11-06,TAIEX,加權指數,23112.95,23439.39,23035.3,23217.38,,,TWSE MI_5MINS_HIST,https://www.twse.com.tw/rwd/zh/TAIEX/MI_5MINS_HIST?date=20241101&response=json,2024-11-06 14:00 Asia/Taipei,premarket trade_date may only use row.date < trade_date
2024-11-07,TAIEX,加權指數,23180.01,23518.63,23132.94,23408.82,,,TWSE MI_5MINS_HIST,https://www.twse.com.tw/rwd/zh/TAIEX/MI_5MINS_HIST?date=20241101&response=json,2024-11-07 14:00 Asia/Taipei,premarket trade_date may only use row.date < trade_date
2024-11-08,TAIEX,加權指數,23608.11,23699.7,23509.13,23553.89,,,TWSE MI_5MINS_HIST,https://www.twse.com.tw/rwd/zh/TAIEX/MI_5MINS_HIST?date=20241101&response=json,2024-11-08 14:00 Asia/Taipei,premarket trade_date may only use row.date < trade_date
2024-11-11,TAIEX,加權指數,23477.75,23563.8,23306.66,23529.64,,,TWSE MI_5MINS_HIST,https://www.twse.com.tw/rwd/zh/TAIEX/MI_5MINS_HIST?date=20241101&response=json,2024-11-11 14:00 Asia/Taipei,premarket trade_date may only use row.date < trade_date
2024-11-12,TAIEX,加權指數,23276.76,23276.76,22981.77,22981.77,,,TWSE MI_5MINS_HIST,https://www.twse.com.tw/rwd/zh/TAIEX/MI_5MINS_HIST?date=20241101&response=json,2024-11-12 14:00 Asia/Taipei,premarket trade_date may only use row.date < trade_date
2024-11-13,TAIEX,加權指數,22894.91,23046.47,22860.23,22860.23,,,TWSE MI_5MINS_HIST,https://www.twse.com.tw/rwd/zh/TAIEX/MI_5MINS_HIST?date=20241101&response=json,2024-11-13 14:00 Asia/Taipei,premarket trade_date may only use row.date < trade_date
2024-11-14,TAIEX,加權指數,22821.04,22893.82,22619.71,22715.38,,,TWSE MI_5MINS_HIST,https://www.twse.com.tw/rwd/zh/TAIEX/MI_5MINS_HIST?date=20241101&response=json,2024-11-14 14:00 Asia/Taipei,premarket trade_date may only use row.date < trade_date
2024-11-15,TAIEX,加權指數,22767.11,22940.8,22690.77,22742.77,,,TWSE MI_5MINS_HIST,https://www.twse.com.tw/rwd/zh/TAIEX/MI_5MINS_HIST?date=20241101&response=json,2024-11-15 14:00 Asia/Taipei,premarket trade_date may only use row.date < trade_date
2024-11-18,TAIEX,加權指數,22693.96,22781.77,22503.69,22546.54,,,TWSE MI_5MINS_HIST,https://www.twse.com.tw/rwd/zh/TAIEX/MI_5MINS_HIST?date=20241101&response=json,2024-11-18 14:00 Asia/Taipei,premarket trade_date may only use row.date < trade_date
2024-11-19,TAIEX,加權指數,22614.74,22906.69,22578.75,22848.8,,,TWSE MI_5MINS_HIST,https://www.twse.com.tw/rwd/zh/TAIEX/MI_5MINS_HIST?date=20241101&response=json,2024-11-19 14:00 Asia/Taipei,premarket trade_date may only use row.date < trade_date
2024-11-20,TAIEX,加權指數,22872.91,22977.56,22622.47,22688.36,,,TWSE MI_5MINS_HIST,https://www.twse.com.tw/rwd/zh/TAIEX/MI_5MINS_HIST?date=20241101&response=json,2024-11-20 14:00 Asia/Taipei,premarket trade_date may only use row.date < trade_date
2024-11-21,TAIEX,加權指數,22671.66,22708.57,22490.28,22555.66,,,TWSE MI_5MINS_HIST,https://www.twse.com.tw/rwd/zh/TAIEX/MI_5MINS_HIST?date=20241101&response=json,2024-11-21 14:00 Asia/Taipei,premarket trade_date may only use row.date < trade_date
2024-11-22,TAIEX,加權指數,22799.53,23019.04,22799.53,22904.32,,,TWSE MI_5MINS_HIST,https://www.twse.com.tw/rwd/zh/TAIEX/MI_5MINS_HIST?date=20241101&response=json,2024-11-22 14:00 Asia/Taipei,premarket trade_date may only use row.date < trade_date
2024-11-25,TAIEX,加權指數,22996.05,23172.43,22948.37,22948.37,,,TWSE MI_5MINS_HIST,https://www.twse.com.tw/rwd/zh/TAIEX/MI_5MINS_HIST?date=20241101&response=json,2024-11-25 14:00 Asia/Taipei,premarket trade_date may only use row.date < trade_date
2024-11-26,TAIEX,加權指數,22789.6,22832.11,22645.13,22678.76,,,TWSE MI_5MINS_HIST,https://www.twse.com.tw/rwd/zh/TAIEX/MI_5MINS_HIST?date=20241101&response=json,2024-11-26 14:00 Asia/Taipei,premarket trade_date may only use row.date < trade_date
2024-11-27,TAIEX,加權指數,22665.58,22743.99,22334.78,22334.78,,,TWSE MI_5MINS_HIST,https://www.twse.com.tw/rwd/zh/TAIEX/MI_5MINS_HIST?date=20241101&response=json,2024-11-27 14:00 Asia/Taipei,premarket trade_date may only use row.date < trade_date
2024-11-28,TAIEX,加權指數,22380.45,22413.25,22124.31,22298.9,,,TWSE MI_5MINS_HIST,https://www.twse.com.tw/rwd/zh/TAIEX/MI_5MINS_HIST?date=20241101&response=json,2024-11-28 14:00 Asia/Taipei,premarket trade_date may only use row.date < trade_date
2024-11-29,TAIEX,加權指數,22202.28,22429.86,22055.38,22262.5,,,TWSE MI_5MINS_HIST,https://www.twse.com.tw/rwd/zh/TAIEX/MI_5MINS_HIST?date=20241101&response=json,2024-11-29 14:00 Asia/Taipei,premarket trade_date may only use row.date < trade_date
2024-12-02,TAIEX,加權指數,22456.5,22802.53,22456.5,22736.93,,,TWSE MI_5MINS_HIST,https://www.twse.com.tw/rwd/zh/TAIEX/MI_5MINS_HIST?date=20241201&response=json,2024-12-02 14:00 Asia/Taipei,premarket trade_date may only use row.date < trade_date
2024-12-03,TAIEX,加權指數,22972.3,23144.78,22972.3,23027.46,,,TWSE MI_5MINS_HIST,https://www.twse.com.tw/rwd/zh/TAIEX/MI_5MINS_HIST?date=20241201&response=json,2024-12-03 14:00 Asia/Taipei,premarket trade_date may only use row.date < trade_date
2024-12-04,TAIEX,加權指數,23126.08,23255.33,23034.7,23255.33,,,TWSE MI_5MINS_HIST,https://www.twse.com.tw/rwd/zh/TAIEX/MI_5MINS_HIST?date=20241201&response=json,2024-12-04 14:00 Asia/Taipei,premarket trade_date may only use row.date < trade_date
2024-12-05,TAIEX,加權指數,23308.29,23387.17,23225.31,23267.94,,,TWSE MI_5MINS_HIST,https://www.twse.com.tw/rwd/zh/TAIEX/MI_5MINS_HIST?date=20241201&response=json,2024-12-05 14:00 Asia/Taipei,premarket trade_date may only use row.date < trade_date
2024-12-06,TAIEX,加權指數,23278.68,23361.12,23137.62,23193.27,,,TWSE MI_5MINS_HIST,https://www.twse.com.tw/rwd/zh/TAIEX/MI_5MINS_HIST?date=20241201&response=json,2024-12-06 14:00 Asia/Taipei,premarket trade_date may only use row.date < trade_date
2024-12-09,TAIEX,加權指數,23287.79,23325.99,23172.22,23273.25,,,TWSE MI_5MINS_HIST,https://www.twse.com.tw/rwd/zh/TAIEX/MI_5MINS_HIST?date=20241201&response=json,2024-12-09 14:00 Asia/Taipei,premarket trade_date may only use row.date < trade_date
2024-12-10,TAIEX,加權指數,23228.26,23329.01,23071.43,23125.08,,,TWSE MI_5MINS_HIST,https://www.twse.com.tw/rwd/zh/TAIEX/MI_5MINS_HIST?date=20241201&response=json,2024-12-10 14:00 Asia/Taipei,premarket trade_date may only use row.date < trade_date
2024-12-11,TAIEX,加權指數,23108.36,23108.36,22880.57,22903.63,,,TWSE MI_5MINS_HIST,https://www.twse.com.tw/rwd/zh/TAIEX/MI_5MINS_HIST?date=20241201&response=json,2024-12-11 14:00 Asia/Taipei,premarket trade_date may only use row.date < trade_date
2024-12-12,TAIEX,加權指數,23050.64,23189.29,23030.48,23046.8,,,TWSE MI_5MINS_HIST,https://www.twse.com.tw/rwd/zh/TAIEX/MI_5MINS_HIST?date=20241201&response=json,2024-12-12 14:00 Asia/Taipei,premarket trade_date may only use row.date < trade_date
2024-12-13,TAIEX,加權指數,23002.37,23097.52,22920.84,23020.48,,,TWSE MI_5MINS_HIST,https://www.twse.com.tw/rwd/zh/TAIEX/MI_5MINS_HIST?date=20241201&response=json,2024-12-13 14:00 Asia/Taipei,premarket trade_date may only use row.date < trade_date
2024-12-16,TAIEX,加權指數,23207.21,23264.4,22959.91,23039.9,,,TWSE MI_5MINS_HIST,https://www.twse.com.tw/rwd/zh/TAIEX/MI_5MINS_HIST?date=20241201&response=json,2024-12-16 14:00 Asia/Taipei,premarket trade_date may only use row.date < trade_date
2024-12-17,TAIEX,加權指數,23131.57,23223.51,23018.01,23018.01,,,TWSE MI_5MINS_HIST,https://www.twse.com.tw/rwd/zh/TAIEX/MI_5MINS_HIST?date=20241201&response=json,2024-12-17 14:00 Asia/Taipei,premarket trade_date may only use row.date < trade_date
2024-12-18,TAIEX,加權指數,23014.43,23211.17,22934.59,23168.67,,,TWSE MI_5MINS_HIST,https://www.twse.com.tw/rwd/zh/TAIEX/MI_5MINS_HIST?date=20241201&response=json,2024-12-18 14:00 Asia/Taipei,premarket trade_date may only use row.date < trade_date
2024-12-19,TAIEX,加權指數,22947.56,22947.56,22743.3,22932.25,,,TWSE MI_5MINS_HIST,https://www.twse.com.tw/rwd/zh/TAIEX/MI_5MINS_HIST?date=20241201&response=json,2024-12-19 14:00 Asia/Taipei,premarket trade_date may only use row.date < trade_date
2024-12-20,TAIEX,加權指數,22798.39,22845.59,22510.25,22510.25,,,TWSE MI_5MINS_HIST,https://www.twse.com.tw/rwd/zh/TAIEX/MI_5MINS_HIST?date=20241201&response=json,2024-12-20 14:00 Asia/Taipei,premarket trade_date may only use row.date < trade_date
2024-12-23,TAIEX,加權指數,22811.56,23132.25,22811.56,23104.54,,,TWSE MI_5MINS_HIST,https://www.twse.com.tw/rwd/zh/TAIEX/MI_5MINS_HIST?date=20241201&response=json,2024-12-23 14:00 Asia/Taipei,premarket trade_date may only use row.date < trade_date
2024-12-24,TAIEX,加權指數,23260.74,23326.25,23120.24,23120.24,,,TWSE MI_5MINS_HIST,https://www.twse.com.tw/rwd/zh/TAIEX/MI_5MINS_HIST?date=20241201&response=json,2024-12-24 14:00 Asia/Taipei,premarket trade_date may only use row.date < trade_date
2024-12-25,TAIEX,加權指數,23226.35,23296.36,23159.36,23220.13,,,TWSE MI_5MINS_HIST,https://www.twse.com.tw/rwd/zh/TAIEX/MI_5MINS_HIST?date=20241201&response=json,2024-12-25 14:00 Asia/Taipei,premarket trade_date may only use row.date < trade_date
2024-12-26,TAIEX,加權指數,23276.08,23320.62,23241.94,23246.94,,,TWSE MI_5MINS_HIST,https://www.twse.com.tw/rwd/zh/TAIEX/MI_5MINS_HIST?date=20241201&response=json,2024-12-26 14:00 Asia/Taipei,premarket trade_date may only use row.date < trade_date
2024-12-27,TAIEX,加權指數,23251.28,23335.66,23204.35,23275.68,,,TWSE MI_5MINS_HIST,https://www.twse.com.tw/rwd/zh/TAIEX/MI_5MINS_HIST?date=20241201&response=json,2024-12-27 14:00 Asia/Taipei,premarket trade_date may only use row.date < trade_date
2024-12-30,TAIEX,加權指數,23274.26,23331.67,23159.7,23190.2,,,TWSE MI_5MINS_HIST,https://www.twse.com.tw/rwd/zh/TAIEX/MI_5MINS_HIST?date=20241201&response=json,2024-12-30 14:00 Asia/Taipei,premarket trade_date may only use row.date < trade_date
2024-12-31,TAIEX,加權指數,23094.07,23123.96,22972.99,23035.1,,,TWSE MI_5MINS_HIST,https://www.twse.com.tw/rwd/zh/TAIEX/MI_5MINS_HIST?date=20241201&response=json,2024-12-31 14:00 Asia/Taipei,premarket trade_date may only use row.date < trade_date
2025-01-02,TAIEX,加權指數,22975.71,23038.08,22713.63,22832.06,,,TWSE MI_5MINS_HIST,https://www.twse.com.tw/rwd/zh/TAIEX/MI_5MINS_HIST?date=20250101&response=json,2025-01-02 14:00 Asia/Taipei,premarket trade_date may only use row.date < trade_date
2025-01-03,TAIEX,加權指數,23018.56,23092.07,22905.4,22908.3,,,TWSE MI_5MINS_HIST,https://www.twse.com.tw/rwd/zh/TAIEX/MI_5MINS_HIST?date=20250101&response=json,2025-01-03 14:00 Asia/Taipei,premarket trade_date may only use row.date < trade_date
2025-01-06,TAIEX,加權指數,23131.79,23553.29,23131.79,23547.71,,,TWSE MI_5MINS_HIST,https://www.twse.com.tw/rwd/zh/TAIEX/MI_5MINS_HIST?date=20250101&response=json,2025-01-06 14:00 Asia/Taipei,premarket trade_date may only use row.date < trade_date
2025-01-07,TAIEX,加權指數,23824.72,23943.95,23651.27,23651.27,,,TWSE MI_5MINS_HIST,https://www.twse.com.tw/rwd/zh/TAIEX/MI_5MINS_HIST?date=20250101&response=json,2025-01-07 14:00 Asia/Taipei,premarket trade_date may only use row.date < trade_date
2025-01-08,TAIEX,加權指數,23522.29,23671.28,23388.63,23407.33,,,TWSE MI_5MINS_HIST,https://www.twse.com.tw/rwd/zh/TAIEX/MI_5MINS_HIST?date=20250101&response=json,2025-01-08 14:00 Asia/Taipei,premarket trade_date may only use row.date < trade_date
2025-01-09,TAIEX,加權指數,23406.72,23463.96,23081.13,23081.13,,,TWSE MI_5MINS_HIST,https://www.twse.com.tw/rwd/zh/TAIEX/MI_5MINS_HIST?date=20250101&response=json,2025-01-09 14:00 Asia/Taipei,premarket trade_date may only use row.date < trade_date
2025-01-10,TAIEX,加權指數,23067.46,23202.25,22989.67,23011.86,,,TWSE MI_5MINS_HIST,https://www.twse.com.tw/rwd/zh/TAIEX/MI_5MINS_HIST?date=20250101&response=json,2025-01-10 14:00 Asia/Taipei,premarket trade_date may only use row.date < trade_date
2025-01-13,TAIEX,加權指數,23070.32,23070.32,22458.22,22488.33,,,TWSE MI_5MINS_HIST,https://www.twse.com.tw/rwd/zh/TAIEX/MI_5MINS_HIST?date=20250101&response=json,2025-01-13 14:00 Asia/Taipei,premarket trade_date may only use row.date < trade_date
2025-01-14,TAIEX,加權指數,22573.96,22797.52,22542.93,22797.52,,,TWSE MI_5MINS_HIST,https://www.twse.com.tw/rwd/zh/TAIEX/MI_5MINS_HIST?date=20250101&response=json,2025-01-14 14:00 Asia/Taipei,premarket trade_date may only use row.date < trade_date
2025-01-15,TAIEX,加權指數,22757.46,22777.34,22509.65,22514.57,,,TWSE MI_5MINS_HIST,https://www.twse.com.tw/rwd/zh/TAIEX/MI_5MINS_HIST?date=20250101&response=json,2025-01-15 14:00 Asia/Taipei,premarket trade_date may only use row.date < trade_date
2025-01-16,TAIEX,加權指數,22817.52,23147.69,22817.52,23025.1,,,TWSE MI_5MINS_HIST,https://www.twse.com.tw/rwd/zh/TAIEX/MI_5MINS_HIST?date=20250101&response=json,2025-01-16 14:00 Asia/Taipei,premarket trade_date may only use row.date < trade_date
2025-01-17,TAIEX,加權指數,23190.12,23209.88,22905.53,23148.08,,,TWSE MI_5MINS_HIST,https://www.twse.com.tw/rwd/zh/TAIEX/MI_5MINS_HIST?date=20250101&response=json,2025-01-17 14:00 Asia/Taipei,premarket trade_date may only use row.date < trade_date
2025-01-20,TAIEX,加權指數,23203.47,23346.64,23176.43,23266.82,,,TWSE MI_5MINS_HIST,https://www.twse.com.tw/rwd/zh/TAIEX/MI_5MINS_HIST?date=20250101&response=json,2025-01-20 14:00 Asia/Taipei,premarket trade_date may only use row.date < trade_date
2025-01-21,TAIEX,加權指數,23266.49,23377.64,23174.02,23300.01,,,TWSE MI_5MINS_HIST,https://www.twse.com.tw/rwd/zh/TAIEX/MI_5MINS_HIST?date=20250101&response=json,2025-01-21 14:00 Asia/Taipei,premarket trade_date may only use row.date < trade_date
2025-01-22,TAIEX,加權指數,23472.67,23642.08,23472.67,23525.41,,,TWSE MI_5MINS_HIST,https://www.twse.com.tw/rwd/zh/TAIEX/MI_5MINS_HIST?date=20250101&response=json,2025-01-22 14:00 Asia/Taipei,premarket trade_date may only use row.date < trade_date
2025-02-03,TAIEX,加權指數,22796.71,22796.71,22502.2,22694.71,,,TWSE MI_5MINS_HIST,https://www.twse.com.tw/rwd/zh/TAIEX/MI_5MINS_HIST?date=20250201&response=json,2025-02-03 14:00 Asia/Taipei,premarket trade_date may only use row.date < trade_date
2025-02-04,TAIEX,加權指數,22836.27,22934.31,22720.62,22793.96,,,TWSE MI_5MINS_HIST,https://www.twse.com.tw/rwd/zh/TAIEX/MI_5MINS_HIST?date=20250201&response=json,2025-02-04 14:00 Asia/Taipei,premarket trade_date may only use row.date < trade_date
2025-02-05,TAIEX,加權指數,22916.38,23249.33,22916.38,23161.58,,,TWSE MI_5MINS_HIST,https://www.twse.com.tw/rwd/zh/TAIEX/MI_5MINS_HIST?date=20250201&response=json,2025-02-05 14:00 Asia/Taipei,premarket trade_date may only use row.date < trade_date
2025-02-06,TAIEX,加權指數,23226.5,23348.42,23216.65,23316.6,,,TWSE MI_5MINS_HIST,https://www.twse.com.tw/rwd/zh/TAIEX/MI_5MINS_HIST?date=20250201&response=json,2025-02-06 14:00 Asia/Taipei,premarket trade_date may only use row.date < trade_date
2025-02-07,TAIEX,加權指數,23289.97,23478.27,23254.17,23478.27,,,TWSE MI_5MINS_HIST,https://www.twse.com.tw/rwd/zh/TAIEX/MI_5MINS_HIST?date=20250201&response=json,2025-02-07 14:00 Asia/Taipei,premarket trade_date may only use row.date < trade_date
2025-02-10,TAIEX,加權指數,23421.77,23448.16,23163.85,23252.14,,,TWSE MI_5MINS_HIST,https://www.twse.com.tw/rwd/zh/TAIEX/MI_5MINS_HIST?date=20250201&response=json,2025-02-10 14:00 Asia/Taipei,premarket trade_date may only use row.date < trade_date
2025-02-11,TAIEX,加權指數,23321.92,23485.51,23289.76,23384.05,,,TWSE MI_5MINS_HIST,https://www.twse.com.tw/rwd/zh/TAIEX/MI_5MINS_HIST?date=20250201&response=json,2025-02-11 14:00 Asia/Taipei,premarket trade_date may only use row.date < trade_date
2025-02-12,TAIEX,加權指數,23449.31,23528.61,23289.75,23289.75,,,TWSE MI_5MINS_HIST,https://www.twse.com.tw/rwd/zh/TAIEX/MI_5MINS_HIST?date=20250201&response=json,2025-02-12 14:00 Asia/Taipei,premarket trade_date may only use row.date < trade_date
2025-02-13,TAIEX,加權指數,23263.28,23413.1,23206.45,23399.41,,,TWSE MI_5MINS_HIST,https://www.twse.com.tw/rwd/zh/TAIEX/MI_5MINS_HIST?date=20250201&response=json,2025-02-13 14:00 Asia/Taipei,premarket trade_date may only use row.date < trade_date
2025-02-14,TAIEX,加權指數,23198.39,23276.24,23142.95,23152.61,,,TWSE MI_5MINS_HIST,https://www.twse.com.tw/rwd/zh/TAIEX/MI_5MINS_HIST?date=20250201&response=json,2025-02-14 14:00 Asia/Taipei,premarket trade_date may only use row.date < trade_date
2025-02-17,TAIEX,加權指數,23258.17,23510.68,23242.84,23505.33,,,TWSE MI_5MINS_HIST,https://www.twse.com.tw/rwd/zh/TAIEX/MI_5MINS_HIST?date=20250201&response=json,2025-02-17 14:00 Asia/Taipei,premarket trade_date may only use row.date < trade_date
2025-02-18,TAIEX,加權指數,23550.5,23666.11,23454.09,23666.11,,,TWSE MI_5MINS_HIST,https://www.twse.com.tw/rwd/zh/TAIEX/MI_5MINS_HIST?date=20250201&response=json,2025-02-18 14:00 Asia/Taipei,premarket trade_date may only use row.date < trade_date
2025-02-19,TAIEX,加權指數,23589.44,23683.46,23550.99,23604.08,,,TWSE MI_5MINS_HIST,https://www.twse.com.tw/rwd/zh/TAIEX/MI_5MINS_HIST?date=20250201&response=json,2025-02-19 14:00 Asia/Taipei,premarket trade_date may only use row.date < trade_date
2025-02-20,TAIEX,加權指數,23530.97,23576.71,23400.75,23487.46,,,TWSE MI_5MINS_HIST,https://www.twse.com.tw/rwd/zh/TAIEX/MI_5MINS_HIST?date=20250201&response=json,2025-02-20 14:00 Asia/Taipei,premarket trade_date may only use row.date < trade_date
2025-02-21,TAIEX,加權指數,23526.13,23732.58,23488.42,23730.25,,,TWSE MI_5MINS_HIST,https://www.twse.com.tw/rwd/zh/TAIEX/MI_5MINS_HIST?date=20250201&response=json,2025-02-21 14:00 Asia/Taipei,premarket trade_date may only use row.date < trade_date
2025-02-24,TAIEX,加權指數,23573.8,23605.22,23461.43,23565.31,,,TWSE MI_5MINS_HIST,https://www.twse.com.tw/rwd/zh/TAIEX/MI_5MINS_HIST?date=20250201&response=json,2025-02-24 14:00 Asia/Taipei,premarket trade_date may only use row.date < trade_date
2025-02-25,TAIEX,加權指數,23376.42,23376.42,23209.53,23285.72,,,TWSE MI_5MINS_HIST,https://www.twse.com.tw/rwd/zh/TAIEX/MI_5MINS_HIST?date=20250201&response=json,2025-02-25 14:00 Asia/Taipei,premarket trade_date may only use row.date < trade_date
2025-02-26,TAIEX,加權指數,23221.84,23431.24,23156.02,23402.55,,,TWSE MI_5MINS_HIST,https://www.twse.com.tw/rwd/zh/TAIEX/MI_5MINS_HIST?date=20250201&response=json,2025-02-26 14:00 Asia/Taipei,premarket trade_date may only use row.date < trade_date
2025-02-27,TAIEX,加權指數,23446.46,23487.73,23053.18,23053.18,,,TWSE MI_5MINS_HIST,https://www.twse.com.tw/rwd/zh/TAIEX/MI_5MINS_HIST?date=20250201&response=json,2025-02-27 14:00 Asia/Taipei,premarket trade_date may only use row.date < trade_date
2025-03-03,TAIEX,加權指數,22734.05,22775.02,22611.1,22756.25,,,TWSE MI_5MINS_HIST,https://www.twse.com.tw/rwd/zh/TAIEX/MI_5MINS_HIST?date=20250301&response=json,2025-03-03 14:00 Asia/Taipei,premarket trade_date may only use row.date < trade_date
2025-03-04,TAIEX,加權指數,22508.8,22700.94,22359.5,22596.88,,,TWSE MI_5MINS_HIST,https://www.twse.com.tw/rwd/zh/TAIEX/MI_5MINS_HIST?date=20250301&response=json,2025-03-04 14:00 Asia/Taipei,premarket trade_date may only use row.date < trade_date
2025-03-05,TAIEX,加權指數,22778.86,22948.3,22757.22,22871.9,,,TWSE MI_5MINS_HIST,https://www.twse.com.tw/rwd/zh/TAIEX/MI_5MINS_HIST?date=20250301&response=json,2025-03-05 14:00 Asia/Taipei,premarket trade_date may only use row.date < trade_date
2025-03-06,TAIEX,加權指數,22930.11,22979.97,22715.43,22715.43,,,TWSE MI_5MINS_HIST,https://www.twse.com.tw/rwd/zh/TAIEX/MI_5MINS_HIST?date=20250301&response=json,2025-03-06 14:00 Asia/Taipei,premarket trade_date may only use row.date < trade_date
2025-03-07,TAIEX,加權指數,22696.23,22747.11,22542.08,22576.07,,,TWSE MI_5MINS_HIST,https://www.twse.com.tw/rwd/zh/TAIEX/MI_5MINS_HIST?date=20250301&response=json,2025-03-07 14:00 Asia/Taipei,premarket trade_date may only use row.date < trade_date
2025-03-10,TAIEX,加權指數,22548.98,22641.25,22407.57,22459.15,,,TWSE MI_5MINS_HIST,https://www.twse.com.tw/rwd/zh/TAIEX/MI_5MINS_HIST?date=20250301&response=json,2025-03-10 14:00 Asia/Taipei,premarket trade_date may only use row.date < trade_date
2025-03-11,TAIEX,加權指數,22126.06,22140.39,21769.57,22071.09,,,TWSE MI_5MINS_HIST,https://www.twse.com.tw/rwd/zh/TAIEX/MI_5MINS_HIST?date=20250301&response=json,2025-03-11 14:00 Asia/Taipei,premarket trade_date may only use row.date < trade_date
2025-03-12,TAIEX,加權指數,22171.1,22391.47,22153.61,22278.36,,,TWSE MI_5MINS_HIST,https://www.twse.com.tw/rwd/zh/TAIEX/MI_5MINS_HIST?date=20250301&response=json,2025-03-12 14:00 Asia/Taipei,premarket trade_date may only use row.date < trade_date
2025-03-13,TAIEX,加權指數,22403.34,22552.43,21961.68,21961.68,,,TWSE MI_5MINS_HIST,https://www.twse.com.tw/rwd/zh/TAIEX/MI_5MINS_HIST?date=20250301&response=json,2025-03-13 14:00 Asia/Taipei,premarket trade_date may only use row.date < trade_date
2025-03-14,TAIEX,加權指數,21986.81,22074.03,21895.9,21968.05,,,TWSE MI_5MINS_HIST,https://www.twse.com.tw/rwd/zh/TAIEX/MI_5MINS_HIST?date=20250301&response=json,2025-03-14 14:00 Asia/Taipei,premarket trade_date may only use row.date < trade_date
2025-03-17,TAIEX,加權指數,22137.53,22306.83,22110.08,22118.63,,,TWSE MI_5MINS_HIST,https://www.twse.com.tw/rwd/zh/TAIEX/MI_5MINS_HIST?date=20250301&response=json,2025-03-17 14:00 Asia/Taipei,premarket trade_date may only use row.date < trade_date
2025-03-18,TAIEX,加權指數,22204.62,22327.1,22186.42,22271.67,,,TWSE MI_5MINS_HIST,https://www.twse.com.tw/rwd/zh/TAIEX/MI_5MINS_HIST?date=20250301&response=json,2025-03-18 14:00 Asia/Taipei,premarket trade_date may only use row.date < trade_date
2025-03-19,TAIEX,加權指數,22245.42,22247.66,21942.69,21960.83,,,TWSE MI_5MINS_HIST,https://www.twse.com.tw/rwd/zh/TAIEX/MI_5MINS_HIST?date=20250301&response=json,2025-03-19 14:00 Asia/Taipei,premarket trade_date may only use row.date < trade_date
2025-03-20,TAIEX,加權指數,22171.0,22377.26,22171.0,22377.26,,,TWSE MI_5MINS_HIST,https://www.twse.com.tw/rwd/zh/TAIEX/MI_5MINS_HIST?date=20250301&response=json,2025-03-20 14:00 Asia/Taipei,premarket trade_date may only use row.date < trade_date
2025-03-21,TAIEX,加權指數,22362.38,22366.95,22200.23,22209.1,,,TWSE MI_5MINS_HIST,https://www.twse.com.tw/rwd/zh/TAIEX/MI_5MINS_HIST?date=20250301&response=json,2025-03-21 14:00 Asia/Taipei,premarket trade_date may only use row.date < trade_date
2025-03-24,TAIEX,加權指數,22348.38,22380.73,22106.64,22106.64,,,TWSE MI_5MINS_HIST,https://www.twse.com.tw/rwd/zh/TAIEX/MI_5MINS_HIST?date=20250301&response=json,2025-03-24 14:00 Asia/Taipei,premarket trade_date may only use row.date < trade_date
2025-03-25,TAIEX,加權指數,22269.37,22414.02,22228.68,22273.19,,,TWSE MI_5MINS_HIST,https://www.twse.com.tw/rwd/zh/TAIEX/MI_5MINS_HIST?date=20250301&response=json,2025-03-25 14:00 Asia/Taipei,premarket trade_date may only use row.date < trade_date
2025-03-26,TAIEX,加權指數,22327.61,22398.12,22235.89,22260.29,,,TWSE MI_5MINS_HIST,https://www.twse.com.tw/rwd/zh/TAIEX/MI_5MINS_HIST?date=20250301&response=json,2025-03-26 14:00 Asia/Taipei,premarket trade_date may only use row.date < trade_date
2025-03-27,TAIEX,加權指數,22093.2,22093.2,21919.4,21951.76,,,TWSE MI_5MINS_HIST,https://www.twse.com.tw/rwd/zh/TAIEX/MI_5MINS_HIST?date=20250301&response=json,2025-03-27 14:00 Asia/Taipei,premarket trade_date may only use row.date < trade_date
2025-03-28,TAIEX,加權指數,21836.16,21836.16,21525.05,21602.89,,,TWSE MI_5MINS_HIST,https://www.twse.com.tw/rwd/zh/TAIEX/MI_5MINS_HIST?date=20250301&response=json,2025-03-28 14:00 Asia/Taipei,premarket trade_date may only use row.date < trade_date
2025-03-31,TAIEX,加權指數,21254.63,21254.63,20695.9,20695.9,,,TWSE MI_5MINS_HIST,https://www.twse.com.tw/rwd/zh/TAIEX/MI_5MINS_HIST?date=20250301&response=json,2025-03-31 14:00 Asia/Taipei,premarket trade_date may only use row.date < trade_date
2025-04-01,TAIEX,加權指數,20884.53,21315.52,20884.53,21280.17,,,TWSE MI_5MINS_HIST,https://www.twse.com.tw/rwd/zh/TAIEX/MI_5MINS_HIST?date=20250401&response=json,2025-04-01 14:00 Asia/Taipei,premarket trade_date may only use row.date < trade_date
2025-04-02,TAIEX,加權指數,21313.77,21390.52,21235.99,21298.22,,,TWSE MI_5MINS_HIST,https://www.twse.com.tw/rwd/zh/TAIEX/MI_5MINS_HIST?date=20250401&response=json,2025-04-02 14:00 Asia/Taipei,premarket trade_date may only use row.date < trade_date
2025-04-07,TAIEX,加權指數,20153.57,20153.57,19212.02,19232.35,,,TWSE MI_5MINS_HIST,https://www.twse.com.tw/rwd/zh/TAIEX/MI_5MINS_HIST?date=20250401&response=json,2025-04-07 14:00 Asia/Taipei,premarket trade_date may only use row.date < trade_date
2025-04-08,TAIEX,加權指數,19064.47,19064.47,18180.48,18459.95,,,TWSE MI_5MINS_HIST,https://www.twse.com.tw/rwd/zh/TAIEX/MI_5MINS_HIST?date=20250401&response=json,2025-04-08 14:00 Asia/Taipei,premarket trade_date may only use row.date < trade_date
2025-04-09,TAIEX,加權指數,18337.44,18371.52,17306.97,17391.76,,,TWSE MI_5MINS_HIST,https://www.twse.com.tw/rwd/zh/TAIEX/MI_5MINS_HIST?date=20250401&response=json,2025-04-09 14:00 Asia/Taipei,premarket trade_date may only use row.date < trade_date
2025-04-10,TAIEX,加權指數,18256.47,19024.47,18256.47,19000.03,,,TWSE MI_5MINS_HIST,https://www.twse.com.tw/rwd/zh/TAIEX/MI_5MINS_HIST?date=20250401&response=json,2025-04-10 14:00 Asia/Taipei,premarket trade_date may only use row.date < trade_date
2025-04-11,TAIEX,加權指數,18772.5,19528.77,18418.2,19528.77,,,TWSE MI_5MINS_HIST,https://www.twse.com.tw/rwd/zh/TAIEX/MI_5MINS_HIST?date=20250401&response=json,2025-04-11 14:00 Asia/Taipei,premarket trade_date may only use row.date < trade_date
2025-04-14,TAIEX,加權指數,19686.68,20023.63,19508.93,19513.09,,,TWSE MI_5MINS_HIST,https://www.twse.com.tw/rwd/zh/TAIEX/MI_5MINS_HIST?date=20250401&response=json,2025-04-14 14:00 Asia/Taipei,premarket trade_date may only use row.date < trade_date
2025-04-15,TAIEX,加權指數,19609.9,19895.43,19576.15,19857.67,,,TWSE MI_5MINS_HIST,https://www.twse.com.tw/rwd/zh/TAIEX/MI_5MINS_HIST?date=20250401&response=json,2025-04-15 14:00 Asia/Taipei,premarket trade_date may only use row.date < trade_date
2025-04-16,TAIEX,加權指數,19737.09,19737.09,19453.14,19468.0,,,TWSE MI_5MINS_HIST,https://www.twse.com.tw/rwd/zh/TAIEX/MI_5MINS_HIST?date=20250401&response=json,2025-04-16 14:00 Asia/Taipei,premarket trade_date may only use row.date < trade_date
2025-04-17,TAIEX,加權指數,19389.52,19478.0,19196.47,19338.73,,,TWSE MI_5MINS_HIST,https://www.twse.com.tw/rwd/zh/TAIEX/MI_5MINS_HIST?date=20250401&response=json,2025-04-17 14:00 Asia/Taipei,premarket trade_date may only use row.date < trade_date
2025-04-18,TAIEX,加權指數,19423.98,19499.28,19376.35,19395.03,,,TWSE MI_5MINS_HIST,https://www.twse.com.tw/rwd/zh/TAIEX/MI_5MINS_HIST?date=20250401&response=json,2025-04-18 14:00 Asia/Taipei,premarket trade_date may only use row.date < trade_date
2025-04-21,TAIEX,加權指數,19321.14,19359.96,19080.6,19106.2,,,TWSE MI_5MINS_HIST,https://www.twse.com.tw/rwd/zh/TAIEX/MI_5MINS_HIST?date=20250401&response=json,2025-04-21 14:00 Asia/Taipei,premarket trade_date may only use row.date < trade_date
2025-04-22,TAIEX,加權指數,18990.86,19059.65,18793.43,18793.43,,,TWSE MI_5MINS_HIST,https://www.twse.com.tw/rwd/zh/TAIEX/MI_5MINS_HIST?date=20250401&response=json,2025-04-22 14:00 Asia/Taipei,premarket trade_date may only use row.date < trade_date
2025-04-23,TAIEX,加權指數,19163.61,19639.14,19163.61,19639.14,,,TWSE MI_5MINS_HIST,https://www.twse.com.tw/rwd/zh/TAIEX/MI_5MINS_HIST?date=20250401&response=json,2025-04-23 14:00 Asia/Taipei,premarket trade_date may only use row.date < trade_date
2025-04-24,TAIEX,加權指數,19752.59,19752.59,19433.37,19478.81,,,TWSE MI_5MINS_HIST,https://www.twse.com.tw/rwd/zh/TAIEX/MI_5MINS_HIST?date=20250401&response=json,2025-04-24 14:00 Asia/Taipei,premarket trade_date may only use row.date < trade_date
2025-04-25,TAIEX,加權指數,19861.24,20012.27,19861.24,19872.73,,,TWSE MI_5MINS_HIST,https://www.twse.com.tw/rwd/zh/TAIEX/MI_5MINS_HIST?date=20250401&response=json,2025-04-25 14:00 Asia/Taipei,premarket trade_date may only use row.date < trade_date
2025-04-28,TAIEX,加權指數,19972.07,20073.75,19972.07,20034.41,,,TWSE MI_5MINS_HIST,https://www.twse.com.tw/rwd/zh/TAIEX/MI_5MINS_HIST?date=20250401&response=json,2025-04-28 14:00 Asia/Taipei,premarket trade_date may only use row.date < trade_date
2025-04-29,TAIEX,加權指數,20018.32,20232.63,20007.3,20232.63,,,TWSE MI_5MINS_HIST,https://www.twse.com.tw/rwd/zh/TAIEX/MI_5MINS_HIST?date=20250401&response=json,2025-04-29 14:00 Asia/Taipei,premarket trade_date may only use row.date < trade_date
2025-04-30,TAIEX,加權指數,20215.39,20331.89,20185.31,20235.03,,,TWSE MI_5MINS_HIST,https://www.twse.com.tw/rwd/zh/TAIEX/MI_5MINS_HIST?date=20250401&response=json,2025-04-30 14:00 Asia/Taipei,premarket trade_date may only use row.date < trade_date
2025-05-02,TAIEX,加權指數,20534.08,20787.64,20534.08,20787.64,,,TWSE MI_5MINS_HIST,https://www.twse.com.tw/rwd/zh/TAIEX/MI_5MINS_HIST?date=20250501&response=json,2025-05-02 14:00 Asia/Taipei,premarket trade_date may only use row.date < trade_date
2025-05-05,TAIEX,加權指數,20839.04,20885.54,20320.8,20532.99,,,TWSE MI_5MINS_HIST,https://www.twse.com.tw/rwd/zh/TAIEX/MI_5MINS_HIST?date=20250501&response=json,2025-05-05 14:00 Asia/Taipei,premarket trade_date may only use row.date < trade_date
2025-05-06,TAIEX,加權指數,20353.88,20623.85,20349.56,20522.59,,,TWSE MI_5MINS_HIST,https://www.twse.com.tw/rwd/zh/TAIEX/MI_5MINS_HIST?date=20250501&response=json,2025-05-06 14:00 Asia/Taipei,premarket trade_date may only use row.date < trade_date
2025-05-07,TAIEX,加權指數,20575.15,20685.28,20418.03,20546.49,,,TWSE MI_5MINS_HIST,https://www.twse.com.tw/rwd/zh/TAIEX/MI_5MINS_HIST?date=20250501&response=json,2025-05-07 14:00 Asia/Taipei,premarket trade_date may only use row.date < trade_date
2025-05-08,TAIEX,加權指數,20559.65,20747.28,20543.4,20543.4,,,TWSE MI_5MINS_HIST,https://www.twse.com.tw/rwd/zh/TAIEX/MI_5MINS_HIST?date=20250501&response=json,2025-05-08 14:00 Asia/Taipei,premarket trade_date may only use row.date < trade_date
2025-05-09,TAIEX,加權指數,20690.8,20915.04,20643.56,20915.04,,,TWSE MI_5MINS_HIST,https://www.twse.com.tw/rwd/zh/TAIEX/MI_5MINS_HIST?date=20250501&response=json,2025-05-09 14:00 Asia/Taipei,premarket trade_date may only use row.date < trade_date
2025-05-12,TAIEX,加權指數,20996.95,21176.13,20996.95,21129.54,,,TWSE MI_5MINS_HIST,https://www.twse.com.tw/rwd/zh/TAIEX/MI_5MINS_HIST?date=20250501&response=json,2025-05-12 14:00 Asia/Taipei,premarket trade_date may only use row.date < trade_date
2025-05-13,TAIEX,加權指數,21474.02,21626.28,21330.14,21330.14,,,TWSE MI_5MINS_HIST,https://www.twse.com.tw/rwd/zh/TAIEX/MI_5MINS_HIST?date=20250501&response=json,2025-05-13 14:00 Asia/Taipei,premarket trade_date may only use row.date < trade_date
2025-05-14,TAIEX,加權指數,21552.42,21782.87,21552.42,21782.87,,,TWSE MI_5MINS_HIST,https://www.twse.com.tw/rwd/zh/TAIEX/MI_5MINS_HIST?date=20250501&response=json,2025-05-14 14:00 Asia/Taipei,premarket trade_date may only use row.date < trade_date
2025-05-15,TAIEX,加權指數,21776.65,21821.01,21674.32,21730.25,,,TWSE MI_5MINS_HIST,https://www.twse.com.tw/rwd/zh/TAIEX/MI_5MINS_HIST?date=20250501&response=json,2025-05-15 14:00 Asia/Taipei,premarket trade_date may only use row.date < trade_date
2025-05-16,TAIEX,加權指數,21731.88,21854.5,21697.85,21843.69,,,TWSE MI_5MINS_HIST,https://www.twse.com.tw/rwd/zh/TAIEX/MI_5MINS_HIST?date=20250501&response=json,2025-05-16 14:00 Asia/Taipei,premarket trade_date may only use row.date < trade_date
2025-05-19,TAIEX,加權指數,21786.33,21786.33,21496.69,21523.83,,,TWSE MI_5MINS_HIST,https://www.twse.com.tw/rwd/zh/TAIEX/MI_5MINS_HIST?date=20250501&response=json,2025-05-19 14:00 Asia/Taipei,premarket trade_date may only use row.date < trade_date
2025-05-20,TAIEX,加權指數,21631.61,21746.56,21517.1,21526.03,,,TWSE MI_5MINS_HIST,https://www.twse.com.tw/rwd/zh/TAIEX/MI_5MINS_HIST?date=20250501&response=json,2025-05-20 14:00 Asia/Taipei,premarket trade_date may only use row.date < trade_date
2025-05-21,TAIEX,加權指數,21603.58,21879.24,21603.58,21803.91,,,TWSE MI_5MINS_HIST,https://www.twse.com.tw/rwd/zh/TAIEX/MI_5MINS_HIST?date=20250501&response=json,2025-05-21 14:00 Asia/Taipei,premarket trade_date may only use row.date < trade_date
2025-05-22,TAIEX,加權指數,21733.82,21733.82,21585.31,21670.96,,,TWSE MI_5MINS_HIST,https://www.twse.com.tw/rwd/zh/TAIEX/MI_5MINS_HIST?date=20250501&response=json,2025-05-22 14:00 Asia/Taipei,premarket trade_date may only use row.date < trade_date
2025-05-23,TAIEX,加權指數,21766.24,21798.88,21559.78,21652.24,,,TWSE MI_5MINS_HIST,https://www.twse.com.tw/rwd/zh/TAIEX/MI_5MINS_HIST?date=20250501&response=json,2025-05-23 14:00 Asia/Taipei,premarket trade_date may only use row.date < trade_date
2025-05-26,TAIEX,加權指數,21577.64,21688.45,21536.57,21536.57,,,TWSE MI_5MINS_HIST,https://www.twse.com.tw/rwd/zh/TAIEX/MI_5MINS_HIST?date=20250501&response=json,2025-05-26 14:00 Asia/Taipei,premarket trade_date may only use row.date < trade_date
2025-05-27,TAIEX,加權指數,21491.65,21558.47,21310.0,21336.54,,,TWSE MI_5MINS_HIST,https://www.twse.com.tw/rwd/zh/TAIEX/MI_5MINS_HIST?date=20250501&response=json,2025-05-27 14:00 Asia/Taipei,premarket trade_date may only use row.date < trade_date
2025-05-28,TAIEX,加權指數,21539.15,21634.37,21305.73,21357.72,,,TWSE MI_5MINS_HIST,https://www.twse.com.tw/rwd/zh/TAIEX/MI_5MINS_HIST?date=20250501&response=json,2025-05-28 14:00 Asia/Taipei,premarket trade_date may only use row.date < trade_date
2025-05-29,TAIEX,加權指數,21531.29,21605.26,21347.3,21347.3,,,TWSE MI_5MINS_HIST,https://www.twse.com.tw/rwd/zh/TAIEX/MI_5MINS_HIST?date=20250501&response=json,2025-05-29 14:00 Asia/Taipei,premarket trade_date may only use row.date < trade_date
2025-06-02,TAIEX,加權指數,21253.97,21256.1,20940.98,21002.71,,,TWSE MI_5MINS_HIST,https://www.twse.com.tw/rwd/zh/TAIEX/MI_5MINS_HIST?date=20250601&response=json,2025-06-02 14:00 Asia/Taipei,premarket trade_date may only use row.date < trade_date
2025-06-03,TAIEX,加權指數,21126.7,21303.21,21110.63,21126.93,,,TWSE MI_5MINS_HIST,https://www.twse.com.tw/rwd/zh/TAIEX/MI_5MINS_HIST?date=20250601&response=json,2025-06-03 14:00 Asia/Taipei,premarket trade_date may only use row.date < trade_date
2025-06-04,TAIEX,加權指數,21341.44,21618.09,21341.44,21618.09,,,TWSE MI_5MINS_HIST,https://www.twse.com.tw/rwd/zh/TAIEX/MI_5MINS_HIST?date=20250601&response=json,2025-06-04 14:00 Asia/Taipei,premarket trade_date may only use row.date < trade_date
2025-06-05,TAIEX,加權指數,21695.93,21738.93,21626.74,21674.43,,,TWSE MI_5MINS_HIST,https://www.twse.com.tw/rwd/zh/TAIEX/MI_5MINS_HIST?date=20250601&response=json,2025-06-05 14:00 Asia/Taipei,premarket trade_date may only use row.date < trade_date
2025-06-06,TAIEX,加權指數,21637.77,21702.46,21606.7,21660.66,,,TWSE MI_5MINS_HIST,https://www.twse.com.tw/rwd/zh/TAIEX/MI_5MINS_HIST?date=20250601&response=json,2025-06-06 14:00 Asia/Taipei,premarket trade_date may only use row.date < trade_date
2025-06-09,TAIEX,加權指數,21773.45,21866.27,21717.52,21790.29,,,TWSE MI_5MINS_HIST,https://www.twse.com.tw/rwd/zh/TAIEX/MI_5MINS_HIST?date=20250601&response=json,2025-06-09 14:00 Asia/Taipei,premarket trade_date may only use row.date < trade_date
2025-06-10,TAIEX,加權指數,21921.24,22294.86,21921.24,22242.14,,,TWSE MI_5MINS_HIST,https://www.twse.com.tw/rwd/zh/TAIEX/MI_5MINS_HIST?date=20250601&response=json,2025-06-10 14:00 Asia/Taipei,premarket trade_date may only use row.date < trade_date
2025-06-11,TAIEX,加權指數,22376.37,22470.1,22294.6,22470.1,,,TWSE MI_5MINS_HIST,https://www.twse.com.tw/rwd/zh/TAIEX/MI_5MINS_HIST?date=20250601&response=json,2025-06-11 14:00 Asia/Taipei,premarket trade_date may only use row.date < trade_date
2025-06-12,TAIEX,加權指數,22362.67,22390.17,22253.64,22287.82,,,TWSE MI_5MINS_HIST,https://www.twse.com.tw/rwd/zh/TAIEX/MI_5MINS_HIST?date=20250601&response=json,2025-06-12 14:00 Asia/Taipei,premarket trade_date may only use row.date < trade_date
2025-06-13,TAIEX,加權指數,22215.5,22228.01,21984.36,22072.95,,,TWSE MI_5MINS_HIST,https://www.twse.com.tw/rwd/zh/TAIEX/MI_5MINS_HIST?date=20250601&response=json,2025-06-13 14:00 Asia/Taipei,premarket trade_date may only use row.date < trade_date
2025-06-16,TAIEX,加權指數,22058.57,22094.6,21936.38,22049.9,,,TWSE MI_5MINS_HIST,https://www.twse.com.tw/rwd/zh/TAIEX/MI_5MINS_HIST?date=20250601&response=json,2025-06-16 14:00 Asia/Taipei,premarket trade_date may only use row.date < trade_date
2025-06-17,TAIEX,加權指數,22172.59,22331.69,22118.46,22211.59,,,TWSE MI_5MINS_HIST,https://www.twse.com.tw/rwd/zh/TAIEX/MI_5MINS_HIST?date=20250601&response=json,2025-06-17 14:00 Asia/Taipei,premarket trade_date may only use row.date < trade_date
2025-06-18,TAIEX,加權指數,22135.83,22370.25,22104.68,22356.73,,,TWSE MI_5MINS_HIST,https://www.twse.com.tw/rwd/zh/TAIEX/MI_5MINS_HIST?date=20250601&response=json,2025-06-18 14:00 Asia/Taipei,premarket trade_date may only use row.date < trade_date
2025-06-19,TAIEX,加權指數,22238.1,22249.4,21973.04,22003.5,,,TWSE MI_5MINS_HIST,https://www.twse.com.tw/rwd/zh/TAIEX/MI_5MINS_HIST?date=20250601&response=json,2025-06-19 14:00 Asia/Taipei,premarket trade_date may only use row.date < trade_date
2025-06-20,TAIEX,加權指數,21960.51,22089.48,21779.55,22045.74,,,TWSE MI_5MINS_HIST,https://www.twse.com.tw/rwd/zh/TAIEX/MI_5MINS_HIST?date=20250601&response=json,2025-06-20 14:00 Asia/Taipei,premarket trade_date may only use row.date < trade_date
2025-06-23,TAIEX,加權指數,21750.7,21801.32,21551.58,21732.02,,,TWSE MI_5MINS_HIST,https://www.twse.com.tw/rwd/zh/TAIEX/MI_5MINS_HIST?date=20250601&response=json,2025-06-23 14:00 Asia/Taipei,premarket trade_date may only use row.date < trade_date
2025-06-24,TAIEX,加權指數,22001.48,22201.05,22001.48,22188.76,,,TWSE MI_5MINS_HIST,https://www.twse.com.tw/rwd/zh/TAIEX/MI_5MINS_HIST?date=20250601&response=json,2025-06-24 14:00 Asia/Taipei,premarket trade_date may only use row.date < trade_date
2025-06-25,TAIEX,加權指數,22341.87,22444.51,22284.52,22430.61,,,TWSE MI_5MINS_HIST,https://www.twse.com.tw/rwd/zh/TAIEX/MI_5MINS_HIST?date=20250601&response=json,2025-06-25 14:00 Asia/Taipei,premarket trade_date may only use row.date < trade_date
2025-06-26,TAIEX,加權指數,22425.39,22587.67,22391.27,22492.34,,,TWSE MI_5MINS_HIST,https://www.twse.com.tw/rwd/zh/TAIEX/MI_5MINS_HIST?date=20250601&response=json,2025-06-26 14:00 Asia/Taipei,premarket trade_date may only use row.date < trade_date
2025-06-27,TAIEX,加權指數,22503.85,22580.08,22388.59,22580.08,,,TWSE MI_5MINS_HIST,https://www.twse.com.tw/rwd/zh/TAIEX/MI_5MINS_HIST?date=20250601&response=json,2025-06-27 14:00 Asia/Taipei,premarket trade_date may only use row.date < trade_date
2025-06-30,TAIEX,加權指數,22508.33,22558.95,22256.02,22256.02,,,TWSE MI_5MINS_HIST,https://www.twse.com.tw/rwd/zh/TAIEX/MI_5MINS_HIST?date=20250601&response=json,2025-06-30 14:00 Asia/Taipei,premarket trade_date may only use row.date < trade_date
2025-07-01,TAIEX,加權指數,22419.74,22730.76,22401.58,22553.72,,,TWSE MI_5MINS_HIST,https://www.twse.com.tw/rwd/zh/TAIEX/MI_5MINS_HIST?date=20250701&response=json,2025-07-01 14:00 Asia/Taipei,premarket trade_date may only use row.date < trade_date
2025-07-02,TAIEX,加權指數,22463.55,22577.74,22396.26,22577.74,,,TWSE MI_5MINS_HIST,https://www.twse.com.tw/rwd/zh/TAIEX/MI_5MINS_HIST?date=20250701&response=json,2025-07-02 14:00 Asia/Taipei,premarket trade_date may only use row.date < trade_date
2025-07-03,TAIEX,加權指數,22707.41,22816.2,22700.86,22712.97,,,TWSE MI_5MINS_HIST,https://www.twse.com.tw/rwd/zh/TAIEX/MI_5MINS_HIST?date=20250701&response=json,2025-07-03 14:00 Asia/Taipei,premarket trade_date may only use row.date < trade_date
2025-07-04,TAIEX,加權指數,22756.55,22842.75,22500.97,22547.5,,,TWSE MI_5MINS_HIST,https://www.twse.com.tw/rwd/zh/TAIEX/MI_5MINS_HIST?date=20250701&response=json,2025-07-04 14:00 Asia/Taipei,premarket trade_date may only use row.date < trade_date
2025-07-07,TAIEX,加權指數,22550.14,22550.5,22294.11,22428.72,,,TWSE MI_5MINS_HIST,https://www.twse.com.tw/rwd/zh/TAIEX/MI_5MINS_HIST?date=20250701&response=json,2025-07-07 14:00 Asia/Taipei,premarket trade_date may only use row.date < trade_date
2025-07-08,TAIEX,加權指數,22375.65,22375.65,22190.46,22362.27,,,TWSE MI_5MINS_HIST,https://www.twse.com.tw/rwd/zh/TAIEX/MI_5MINS_HIST?date=20250701&response=json,2025-07-08 14:00 Asia/Taipei,premarket trade_date may only use row.date < trade_date
2025-07-09,TAIEX,加權指數,22253.17,22527.01,22211.1,22527.01,,,TWSE MI_5MINS_HIST,https://www.twse.com.tw/rwd/zh/TAIEX/MI_5MINS_HIST?date=20250701&response=json,2025-07-09 14:00 Asia/Taipei,premarket trade_date may only use row.date < trade_date
2025-07-10,TAIEX,加權指數,22566.51,22699.29,22513.35,22693.25,,,TWSE MI_5MINS_HIST,https://www.twse.com.tw/rwd/zh/TAIEX/MI_5MINS_HIST?date=20250701&response=json,2025-07-10 14:00 Asia/Taipei,premarket trade_date may only use row.date < trade_date
2025-07-11,TAIEX,加權指數,22602.81,22770.01,22601.95,22751.03,,,TWSE MI_5MINS_HIST,https://www.twse.com.tw/rwd/zh/TAIEX/MI_5MINS_HIST?date=20250701&response=json,2025-07-11 14:00 Asia/Taipei,premarket trade_date may only use row.date < trade_date
2025-07-14,TAIEX,加權指數,22679.18,22735.23,22525.66,22614.97,,,TWSE MI_5MINS_HIST,https://www.twse.com.tw/rwd/zh/TAIEX/MI_5MINS_HIST?date=20250701&response=json,2025-07-14 14:00 Asia/Taipei,premarket trade_date may only use row.date < trade_date
2025-07-15,TAIEX,加權指數,22618.43,22888.23,22588.26,22835.94,,,TWSE MI_5MINS_HIST,https://www.twse.com.tw/rwd/zh/TAIEX/MI_5MINS_HIST?date=20250701&response=json,2025-07-15 14:00 Asia/Taipei,premarket trade_date may only use row.date < trade_date
2025-07-16,TAIEX,加權指數,22967.51,23106.43,22923.12,23042.9,,,TWSE MI_5MINS_HIST,https://www.twse.com.tw/rwd/zh/TAIEX/MI_5MINS_HIST?date=20250701&response=json,2025-07-16 14:00 Asia/Taipei,premarket trade_date may only use row.date < trade_date
2025-07-17,TAIEX,加權指數,23042.97,23159.54,22923.37,23113.28,,,TWSE MI_5MINS_HIST,https://www.twse.com.tw/rwd/zh/TAIEX/MI_5MINS_HIST?date=20250701&response=json,2025-07-17 14:00 Asia/Taipei,premarket trade_date may only use row.date < trade_date
2025-07-18,TAIEX,加權指數,23345.72,23468.21,23276.02,23383.13,,,TWSE MI_5MINS_HIST,https://www.twse.com.tw/rwd/zh/TAIEX/MI_5MINS_HIST?date=20250701&response=json,2025-07-18 14:00 Asia/Taipei,premarket trade_date may only use row.date < trade_date
2025-07-21,TAIEX,加權指數,23314.29,23403.83,23243.79,23340.56,,,TWSE MI_5MINS_HIST,https://www.twse.com.tw/rwd/zh/TAIEX/MI_5MINS_HIST?date=20250701&response=json,2025-07-21 14:00 Asia/Taipei,premarket trade_date may only use row.date < trade_date
2025-07-22,TAIEX,加權指數,23301.66,23486.08,22985.9,22987.92,,,TWSE MI_5MINS_HIST,https://www.twse.com.tw/rwd/zh/TAIEX/MI_5MINS_HIST?date=20250701&response=json,2025-07-22 14:00 Asia/Taipei,premarket trade_date may only use row.date < trade_date
2025-07-23,TAIEX,加權指數,23063.57,23318.67,23063.57,23318.67,,,TWSE MI_5MINS_HIST,https://www.twse.com.tw/rwd/zh/TAIEX/MI_5MINS_HIST?date=20250701&response=json,2025-07-23 14:00 Asia/Taipei,premarket trade_date may only use row.date < trade_date
2025-07-24,TAIEX,加權指數,23373.67,23455.09,23295.31,23373.73,,,TWSE MI_5MINS_HIST,https://www.twse.com.tw/rwd/zh/TAIEX/MI_5MINS_HIST?date=20250701&response=json,2025-07-24 14:00 Asia/Taipei,premarket trade_date may only use row.date < trade_date
2025-07-25,TAIEX,加權指數,23454.59,23485.56,23308.45,23364.38,,,TWSE MI_5MINS_HIST,https://www.twse.com.tw/rwd/zh/TAIEX/MI_5MINS_HIST?date=20250701&response=json,2025-07-25 14:00 Asia/Taipei,premarket trade_date may only use row.date < trade_date
2025-07-28,TAIEX,加權指數,23477.1,23564.44,23350.73,23412.98,,,TWSE MI_5MINS_HIST,https://www.twse.com.tw/rwd/zh/TAIEX/MI_5MINS_HIST?date=20250701&response=json,2025-07-28 14:00 Asia/Taipei,premarket trade_date may only use row.date < trade_date
2025-07-29,TAIEX,加權指數,23414.36,23422.17,23094.67,23201.52,,,TWSE MI_5MINS_HIST,https://www.twse.com.tw/rwd/zh/TAIEX/MI_5MINS_HIST?date=20250701&response=json,2025-07-29 14:00 Asia/Taipei,premarket trade_date may only use row.date < trade_date
2025-07-30,TAIEX,加權指數,23288.72,23461.72,23264.64,23461.72,,,TWSE MI_5MINS_HIST,https://www.twse.com.tw/rwd/zh/TAIEX/MI_5MINS_HIST?date=20250701&response=json,2025-07-30 14:00 Asia/Taipei,premarket trade_date may only use row.date < trade_date
2025-07-31,TAIEX,加權指數,23523.59,23631.11,23454.44,23542.52,,,TWSE MI_5MINS_HIST,https://www.twse.com.tw/rwd/zh/TAIEX/MI_5MINS_HIST?date=20250701&response=json,2025-07-31 14:00 Asia/Taipei,premarket trade_date may only use row.date < trade_date
2025-08-01,TAIEX,加權指數,23318.37,23484.21,23168.27,23434.38,,,TWSE MI_5MINS_HIST,https://www.twse.com.tw/rwd/zh/TAIEX/MI_5MINS_HIST?date=20250801&response=json,2025-08-01 14:00 Asia/Taipei,premarket trade_date may only use row.date < trade_date
2025-08-04,TAIEX,加權指數,23260.18,23378.94,23151.65,23378.94,,,TWSE MI_5MINS_HIST,https://www.twse.com.tw/rwd/zh/TAIEX/MI_5MINS_HIST?date=20250801&response=json,2025-08-04 14:00 Asia/Taipei,premarket trade_date may only use row.date < trade_date
2025-08-05,TAIEX,加權指數,23498.4,23671.84,23498.4,23660.59,,,TWSE MI_5MINS_HIST,https://www.twse.com.tw/rwd/zh/TAIEX/MI_5MINS_HIST?date=20250801&response=json,2025-08-05 14:00 Asia/Taipei,premarket trade_date may only use row.date < trade_date
2025-08-06,TAIEX,加權指數,23443.36,23557.49,23433.53,23447.36,,,TWSE MI_5MINS_HIST,https://www.twse.com.tw/rwd/zh/TAIEX/MI_5MINS_HIST?date=20250801&response=json,2025-08-06 14:00 Asia/Taipei,premarket trade_date may only use row.date < trade_date
2025-08-07,TAIEX,加權指數,23717.35,24050.54,23717.35,24003.77,,,TWSE MI_5MINS_HIST,https://www.twse.com.tw/rwd/zh/TAIEX/MI_5MINS_HIST?date=20250801&response=json,2025-08-07 14:00 Asia/Taipei,premarket trade_date may only use row.date < trade_date
2025-08-08,TAIEX,加權指數,24026.65,24131.46,23967.99,24021.26,,,TWSE MI_5MINS_HIST,https://www.twse.com.tw/rwd/zh/TAIEX/MI_5MINS_HIST?date=20250801&response=json,2025-08-08 14:00 Asia/Taipei,premarket trade_date may only use row.date < trade_date
2025-08-11,TAIEX,加權指數,23980.39,24249.05,23887.25,24135.5,,,TWSE MI_5MINS_HIST,https://www.twse.com.tw/rwd/zh/TAIEX/MI_5MINS_HIST?date=20250801&response=json,2025-08-11 14:00 Asia/Taipei,premarket trade_date may only use row.date < trade_date
2025-08-12,TAIEX,加權指數,24182.84,24263.92,24065.43,24158.36,,,TWSE MI_5MINS_HIST,https://www.twse.com.tw/rwd/zh/TAIEX/MI_5MINS_HIST?date=20250801&response=json,2025-08-12 14:00 Asia/Taipei,premarket trade_date may only use row.date < trade_date
2025-08-13,TAIEX,加權指數,24232.04,24406.94,24172.19,24370.02,,,TWSE MI_5MINS_HIST,https://www.twse.com.tw/rwd/zh/TAIEX/MI_5MINS_HIST?date=20250801&response=json,2025-08-13 14:00 Asia/Taipei,premarket trade_date may only use row.date < trade_date
2025-08-14,TAIEX,加權指數,24258.5,24389.51,24198.88,24238.1,,,TWSE MI_5MINS_HIST,https://www.twse.com.tw/rwd/zh/TAIEX/MI_5MINS_HIST?date=20250801&response=json,2025-08-14 14:00 Asia/Taipei,premarket trade_date may only use row.date < trade_date
2025-08-15,TAIEX,加權指數,24266.23,24385.56,24164.43,24334.48,,,TWSE MI_5MINS_HIST,https://www.twse.com.tw/rwd/zh/TAIEX/MI_5MINS_HIST?date=20250801&response=json,2025-08-15 14:00 Asia/Taipei,premarket trade_date may only use row.date < trade_date
2025-08-18,TAIEX,加權指數,24272.55,24515.65,24257.3,24482.52,,,TWSE MI_5MINS_HIST,https://www.twse.com.tw/rwd/zh/TAIEX/MI_5MINS_HIST?date=20250801&response=json,2025-08-18 14:00 Asia/Taipei,premarket trade_date may only use row.date < trade_date
2025-08-19,TAIEX,加權指數,24493.92,24551.42,24324.29,24353.5,,,TWSE MI_5MINS_HIST,https://www.twse.com.tw/rwd/zh/TAIEX/MI_5MINS_HIST?date=20250801&response=json,2025-08-19 14:00 Asia/Taipei,premarket trade_date may only use row.date < trade_date
2025-08-20,TAIEX,加權指數,24309.27,24309.27,23620.24,23625.44,,,TWSE MI_5MINS_HIST,https://www.twse.com.tw/rwd/zh/TAIEX/MI_5MINS_HIST?date=20250801&response=json,2025-08-20 14:00 Asia/Taipei,premarket trade_date may only use row.date < trade_date
2025-08-21,TAIEX,加權指數,23739.83,24011.5,23739.83,23962.13,,,TWSE MI_5MINS_HIST,https://www.twse.com.tw/rwd/zh/TAIEX/MI_5MINS_HIST?date=20250801&response=json,2025-08-21 14:00 Asia/Taipei,premarket trade_date may only use row.date < trade_date
2025-08-22,TAIEX,加權指數,24033.02,24071.65,23764.47,23764.47,,,TWSE MI_5MINS_HIST,https://www.twse.com.tw/rwd/zh/TAIEX/MI_5MINS_HIST?date=20250801&response=json,2025-08-22 14:00 Asia/Taipei,premarket trade_date may only use row.date < trade_date
2025-08-25,TAIEX,加權指數,24108.81,24362.02,24108.75,24277.38,,,TWSE MI_5MINS_HIST,https://www.twse.com.tw/rwd/zh/TAIEX/MI_5MINS_HIST?date=20250801&response=json,2025-08-25 14:00 Asia/Taipei,premarket trade_date may only use row.date < trade_date
2025-08-26,TAIEX,加權指數,24237.36,24382.42,24113.03,24305.1,,,TWSE MI_5MINS_HIST,https://www.twse.com.tw/rwd/zh/TAIEX/MI_5MINS_HIST?date=20250801&response=json,2025-08-26 14:00 Asia/Taipei,premarket trade_date may only use row.date < trade_date
2025-08-27,TAIEX,加權指數,24449.81,24539.88,24410.08,24519.9,,,TWSE MI_5MINS_HIST,https://www.twse.com.tw/rwd/zh/TAIEX/MI_5MINS_HIST?date=20250801&response=json,2025-08-27 14:00 Asia/Taipei,premarket trade_date may only use row.date < trade_date
2025-08-28,TAIEX,加權指數,24468.12,24502.37,24236.45,24236.45,,,TWSE MI_5MINS_HIST,https://www.twse.com.tw/rwd/zh/TAIEX/MI_5MINS_HIST?date=20250801&response=json,2025-08-28 14:00 Asia/Taipei,premarket trade_date may only use row.date < trade_date
2025-08-29,TAIEX,加權指數,24438.03,24570.15,24233.1,24233.1,,,TWSE MI_5MINS_HIST,https://www.twse.com.tw/rwd/zh/TAIEX/MI_5MINS_HIST?date=20250801&response=json,2025-08-29 14:00 Asia/Taipei,premarket trade_date may only use row.date < trade_date
2025-09-01,TAIEX,加權指數,24143.37,24312.83,23885.41,24071.73,,,TWSE MI_5MINS_HIST,https://www.twse.com.tw/rwd/zh/TAIEX/MI_5MINS_HIST?date=20250901&response=json,2025-09-01 14:00 Asia/Taipei,premarket trade_date may only use row.date < trade_date
2025-09-02,TAIEX,加權指數,24113.9,24295.03,23890.33,24016.78,,,TWSE MI_5MINS_HIST,https://www.twse.com.tw/rwd/zh/TAIEX/MI_5MINS_HIST?date=20250901&response=json,2025-09-02 14:00 Asia/Taipei,premarket trade_date may only use row.date < trade_date
2025-09-03,TAIEX,加權指數,24036.88,24103.23,23925.49,24100.3,,,TWSE MI_5MINS_HIST,https://www.twse.com.tw/rwd/zh/TAIEX/MI_5MINS_HIST?date=20250901&response=json,2025-09-03 14:00 Asia/Taipei,premarket trade_date may only use row.date < trade_date
2025-09-04,TAIEX,加權指數,24235.27,24389.35,24168.16,24179.85,,,TWSE MI_5MINS_HIST,https://www.twse.com.tw/rwd/zh/TAIEX/MI_5MINS_HIST?date=20250901&response=json,2025-09-04 14:00 Asia/Taipei,premarket trade_date may only use row.date < trade_date
2025-09-05,TAIEX,加權指數,24244.26,24494.58,24244.26,24494.58,,,TWSE MI_5MINS_HIST,https://www.twse.com.tw/rwd/zh/TAIEX/MI_5MINS_HIST?date=20250901&response=json,2025-09-05 14:00 Asia/Taipei,premarket trade_date may only use row.date < trade_date
2025-09-08,TAIEX,加權指數,24610.85,24729.96,24547.38,24547.38,,,TWSE MI_5MINS_HIST,https://www.twse.com.tw/rwd/zh/TAIEX/MI_5MINS_HIST?date=20250901&response=json,2025-09-08 14:00 Asia/Taipei,premarket trade_date may only use row.date < trade_date
2025-09-09,TAIEX,加權指數,24650.46,24880.07,24650.46,24855.18,,,TWSE MI_5MINS_HIST,https://www.twse.com.tw/rwd/zh/TAIEX/MI_5MINS_HIST?date=20250901&response=json,2025-09-09 14:00 Asia/Taipei,premarket trade_date may only use row.date < trade_date
2025-09-10,TAIEX,加權指數,25032.88,25272.23,25032.88,25192.59,,,TWSE MI_5MINS_HIST,https://www.twse.com.tw/rwd/zh/TAIEX/MI_5MINS_HIST?date=20250901&response=json,2025-09-10 14:00 Asia/Taipei,premarket trade_date may only use row.date < trade_date
2025-09-11,TAIEX,加權指數,25509.3,25541.44,25174.13,25215.71,,,TWSE MI_5MINS_HIST,https://www.twse.com.tw/rwd/zh/TAIEX/MI_5MINS_HIST?date=20250901&response=json,2025-09-11 14:00 Asia/Taipei,premarket trade_date may only use row.date < trade_date
2025-09-12,TAIEX,加權指數,25349.7,25492.28,25349.7,25474.64,,,TWSE MI_5MINS_HIST,https://www.twse.com.tw/rwd/zh/TAIEX/MI_5MINS_HIST?date=20250901&response=json,2025-09-12 14:00 Asia/Taipei,premarket trade_date may only use row.date < trade_date
2025-09-15,TAIEX,加權指數,25494.1,25519.94,25284.17,25357.16,,,TWSE MI_5MINS_HIST,https://www.twse.com.tw/rwd/zh/TAIEX/MI_5MINS_HIST?date=20250901&response=json,2025-09-15 14:00 Asia/Taipei,premarket trade_date may only use row.date < trade_date
2025-09-16,TAIEX,加權指數,25335.46,25664.81,25335.46,25629.64,,,TWSE MI_5MINS_HIST,https://www.twse.com.tw/rwd/zh/TAIEX/MI_5MINS_HIST?date=20250901&response=json,2025-09-16 14:00 Asia/Taipei,premarket trade_date may only use row.date < trade_date
2025-09-17,TAIEX,加權指數,25543.91,25632.07,25422.96,25438.25,,,TWSE MI_5MINS_HIST,https://www.twse.com.tw/rwd/zh/TAIEX/MI_5MINS_HIST?date=20250901&response=json,2025-09-17 14:00 Asia/Taipei,premarket trade_date may only use row.date < trade_date
2025-09-18,TAIEX,加權指數,25543.17,25769.36,25475.25,25769.36,,,TWSE MI_5MINS_HIST,https://www.twse.com.tw/rwd/zh/TAIEX/MI_5MINS_HIST?date=20250901&response=json,2025-09-18 14:00 Asia/Taipei,premarket trade_date may only use row.date < trade_date
2025-09-19,TAIEX,加權指數,25794.66,25864.01,25578.37,25578.37,,,TWSE MI_5MINS_HIST,https://www.twse.com.tw/rwd/zh/TAIEX/MI_5MINS_HIST?date=20250901&response=json,2025-09-19 14:00 Asia/Taipei,premarket trade_date may only use row.date < trade_date
2025-09-22,TAIEX,加權指數,25599.6,25887.69,25599.6,25880.6,,,TWSE MI_5MINS_HIST,https://www.twse.com.tw/rwd/zh/TAIEX/MI_5MINS_HIST?date=20250901&response=json,2025-09-22 14:00 Asia/Taipei,premarket trade_date may only use row.date < trade_date
2025-09-23,TAIEX,加權指數,26121.0,26307.3,26041.69,26247.37,,,TWSE MI_5MINS_HIST,https://www.twse.com.tw/rwd/zh/TAIEX/MI_5MINS_HIST?date=20250901&response=json,2025-09-23 14:00 Asia/Taipei,premarket trade_date may only use row.date < trade_date
2025-09-24,TAIEX,加權指數,26389.16,26394.03,26045.47,26196.73,,,TWSE MI_5MINS_HIST,https://www.twse.com.tw/rwd/zh/TAIEX/MI_5MINS_HIST?date=20250901&response=json,2025-09-24 14:00 Asia/Taipei,premarket trade_date may only use row.date < trade_date
2025-09-25,TAIEX,加權指數,26067.97,26247.85,26023.85,26023.85,,,TWSE MI_5MINS_HIST,https://www.twse.com.tw/rwd/zh/TAIEX/MI_5MINS_HIST?date=20250901&response=json,2025-09-25 14:00 Asia/Taipei,premarket trade_date may only use row.date < trade_date
2025-09-26,TAIEX,加權指數,25998.28,25998.28,25469.04,25580.32,,,TWSE MI_5MINS_HIST,https://www.twse.com.tw/rwd/zh/TAIEX/MI_5MINS_HIST?date=20250901&response=json,2025-09-26 14:00 Asia/Taipei,premarket trade_date may only use row.date < trade_date
2025-09-30,TAIEX,加權指數,25738.31,25975.84,25738.31,25820.54,,,TWSE MI_5MINS_HIST,https://www.twse.com.tw/rwd/zh/TAIEX/MI_5MINS_HIST?date=20250901&response=json,2025-09-30 14:00 Asia/Taipei,premarket trade_date may only use row.date < trade_date
2025-10-01,TAIEX,加權指數,26078.29,26325.79,25982.91,25982.91,,,TWSE MI_5MINS_HIST,https://www.twse.com.tw/rwd/zh/TAIEX/MI_5MINS_HIST?date=20251001&response=json,2025-10-01 14:00 Asia/Taipei,premarket trade_date may only use row.date < trade_date
2025-10-02,TAIEX,加權指數,26392.31,26489.79,26330.25,26378.39,,,TWSE MI_5MINS_HIST,https://www.twse.com.tw/rwd/zh/TAIEX/MI_5MINS_HIST?date=20251001&response=json,2025-10-02 14:00 Asia/Taipei,premarket trade_date may only use row.date < trade_date
2025-10-03,TAIEX,加權指數,26435.1,26761.06,26410.03,26761.06,,,TWSE MI_5MINS_HIST,https://www.twse.com.tw/rwd/zh/TAIEX/MI_5MINS_HIST?date=20251001&response=json,2025-10-03 14:00 Asia/Taipei,premarket trade_date may only use row.date < trade_date
2025-10-07,TAIEX,加權指數,27029.28,27301.42,27017.08,27211.95,,,TWSE MI_5MINS_HIST,https://www.twse.com.tw/rwd/zh/TAIEX/MI_5MINS_HIST?date=20251001&response=json,2025-10-07 14:00 Asia/Taipei,premarket trade_date may only use row.date < trade_date
2025-10-08,TAIEX,加權指數,26999.82,27110.43,26883.99,27063.68,,,TWSE MI_5MINS_HIST,https://www.twse.com.tw/rwd/zh/TAIEX/MI_5MINS_HIST?date=20251001&response=json,2025-10-08 14:00 Asia/Taipei,premarket trade_date may only use row.date < trade_date
2025-10-09,TAIEX,加權指數,27301.61,27463.12,27253.07,27301.92,,,TWSE MI_5MINS_HIST,https://www.twse.com.tw/rwd/zh/TAIEX/MI_5MINS_HIST?date=20251001&response=json,2025-10-09 14:00 Asia/Taipei,premarket trade_date may only use row.date < trade_date
2025-10-13,TAIEX,加權指數,26762.6,26965.72,26470.44,26923.42,,,TWSE MI_5MINS_HIST,https://www.twse.com.tw/rwd/zh/TAIEX/MI_5MINS_HIST?date=20251001&response=json,2025-10-13 14:00 Asia/Taipei,premarket trade_date may only use row.date < trade_date
2025-10-14,TAIEX,加權指數,27282.1,27507.16,26764.06,26793.15,,,TWSE MI_5MINS_HIST,https://www.twse.com.tw/rwd/zh/TAIEX/MI_5MINS_HIST?date=20251001&response=json,2025-10-14 14:00 Asia/Taipei,premarket trade_date may only use row.date < trade_date
2025-10-15,TAIEX,加權指數,26911.05,27275.71,26773.15,27275.71,,,TWSE MI_5MINS_HIST,https://www.twse.com.tw/rwd/zh/TAIEX/MI_5MINS_HIST?date=20251001&response=json,2025-10-15 14:00 Asia/Taipei,premarket trade_date may only use row.date < trade_date
2025-10-16,TAIEX,加權指數,27337.32,27732.78,27337.32,27647.87,,,TWSE MI_5MINS_HIST,https://www.twse.com.tw/rwd/zh/TAIEX/MI_5MINS_HIST?date=20251001&response=json,2025-10-16 14:00 Asia/Taipei,premarket trade_date may only use row.date < trade_date
2025-10-17,TAIEX,加權指數,27399.91,27513.09,27302.37,27302.37,,,TWSE MI_5MINS_HIST,https://www.twse.com.tw/rwd/zh/TAIEX/MI_5MINS_HIST?date=20251001&response=json,2025-10-17 14:00 Asia/Taipei,premarket trade_date may only use row.date < trade_date
2025-10-20,TAIEX,加權指數,27480.44,27768.27,27412.45,27688.63,,,TWSE MI_5MINS_HIST,https://www.twse.com.tw/rwd/zh/TAIEX/MI_5MINS_HIST?date=20251001&response=json,2025-10-20 14:00 Asia/Taipei,premarket trade_date may only use row.date < trade_date
2025-10-21,TAIEX,加權指數,27742.55,27969.05,27742.55,27752.41,,,TWSE MI_5MINS_HIST,https://www.twse.com.tw/rwd/zh/TAIEX/MI_5MINS_HIST?date=20251001&response=json,2025-10-21 14:00 Asia/Taipei,premarket trade_date may only use row.date < trade_date
2025-10-22,TAIEX,加權指數,27614.11,27725.83,27490.89,27648.91,,,TWSE MI_5MINS_HIST,https://www.twse.com.tw/rwd/zh/TAIEX/MI_5MINS_HIST?date=20251001&response=json,2025-10-22 14:00 Asia/Taipei,premarket trade_date may only use row.date < trade_date
2025-10-23,TAIEX,加權指數,27457.07,27586.85,27371.67,27532.26,,,TWSE MI_5MINS_HIST,https://www.twse.com.tw/rwd/zh/TAIEX/MI_5MINS_HIST?date=20251001&response=json,2025-10-23 14:00 Asia/Taipei,premarket trade_date may only use row.date < trade_date
2025-10-27,TAIEX,加權指數,28029.88,28196.33,27993.63,27993.63,,,TWSE MI_5MINS_HIST,https://www.twse.com.tw/rwd/zh/TAIEX/MI_5MINS_HIST?date=20251001&response=json,2025-10-27 14:00 Asia/Taipei,premarket trade_date may only use row.date < trade_date
2025-10-28,TAIEX,加權指數,28041.01,28087.93,27885.62,27949.11,,,TWSE MI_5MINS_HIST,https://www.twse.com.tw/rwd/zh/TAIEX/MI_5MINS_HIST?date=20251001&response=json,2025-10-28 14:00 Asia/Taipei,premarket trade_date may only use row.date < trade_date
2025-10-29,TAIEX,加權指數,28157.91,28395.31,28139.65,28294.74,,,TWSE MI_5MINS_HIST,https://www.twse.com.tw/rwd/zh/TAIEX/MI_5MINS_HIST?date=20251001&response=json,2025-10-29 14:00 Asia/Taipei,premarket trade_date may only use row.date < trade_date
2025-10-30,TAIEX,加權指數,28350.24,28527.68,28116.6,28287.53,,,TWSE MI_5MINS_HIST,https://www.twse.com.tw/rwd/zh/TAIEX/MI_5MINS_HIST?date=20251001&response=json,2025-10-30 14:00 Asia/Taipei,premarket trade_date may only use row.date < trade_date
2025-10-31,TAIEX,加權指數,28280.47,28489.76,28233.35,28233.35,,,TWSE MI_5MINS_HIST,https://www.twse.com.tw/rwd/zh/TAIEX/MI_5MINS_HIST?date=20251001&response=json,2025-10-31 14:00 Asia/Taipei,premarket trade_date may only use row.date < trade_date
2025-11-03,TAIEX,加權指數,28253.53,28494.99,28150.45,28334.59,,,TWSE MI_5MINS_HIST,https://www.twse.com.tw/rwd/zh/TAIEX/MI_5MINS_HIST?date=20251101&response=json,2025-11-03 14:00 Asia/Taipei,premarket trade_date may only use row.date < trade_date
2025-11-04,TAIEX,加權指數,28364.76,28554.61,28033.62,28116.56,,,TWSE MI_5MINS_HIST,https://www.twse.com.tw/rwd/zh/TAIEX/MI_5MINS_HIST?date=20251101&response=json,2025-11-04 14:00 Asia/Taipei,premarket trade_date may only use row.date < trade_date
2025-11-05,TAIEX,加權指數,27785.91,27799.09,27373.05,27717.06,,,TWSE MI_5MINS_HIST,https://www.twse.com.tw/rwd/zh/TAIEX/MI_5MINS_HIST?date=20251101&response=json,2025-11-05 14:00 Asia/Taipei,premarket trade_date may only use row.date < trade_date
2025-11-06,TAIEX,加權指數,27906.44,28061.53,27879.7,27899.45,,,TWSE MI_5MINS_HIST,https://www.twse.com.tw/rwd/zh/TAIEX/MI_5MINS_HIST?date=20251101&response=json,2025-11-06 14:00 Asia/Taipei,premarket trade_date may only use row.date < trade_date
2025-11-07,TAIEX,加權指數,27818.54,27818.54,27621.48,27651.41,,,TWSE MI_5MINS_HIST,https://www.twse.com.tw/rwd/zh/TAIEX/MI_5MINS_HIST?date=20251101&response=json,2025-11-07 14:00 Asia/Taipei,premarket trade_date may only use row.date < trade_date
2025-11-10,TAIEX,加權指數,27805.47,27976.89,27680.51,27869.51,,,TWSE MI_5MINS_HIST,https://www.twse.com.tw/rwd/zh/TAIEX/MI_5MINS_HIST?date=20251101&response=json,2025-11-10 14:00 Asia/Taipei,premarket trade_date may only use row.date < trade_date
2025-11-11,TAIEX,加權指數,28031.54,28187.7,27784.95,27784.95,,,TWSE MI_5MINS_HIST,https://www.twse.com.tw/rwd/zh/TAIEX/MI_5MINS_HIST?date=20251101&response=json,2025-11-11 14:00 Asia/Taipei,premarket trade_date may only use row.date < trade_date
2025-11-12,TAIEX,加權指數,27853.47,28071.76,27799.92,27947.09,,,TWSE MI_5MINS_HIST,https://www.twse.com.tw/rwd/zh/TAIEX/MI_5MINS_HIST?date=20251101&response=json,2025-11-12 14:00 Asia/Taipei,premarket trade_date may only use row.date < trade_date
2025-11-13,TAIEX,加權指數,27867.59,28038.24,27811.81,27903.56,,,TWSE MI_5MINS_HIST,https://www.twse.com.tw/rwd/zh/TAIEX/MI_5MINS_HIST?date=20251101&response=json,2025-11-13 14:00 Asia/Taipei,premarket trade_date may only use row.date < trade_date
2025-11-14,TAIEX,加權指數,27816.45,27816.45,27383.34,27397.5,,,TWSE MI_5MINS_HIST,https://www.twse.com.tw/rwd/zh/TAIEX/MI_5MINS_HIST?date=20251101&response=json,2025-11-14 14:00 Asia/Taipei,premarket trade_date may only use row.date < trade_date
2025-11-17,TAIEX,加權指數,27600.74,27723.77,27447.31,27447.31,,,TWSE MI_5MINS_HIST,https://www.twse.com.tw/rwd/zh/TAIEX/MI_5MINS_HIST?date=20251101&response=json,2025-11-17 14:00 Asia/Taipei,premarket trade_date may only use row.date < trade_date
2025-11-18,TAIEX,加權指數,27310.4,27310.4,26756.12,26756.12,,,TWSE MI_5MINS_HIST,https://www.twse.com.tw/rwd/zh/TAIEX/MI_5MINS_HIST?date=20251101&response=json,2025-11-18 14:00 Asia/Taipei,premarket trade_date may only use row.date < trade_date
2025-11-19,TAIEX,加權指數,26708.28,26902.97,26580.12,26580.12,,,TWSE MI_5MINS_HIST,https://www.twse.com.tw/rwd/zh/TAIEX/MI_5MINS_HIST?date=20251101&response=json,2025-11-19 14:00 Asia/Taipei,premarket trade_date may only use row.date < trade_date
2025-11-20,TAIEX,加權指數,27212.91,27493.63,27183.03,27426.36,,,TWSE MI_5MINS_HIST,https://www.twse.com.tw/rwd/zh/TAIEX/MI_5MINS_HIST?date=20251101&response=json,2025-11-20 14:00 Asia/Taipei,premarket trade_date may only use row.date < trade_date
2025-11-21,TAIEX,加權指數,26821.97,26821.97,26395.98,26434.94,,,TWSE MI_5MINS_HIST,https://www.twse.com.tw/rwd/zh/TAIEX/MI_5MINS_HIST?date=20251101&response=json,2025-11-21 14:00 Asia/Taipei,premarket trade_date may only use row.date < trade_date
2025-11-24,TAIEX,加權指數,26596.03,26764.13,26482.33,26504.24,,,TWSE MI_5MINS_HIST,https://www.twse.com.tw/rwd/zh/TAIEX/MI_5MINS_HIST?date=20251101&response=json,2025-11-24 14:00 Asia/Taipei,premarket trade_date may only use row.date < trade_date
2025-11-25,TAIEX,加權指數,26995.9,27118.02,26793.71,26912.17,,,TWSE MI_5MINS_HIST,https://www.twse.com.tw/rwd/zh/TAIEX/MI_5MINS_HIST?date=20251101&response=json,2025-11-25 14:00 Asia/Taipei,premarket trade_date may only use row.date < trade_date
2025-11-26,TAIEX,加權指數,27063.17,27409.54,27063.17,27409.54,,,TWSE MI_5MINS_HIST,https://www.twse.com.tw/rwd/zh/TAIEX/MI_5MINS_HIST?date=20251101&response=json,2025-11-26 14:00 Asia/Taipei,premarket trade_date may only use row.date < trade_date
2025-11-27,TAIEX,加權指數,27517.24,27659.06,27436.59,27554.53,,,TWSE MI_5MINS_HIST,https://www.twse.com.tw/rwd/zh/TAIEX/MI_5MINS_HIST?date=20251101&response=json,2025-11-27 14:00 Asia/Taipei,premarket trade_date may only use row.date < trade_date
2025-11-28,TAIEX,加權指數,27566.12,27796.9,27566.12,27626.48,,,TWSE MI_5MINS_HIST,https://www.twse.com.tw/rwd/zh/TAIEX/MI_5MINS_HIST?date=20251101&response=json,2025-11-28 14:00 Asia/Taipei,premarket trade_date may only use row.date < trade_date
2025-12-01,TAIEX,加權指數,27674.16,27697.06,27342.53,27342.53,,,TWSE MI_5MINS_HIST,https://www.twse.com.tw/rwd/zh/TAIEX/MI_5MINS_HIST?date=20251201&response=json,2025-12-01 14:00 Asia/Taipei,premarket trade_date may only use row.date < trade_date
2025-12-02,TAIEX,加權指數,27550.35,27741.89,27477.1,27564.27,,,TWSE MI_5MINS_HIST,https://www.twse.com.tw/rwd/zh/TAIEX/MI_5MINS_HIST?date=20251201&response=json,2025-12-02 14:00 Asia/Taipei,premarket trade_date may only use row.date < trade_date
2025-12-03,TAIEX,加權指數,27605.63,27847.67,27605.63,27793.04,,,TWSE MI_5MINS_HIST,https://www.twse.com.tw/rwd/zh/TAIEX/MI_5MINS_HIST?date=20251201&response=json,2025-12-03 14:00 Asia/Taipei,premarket trade_date may only use row.date < trade_date
2025-12-04,TAIEX,加權指數,27773.42,27880.23,27636.63,27795.71,,,TWSE MI_5MINS_HIST,https://www.twse.com.tw/rwd/zh/TAIEX/MI_5MINS_HIST?date=20251201&response=json,2025-12-04 14:00 Asia/Taipei,premarket trade_date may only use row.date < trade_date
2025-12-05,TAIEX,加權指數,27796.43,27980.89,27738.5,27980.89,,,TWSE MI_5MINS_HIST,https://www.twse.com.tw/rwd/zh/TAIEX/MI_5MINS_HIST?date=20251201&response=json,2025-12-05 14:00 Asia/Taipei,premarket trade_date may only use row.date < trade_date
2025-12-08,TAIEX,加權指數,28034.0,28303.78,28026.39,28303.78,,,TWSE MI_5MINS_HIST,https://www.twse.com.tw/rwd/zh/TAIEX/MI_5MINS_HIST?date=20251201&response=json,2025-12-08 14:00 Asia/Taipei,premarket trade_date may only use row.date < trade_date
2025-12-09,TAIEX,加權指數,28364.04,28390.24,28157.27,28182.6,,,TWSE MI_5MINS_HIST,https://www.twse.com.tw/rwd/zh/TAIEX/MI_5MINS_HIST?date=20251201&response=json,2025-12-09 14:00 Asia/Taipei,premarket trade_date may only use row.date < trade_date
2025-12-10,TAIEX,加權指數,28190.76,28417.09,28190.76,28400.73,,,TWSE MI_5MINS_HIST,https://www.twse.com.tw/rwd/zh/TAIEX/MI_5MINS_HIST?date=20251201&response=json,2025-12-10 14:00 Asia/Taipei,premarket trade_date may only use row.date < trade_date
2025-12-11,TAIEX,加權指數,28385.23,28568.02,27984.19,28024.75,,,TWSE MI_5MINS_HIST,https://www.twse.com.tw/rwd/zh/TAIEX/MI_5MINS_HIST?date=20251201&response=json,2025-12-11 14:00 Asia/Taipei,premarket trade_date may only use row.date < trade_date
2025-12-12,TAIEX,加權指數,28097.54,28272.06,28071.34,28198.02,,,TWSE MI_5MINS_HIST,https://www.twse.com.tw/rwd/zh/TAIEX/MI_5MINS_HIST?date=20251201&response=json,2025-12-12 14:00 Asia/Taipei,premarket trade_date may only use row.date < trade_date
2025-12-15,TAIEX,加權指數,28119.79,28119.79,27684.87,27866.94,,,TWSE MI_5MINS_HIST,https://www.twse.com.tw/rwd/zh/TAIEX/MI_5MINS_HIST?date=20251201&response=json,2025-12-15 14:00 Asia/Taipei,premarket trade_date may only use row.date < trade_date
2025-12-16,TAIEX,加權指數,27721.1,27740.66,27355.67,27536.66,,,TWSE MI_5MINS_HIST,https://www.twse.com.tw/rwd/zh/TAIEX/MI_5MINS_HIST?date=20251201&response=json,2025-12-16 14:00 Asia/Taipei,premarket trade_date may only use row.date < trade_date
2025-12-17,TAIEX,加權指數,27596.18,27780.69,27469.6,27525.17,,,TWSE MI_5MINS_HIST,https://www.twse.com.tw/rwd/zh/TAIEX/MI_5MINS_HIST?date=20251201&response=json,2025-12-17 14:00 Asia/Taipei,premarket trade_date may only use row.date < trade_date
2025-12-18,TAIEX,加權指數,27447.45,27569.44,27350.77,27468.53,,,TWSE MI_5MINS_HIST,https://www.twse.com.tw/rwd/zh/TAIEX/MI_5MINS_HIST?date=20251201&response=json,2025-12-18 14:00 Asia/Taipei,premarket trade_date may only use row.date < trade_date
2025-12-19,TAIEX,加權指數,27685.74,27869.78,27672.05,27696.35,,,TWSE MI_5MINS_HIST,https://www.twse.com.tw/rwd/zh/TAIEX/MI_5MINS_HIST?date=20251201&response=json,2025-12-19 14:00 Asia/Taipei,premarket trade_date may only use row.date < trade_date
2025-12-22,TAIEX,加權指數,27986.66,28168.75,27986.66,28149.64,,,TWSE MI_5MINS_HIST,https://www.twse.com.tw/rwd/zh/TAIEX/MI_5MINS_HIST?date=20251201&response=json,2025-12-22 14:00 Asia/Taipei,premarket trade_date may only use row.date < trade_date
2025-12-23,TAIEX,加權指數,28253.14,28350.37,28212.84,28310.47,,,TWSE MI_5MINS_HIST,https://www.twse.com.tw/rwd/zh/TAIEX/MI_5MINS_HIST?date=20251201&response=json,2025-12-23 14:00 Asia/Taipei,premarket trade_date may only use row.date < trade_date
2025-12-24,TAIEX,加權指數,28383.61,28486.38,28280.59,28371.98,,,TWSE MI_5MINS_HIST,https://www.twse.com.tw/rwd/zh/TAIEX/MI_5MINS_HIST?date=20251201&response=json,2025-12-24 14:00 Asia/Taipei,premarket trade_date may only use row.date < trade_date
2025-12-26,TAIEX,加權指數,28443.48,28590.91,28404.34,28556.02,,,TWSE MI_5MINS_HIST,https://www.twse.com.tw/rwd/zh/TAIEX/MI_5MINS_HIST?date=20251201&response=json,2025-12-26 14:00 Asia/Taipei,premarket trade_date may only use row.date < trade_date
2025-12-29,TAIEX,加權指數,28662.79,28841.64,28595.35,28810.89,,,TWSE MI_5MINS_HIST,https://www.twse.com.tw/rwd/zh/TAIEX/MI_5MINS_HIST?date=20251201&response=json,2025-12-29 14:00 Asia/Taipei,premarket trade_date may only use row.date < trade_date
2025-12-30,TAIEX,加權指數,28723.82,28833.03,28553.64,28707.13,,,TWSE MI_5MINS_HIST,https://www.twse.com.tw/rwd/zh/TAIEX/MI_5MINS_HIST?date=20251201&response=json,2025-12-30 14:00 Asia/Taipei,premarket trade_date may only use row.date < trade_date
2025-12-31,TAIEX,加權指數,28723.49,29009.81,28687.9,28963.6,,,TWSE MI_5MINS_HIST,https://www.twse.com.tw/rwd/zh/TAIEX/MI_5MINS_HIST?date=20251201&response=json,2025-12-31 14:00 Asia/Taipei,premarket trade_date may only use row.date < trade_date
2026-01-02,TAIEX,加權指數,29016.68,29363.43,29007.75,29349.81,,,TWSE MI_5MINS_HIST,https://www.twse.com.tw/rwd/zh/TAIEX/MI_5MINS_HIST?date=20260101&response=json,2026-01-02 14:00 Asia/Taipei,premarket trade_date may only use row.date < trade_date
2026-01-05,TAIEX,加權指數,29779.7,30339.32,29779.7,30105.04,,,TWSE MI_5MINS_HIST,https://www.twse.com.tw/rwd/zh/TAIEX/MI_5MINS_HIST?date=20260101&response=json,2026-01-05 14:00 Asia/Taipei,premarket trade_date may only use row.date < trade_date
2026-01-06,TAIEX,加權指數,29933.65,30576.3,29933.65,30576.3,,,TWSE MI_5MINS_HIST,https://www.twse.com.tw/rwd/zh/TAIEX/MI_5MINS_HIST?date=20260101&response=json,2026-01-06 14:00 Asia/Taipei,premarket trade_date may only use row.date < trade_date
2026-01-07,TAIEX,加權指數,30412.32,30570.26,30306.16,30435.47,,,TWSE MI_5MINS_HIST,https://www.twse.com.tw/rwd/zh/TAIEX/MI_5MINS_HIST?date=20260101&response=json,2026-01-07 14:00 Asia/Taipei,premarket trade_date may only use row.date < trade_date
2026-01-08,TAIEX,加權指數,30330.58,30593.49,30268.36,30360.55,,,TWSE MI_5MINS_HIST,https://www.twse.com.tw/rwd/zh/TAIEX/MI_5MINS_HIST?date=20260101&response=json,2026-01-08 14:00 Asia/Taipei,premarket trade_date may only use row.date < trade_date
2026-01-09,TAIEX,加權指數,30370.45,30500.42,29925.49,30288.96,,,TWSE MI_5MINS_HIST,https://www.twse.com.tw/rwd/zh/TAIEX/MI_5MINS_HIST?date=20260101&response=json,2026-01-09 14:00 Asia/Taipei,premarket trade_date may only use row.date < trade_date
2026-01-12,TAIEX,加權指數,30472.7,30681.99,30472.7,30567.29,,,TWSE MI_5MINS_HIST,https://www.twse.com.tw/rwd/zh/TAIEX/MI_5MINS_HIST?date=20260101&response=json,2026-01-12 14:00 Asia/Taipei,premarket trade_date may only use row.date < trade_date
2026-01-13,TAIEX,加權指數,30630.86,30973.85,30529.33,30707.22,,,TWSE MI_5MINS_HIST,https://www.twse.com.tw/rwd/zh/TAIEX/MI_5MINS_HIST?date=20260101&response=json,2026-01-13 14:00 Asia/Taipei,premarket trade_date may only use row.date < trade_date
2026-01-14,TAIEX,加權指數,30742.53,30994.81,30742.53,30941.78,,,TWSE MI_5MINS_HIST,https://www.twse.com.tw/rwd/zh/TAIEX/MI_5MINS_HIST?date=20260101&response=json,2026-01-14 14:00 Asia/Taipei,premarket trade_date may only use row.date < trade_date
2026-01-15,TAIEX,加權指數,30746.98,30877.31,30663.87,30810.58,,,TWSE MI_5MINS_HIST,https://www.twse.com.tw/rwd/zh/TAIEX/MI_5MINS_HIST?date=20260101&response=json,2026-01-15 14:00 Asia/Taipei,premarket trade_date may only use row.date < trade_date
2026-01-16,TAIEX,加權指數,30844.63,31475.22,30844.63,31408.7,,,TWSE MI_5MINS_HIST,https://www.twse.com.tw/rwd/zh/TAIEX/MI_5MINS_HIST?date=20260101&response=json,2026-01-16 14:00 Asia/Taipei,premarket trade_date may only use row.date < trade_date
2026-01-19,TAIEX,加權指數,31336.77,31827.39,31285.53,31639.29,,,TWSE MI_5MINS_HIST,https://www.twse.com.tw/rwd/zh/TAIEX/MI_5MINS_HIST?date=20260101&response=json,2026-01-19 14:00 Asia/Taipei,premarket trade_date may only use row.date < trade_date
2026-01-20,TAIEX,加權指數,31584.34,31759.99,31340.1,31759.99,,,TWSE MI_5MINS_HIST,https://www.twse.com.tw/rwd/zh/TAIEX/MI_5MINS_HIST?date=20260101&response=json,2026-01-20 14:00 Asia/Taipei,premarket trade_date may only use row.date < trade_date
2026-01-21,TAIEX,加權指數,31749.14,31749.14,31200.76,31246.37,,,TWSE MI_5MINS_HIST,https://www.twse.com.tw/rwd/zh/TAIEX/MI_5MINS_HIST?date=20260101&response=json,2026-01-21 14:00 Asia/Taipei,premarket trade_date may only use row.date < trade_date
2026-01-22,TAIEX,加權指數,31371.13,31890.62,31371.13,31746.08,,,TWSE MI_5MINS_HIST,https://www.twse.com.tw/rwd/zh/TAIEX/MI_5MINS_HIST?date=20260101&response=json,2026-01-22 14:00 Asia/Taipei,premarket trade_date may only use row.date < trade_date
2026-01-23,TAIEX,加權指數,31788.77,32042.44,31693.15,31961.51,,,TWSE MI_5MINS_HIST,https://www.twse.com.tw/rwd/zh/TAIEX/MI_5MINS_HIST?date=20260101&response=json,2026-01-23 14:00 Asia/Taipei,premarket trade_date may only use row.date < trade_date
2026-01-26,TAIEX,加權指數,32002.56,32196.75,31989.86,32064.52,,,TWSE MI_5MINS_HIST,https://www.twse.com.tw/rwd/zh/TAIEX/MI_5MINS_HIST?date=20260101&response=json,2026-01-26 14:00 Asia/Taipei,premarket trade_date may only use row.date < trade_date
2026-01-27,TAIEX,加權指數,32095.08,32428.17,32095.08,32317.92,,,TWSE MI_5MINS_HIST,https://www.twse.com.tw/rwd/zh/TAIEX/MI_5MINS_HIST?date=20260101&response=json,2026-01-27 14:00 Asia/Taipei,premarket trade_date may only use row.date < trade_date
2026-01-28,TAIEX,加權指數,32381.76,32803.82,32381.76,32803.82,,,TWSE MI_5MINS_HIST,https://www.twse.com.tw/rwd/zh/TAIEX/MI_5MINS_HIST?date=20260101&response=json,2026-01-28 14:00 Asia/Taipei,premarket trade_date may only use row.date < trade_date
2026-01-29,TAIEX,加權指數,32828.02,32996.03,32472.45,32536.27,,,TWSE MI_5MINS_HIST,https://www.twse.com.tw/rwd/zh/TAIEX/MI_5MINS_HIST?date=20260101&response=json,2026-01-29 14:00 Asia/Taipei,premarket trade_date may only use row.date < trade_date
2026-01-30,TAIEX,加權指數,32555.52,32555.52,32004.96,32063.75,,,TWSE MI_5MINS_HIST,https://www.twse.com.tw/rwd/zh/TAIEX/MI_5MINS_HIST?date=20260101&response=json,2026-01-30 14:00 Asia/Taipei,premarket trade_date may only use row.date < trade_date
2026-02-02,TAIEX,加權指數,32008.46,32008.46,31359.95,31624.03,,,TWSE MI_5MINS_HIST,https://www.twse.com.tw/rwd/zh/TAIEX/MI_5MINS_HIST?date=20260201&response=json,2026-02-02 14:00 Asia/Taipei,premarket trade_date may only use row.date < trade_date
2026-02-03,TAIEX,加權指數,31737.66,32293.83,31737.66,32195.36,,,TWSE MI_5MINS_HIST,https://www.twse.com.tw/rwd/zh/TAIEX/MI_5MINS_HIST?date=20260201&response=json,2026-02-03 14:00 Asia/Taipei,premarket trade_date may only use row.date < trade_date
2026-02-04,TAIEX,加權指數,32196.57,32380.0,31942.28,32289.81,,,TWSE MI_5MINS_HIST,https://www.twse.com.tw/rwd/zh/TAIEX/MI_5MINS_HIST?date=20260201&response=json,2026-02-04 14:00 Asia/Taipei,premarket trade_date may only use row.date < trade_date
2026-02-05,TAIEX,加權指數,32241.64,32241.64,31769.08,31801.27,,,TWSE MI_5MINS_HIST,https://www.twse.com.tw/rwd/zh/TAIEX/MI_5MINS_HIST?date=20260201&response=json,2026-02-05 14:00 Asia/Taipei,premarket trade_date may only use row.date < trade_date
2026-02-06,TAIEX,加權指數,31746.44,31842.62,31164.28,31782.92,,,TWSE MI_5MINS_HIST,https://www.twse.com.tw/rwd/zh/TAIEX/MI_5MINS_HIST?date=20260201&response=json,2026-02-06 14:00 Asia/Taipei,premarket trade_date may only use row.date < trade_date
2026-02-09,TAIEX,加權指數,31956.21,32666.05,31956.21,32404.62,,,TWSE MI_5MINS_HIST,https://www.twse.com.tw/rwd/zh/TAIEX/MI_5MINS_HIST?date=20260201&response=json,2026-02-09 14:00 Asia/Taipei,premarket trade_date may only use row.date < trade_date
2026-02-10,TAIEX,加權指數,32439.71,33072.97,32439.71,33072.97,,,TWSE MI_5MINS_HIST,https://www.twse.com.tw/rwd/zh/TAIEX/MI_5MINS_HIST?date=20260201&response=json,2026-02-10 14:00 Asia/Taipei,premarket trade_date may only use row.date < trade_date
2026-02-11,TAIEX,加權指數,33086.15,33707.83,33071.67,33605.71,,,TWSE MI_5MINS_HIST,https://www.twse.com.tw/rwd/zh/TAIEX/MI_5MINS_HIST?date=20260201&response=json,2026-02-11 14:00 Asia/Taipei,premarket trade_date may only use row.date < trade_date
2026-02-23,TAIEX,加權指數,33663.02,34212.38,33663.02,33773.26,,,TWSE MI_5MINS_HIST,https://www.twse.com.tw/rwd/zh/TAIEX/MI_5MINS_HIST?date=20260201&response=json,2026-02-23 14:00 Asia/Taipei,premarket trade_date may only use row.date < trade_date
2026-02-24,TAIEX,加權指數,34020.71,34786.42,33987.51,34700.82,,,TWSE MI_5MINS_HIST,https://www.twse.com.tw/rwd/zh/TAIEX/MI_5MINS_HIST?date=20260201&response=json,2026-02-24 14:00 Asia/Taipei,premarket trade_date may only use row.date < trade_date
2026-02-25,TAIEX,加權指數,34753.31,35521.54,34753.31,35413.07,,,TWSE MI_5MINS_HIST,https://www.twse.com.tw/rwd/zh/TAIEX/MI_5MINS_HIST?date=20260201&response=json,2026-02-25 14:00 Asia/Taipei,premarket trade_date may only use row.date < trade_date
2026-02-26,TAIEX,加權指數,35457.76,35579.34,35171.52,35414.49,,,TWSE MI_5MINS_HIST,https://www.twse.com.tw/rwd/zh/TAIEX/MI_5MINS_HIST?date=20260201&response=json,2026-02-26 14:00 Asia/Taipei,premarket trade_date may only use row.date < trade_date
2026-03-02,TAIEX,加權指數,35277.48,35345.72,34605.36,35095.09,,,TWSE MI_5MINS_HIST,https://www.twse.com.tw/rwd/zh/TAIEX/MI_5MINS_HIST?date=20260301&response=json,2026-03-02 14:00 Asia/Taipei,premarket trade_date may only use row.date < trade_date
2026-03-03,TAIEX,加權指數,35106.22,35264.59,34323.65,34323.65,,,TWSE MI_5MINS_HIST,https://www.twse.com.tw/rwd/zh/TAIEX/MI_5MINS_HIST?date=20260301&response=json,2026-03-03 14:00 Asia/Taipei,premarket trade_date may only use row.date < trade_date
2026-03-04,TAIEX,加權指數,34228.75,34228.75,32828.88,32828.88,,,TWSE MI_5MINS_HIST,https://www.twse.com.tw/rwd/zh/TAIEX/MI_5MINS_HIST?date=20260301&response=json,2026-03-04 14:00 Asia/Taipei,premarket trade_date may only use row.date < trade_date
2026-03-05,TAIEX,加權指數,33620.74,34319.68,33472.91,33672.94,,,TWSE MI_5MINS_HIST,https://www.twse.com.tw/rwd/zh/TAIEX/MI_5MINS_HIST?date=20260301&response=json,2026-03-05 14:00 Asia/Taipei,premarket trade_date may only use row.date < trade_date
2026-03-06,TAIEX,加權指數,33483.94,33829.49,33322.52,33599.54,,,TWSE MI_5MINS_HIST,https://www.twse.com.tw/rwd/zh/TAIEX/MI_5MINS_HIST?date=20260301&response=json,2026-03-06 14:00 Asia/Taipei,premarket trade_date may only use row.date < trade_date
2026-03-09,TAIEX,加權指數,32354.61,32354.61,31529.36,32110.42,,,TWSE MI_5MINS_HIST,https://www.twse.com.tw/rwd/zh/TAIEX/MI_5MINS_HIST?date=20260301&response=json,2026-03-09 14:00 Asia/Taipei,premarket trade_date may only use row.date < trade_date
2026-03-10,TAIEX,加權指數,32692.37,33256.69,32455.2,32771.87,,,TWSE MI_5MINS_HIST,https://www.twse.com.tw/rwd/zh/TAIEX/MI_5MINS_HIST?date=20260301&response=json,2026-03-10 14:00 Asia/Taipei,premarket trade_date may only use row.date < trade_date
2026-03-11,TAIEX,加權指數,33128.49,34218.66,33128.49,34114.19,,,TWSE MI_5MINS_HIST,https://www.twse.com.tw/rwd/zh/TAIEX/MI_5MINS_HIST?date=20260301&response=json,2026-03-11 14:00 Asia/Taipei,premarket trade_date may only use row.date < trade_date
2026-03-12,TAIEX,加權指數,33816.15,34019.48,33458.64,33581.86,,,TWSE MI_5MINS_HIST,https://www.twse.com.tw/rwd/zh/TAIEX/MI_5MINS_HIST?date=20260301&response=json,2026-03-12 14:00 Asia/Taipei,premarket trade_date may only use row.date < trade_date
2026-03-13,TAIEX,加權指數,33215.78,33639.18,33013.46,33400.32,,,TWSE MI_5MINS_HIST,https://www.twse.com.tw/rwd/zh/TAIEX/MI_5MINS_HIST?date=20260301&response=json,2026-03-13 14:00 Asia/Taipei,premarket trade_date may only use row.date < trade_date
2026-03-16,TAIEX,加權指數,33541.25,33765.81,33278.06,33342.51,,,TWSE MI_5MINS_HIST,https://www.twse.com.tw/rwd/zh/TAIEX/MI_5MINS_HIST?date=20260301&response=json,2026-03-16 14:00 Asia/Taipei,premarket trade_date may only use row.date < trade_date
2026-03-17,TAIEX,加權指數,33380.84,34008.7,33380.84,33836.57,,,TWSE MI_5MINS_HIST,https://www.twse.com.tw/rwd/zh/TAIEX/MI_5MINS_HIST?date=20260301&response=json,2026-03-17 14:00 Asia/Taipei,premarket trade_date may only use row.date < trade_date
2026-03-18,TAIEX,加權指數,33929.28,34423.66,33929.28,34348.58,,,TWSE MI_5MINS_HIST,https://www.twse.com.tw/rwd/zh/TAIEX/MI_5MINS_HIST?date=20260301&response=json,2026-03-18 14:00 Asia/Taipei,premarket trade_date may only use row.date < trade_date
2026-03-19,TAIEX,加權指數,34279.12,34279.12,33663.78,33689.68,,,TWSE MI_5MINS_HIST,https://www.twse.com.tw/rwd/zh/TAIEX/MI_5MINS_HIST?date=20260301&response=json,2026-03-19 14:00 Asia/Taipei,premarket trade_date may only use row.date < trade_date
2026-03-20,TAIEX,加權指數,33719.85,33989.18,33379.24,33543.88,,,TWSE MI_5MINS_HIST,https://www.twse.com.tw/rwd/zh/TAIEX/MI_5MINS_HIST?date=20260301&response=json,2026-03-20 14:00 Asia/Taipei,premarket trade_date may only use row.date < trade_date
2026-03-23,TAIEX,加權指數,33334.0,33334.0,32461.09,32722.5,,,TWSE MI_5MINS_HIST,https://www.twse.com.tw/rwd/zh/TAIEX/MI_5MINS_HIST?date=20260301&response=json,2026-03-23 14:00 Asia/Taipei,premarket trade_date may only use row.date < trade_date
2026-03-24,TAIEX,加權指數,33062.89,33361.46,32434.54,32612.24,,,TWSE MI_5MINS_HIST,https://www.twse.com.tw/rwd/zh/TAIEX/MI_5MINS_HIST?date=20260301&response=json,2026-03-24 14:00 Asia/Taipei,premarket trade_date may only use row.date < trade_date
2026-03-25,TAIEX,加權指數,32725.27,33705.75,32725.27,33439.11,,,TWSE MI_5MINS_HIST,https://www.twse.com.tw/rwd/zh/TAIEX/MI_5MINS_HIST?date=20260301&response=json,2026-03-25 14:00 Asia/Taipei,premarket trade_date may only use row.date < trade_date
2026-03-26,TAIEX,加權指數,33575.6,33892.56,33337.62,33337.62,,,TWSE MI_5MINS_HIST,https://www.twse.com.tw/rwd/zh/TAIEX/MI_5MINS_HIST?date=20260301&response=json,2026-03-26 14:00 Asia/Taipei,premarket trade_date may only use row.date < trade_date
2026-03-27,TAIEX,加權指數,33267.25,33267.25,32669.39,33112.59,,,TWSE MI_5MINS_HIST,https://www.twse.com.tw/rwd/zh/TAIEX/MI_5MINS_HIST?date=20260301&response=json,2026-03-27 14:00 Asia/Taipei,premarket trade_date may only use row.date < trade_date
2026-03-30,TAIEX,加權指數,33009.68,33009.68,32326.37,32518.16,,,TWSE MI_5MINS_HIST,https://www.twse.com.tw/rwd/zh/TAIEX/MI_5MINS_HIST?date=20260301&response=json,2026-03-30 14:00 Asia/Taipei,premarket trade_date may only use row.date < trade_date
2026-03-31,TAIEX,加權指數,32419.0,32453.38,31705.99,31722.99,,,TWSE MI_5MINS_HIST,https://www.twse.com.tw/rwd/zh/TAIEX/MI_5MINS_HIST?date=20260301&response=json,2026-03-31 14:00 Asia/Taipei,premarket trade_date may only use row.date < trade_date
2026-04-01,TAIEX,加權指數,31892.33,33182.22,31892.33,33174.82,,,TWSE MI_5MINS_HIST,https://www.twse.com.tw/rwd/zh/TAIEX/MI_5MINS_HIST?date=20260401&response=json,2026-04-01 14:00 Asia/Taipei,premarket trade_date may only use row.date < trade_date
2026-04-02,TAIEX,加權指數,33218.02,33497.58,32516.94,32572.43,,,TWSE MI_5MINS_HIST,https://www.twse.com.tw/rwd/zh/TAIEX/MI_5MINS_HIST?date=20260401&response=json,2026-04-02 14:00 Asia/Taipei,premarket trade_date may only use row.date < trade_date
2026-04-07,TAIEX,加權指數,32671.52,33264.22,32671.52,33229.82,,,TWSE MI_5MINS_HIST,https://www.twse.com.tw/rwd/zh/TAIEX/MI_5MINS_HIST?date=20260401&response=json,2026-04-07 14:00 Asia/Taipei,premarket trade_date may only use row.date < trade_date
2026-04-08,TAIEX,加權指數,33379.5,34761.38,33379.5,34761.38,,,TWSE MI_5MINS_HIST,https://www.twse.com.tw/rwd/zh/TAIEX/MI_5MINS_HIST?date=20260401&response=json,2026-04-08 14:00 Asia/Taipei,premarket trade_date may only use row.date < trade_date
2026-04-09,TAIEX,加權指數,34779.96,34884.45,34617.34,34861.16,,,TWSE MI_5MINS_HIST,https://www.twse.com.tw/rwd/zh/TAIEX/MI_5MINS_HIST?date=20260401&response=json,2026-04-09 14:00 Asia/Taipei,premarket trade_date may only use row.date < trade_date
2026-04-10,TAIEX,加權指數,34950.87,35417.83,34950.87,35417.83,,,TWSE MI_5MINS_HIST,https://www.twse.com.tw/rwd/zh/TAIEX/MI_5MINS_HIST?date=20260401&response=json,2026-04-10 14:00 Asia/Taipei,premarket trade_date may only use row.date < trade_date
2026-04-13,TAIEX,加權指數,35422.91,35552.49,35261.73,35457.29,,,TWSE MI_5MINS_HIST,https://www.twse.com.tw/rwd/zh/TAIEX/MI_5MINS_HIST?date=20260401&response=json,2026-04-13 14:00 Asia/Taipei,premarket trade_date may only use row.date < trade_date
2026-04-14,TAIEX,加權指數,35584.09,36341.44,35584.09,36296.12,,,TWSE MI_5MINS_HIST,https://www.twse.com.tw/rwd/zh/TAIEX/MI_5MINS_HIST?date=20260401&response=json,2026-04-14 14:00 Asia/Taipei,premarket trade_date may only use row.date < trade_date
2026-04-15,TAIEX,加權指數,36369.11,37064.16,36369.11,36722.14,,,TWSE MI_5MINS_HIST,https://www.twse.com.tw/rwd/zh/TAIEX/MI_5MINS_HIST?date=20260401&response=json,2026-04-15 14:00 Asia/Taipei,premarket trade_date may only use row.date < trade_date
2026-04-16,TAIEX,加權指數,36759.53,37135.55,36751.09,37132.02,,,TWSE MI_5MINS_HIST,https://www.twse.com.tw/rwd/zh/TAIEX/MI_5MINS_HIST?date=20260401&response=json,2026-04-16 14:00 Asia/Taipei,premarket trade_date may only use row.date < trade_date
2026-04-17,TAIEX,加權指數,37145.66,37145.66,36776.28,36804.34,,,TWSE MI_5MINS_HIST,https://www.twse.com.tw/rwd/zh/TAIEX/MI_5MINS_HIST?date=20260401&response=json,2026-04-17 14:00 Asia/Taipei,premarket trade_date may only use row.date < trade_date
2026-04-20,TAIEX,加權指數,36850.24,37344.5,36850.24,36958.8,,,TWSE MI_5MINS_HIST,https://www.twse.com.tw/rwd/zh/TAIEX/MI_5MINS_HIST?date=20260401&response=json,2026-04-20 14:00 Asia/Taipei,premarket trade_date may only use row.date < trade_date
2026-04-21,TAIEX,加權指數,37051.25,37781.83,37051.25,37605.11,,,TWSE MI_5MINS_HIST,https://www.twse.com.tw/rwd/zh/TAIEX/MI_5MINS_HIST?date=20260401&response=json,2026-04-21 14:00 Asia/Taipei,premarket trade_date may only use row.date < trade_date
2026-04-22,TAIEX,加權指數,37627.2,38096.88,37623.38,37878.47,,,TWSE MI_5MINS_HIST,https://www.twse.com.tw/rwd/zh/TAIEX/MI_5MINS_HIST?date=20260401&response=json,2026-04-22 14:00 Asia/Taipei,premarket trade_date may only use row.date < trade_date
2026-04-23,TAIEX,加權指數,37971.69,38921.95,37164.44,37714.15,,,TWSE MI_5MINS_HIST,https://www.twse.com.tw/rwd/zh/TAIEX/MI_5MINS_HIST?date=20260401&response=json,2026-04-23 14:00 Asia/Taipei,premarket trade_date may only use row.date < trade_date
2026-04-24,TAIEX,加權指數,37862.65,38989.94,37862.65,38932.4,,,TWSE MI_5MINS_HIST,https://www.twse.com.tw/rwd/zh/TAIEX/MI_5MINS_HIST?date=20260401&response=json,2026-04-24 14:00 Asia/Taipei,premarket trade_date may only use row.date < trade_date
2026-04-27,TAIEX,加權指數,39858.19,40194.92,39607.74,39616.63,,,TWSE MI_5MINS_HIST,https://www.twse.com.tw/rwd/zh/TAIEX/MI_5MINS_HIST?date=20260401&response=json,2026-04-27 14:00 Asia/Taipei,premarket trade_date may only use row.date < trade_date
2026-04-28,TAIEX,加權指數,39531.93,40101.23,39521.73,39521.73,,,TWSE MI_5MINS_HIST,https://www.twse.com.tw/rwd/zh/TAIEX/MI_5MINS_HIST?date=20260401&response=json,2026-04-28 14:00 Asia/Taipei,premarket trade_date may only use row.date < trade_date
2026-04-29,TAIEX,加權指數,39176.24,39548.18,38896.3,39303.5,,,TWSE MI_5MINS_HIST,https://www.twse.com.tw/rwd/zh/TAIEX/MI_5MINS_HIST?date=20260401&response=json,2026-04-29 14:00 Asia/Taipei,premarket trade_date may only use row.date < trade_date
2026-04-30,TAIEX,加權指數,39571.46,39848.22,38926.63,38926.63,,,TWSE MI_5MINS_HIST,https://www.twse.com.tw/rwd/zh/TAIEX/MI_5MINS_HIST?date=20260401&response=json,2026-04-30 14:00 Asia/Taipei,premarket trade_date may only use row.date < trade_date
2026-05-04,TAIEX,加權指數,39228.39,40755.52,39228.39,40705.14,,,TWSE MI_5MINS_HIST,https://www.twse.com.tw/rwd/zh/TAIEX/MI_5MINS_HIST?date=20260501&response=json,2026-05-04 14:00 Asia/Taipei,premarket trade_date may only use row.date < trade_date
2026-05-05,TAIEX,加權指數,40708.4,40885.05,40522.78,40769.29,,,TWSE MI_5MINS_HIST,https://www.twse.com.tw/rwd/zh/TAIEX/MI_5MINS_HIST?date=20260501&response=json,2026-05-05 14:00 Asia/Taipei,premarket trade_date may only use row.date < trade_date
2026-05-06,TAIEX,加權指數,40983.04,41575.84,40616.28,41138.85,,,TWSE MI_5MINS_HIST,https://www.twse.com.tw/rwd/zh/TAIEX/MI_5MINS_HIST?date=20260501&response=json,2026-05-06 14:00 Asia/Taipei,premarket trade_date may only use row.date < trade_date
2026-05-07,TAIEX,加權指數,41259.96,42156.06,41259.96,41933.78,,,TWSE MI_5MINS_HIST,https://www.twse.com.tw/rwd/zh/TAIEX/MI_5MINS_HIST?date=20260501&response=json,2026-05-07 14:00 Asia/Taipei,premarket trade_date may only use row.date < trade_date
2026-05-08,TAIEX,加權指數,41886.03,42038.6,41132.25,41603.94,,,TWSE MI_5MINS_HIST,https://www.twse.com.tw/rwd/zh/TAIEX/MI_5MINS_HIST?date=20260501&response=json,2026-05-08 14:00 Asia/Taipei,premarket trade_date may only use row.date < trade_date
2026-05-11,TAIEX,加權指數,41714.0,42021.78,41529.25,41790.06,,,TWSE MI_5MINS_HIST,https://www.twse.com.tw/rwd/zh/TAIEX/MI_5MINS_HIST?date=20260501&response=json,2026-05-11 14:00 Asia/Taipei,premarket trade_date may only use row.date < trade_date
2026-05-12,TAIEX,加權指數,41880.66,42253.42,41471.57,41898.32,,,TWSE MI_5MINS_HIST,https://www.twse.com.tw/rwd/zh/TAIEX/MI_5MINS_HIST?date=20260501&response=json,2026-05-12 14:00 Asia/Taipei,premarket trade_date may only use row.date < trade_date
2026-05-13,TAIEX,加權指數,41795.92,41795.92,41014.53,41374.5,,,TWSE MI_5MINS_HIST,https://www.twse.com.tw/rwd/zh/TAIEX/MI_5MINS_HIST?date=20260501&response=json,2026-05-13 14:00 Asia/Taipei,premarket trade_date may only use row.date < trade_date
2026-05-14,TAIEX,加權指數,41496.23,42205.62,41496.23,41751.75,,,TWSE MI_5MINS_HIST,https://www.twse.com.tw/rwd/zh/TAIEX/MI_5MINS_HIST?date=20260501&response=json,2026-05-14 14:00 Asia/Taipei,premarket trade_date may only use row.date < trade_date
2026-05-15,TAIEX,加權指數,41830.42,42408.66,41016.73,41172.36,,,TWSE MI_5MINS_HIST,https://www.twse.com.tw/rwd/zh/TAIEX/MI_5MINS_HIST?date=20260501&response=json,2026-05-15 14:00 Asia/Taipei,premarket trade_date may only use row.date < trade_date
2026-05-18,TAIEX,加權指數,41095.82,41095.82,40170.17,40891.82,,,TWSE MI_5MINS_HIST,https://www.twse.com.tw/rwd/zh/TAIEX/MI_5MINS_HIST?date=20260501&response=json,2026-05-18 14:00 Asia/Taipei,premarket trade_date may only use row.date < trade_date
2026-05-19,TAIEX,加權指數,40883.42,40951.56,40168.51,40175.56,,,TWSE MI_5MINS_HIST,https://www.twse.com.tw/rwd/zh/TAIEX/MI_5MINS_HIST?date=20260501&response=json,2026-05-19 14:00 Asia/Taipei,premarket trade_date may only use row.date < trade_date
2026-05-20,TAIEX,加權指數,40204.16,40439.04,39967.08,40020.82,,,TWSE MI_5MINS_HIST,https://www.twse.com.tw/rwd/zh/TAIEX/MI_5MINS_HIST?date=20260501&response=json,2026-05-20 14:00 Asia/Taipei,premarket trade_date may only use row.date < trade_date
2026-05-21,TAIEX,加權指數,40263.18,41606.91,40263.18,41368.21,,,TWSE MI_5MINS_HIST,https://www.twse.com.tw/rwd/zh/TAIEX/MI_5MINS_HIST?date=20260501&response=json,2026-05-21 14:00 Asia/Taipei,premarket trade_date may only use row.date < trade_date
2026-05-22,TAIEX,加權指數,41447.92,42357.6,41447.92,42267.97,,,TWSE MI_5MINS_HIST,https://www.twse.com.tw/rwd/zh/TAIEX/MI_5MINS_HIST?date=20260501&response=json,2026-05-22 14:00 Asia/Taipei,premarket trade_date may only use row.date < trade_date
2026-05-25,TAIEX,加權指數,42667.87,43645.78,42667.87,43644.4,,,TWSE MI_5MINS_HIST,https://www.twse.com.tw/rwd/zh/TAIEX/MI_5MINS_HIST?date=20260501&response=json,2026-05-25 14:00 Asia/Taipei,premarket trade_date may only use row.date < trade_date
2026-05-26,TAIEX,加權指數,43708.89,44097.63,43349.77,43525.37,,,TWSE MI_5MINS_HIST,https://www.twse.com.tw/rwd/zh/TAIEX/MI_5MINS_HIST?date=20260501&response=json,2026-05-26 14:00 Asia/Taipei,premarket trade_date may only use row.date < trade_date
2026-05-27,TAIEX,加權指數,43842.26,44818.25,43842.26,44256.8,,,TWSE MI_5MINS_HIST,https://www.twse.com.tw/rwd/zh/TAIEX/MI_5MINS_HIST?date=20260501&response=json,2026-05-27 14:00 Asia/Taipei,premarket trade_date may only use row.date < trade_date
2026-05-28,TAIEX,加權指數,44240.8,44954.09,43236.36,43636.44,,,TWSE MI_5MINS_HIST,https://www.twse.com.tw/rwd/zh/TAIEX/MI_5MINS_HIST?date=20260501&response=json,2026-05-28 14:00 Asia/Taipei,premarket trade_date may only use row.date < trade_date
2026-05-29,TAIEX,加權指數,43815.48,44933.95,43815.48,44732.94,,,TWSE MI_5MINS_HIST,https://www.twse.com.tw/rwd/zh/TAIEX/MI_5MINS_HIST?date=20260501&response=json,2026-05-29 14:00 Asia/Taipei,premarket trade_date may only use row.date < trade_date
2026-06-01,TAIEX,加權指數,44872.82,45931.1,44872.82,45337.91,,,TWSE MI_5MINS_HIST,https://www.twse.com.tw/rwd/zh/TAIEX/MI_5MINS_HIST?date=20260601&response=json,2026-06-01 14:00 Asia/Taipei,premarket trade_date may only use row.date < trade_date
2026-06-02,TAIEX,加權指數,45388.93,45915.92,44869.38,45557.31,,,TWSE MI_5MINS_HIST,https://www.twse.com.tw/rwd/zh/TAIEX/MI_5MINS_HIST?date=20260601&response=json,2026-06-02 14:00 Asia/Taipei,premarket trade_date may only use row.date < trade_date
2026-06-03,TAIEX,加權指數,45660.46,46552.16,45660.46,46459.16,,,TWSE MI_5MINS_HIST,https://www.twse.com.tw/rwd/zh/TAIEX/MI_5MINS_HIST?date=20260601&response=json,2026-06-03 14:00 Asia/Taipei,premarket trade_date may only use row.date < trade_date
2026-06-04,TAIEX,加權指數,46364.07,46364.07,45677.46,45677.46,,,TWSE MI_5MINS_HIST,https://www.twse.com.tw/rwd/zh/TAIEX/MI_5MINS_HIST?date=20260601&response=json,2026-06-04 14:00 Asia/Taipei,premarket trade_date may only use row.date < trade_date
2026-06-05,TAIEX,加權指數,45619.82,45619.82,44209.53,45070.94,,,TWSE MI_5MINS_HIST,https://www.twse.com.tw/rwd/zh/TAIEX/MI_5MINS_HIST?date=20260601&response=json,2026-06-05 14:00 Asia/Taipei,premarket trade_date may only use row.date < trade_date
2026-06-08,TAIEX,加權指數,44507.49,44507.49,42376.86,43502.78,,,TWSE MI_5MINS_HIST,https://www.twse.com.tw/rwd/zh/TAIEX/MI_5MINS_HIST?date=20260601&response=json,2026-06-08 14:00 Asia/Taipei,premarket trade_date may only use row.date < trade_date
2026-06-09,TAIEX,加權指數,43687.62,44821.71,43687.62,44704.44,,,TWSE MI_5MINS_HIST,https://www.twse.com.tw/rwd/zh/TAIEX/MI_5MINS_HIST?date=20260601&response=json,2026-06-09 14:00 Asia/Taipei,premarket trade_date may only use row.date < trade_date
2026-06-10,TAIEX,加權指數,44581.45,44676.49,43225.54,43225.54,,,TWSE MI_5MINS_HIST,https://www.twse.com.tw/rwd/zh/TAIEX/MI_5MINS_HIST?date=20260601&response=json,2026-06-10 14:00 Asia/Taipei,premarket trade_date may only use row.date < trade_date
2026-06-11,TAIEX,加權指數,43172.21,43463.03,42006.39,43149.46,,,TWSE MI_5MINS_HIST,https://www.twse.com.tw/rwd/zh/TAIEX/MI_5MINS_HIST?date=20260601&response=json,2026-06-11 14:00 Asia/Taipei,premarket trade_date may only use row.date < trade_date
2026-06-12,TAIEX,加權指數,43587.63,44798.88,43587.63,44169.04,,,TWSE MI_5MINS_HIST,https://www.twse.com.tw/rwd/zh/TAIEX/MI_5MINS_HIST?date=20260601&response=json,2026-06-12 14:00 Asia/Taipei,premarket trade_date may only use row.date < trade_date
2026-06-15,TAIEX,加權指數,44447.87,45483.63,44447.87,45396.99,,,TWSE MI_5MINS_HIST,https://www.twse.com.tw/rwd/zh/TAIEX/MI_5MINS_HIST?date=20260601&response=json,2026-06-15 14:00 Asia/Taipei,premarket trade_date may only use row.date < trade_date
2026-06-16,TAIEX,加權指數,45500.08,45809.19,45266.34,45809.19,,,TWSE MI_5MINS_HIST,https://www.twse.com.tw/rwd/zh/TAIEX/MI_5MINS_HIST?date=20260601&response=json,2026-06-16 14:00 Asia/Taipei,premarket trade_date may only use row.date < trade_date
2026-06-17,TAIEX,加權指數,45685.27,45877.39,45159.51,45877.39,,,TWSE MI_5MINS_HIST,https://www.twse.com.tw/rwd/zh/TAIEX/MI_5MINS_HIST?date=20260601&response=json,2026-06-17 14:00 Asia/Taipei,premarket trade_date may only use row.date < trade_date
2026-06-18,TAIEX,加權指數,45972.26,46565.7,45972.26,46465.2,,,TWSE MI_5MINS_HIST,https://www.twse.com.tw/rwd/zh/TAIEX/MI_5MINS_HIST?date=20260601&response=json,2026-06-18 14:00 Asia/Taipei,premarket trade_date may only use row.date < trade_date
2026-06-22,TAIEX,加權指數,46679.57,47871.19,46679.57,47741.51,,,TWSE MI_5MINS_HIST,https://www.twse.com.tw/rwd/zh/TAIEX/MI_5MINS_HIST?date=20260601&response=json,2026-06-22 14:00 Asia/Taipei,premarket trade_date may only use row.date < trade_date
2026-06-23,TAIEX,加權指數,47795.09,48218.87,47100.65,47100.65,,,TWSE MI_5MINS_HIST,https://www.twse.com.tw/rwd/zh/TAIEX/MI_5MINS_HIST?date=20260601&response=json,2026-06-23 14:00 Asia/Taipei,premarket trade_date may only use row.date < trade_date
2026-06-24,TAIEX,加權指數,46909.98,46909.98,45819.71,46043.6,,,TWSE MI_5MINS_HIST,https://www.twse.com.tw/rwd/zh/TAIEX/MI_5MINS_HIST?date=20260601&response=json,2026-06-24 14:00 Asia/Taipei,premarket trade_date may only use row.date < trade_date
2026-06-25,TAIEX,加權指數,46339.68,46785.45,46048.7,46255.26,,,TWSE MI_5MINS_HIST,https://www.twse.com.tw/rwd/zh/TAIEX/MI_5MINS_HIST?date=20260601&response=json,2026-06-25 14:00 Asia/Taipei,premarket trade_date may only use row.date < trade_date
2026-06-26,TAIEX,加權指數,46188.6,46188.6,44454.22,44571.76,,,TWSE MI_5MINS_HIST,https://www.twse.com.tw/rwd/zh/TAIEX/MI_5MINS_HIST?date=20260601&response=json,2026-06-26 14:00 Asia/Taipei,premarket trade_date may only use row.date < trade_date
2026-06-29,TAIEX,加權指數,44594.81,45521.63,44594.81,44999.9,,,TWSE MI_5MINS_HIST,https://www.twse.com.tw/rwd/zh/TAIEX/MI_5MINS_HIST?date=20260601&response=json,2026-06-29 14:00 Asia/Taipei,premarket trade_date may only use row.date < trade_date
2026-06-30,TAIEX,加權指數,45165.8,46637.86,45165.8,46125.91,,,TWSE MI_5MINS_HIST,https://www.twse.com.tw/rwd/zh/TAIEX/MI_5MINS_HIST?date=20260601&response=json,2026-06-30 14:00 Asia/Taipei,premarket trade_date may only use row.date < trade_date
2026-07-01,TAIEX,加權指數,46234.7,47293.1,46234.7,47018.99,,,TWSE MI_5MINS_HIST,https://www.twse.com.tw/rwd/zh/TAIEX/MI_5MINS_HIST?date=20260701&response=json,2026-07-01 14:00 Asia/Taipei,premarket trade_date may only use row.date < trade_date
2026-07-02,TAIEX,加權指數,46833.89,46910.31,45981.89,46744.16,,,TWSE MI_5MINS_HIST,https://www.twse.com.tw/rwd/zh/TAIEX/MI_5MINS_HIST?date=20260701&response=json,2026-07-02 14:00 Asia/Taipei,premarket trade_date may only use row.date < trade_date
2026-07-03,TAIEX,加權指數,46545.14,46948.83,45880.69,46780.62,,,TWSE MI_5MINS_HIST,https://www.twse.com.tw/rwd/zh/TAIEX/MI_5MINS_HIST?date=20260701&response=json,2026-07-03 14:00 Asia/Taipei,premarket trade_date may only use row.date < trade_date
2026-07-06,TAIEX,加權指數,46897.18,47395.3,46431.38,46556.39,,,TWSE MI_5MINS_HIST,https://www.twse.com.tw/rwd/zh/TAIEX/MI_5MINS_HIST?date=20260701&response=json,2026-07-06 14:00 Asia/Taipei,premarket trade_date may only use row.date < trade_date
2026-07-07,TAIEX,加權指數,46537.34,46967.04,45432.02,45479.11,,,TWSE MI_5MINS_HIST,https://www.twse.com.tw/rwd/zh/TAIEX/MI_5MINS_HIST?date=20260701&response=json,2026-07-07 14:00 Asia/Taipei,premarket trade_date may only use row.date < trade_date
2026-07-08,TAIEX,加權指數,45524.69,45837.12,45036.64,45734.41,,,TWSE MI_5MINS_HIST,https://www.twse.com.tw/rwd/zh/TAIEX/MI_5MINS_HIST?date=20260701&response=json,2026-07-08 14:00 Asia/Taipei,premarket trade_date may only use row.date < trade_date
2026-07-09,TAIEX,加權指數,45805.62,46064.06,45352.41,45354.61,,,TWSE MI_5MINS_HIST,https://www.twse.com.tw/rwd/zh/TAIEX/MI_5MINS_HIST?date=20260701&response=json,2026-07-09 14:00 Asia/Taipei,premarket trade_date may only use row.date < trade_date
2026-07-13,TAIEX,加權指數,45500.32,46330.91,45272.9,45380.52,,,TWSE MI_5MINS_HIST,https://www.twse.com.tw/rwd/zh/TAIEX/MI_5MINS_HIST?date=20260701&response=json,2026-07-13 14:00 Asia/Taipei,premarket trade_date may only use row.date < trade_date
2026-07-14,TAIEX,加權指數,45364.4,45364.4,43654.04,44737.95,,,TWSE MI_5MINS_HIST,https://www.twse.com.tw/rwd/zh/TAIEX/MI_5MINS_HIST?date=20260701&response=json,2026-07-14 14:00 Asia/Taipei,premarket trade_date may only use row.date < trade_date
2026-07-15,TAIEX,加權指數,44850.69,45881.91,44850.69,45631.59,,,TWSE MI_5MINS_HIST,https://www.twse.com.tw/rwd/zh/TAIEX/MI_5MINS_HIST?date=20260701&response=json,2026-07-15 14:00 Asia/Taipei,premarket trade_date may only use row.date < trade_date
2026-07-16,TAIEX,加權指數,45511.98,45855.02,44970.64,45624.98,,,TWSE MI_5MINS_HIST,https://www.twse.com.tw/rwd/zh/TAIEX/MI_5MINS_HIST?date=20260701&response=json,2026-07-16 14:00 Asia/Taipei,premarket trade_date may only use row.date < trade_date
2026-07-17,TAIEX,加權指數,45234.08,45234.08,42671.27,42671.27,,,TWSE MI_5MINS_HIST,https://www.twse.com.tw/rwd/zh/TAIEX/MI_5MINS_HIST?date=20260701&response=json,2026-07-17 14:00 Asia/Taipei,premarket trade_date may only use row.date < trade_date
2026-07-20,TAIEX,加權指數,42793.15,43084.51,41967.75,42449.7,,,TWSE MI_5MINS_HIST,https://www.twse.com.tw/rwd/zh/TAIEX/MI_5MINS_HIST?date=20260701&response=json,2026-07-20 14:00 Asia/Taipei,premarket trade_date may only use row.date < trade_date
2026-07-21,TAIEX,加權指數,42566.93,44232.87,42566.93,44232.87,,,TWSE MI_5MINS_HIST,https://www.twse.com.tw/rwd/zh/TAIEX/MI_5MINS_HIST?date=20260701&response=json,2026-07-21 14:00 Asia/Taipei,premarket trade_date may only use row.date < trade_date
2026-07-22,TAIEX,加權指數,44513.75,45323.75,44513.75,44825.78,,,TWSE MI_5MINS_HIST,https://www.twse.com.tw/rwd/zh/TAIEX/MI_5MINS_HIST?date=20260701&response=json,2026-07-22 14:00 Asia/Taipei,premarket trade_date may only use row.date < trade_date
2026-07-23,TAIEX,加權指數,44899.04,45089.82,44340.76,44850.81,,,TWSE MI_5MINS_HIST,https://www.twse.com.tw/rwd/zh/TAIEX/MI_5MINS_HIST?date=20260701&response=json,2026-07-23 14:00 Asia/Taipei,premarket trade_date may only use row.date < trade_date
2026-07-24,TAIEX,加權指數,44769.39,44769.39,43607.4,43654.84,,,TWSE MI_5MINS_HIST,https://www.twse.com.tw/rwd/zh/TAIEX/MI_5MINS_HIST?date=20260701&response=json,2026-07-24 14:00 Asia/Taipei,premarket trade_date may only use row.date < trade_date
2026-07-27,TAIEX,加權指數,43585.92,43686.15,42969.48,43634.19,,,TWSE MI_5MINS_HIST,https://www.twse.com.tw/rwd/zh/TAIEX/MI_5MINS_HIST?date=20260701&response=json,2026-07-27 14:00 Asia/Taipei,premarket trade_date may only use row.date < trade_date
2026-07-28,TAIEX,加權指數,43221.93,43221.93,41565.0,41603.36,,,TWSE MI_5MINS_HIST,https://www.twse.com.tw/rwd/zh/TAIEX/MI_5MINS_HIST?date=20260701&response=json,2026-07-28 14:00 Asia/Taipei,premarket trade_date may only use row.date < trade_date
2026-07-29,TAIEX,加權指數,41491.48,41698.39,39384.85,40039.18,,,TWSE MI_5MINS_HIST,https://www.twse.com.tw/rwd/zh/TAIEX/MI_5MINS_HIST?date=20260701&response=json,2026-07-29 14:00 Asia/Taipei,premarket trade_date may only use row.date < trade_date
2026-07-30,TAIEX,加權指數,40048.94,41155.42,39404.65,39933.3,,,TWSE MI_5MINS_HIST,https://www.twse.com.tw/rwd/zh/TAIEX/MI_5MINS_HIST?date=20260701&response=json,2026-07-30 14:00 Asia/Taipei,premarket trade_date may only use row.date < trade_date
2026-07-31,TAIEX,加權指數,41610.41,43214.36,41610.41,43119.75,,,TWSE MI_5MINS_HIST,https://www.twse.com.tw/rwd/zh/TAIEX/MI_5MINS_HIST?date=20260701&response=json,2026-07-31 14:00 Asia/Taipei,premarket trade_date may only use row.date < trade_date
2026-08-03,TAIEX,加權指數,42780.42,43784.19,42780.42,43386.41,,,TWSE MI_5MINS_HIST,https://www.twse.com.tw/rwd/zh/TAIEX/MI_5MINS_HIST?date=20260801&response=json,2026-08-03 14:00 Asia/Taipei,premarket trade_date may only use row.date < trade_date
2026-08-04,TAIEX,加權指數,43092.49,43912.77,42895.81,43360.66,,,TWSE MI_5MINS_HIST,https://www.twse.com.tw/rwd/zh/TAIEX/MI_5MINS_HIST?date=20260801&response=json,2026-08-04 14:00 Asia/Taipei,premarket trade_date may only use row.date < trade_date
2026-08-05,TAIEX,加權指數,43809.83,44980.31,43809.83,44611.6,,,TWSE MI_5MINS_HIST,https://www.twse.com.tw/rwd/zh/TAIEX/MI_5MINS_HIST?date=20260801&response=json,2026-08-05 14:00 Asia/Taipei,premarket trade_date may only use row.date < trade_date
2026-08-06,TAIEX,加權指數,44487.94,44601.24,44024.32,44396.7,,,TWSE MI_5MINS_HIST,https://www.twse.com.tw/rwd/zh/TAIEX/MI_5MINS_HIST?date=20260801&response=json,2026-08-06 14:00 Asia/Taipei,premarket trade_date may only use row.date < trade_date
2026-08-07,TAIEX,加權指數,44450.19,44827.13,43941.56,44225.91,,,TWSE MI_5MINS_HIST,https://www.twse.com.tw/rwd/zh/TAIEX/MI_5MINS_HIST?date=20260801&response=json,2026-08-07 14:00 Asia/Taipei,premarket trade_date may only use row.date < trade_date
2026-08-10,TAIEX,加權指數,44540.71,45219.4,44540.71,44928.76,,,TWSE MI_5MINS_HIST,https://www.twse.com.tw/rwd/zh/TAIEX/MI_5MINS_HIST?date=20260801&response=json,2026-08-10 14:00 Asia/Taipei,premarket trade_date may only use row.date < trade_date
2026-08-11,TAIEX,加權指數,44883.9,45195.41,44652.06,45120.72,,,TWSE MI_5MINS_HIST,https://www.twse.com.tw/rwd/zh/TAIEX/MI_5MINS_HIST?date=20260801&response=json,2026-08-11 14:00 Asia/Taipei,premarket trade_date may only use row.date < trade_date
2026-08-12,TAIEX,加權指數,45175.7,45529.48,45175.7,45518.07,,,TWSE MI_5MINS_HIST,https://www.twse.com.tw/rwd/zh/TAIEX/MI_5MINS_HIST?date=20260801&response=json,2026-08-12 14:00 Asia/Taipei,premarket trade_date may only use row.date < trade_date
2026-08-13,TAIEX,加權指數,45676.54,46216.41,45676.54,46021.48,,,TWSE MI_5MINS_HIST,https://www.twse.com.tw/rwd/zh/TAIEX/MI_5MINS_HIST?date=20260801&response=json,2026-08-13 14:00 Asia/Taipei,premarket trade_date may only use row.date < trade_date
2026-08-14,TAIEX,加權指數,46103.81,46402.6,45798.31,45811.01,,,TWSE MI_5MINS_HIST,https://www.twse.com.tw/rwd/zh/TAIEX/MI_5MINS_HIST?date=20260801&response=json,2026-08-14 14:00 Asia/Taipei,premarket trade_date may only use row.date < trade_date
2026-08-17,TAIEX,加權指數,45841.17,46189.3,45765.07,45857.27,,,TWSE MI_5MINS_HIST,https://www.twse.com.tw/rwd/zh/TAIEX/MI_5MINS_HIST?date=20260801&response=json,2026-08-17 14:00 Asia/Taipei,premarket trade_date may only use row.date < trade_date
2026-08-18,TAIEX,加權指數,45922.4,46064.09,45225.42,45308.68,,,TWSE MI_5MINS_HIST,https://www.twse.com.tw/rwd/zh/TAIEX/MI_5MINS_HIST?date=20260801&response=json,2026-08-18 14:00 Asia/Taipei,premarket trade_date may only use row.date < trade_date
2026-08-19,TAIEX,加權指數,45071.34,45071.34,44308.71,44719.35,,,TWSE MI_5MINS_HIST,https://www.twse.com.tw/rwd/zh/TAIEX/MI_5MINS_HIST?date=20260801&response=json,2026-08-19 14:00 Asia/Taipei,premarket trade_date may only use row.date < trade_date
2026-08-20,TAIEX,加權指數,44942.01,45160.05,44446.36,44933.74,,,TWSE MI_5MINS_HIST,https://www.twse.com.tw/rwd/zh/TAIEX/MI_5MINS_HIST?date=20260801&response=json,2026-08-20 14:00 Asia/Taipei,premarket trade_date may only use row.date < trade_date
2026-08-21,TAIEX,加權指數,44923.34,45254.84,44583.87,45224.29,,,TWSE MI_5MINS_HIST,https://www.twse.com.tw/rwd/zh/TAIEX/MI_5MINS_HIST?date=20260801&response=json,2026-08-21 14:00 Asia/Taipei,premarket trade_date may only use row.date < trade_date
2026-08-24,TAIEX,加權指數,45240.3,45362.3,44761.88,44762.32,,,TWSE MI_5MINS_HIST,https://www.twse.com.tw/rwd/zh/TAIEX/MI_5MINS_HIST?date=20260801&response=json,2026-08-24 14:00 Asia/Taipei,premarket trade_date may only use row.date < trade_date
2026-08-25,TAIEX,加權指數,44728.36,45169.46,44210.31,45169.46,,,TWSE MI_5MINS_HIST,https://www.twse.com.tw/rwd/zh/TAIEX/MI_5MINS_HIST?date=20260801&response=json,2026-08-25 14:00 Asia/Taipei,premarket trade_date may only use row.date < trade_date
2026-08-26,TAIEX,加權指數,45157.64,45878.39,44925.84,45832.62,,,TWSE MI_5MINS_HIST,https://www.twse.com.tw/rwd/zh/TAIEX/MI_5MINS_HIST?date=20260801&response=json,2026-08-26 14:00 Asia/Taipei,premarket trade_date may only use row.date < trade_date
2026-08-27,TAIEX,加權指數,45890.18,46401.78,45890.18,45975.22,,,TWSE MI_5MINS_HIST,https://www.twse.com.tw/rwd/zh/TAIEX/MI_5MINS_HIST?date=20260801&response=json,2026-08-27 14:00 Asia/Taipei,premarket trade_date may only use row.date < trade_date
2026-08-28,TAIEX,加權指數,46070.83,46574.52,46070.83,46331.45,,,TWSE MI_5MINS_HIST,https://www.twse.com.tw/rwd/zh/TAIEX/MI_5MINS_HIST?date=20260801&response=json,2026-08-28 14:00 Asia/Taipei,premarket trade_date may only use row.date < trade_date
2026-08-31,TAIEX,加權指數,46224.69,46224.69,45450.21,46128.47,,,TWSE MI_5MINS_HIST,https://www.twse.com.tw/rwd/zh/TAIEX/MI_5MINS_HIST?date=20260801&response=json,2026-08-31 14:00 Asia/Taipei,premarket trade_date may only use row.date < trade_date
2026-09-01,TAIEX,加權指數,46177.11,46948.72,46081.11,46948.72,,,TWSE MI_5MINS_HIST,https://www.twse.com.tw/rwd/zh/TAIEX/MI_5MINS_HIST?date=20260901&response=json,2026-09-01 14:00 Asia/Taipei,premarket trade_date may only use row.date < trade_date
2026-09-02,TAIEX,加權指數,46901.32,46946.6,46164.72,46164.72,,,TWSE MI_5MINS_HIST,https://www.twse.com.tw/rwd/zh/TAIEX/MI_5MINS_HIST?date=20260901&response=json,2026-09-02 14:00 Asia/Taipei,premarket trade_date may only use row.date < trade_date
2026-09-03,TAIEX,加權指數,46325.48,46517.45,45839.36,45857.66,,,TWSE MI_5MINS_HIST,https://www.twse.com.tw/rwd/zh/TAIEX/MI_5MINS_HIST?date=20260901&response=json,2026-09-03 14:00 Asia/Taipei,premarket trade_date may only use row.date < trade_date
2026-09-04,TAIEX,加權指數,45991.28,46620.96,45966.86,46551.13,,,TWSE MI_5MINS_HIST,https://www.twse.com.tw/rwd/zh/TAIEX/MI_5MINS_HIST?date=20260901&response=json,2026-09-04 14:00 Asia/Taipei,premarket trade_date may only use row.date < trade_date
2026-09-07,TAIEX,加權指數,46724.0,47429.58,46724.0,47326.27,,,TWSE MI_5MINS_HIST,https://www.twse.com.tw/rwd/zh/TAIEX/MI_5MINS_HIST?date=20260901&response=json,2026-09-07 14:00 Asia/Taipei,premarket trade_date may only use row.date < trade_date
2026-09-08,TAIEX,加權指數,47335.24,47578.24,47023.73,47105.78,,,TWSE MI_5MINS_HIST,https://www.twse.com.tw/rwd/zh/TAIEX/MI_5MINS_HIST?date=20260901&response=json,2026-09-08 14:00 Asia/Taipei,premarket trade_date may only use row.date < trade_date
2026-09-09,TAIEX,加權指數,47142.74,47548.26,47060.78,47183.36,,,TWSE MI_5MINS_HIST,https://www.twse.com.tw/rwd/zh/TAIEX/MI_5MINS_HIST?date=20260901&response=json,2026-09-09 14:00 Asia/Taipei,premarket trade_date may only use row.date < trade_date
2026-09-10,TAIEX,加權指數,47130.96,47130.96,46573.47,46940.49,,,TWSE MI_5MINS_HIST,https://www.twse.com.tw/rwd/zh/TAIEX/MI_5MINS_HIST?date=20260901&response=json,2026-09-10 14:00 Asia/Taipei,premarket trade_date may only use row.date < trade_date
2026-09-11,TAIEX,加權指數,46651.21,46651.21,45942.44,46184.85,,,TWSE MI_5MINS_HIST,https://www.twse.com.tw/rwd/zh/TAIEX/MI_5MINS_HIST?date=20260901&response=json,2026-09-11 14:00 Asia/Taipei,premarket trade_date may only use row.date < trade_date
2026-09-14,TAIEX,加權指數,46010.74,46050.24,45398.43,45862.52,,,TWSE MI_5MINS_HIST,https://www.twse.com.tw/rwd/zh/TAIEX/MI_5MINS_HIST?date=20260901&response=json,2026-09-14 14:00 Asia/Taipei,premarket trade_date may only use row.date < trade_date
2026-09-15,TAIEX,加權指數,45847.27,46009.85,45491.97,45511.49,,,TWSE MI_5MINS_HIST,https://www.twse.com.tw/rwd/zh/TAIEX/MI_5MINS_HIST?date=20260901&response=json,2026-09-15 14:00 Asia/Taipei,premarket trade_date may only use row.date < trade_date
2026-09-16,TAIEX,加權指數,45546.56,46077.82,45546.56,45848.9,,,TWSE MI_5MINS_HIST,https://www.twse.com.tw/rwd/zh/TAIEX/MI_5MINS_HIST?date=20260901&response=json,2026-09-16 14:00 Asia/Taipei,premarket trade_date may only use row.date < trade_date
2026-09-17,TAIEX,加權指數,45936.11,46874.84,45936.11,46288.0,,,TWSE MI_5MINS_HIST,https://www.twse.com.tw/rwd/zh/TAIEX/MI_5MINS_HIST?date=20260901&response=json,2026-09-17 14:00 Asia/Taipei,premarket trade_date may only use row.date < trade_date
2026-09-18,TAIEX,加權指數,46449.56,47180.75,46449.56,47180.75,,,TWSE MI_5MINS_HIST,https://www.twse.com.tw/rwd/zh/TAIEX/MI_5MINS_HIST?date=20260901&response=json,2026-09-18 14:00 Asia/Taipei,premarket trade_date may only use row.date < trade_date
2026-09-21,TAIEX,加權指數,47207.3,47750.98,47207.3,47718.84,,,TWSE MI_5MINS_HIST,https://www.twse.com.tw/rwd/zh/TAIEX/MI_5MINS_HIST?date=20260901&response=json,2026-09-21 14:00 Asia/Taipei,premarket trade_date may only use row.date < trade_date
2026-09-22,TAIEX,加權指數,47981.04,48601.53,47800.17,47800.17,,,TWSE MI_5MINS_HIST,https://www.twse.com.tw/rwd/zh/TAIEX/MI_5MINS_HIST?date=20260901&response=json,2026-09-22 14:00 Asia/Taipei,premarket trade_date may only use row.date < trade_date
2026-09-23,TAIEX,加權指數,47894.77,48341.56,47894.77,48157.29,,,TWSE MI_5MINS_HIST,https://www.twse.com.tw/rwd/zh/TAIEX/MI_5MINS_HIST?date=20260901&response=json,2026-09-23 14:00 Asia/Taipei,premarket trade_date may only use row.date < trade_date
2026-09-24,TAIEX,加權指數,48075.39,48117.54,47754.72,48024.6,,,TWSE MI_5MINS_HIST,https://www.twse.com.tw/rwd/zh/TAIEX/MI_5MINS_HIST?date=20260901&response=json,2026-09-24 14:00 Asia/Taipei,premarket trade_date may only use row.date < trade_date
