date,code,name,volume,open,high,low,close,source_asset
20180102,3665,貿聯-KY,292892,278.50,282.00,276.50,282.00,yearly_2018.zip
20180103,3665,貿聯-KY,488907,285.00,285.50,282.50,285.00,yearly_2018.zip
20180104,3665,貿聯-KY,3188469,281.50,283.00,267.00,273.50,yearly_2018.zip
20180105,3665,貿聯-KY,1610035,275.50,276.00,268.50,269.50,yearly_2018.zip
20180108,3665,貿聯-KY,1681915,280.00,282.00,271.00,272.00,yearly_2018.zip
20180109,3665,貿聯-KY,1198990,278.00,278.50,271.50,272.50,yearly_2018.zip
20180110,3665,貿聯-KY,1644431,270.00,271.00,261.00,262.50,yearly_2018.zip
20180111,3665,貿聯-KY,731023,262.50,265.50,260.00,263.00,yearly_2018.zip
20180112,3665,貿聯-KY,660453,266.00,267.00,264.00,266.00,yearly_2018.zip
20180115,3665,貿聯-KY,416030,266.00,267.50,264.00,266.00,yearly_2018.zip
20180116,3665,貿聯-KY,621958,266.00,267.00,262.00,265.00,yearly_2018.zip
20180117,3665,貿聯-KY,1833078,265.00,273.50,264.50,271.00,yearly_2018.zip
20180118,3665,貿聯-KY,1150231,271.00,272.00,267.50,269.00,yearly_2018.zip
20180119,3665,貿聯-KY,1492510,269.00,270.50,260.00,261.00,yearly_2018.zip
20180122,3665,貿聯-KY,1607421,261.00,261.00,251.00,259.00,yearly_2018.zip
20180123,3665,貿聯-KY,671989,260.00,264.00,259.50,260.00,yearly_2018.zip
20180124,3665,貿聯-KY,2728015,261.00,277.50,261.00,275.50,yearly_2018.zip
20180125,3665,貿聯-KY,1155517,274.00,276.50,271.00,276.00,yearly_2018.zip
20180126,3665,貿聯-KY,964873,273.00,277.50,271.50,275.00,yearly_2018.zip
20180129,3665,貿聯-KY,992366,277.00,279.50,275.00,279.00,yearly_2018.zip
20180130,3665,貿聯-KY,977701,280.00,282.50,276.00,278.00,yearly_2018.zip
20180131,3665,貿聯-KY,558997,275.50,280.00,272.00,277.50,yearly_2018.zip
20180201,3665,貿聯-KY,509486,280.00,280.50,274.00,274.00,yearly_2018.zip
20180202,3665,貿聯-KY,489368,276.00,277.00,268.00,270.50,yearly_2018.zip
20180205,3665,貿聯-KY,637873,262.00,268.00,260.50,265.00,yearly_2018.zip
20180206,3665,貿聯-KY,1985335,259.00,261.00,238.50,242.00,yearly_2018.zip
20180207,3665,貿聯-KY,1015327,252.00,254.50,249.00,251.00,yearly_2018.zip
20180208,3665,貿聯-KY,754220,253.50,254.50,247.00,247.00,yearly_2018.zip
20180209,3665,貿聯-KY,1821160,226.00,234.00,226.00,231.00,yearly_2018.zip
20180212,3665,貿聯-KY,987146,233.50,240.00,231.00,239.00,yearly_2018.zip
20180221,3665,貿聯-KY,1264858,246.00,258.00,244.00,253.00,yearly_2018.zip
20180222,3665,貿聯-KY,844574,249.00,260.00,249.00,258.00,yearly_2018.zip
20180223,3665,貿聯-KY,1027195,262.00,267.50,258.50,265.00,yearly_2018.zip
20180226,3665,貿聯-KY,973401,268.00,270.00,263.00,268.50,yearly_2018.zip
20180227,3665,貿聯-KY,968848,271.00,272.00,264.50,266.00,yearly_2018.zip
20180301,3665,貿聯-KY,962453,263.00,265.00,259.00,263.00,yearly_2018.zip
20180302,3665,貿聯-KY,709871,259.00,261.50,257.00,259.00,yearly_2018.zip
20180305,3665,貿聯-KY,847444,260.00,263.00,250.50,251.00,yearly_2018.zip
20180306,3665,貿聯-KY,1748140,255.00,264.00,254.50,262.00,yearly_2018.zip
20180307,3665,貿聯-KY,1260748,260.00,267.50,259.00,265.00,yearly_2018.zip
20180308,3665,貿聯-KY,2689534,268.00,282.00,267.50,277.50,yearly_2018.zip
20180309,3665,貿聯-KY,1978186,280.00,285.00,277.50,285.00,yearly_2018.zip
20180312,3665,貿聯-KY,1005992,289.00,290.00,281.50,285.00,yearly_2018.zip
20180313,3665,貿聯-KY,2050443,288.00,295.50,286.00,290.00,yearly_2018.zip
20180314,3665,貿聯-KY,2198773,287.50,294.50,283.00,294.50,yearly_2018.zip
20180315,3665,貿聯-KY,1010369,294.00,294.00,286.50,289.00,yearly_2018.zip
20180316,3665,貿聯-KY,1179745,287.00,289.00,281.00,281.00,yearly_2018.zip
20180319,3665,貿聯-KY,1550531,282.50,293.50,282.00,285.00,yearly_2018.zip
20180320,3665,貿聯-KY,1125689,281.50,290.00,281.50,287.00,yearly_2018.zip
20180321,3665,貿聯-KY,947632,286.00,288.00,282.00,282.00,yearly_2018.zip
20180322,3665,貿聯-KY,832792,285.00,286.50,277.00,277.00,yearly_2018.zip
20180323,3665,貿聯-KY,1090720,268.50,276.50,263.00,276.00,yearly_2018.zip
20180326,3665,貿聯-KY,390331,277.00,279.50,274.00,278.50,yearly_2018.zip
20180327,3665,貿聯-KY,498792,284.00,284.00,275.50,276.00,yearly_2018.zip
20180328,3665,貿聯-KY,3204420,269.00,269.00,256.00,258.00,yearly_2018.zip
20180329,3665,貿聯-KY,3833468,254.00,254.00,242.00,242.00,yearly_2018.zip
20180330,3665,貿聯-KY,4138829,246.00,249.00,234.00,235.00,yearly_2018.zip
20180331,3665,貿聯-KY,1618825,237.00,242.00,236.50,240.00,yearly_2018.zip
20180402,3665,貿聯-KY,2473840,240.00,241.00,231.00,231.00,yearly_2018.zip
20180403,3665,貿聯-KY,3765094,226.50,226.50,219.00,220.50,yearly_2018.zip
20180409,3665,貿聯-KY,4156818,242.50,242.50,239.00,242.50,yearly_2018.zip
20180410,3665,貿聯-KY,4963763,242.50,245.00,237.50,242.00,yearly_2018.zip
20180411,3665,貿聯-KY,3500540,250.00,251.50,240.00,240.00,yearly_2018.zip
20180412,3665,貿聯-KY,2578979,245.00,252.50,243.50,251.50,yearly_2018.zip
20180413,3665,貿聯-KY,1724497,251.00,256.00,247.00,256.00,yearly_2018.zip
20180416,3665,貿聯-KY,893985,258.00,258.00,251.50,252.50,yearly_2018.zip
20180417,3665,貿聯-KY,1321643,250.00,251.50,241.00,242.50,yearly_2018.zip
20180418,3665,貿聯-KY,1993890,247.00,260.00,246.00,250.00,yearly_2018.zip
20180419,3665,貿聯-KY,980231,254.00,257.00,251.50,252.00,yearly_2018.zip
20180420,3665,貿聯-KY,1079840,252.00,252.00,242.50,246.00,yearly_2018.zip
20180423,3665,貿聯-KY,1360153,242.00,244.50,233.00,236.50,yearly_2018.zip
20180424,3665,貿聯-KY,2807919,236.50,236.50,218.50,220.00,yearly_2018.zip
20180425,3665,貿聯-KY,2016958,220.00,226.00,215.00,220.50,yearly_2018.zip
20180426,3665,貿聯-KY,1173542,223.50,226.00,216.00,217.00,yearly_2018.zip
20180427,3665,貿聯-KY,1687309,222.00,224.00,209.00,222.00,yearly_2018.zip
20180430,3665,貿聯-KY,1502100,222.00,226.00,220.00,221.00,yearly_2018.zip
20180502,3665,貿聯-KY,852544,225.00,225.00,220.00,221.50,yearly_2018.zip
20180503,3665,貿聯-KY,3047017,214.50,214.50,202.50,206.00,yearly_2018.zip
20180504,3665,貿聯-KY,4232720,206.00,210.00,197.00,208.00,yearly_2018.zip
20180507,3665,貿聯-KY,1360960,213.00,213.00,207.00,212.00,yearly_2018.zip
20180508,3665,貿聯-KY,3095814,221.00,227.50,221.00,223.00,yearly_2018.zip
20180509,3665,貿聯-KY,2065688,220.00,221.00,214.50,216.50,yearly_2018.zip
20180510,3665,貿聯-KY,1505958,220.00,224.50,218.00,221.50,yearly_2018.zip
20180511,3665,貿聯-KY,1296888,224.00,224.50,218.00,218.50,yearly_2018.zip
20180514,3665,貿聯-KY,3065637,210.00,212.50,206.00,209.00,yearly_2018.zip
20180515,3665,貿聯-KY,1693518,209.50,212.00,206.00,206.00,yearly_2018.zip
20180516,3665,貿聯-KY,1374533,206.00,209.00,200.50,202.50,yearly_2018.zip
20180517,3665,貿聯-KY,1729595,206.00,213.50,204.00,210.50,yearly_2018.zip
20180518,3665,貿聯-KY,1347570,210.50,211.50,203.50,204.50,yearly_2018.zip
20180521,3665,貿聯-KY,873275,206.00,209.50,204.50,207.50,yearly_2018.zip
20180522,3665,貿聯-KY,2997546,216.00,218.50,208.50,208.50,yearly_2018.zip
20180523,3665,貿聯-KY,1281306,208.50,211.00,206.50,209.00,yearly_2018.zip
20180524,3665,貿聯-KY,1047777,210.00,211.50,207.00,207.50,yearly_2018.zip
20180525,3665,貿聯-KY,1068443,205.50,212.50,203.50,210.00,yearly_2018.zip
20180528,3665,貿聯-KY,1171157,212.00,214.00,209.00,210.00,yearly_2018.zip
20180529,3665,貿聯-KY,691472,210.00,210.00,206.00,206.50,yearly_2018.zip
20180530,3665,貿聯-KY,1665569,204.50,212.50,204.00,212.00,yearly_2018.zip
20180531,3665,貿聯-KY,1743456,215.00,216.00,206.50,211.00,yearly_2018.zip
20180601,3665,貿聯-KY,818961,211.00,211.00,207.00,209.00,yearly_2018.zip
20180604,3665,貿聯-KY,3399380,212.00,227.00,210.00,225.00,yearly_2018.zip
20180605,3665,貿聯-KY,3122361,232.00,233.50,219.00,221.00,yearly_2018.zip
20180606,3665,貿聯-KY,2148598,224.50,228.00,222.50,227.50,yearly_2018.zip
20180607,3665,貿聯-KY,2529558,244.00,250.00,244.00,250.00,yearly_2018.zip
20180608,3665,貿聯-KY,6620407,251.00,256.00,230.00,237.50,yearly_2018.zip
20180611,3665,貿聯-KY,1949303,238.00,241.00,231.50,235.00,yearly_2018.zip
20180612,3665,貿聯-KY,2794053,241.00,244.00,235.00,235.50,yearly_2018.zip
20180613,3665,貿聯-KY,2341846,241.50,243.00,237.00,238.00,yearly_2018.zip
20180614,3665,貿聯-KY,1233531,236.00,237.00,230.00,232.00,yearly_2018.zip
20180615,3665,貿聯-KY,1620562,236.00,242.50,234.50,238.50,yearly_2018.zip
20180619,3665,貿聯-KY,1099689,240.00,241.50,233.50,234.00,yearly_2018.zip
20180620,3665,貿聯-KY,2551968,231.00,233.00,217.00,217.00,yearly_2018.zip
20180621,3665,貿聯-KY,1673670,220.00,228.00,219.00,227.00,yearly_2018.zip
20180622,3665,貿聯-KY,1827302,227.50,230.00,222.00,230.00,yearly_2018.zip
20180625,3665,貿聯-KY,707222,227.50,227.50,221.50,221.50,yearly_2018.zip
20180626,3665,貿聯-KY,978202,219.00,225.00,216.00,224.50,yearly_2018.zip
20180627,3665,貿聯-KY,691639,224.50,227.00,220.00,220.00,yearly_2018.zip
20180628,3665,貿聯-KY,1132600,219.00,220.00,211.00,211.00,yearly_2018.zip
20180629,3665,貿聯-KY,1288920,215.00,217.00,214.00,214.50,yearly_2018.zip
20180702,3665,貿聯-KY,2060844,217.00,227.00,216.50,225.00,yearly_2018.zip
20180703,3665,貿聯-KY,1948978,221.50,223.00,218.50,219.50,yearly_2018.zip
20180704,3665,貿聯-KY,4691122,213.00,213.00,198.00,198.00,yearly_2018.zip
20180705,3665,貿聯-KY,2605404,196.00,203.00,192.50,197.50,yearly_2018.zip
20180706,3665,貿聯-KY,2526532,202.00,202.50,188.00,191.50,yearly_2018.zip
20180709,3665,貿聯-KY,950813,192.50,195.00,190.00,192.50,yearly_2018.zip
20180710,3665,貿聯-KY,3034424,199.00,211.00,197.50,206.00,yearly_2018.zip
20180711,3665,貿聯-KY,1896452,203.50,213.00,202.00,209.50,yearly_2018.zip
20180712,3665,貿聯-KY,782739,208.00,212.00,206.00,211.00,yearly_2018.zip
20180713,3665,貿聯-KY,1264632,212.00,218.50,209.00,214.00,yearly_2018.zip
20180716,3665,貿聯-KY,638100,212.50,216.50,211.50,211.50,yearly_2018.zip
20180717,3665,貿聯-KY,822017,210.00,210.50,205.00,205.00,yearly_2018.zip
20180718,3665,貿聯-KY,1868300,210.00,210.00,202.00,205.00,yearly_2018.zip
20180719,3665,貿聯-KY,2847526,207.50,211.50,205.00,205.00,yearly_2018.zip
20180720,3665,貿聯-KY,946402,208.00,208.00,201.00,201.50,yearly_2018.zip
20180723,3665,貿聯-KY,2276275,198.00,199.00,193.50,198.50,yearly_2018.zip
20180724,3665,貿聯-KY,2629213,195.50,197.50,193.00,194.00,yearly_2018.zip
20180725,3665,貿聯-KY,1287815,193.00,196.50,192.00,195.50,yearly_2018.zip
20180726,3665,貿聯-KY,816622,198.00,198.50,194.00,194.00,yearly_2018.zip
20180727,3665,貿聯-KY,1098615,194.00,202.00,193.00,200.50,yearly_2018.zip
20180730,3665,貿聯-KY,1039646,200.00,200.00,194.00,194.00,yearly_2018.zip
20180731,3665,貿聯-KY,581874,192.50,197.00,192.50,195.00,yearly_2018.zip
20180801,3665,貿聯-KY,1859632,198.00,203.00,196.50,203.00,yearly_2018.zip
20180802,3665,貿聯-KY,3511496,207.50,207.50,198.00,200.00,yearly_2018.zip
20180803,3665,貿聯-KY,3694026,209.00,213.00,207.50,210.00,yearly_2018.zip
20180806,3665,貿聯-KY,3004187,211.00,220.00,207.50,217.50,yearly_2018.zip
20180807,3665,貿聯-KY,1169703,214.50,216.50,213.00,216.00,yearly_2018.zip
20180808,3665,貿聯-KY,2728726,224.50,226.00,215.00,215.00,yearly_2018.zip
20180809,3665,貿聯-KY,1379730,212.50,213.50,207.50,213.00,yearly_2018.zip
20180810,3665,貿聯-KY,1214207,208.50,214.50,208.00,211.00,yearly_2018.zip
20180813,3665,貿聯-KY,4630562,200.00,202.00,190.00,191.00,yearly_2018.zip
20180814,3665,貿聯-KY,3165592,191.00,193.50,180.50,184.00,yearly_2018.zip
20180815,3665,貿聯-KY,2607846,183.50,188.50,178.00,178.00,yearly_2018.zip
20180816,3665,貿聯-KY,4497776,173.00,177.00,164.00,169.50,yearly_2018.zip
20180817,3665,貿聯-KY,2250149,172.50,177.00,170.00,170.00,yearly_2018.zip
20180820,3665,貿聯-KY,2168754,166.50,170.00,162.00,170.00,yearly_2018.zip
20180821,3665,貿聯-KY,1973379,172.00,173.50,165.50,166.00,yearly_2018.zip
20180822,3665,貿聯-KY,1439773,169.00,169.50,164.00,164.00,yearly_2018.zip
20180823,3665,貿聯-KY,2284175,163.00,164.00,157.50,158.00,yearly_2018.zip
20180824,3665,貿聯-KY,6471584,156.50,157.00,142.50,144.50,yearly_2018.zip
20180827,3665,貿聯-KY,3940684,147.50,151.50,147.00,150.00,yearly_2018.zip
20180828,3665,貿聯-KY,3729455,151.00,152.50,147.00,150.50,yearly_2018.zip
20180829,3665,貿聯-KY,3960199,149.00,154.00,145.50,154.00,yearly_2018.zip
20180830,3665,貿聯-KY,2709655,158.00,158.50,153.00,155.00,yearly_2018.zip
20180831,3665,貿聯-KY,4323216,155.50,162.00,153.50,159.50,yearly_2018.zip
20180903,3665,貿聯-KY,2344922,160.00,160.50,155.00,155.00,yearly_2018.zip
20180904,3665,貿聯-KY,2635190,157.00,162.00,157.00,159.00,yearly_2018.zip
20180905,3665,貿聯-KY,6654197,160.00,171.50,159.50,165.50,yearly_2018.zip
20180906,3665,貿聯-KY,3306904,165.00,169.50,163.00,169.50,yearly_2018.zip
20180907,3665,貿聯-KY,3484670,165.50,167.50,153.50,156.50,yearly_2018.zip
20180910,3665,貿聯-KY,4058854,153.00,153.00,141.00,141.00,yearly_2018.zip
20180911,3665,貿聯-KY,4012921,144.50,149.00,140.50,142.50,yearly_2018.zip
20180912,3665,貿聯-KY,3923500,143.50,147.00,139.50,145.50,yearly_2018.zip
20180913,3665,貿聯-KY,1388329,147.50,149.50,146.00,147.00,yearly_2018.zip
20180914,3665,貿聯-KY,1683084,149.00,153.50,146.50,153.00,yearly_2018.zip
20180917,3665,貿聯-KY,2390544,150.50,158.50,150.50,157.00,yearly_2018.zip
20180918,3665,貿聯-KY,1763363,153.00,155.50,150.50,151.00,yearly_2018.zip
20180919,3665,貿聯-KY,1707890,152.50,156.00,151.00,155.50,yearly_2018.zip
20180920,3665,貿聯-KY,2183426,158.50,159.00,150.50,150.50,yearly_2018.zip
20180921,3665,貿聯-KY,1940421,151.50,155.50,151.50,155.00,yearly_2018.zip
20180925,3665,貿聯-KY,1144011,153.00,157.50,152.00,155.50,yearly_2018.zip
20180926,3665,貿聯-KY,1151273,153.50,157.00,152.50,152.50,yearly_2018.zip
20180927,3665,貿聯-KY,1093374,152.50,155.00,150.50,150.50,yearly_2018.zip
20180928,3665,貿聯-KY,5091503,145.00,146.50,139.50,145.00,yearly_2018.zip
20181001,3665,貿聯-KY,4781652,149.00,159.50,146.00,159.50,yearly_2018.zip
20181002,3665,貿聯-KY,10925064,163.00,172.50,162.50,167.00,yearly_2018.zip
20181003,3665,貿聯-KY,3485624,165.00,167.00,162.50,167.00,yearly_2018.zip
20181004,3665,貿聯-KY,3616511,166.00,171.00,164.50,166.00,yearly_2018.zip
20181005,3665,貿聯-KY,5934535,161.00,161.50,149.50,149.50,yearly_2018.zip
20181008,3665,貿聯-KY,2869305,145.00,149.00,142.00,149.00,yearly_2018.zip
20181009,3665,貿聯-KY,4463752,148.00,148.50,136.00,137.00,yearly_2018.zip
20181011,3665,貿聯-KY,2800849,125.00,126.50,123.50,123.50,yearly_2018.zip
20181012,3665,貿聯-KY,3912754,125.50,135.50,124.00,135.50,yearly_2018.zip
20181015,3665,貿聯-KY,7247660,132.00,149.00,130.00,140.50,yearly_2018.zip
20181016,3665,貿聯-KY,2840770,137.50,144.50,136.50,139.00,yearly_2018.zip
20181017,3665,貿聯-KY,6286736,150.00,152.50,146.00,150.00,yearly_2018.zip
20181018,3665,貿聯-KY,4435794,148.00,156.00,147.00,153.00,yearly_2018.zip
20181019,3665,貿聯-KY,2430600,148.50,152.00,147.50,152.00,yearly_2018.zip
20181022,3665,貿聯-KY,2446233,150.00,155.50,150.00,151.50,yearly_2018.zip
20181023,3665,貿聯-KY,1857135,149.50,152.50,144.00,144.00,yearly_2018.zip
20181024,3665,貿聯-KY,4748447,153.50,154.50,148.50,148.50,yearly_2018.zip
20181025,3665,貿聯-KY,9579778,150.00,157.50,149.00,157.50,yearly_2018.zip
20181026,3665,貿聯-KY,9175654,162.00,165.00,148.00,149.00,yearly_2018.zip
20181029,3665,貿聯-KY,5215182,152.50,159.00,151.50,156.00,yearly_2018.zip
20181030,3665,貿聯-KY,2668922,153.50,158.00,153.00,158.00,yearly_2018.zip
20181031,3665,貿聯-KY,9422965,159.00,169.00,154.50,165.00,yearly_2018.zip
20181101,3665,貿聯-KY,7364604,163.00,168.50,162.00,163.50,yearly_2018.zip
20181102,3665,貿聯-KY,11770680,165.00,179.50,164.50,179.50,yearly_2018.zip
20181105,3665,貿聯-KY,7852994,182.50,183.50,174.00,176.00,yearly_2018.zip
20181106,3665,貿聯-KY,6395223,176.00,179.00,163.00,165.00,yearly_2018.zip
20181107,3665,貿聯-KY,7214653,168.50,181.00,167.00,177.50,yearly_2018.zip
20181108,3665,貿聯-KY,8163633,181.00,185.00,175.50,181.00,yearly_2018.zip
20181109,3665,貿聯-KY,3789724,181.00,183.50,177.00,181.00,yearly_2018.zip
20181112,3665,貿聯-KY,6156305,184.00,186.50,175.50,175.50,yearly_2018.zip
20181113,3665,貿聯-KY,6882567,167.00,185.00,165.00,185.00,yearly_2018.zip
20181114,3665,貿聯-KY,5744680,183.50,188.00,181.00,183.00,yearly_2018.zip
20181115,3665,貿聯-KY,5900294,186.00,189.00,181.50,182.50,yearly_2018.zip
20181116,3665,貿聯-KY,5366254,183.00,189.50,182.00,185.00,yearly_2018.zip
20181119,3665,貿聯-KY,6054383,188.00,194.50,185.00,194.50,yearly_2018.zip
20181120,3665,貿聯-KY,4744185,191.00,194.50,188.50,189.50,yearly_2018.zip
20181121,3665,貿聯-KY,4861226,187.00,192.00,183.00,185.00,yearly_2018.zip
20181122,3665,貿聯-KY,3677161,187.50,189.50,181.00,181.00,yearly_2018.zip
20181123,3665,貿聯-KY,3223492,182.00,184.00,176.50,176.50,yearly_2018.zip
20181126,3665,貿聯-KY,3996722,182.00,186.50,180.00,184.00,yearly_2018.zip
20181127,3665,貿聯-KY,5829916,186.50,193.50,185.50,190.00,yearly_2018.zip
20181128,3665,貿聯-KY,3952661,190.00,195.50,187.50,194.00,yearly_2018.zip
20181129,3665,貿聯-KY,2914839,197.00,199.00,191.00,191.00,yearly_2018.zip
20181130,3665,貿聯-KY,2435509,191.00,197.00,191.00,196.00,yearly_2018.zip
20181203,3665,貿聯-KY,5302485,202.00,215.00,201.00,212.00,yearly_2018.zip
20181204,3665,貿聯-KY,5009004,213.00,216.00,198.50,198.50,yearly_2018.zip
20181205,3665,貿聯-KY,4145305,194.00,204.00,192.00,198.50,yearly_2018.zip
20181206,3665,貿聯-KY,4968485,201.00,202.50,187.00,189.00,yearly_2018.zip
20181207,3665,貿聯-KY,2768835,193.50,197.00,193.00,196.00,yearly_2018.zip
20181210,3665,貿聯-KY,1493265,191.00,196.50,191.00,196.50,yearly_2018.zip
20181211,3665,貿聯-KY,2650444,199.00,204.50,198.00,201.00,yearly_2018.zip
20181212,3665,貿聯-KY,2521999,204.50,207.50,202.50,203.00,yearly_2018.zip
20181213,3665,貿聯-KY,2361031,206.00,210.50,205.00,205.00,yearly_2018.zip
20181214,3665,貿聯-KY,2699935,210.00,211.00,205.00,206.00,yearly_2018.zip
20181217,3665,貿聯-KY,1476106,206.00,208.50,203.00,203.00,yearly_2018.zip
20181218,3665,貿聯-KY,2223375,199.50,205.50,197.50,205.50,yearly_2018.zip
20181219,3665,貿聯-KY,1607345,203.50,206.00,200.00,200.00,yearly_2018.zip
20181220,3665,貿聯-KY,1597083,199.50,203.50,195.50,199.00,yearly_2018.zip
20181221,3665,貿聯-KY,2880228,194.50,204.50,194.50,204.50,yearly_2018.zip
20181222,3665,貿聯-KY,524523,203.50,204.00,201.50,202.00,yearly_2018.zip
20181224,3665,貿聯-KY,869409,204.50,206.00,201.50,206.00,yearly_2018.zip
20181225,3665,貿聯-KY,1652036,201.00,204.50,199.00,204.50,yearly_2018.zip
20181226,3665,貿聯-KY,1602195,208.00,209.00,202.50,204.50,yearly_2018.zip
20181227,3665,貿聯-KY,5290441,212.50,217.00,212.00,215.00,yearly_2018.zip
20181228,3665,貿聯-KY,3414621,215.50,224.00,213.50,224.00,yearly_2018.zip
20190102,3665,貿聯-KY,2681133,227.50,227.50,216.00,219.50,yearly_2019.zip
20190103,3665,貿聯-KY,5817928,213.00,215.00,203.00,206.50,yearly_2019.zip
20190104,3665,貿聯-KY,3227185,200.00,200.00,193.00,194.50,yearly_2019.zip
20190107,3665,貿聯-KY,2378332,202.00,202.00,195.00,195.00,yearly_2019.zip
20190108,3665,貿聯-KY,2302519,200.00,201.50,195.50,197.50,yearly_2019.zip
20190109,3665,貿聯-KY,1501120,198.50,201.00,198.00,198.50,yearly_2019.zip
20190110,3665,貿聯-KY,1201900,198.50,202.00,197.50,202.00,yearly_2019.zip
20190111,3665,貿聯-KY,3731607,206.00,213.50,204.50,210.50,yearly_2019.zip
20190114,3665,貿聯-KY,1666436,210.50,212.50,209.50,212.00,yearly_2019.zip
20190115,3665,貿聯-KY,1847736,210.00,212.00,207.00,212.00,yearly_2019.zip
20190116,3665,貿聯-KY,1752935,215.50,218.00,212.00,212.00,yearly_2019.zip
20190117,3665,貿聯-KY,1030841,213.00,215.00,208.00,208.00,yearly_2019.zip
20190118,3665,貿聯-KY,729966,209.50,213.00,208.50,212.50,yearly_2019.zip
20190121,3665,貿聯-KY,4758284,204.00,204.00,194.50,194.50,yearly_2019.zip
20190122,3665,貿聯-KY,5751240,193.00,193.50,185.00,187.00,yearly_2019.zip
20190123,3665,貿聯-KY,2613756,188.50,191.50,187.50,189.50,yearly_2019.zip
20190124,3665,貿聯-KY,4759131,187.00,187.00,181.00,185.50,yearly_2019.zip
20190125,3665,貿聯-KY,1936395,186.00,187.50,183.50,185.00,yearly_2019.zip
20190128,3665,貿聯-KY,2315658,186.00,188.50,184.50,185.50,yearly_2019.zip
20190129,3665,貿聯-KY,2282782,184.00,185.50,179.50,181.00,yearly_2019.zip
20190130,3665,貿聯-KY,2105823,181.00,184.00,179.00,179.00,yearly_2019.zip
20190211,3665,貿聯-KY,2983353,183.00,187.50,182.00,187.50,yearly_2019.zip
20190212,3665,貿聯-KY,2175649,189.00,192.00,188.00,190.00,yearly_2019.zip
20190213,3665,貿聯-KY,1351287,190.50,191.00,187.00,189.00,yearly_2019.zip
20190214,3665,貿聯-KY,2229452,189.50,195.00,189.00,190.50,yearly_2019.zip
20190215,3665,貿聯-KY,1073865,190.00,192.50,188.00,190.00,yearly_2019.zip
20190218,3665,貿聯-KY,4621026,192.50,200.00,192.50,198.50,yearly_2019.zip
20190219,3665,貿聯-KY,2194546,199.00,201.00,196.00,199.50,yearly_2019.zip
20190220,3665,貿聯-KY,1784338,201.50,201.50,197.00,198.50,yearly_2019.zip
20190221,3665,貿聯-KY,2810326,199.50,204.50,199.00,203.50,yearly_2019.zip
20190222,3665,貿聯-KY,2530046,201.00,201.00,195.50,196.50,yearly_2019.zip
20190225,3665,貿聯-KY,2200107,197.50,198.50,193.00,197.00,yearly_2019.zip
20190226,3665,貿聯-KY,1078512,198.00,200.00,196.00,197.00,yearly_2019.zip
20190227,3665,貿聯-KY,977960,197.00,199.00,195.00,199.00,yearly_2019.zip
20190304,3665,貿聯-KY,2557260,195.00,196.00,191.50,195.00,yearly_2019.zip
20190305,3665,貿聯-KY,1661867,194.00,194.00,190.00,191.00,yearly_2019.zip
20190306,3665,貿聯-KY,3740072,192.50,202.00,192.50,200.00,yearly_2019.zip
20190307,3665,貿聯-KY,1297116,198.50,199.50,193.50,195.50,yearly_2019.zip
20190308,3665,貿聯-KY,955978,195.50,198.00,193.50,197.50,yearly_2019.zip
20190311,3665,貿聯-KY,3232107,199.00,205.50,196.50,204.50,yearly_2019.zip
20190312,3665,貿聯-KY,3883014,208.50,211.50,202.50,206.00,yearly_2019.zip
20190313,3665,貿聯-KY,1932188,207.50,210.50,205.50,210.00,yearly_2019.zip
20190314,3665,貿聯-KY,2557745,212.00,215.00,208.50,209.00,yearly_2019.zip
20190315,3665,貿聯-KY,4840790,212.00,219.50,212.00,214.50,yearly_2019.zip
20190318,3665,貿聯-KY,1744055,212.00,219.00,212.00,216.00,yearly_2019.zip
20190319,3665,貿聯-KY,1437253,216.00,218.00,214.00,218.00,yearly_2019.zip
20190320,3665,貿聯-KY,1670911,220.00,223.50,215.00,215.50,yearly_2019.zip
20190321,3665,貿聯-KY,839984,218.00,218.00,215.00,216.50,yearly_2019.zip
20190322,3665,貿聯-KY,1739431,218.00,218.50,209.00,210.00,yearly_2019.zip
20190325,3665,貿聯-KY,1499196,204.50,213.50,204.00,213.00,yearly_2019.zip
20190326,3665,貿聯-KY,2008158,214.00,215.00,204.00,206.50,yearly_2019.zip
20190327,3665,貿聯-KY,819525,208.00,210.50,207.00,210.50,yearly_2019.zip
20190328,3665,貿聯-KY,874415,212.50,212.50,207.00,208.00,yearly_2019.zip
20190329,3665,貿聯-KY,1256419,209.00,214.00,208.50,211.50,yearly_2019.zip
20190401,3665,貿聯-KY,1870468,214.00,217.00,210.00,216.50,yearly_2019.zip
20190402,3665,貿聯-KY,1962684,217.00,221.00,215.00,216.00,yearly_2019.zip
20190403,3665,貿聯-KY,921471,216.00,217.00,213.50,216.00,yearly_2019.zip
20190408,3665,貿聯-KY,1233861,214.50,218.00,213.00,213.50,yearly_2019.zip
20190409,3665,貿聯-KY,863749,214.50,218.50,214.50,214.50,yearly_2019.zip
20190410,3665,貿聯-KY,1695559,216.00,219.50,214.50,217.00,yearly_2019.zip
20190411,3665,貿聯-KY,1289103,219.00,221.00,216.50,217.50,yearly_2019.zip
20190412,3665,貿聯-KY,2781867,217.50,217.50,205.00,207.50,yearly_2019.zip
20190415,3665,貿聯-KY,1356078,210.00,210.00,203.50,207.00,yearly_2019.zip
20190416,3665,貿聯-KY,1555020,207.00,209.00,204.00,206.50,yearly_2019.zip
20190417,3665,貿聯-KY,1157365,208.00,208.50,205.00,206.00,yearly_2019.zip
20190418,3665,貿聯-KY,1155748,207.00,208.00,203.00,203.50,yearly_2019.zip
20190419,3665,貿聯-KY,1133870,205.00,206.50,200.50,202.50,yearly_2019.zip
20190422,3665,貿聯-KY,1294396,201.50,204.00,198.50,199.00,yearly_2019.zip
20190423,3665,貿聯-KY,2155739,198.50,198.50,194.00,197.00,yearly_2019.zip
20190424,3665,貿聯-KY,1375578,198.50,202.00,198.00,200.50,yearly_2019.zip
20190425,3665,貿聯-KY,2796596,201.50,202.50,199.00,202.00,yearly_2019.zip
20190426,3665,貿聯-KY,1116072,200.00,202.00,197.50,199.50,yearly_2019.zip
20190429,3665,貿聯-KY,926429,197.00,200.00,195.50,196.00,yearly_2019.zip
20190430,3665,貿聯-KY,827555,199.00,199.50,195.50,199.00,yearly_2019.zip
20190502,3665,貿聯-KY,1327295,202.00,203.00,199.50,201.50,yearly_2019.zip
20190503,3665,貿聯-KY,1515633,204.00,208.00,203.50,206.50,yearly_2019.zip
20190506,3665,貿聯-KY,1187956,200.00,205.00,200.00,204.00,yearly_2019.zip
20190507,3665,貿聯-KY,4404779,210.00,214.50,207.00,207.00,yearly_2019.zip
20190508,3665,貿聯-KY,1678582,202.50,211.00,202.50,210.50,yearly_2019.zip
20190509,3665,貿聯-KY,2865559,212.00,216.00,207.50,211.50,yearly_2019.zip
20190510,3665,貿聯-KY,3644334,215.50,218.00,202.00,207.50,yearly_2019.zip
20190513,3665,貿聯-KY,4519334,209.50,217.00,208.00,210.00,yearly_2019.zip
20190514,3665,貿聯-KY,2452395,207.50,218.00,205.00,218.00,yearly_2019.zip
20190515,3665,貿聯-KY,2062285,217.00,218.50,213.50,216.00,yearly_2019.zip
20190516,3665,貿聯-KY,1824984,217.00,218.00,212.00,212.00,yearly_2019.zip
20190517,3665,貿聯-KY,1118443,215.50,216.50,208.00,208.00,yearly_2019.zip
20190520,3665,貿聯-KY,3367456,206.00,206.50,188.00,190.50,yearly_2019.zip
20190521,3665,貿聯-KY,2089973,185.50,199.00,183.50,198.00,yearly_2019.zip
20190522,3665,貿聯-KY,950182,196.00,200.00,194.00,194.50,yearly_2019.zip
20190523,3665,貿聯-KY,989639,190.00,194.00,187.00,194.00,yearly_2019.zip
20190524,3665,貿聯-KY,2264237,196.50,203.50,195.50,198.00,yearly_2019.zip
20190527,3665,貿聯-KY,819466,199.00,199.50,194.50,195.00,yearly_2019.zip
20190528,3665,貿聯-KY,653370,196.00,198.00,193.50,198.00,yearly_2019.zip
20190529,3665,貿聯-KY,400581,195.00,197.00,194.00,194.50,yearly_2019.zip
20190530,3665,貿聯-KY,582064,195.00,197.50,193.00,193.50,yearly_2019.zip
20190531,3665,貿聯-KY,622940,192.00,197.50,192.00,195.50,yearly_2019.zip
20190603,3665,貿聯-KY,320166,195.00,196.50,193.00,195.00,yearly_2019.zip
20190604,3665,貿聯-KY,686216,195.00,198.00,194.00,195.00,yearly_2019.zip
20190605,3665,貿聯-KY,794345,200.50,200.50,194.50,194.50,yearly_2019.zip
20190606,3665,貿聯-KY,935259,194.50,196.50,189.00,190.00,yearly_2019.zip
20190610,3665,貿聯-KY,785853,194.50,198.00,194.00,198.00,yearly_2019.zip
20190611,3665,貿聯-KY,915344,199.50,201.50,198.00,201.00,yearly_2019.zip
20190612,3665,貿聯-KY,1756665,201.00,210.00,201.00,208.50,yearly_2019.zip
20190613,3665,貿聯-KY,731742,206.50,209.50,205.50,208.50,yearly_2019.zip
20190614,3665,貿聯-KY,857047,210.00,212.00,209.50,210.00,yearly_2019.zip
20190617,3665,貿聯-KY,614686,210.00,212.50,206.50,207.50,yearly_2019.zip
20190618,3665,貿聯-KY,458810,209.50,210.00,208.50,209.00,yearly_2019.zip
20190619,3665,貿聯-KY,766542,212.00,213.00,210.00,212.00,yearly_2019.zip
20190620,3665,貿聯-KY,580557,212.00,213.50,211.50,213.50,yearly_2019.zip
20190621,3665,貿聯-KY,577592,215.00,216.00,212.00,214.50,yearly_2019.zip
20190624,3665,貿聯-KY,385108,213.00,214.50,211.00,212.00,yearly_2019.zip
20190625,3665,貿聯-KY,470147,211.50,213.50,211.00,212.50,yearly_2019.zip
20190626,3665,貿聯-KY,775958,212.50,217.50,212.00,217.00,yearly_2019.zip
20190627,3665,貿聯-KY,555750,218.00,219.00,215.00,215.50,yearly_2019.zip
20190628,3665,貿聯-KY,399814,214.00,217.00,214.00,215.00,yearly_2019.zip
20190701,3665,貿聯-KY,2460524,218.50,228.00,217.00,227.00,yearly_2019.zip
20190702,3665,貿聯-KY,1377337,227.00,234.00,224.50,231.00,yearly_2019.zip
20190703,3665,貿聯-KY,3608224,235.00,242.00,232.50,238.50,yearly_2019.zip
20190704,3665,貿聯-KY,1752527,241.50,243.00,235.50,238.50,yearly_2019.zip
20190705,3665,貿聯-KY,762963,237.00,237.00,233.00,234.50,yearly_2019.zip
20190708,3665,貿聯-KY,623442,235.00,237.50,232.50,235.00,yearly_2019.zip
20190709,3665,貿聯-KY,703341,235.00,235.00,230.00,234.00,yearly_2019.zip
20190710,3665,貿聯-KY,1297052,235.00,238.00,234.00,235.00,yearly_2019.zip
20190711,3665,貿聯-KY,1054677,237.50,243.00,236.00,240.50,yearly_2019.zip
20190712,3665,貿聯-KY,564114,242.50,242.50,237.50,239.50,yearly_2019.zip
20190715,3665,貿聯-KY,679160,241.00,241.00,234.50,235.00,yearly_2019.zip
20190716,3665,貿聯-KY,1235698,238.00,241.00,235.00,238.00,yearly_2019.zip
20190717,3665,貿聯-KY,908585,238.50,239.00,232.00,233.50,yearly_2019.zip
20190718,3665,貿聯-KY,844514,234.00,236.00,230.00,232.00,yearly_2019.zip
20190719,3665,貿聯-KY,719994,235.00,237.00,233.00,236.50,yearly_2019.zip
20190722,3665,貿聯-KY,1042088,236.50,238.00,232.50,233.00,yearly_2019.zip
20190723,3665,貿聯-KY,1416355,234.50,238.00,231.00,233.50,yearly_2019.zip
20190724,3665,貿聯-KY,2109562,235.50,244.00,234.00,243.50,yearly_2019.zip
20190725,3665,貿聯-KY,2453486,236.00,238.50,233.50,236.00,yearly_2019.zip
20190726,3665,貿聯-KY,2136692,233.50,244.50,231.00,244.50,yearly_2019.zip
20190729,3665,貿聯-KY,1440226,247.00,249.00,239.50,241.50,yearly_2019.zip
20190730,3665,貿聯-KY,942937,241.50,243.00,235.00,236.50,yearly_2019.zip
20190731,3665,貿聯-KY,578344,239.00,240.00,236.50,239.00,yearly_2019.zip
20190801,3665,貿聯-KY,1870234,241.00,248.00,238.50,248.00,yearly_2019.zip
20190802,3665,貿聯-KY,2634474,232.00,232.00,222.00,227.50,yearly_2019.zip
20190805,3665,貿聯-KY,1615941,228.50,235.00,221.00,221.00,yearly_2019.zip
20190806,3665,貿聯-KY,1890821,209.00,220.00,209.00,218.50,yearly_2019.zip
20190807,3665,貿聯-KY,690566,222.50,224.00,218.50,220.00,yearly_2019.zip
20190808,3665,貿聯-KY,1031644,220.00,223.50,217.00,219.50,yearly_2019.zip
20190812,3665,貿聯-KY,2237691,219.50,230.50,219.50,228.50,yearly_2019.zip
20190813,3665,貿聯-KY,3085936,227.50,227.50,216.50,217.50,yearly_2019.zip
20190814,3665,貿聯-KY,4903711,220.50,222.00,205.00,205.00,yearly_2019.zip
20190815,3665,貿聯-KY,2420118,199.00,203.50,197.50,199.00,yearly_2019.zip
20190816,3665,貿聯-KY,2696947,202.00,209.00,200.50,208.50,yearly_2019.zip
20190819,3665,貿聯-KY,1798540,208.50,213.50,205.00,212.00,yearly_2019.zip
20190820,3665,貿聯-KY,1562849,212.00,214.50,211.00,214.50,yearly_2019.zip
20190821,3665,貿聯-KY,2020720,214.00,219.50,213.00,219.50,yearly_2019.zip
20190822,3665,貿聯-KY,1073720,219.50,222.00,219.00,220.50,yearly_2019.zip
20190823,3665,貿聯-KY,1002214,220.50,221.00,215.00,216.50,yearly_2019.zip
20190826,3665,貿聯-KY,827391,210.00,213.50,208.00,210.00,yearly_2019.zip
20190827,3665,貿聯-KY,675382,213.00,215.00,210.00,210.00,yearly_2019.zip
20190828,3665,貿聯-KY,313306,212.00,214.00,212.00,213.50,yearly_2019.zip
20190829,3665,貿聯-KY,748417,215.00,217.50,214.00,214.50,yearly_2019.zip
20190830,3665,貿聯-KY,736595,218.00,218.50,215.00,215.50,yearly_2019.zip
20190902,3665,貿聯-KY,1217803,217.50,222.50,217.00,222.50,yearly_2019.zip
20190903,3665,貿聯-KY,1251736,222.50,225.50,221.00,222.50,yearly_2019.zip
20190904,3665,貿聯-KY,762925,224.50,225.00,222.50,224.00,yearly_2019.zip
20190905,3665,貿聯-KY,695355,225.50,225.50,221.50,221.50,yearly_2019.zip
20190906,3665,貿聯-KY,2888982,220.50,220.50,209.00,211.00,yearly_2019.zip
20190909,3665,貿聯-KY,1278345,214.00,214.50,208.00,211.00,yearly_2019.zip
20190910,3665,貿聯-KY,1722441,213.50,216.50,212.00,216.00,yearly_2019.zip
20190911,3665,貿聯-KY,3463983,219.50,227.00,217.00,227.00,yearly_2019.zip
20190912,3665,貿聯-KY,1722070,229.00,230.00,223.00,224.50,yearly_2019.zip
20190916,3665,貿聯-KY,1470726,224.50,224.50,219.00,220.00,yearly_2019.zip
20190917,3665,貿聯-KY,835331,221.00,222.50,217.50,218.00,yearly_2019.zip
20190918,3665,貿聯-KY,663316,218.50,221.50,218.00,219.00,yearly_2019.zip
20190919,3665,貿聯-KY,393697,218.50,220.50,218.00,219.50,yearly_2019.zip
20190920,3665,貿聯-KY,678984,221.00,222.50,220.00,221.00,yearly_2019.zip
20190923,3665,貿聯-KY,559331,222.00,224.00,220.00,220.00,yearly_2019.zip
20190924,3665,貿聯-KY,815315,220.50,224.00,220.50,222.50,yearly_2019.zip
20190925,3665,貿聯-KY,1466140,219.00,219.00,214.50,215.50,yearly_2019.zip
20190926,3665,貿聯-KY,1013448,217.50,218.00,211.00,212.50,yearly_2019.zip
20190927,3665,貿聯-KY,1563606,217.00,218.50,212.00,214.50,yearly_2019.zip
20191001,3665,貿聯-KY,1070698,215.50,216.00,211.00,211.50,yearly_2019.zip
20191002,3665,貿聯-KY,2621140,210.00,213.00,206.50,208.00,yearly_2019.zip
20191003,3665,貿聯-KY,1234380,206.00,210.00,205.00,208.00,yearly_2019.zip
20191004,3665,貿聯-KY,1905960,208.00,209.50,203.00,206.50,yearly_2019.zip
20191007,3665,貿聯-KY,1326357,209.00,211.00,208.50,210.00,yearly_2019.zip
20191008,3665,貿聯-KY,678354,211.50,212.00,208.50,208.50,yearly_2019.zip
20191009,3665,貿聯-KY,1030055,207.50,210.00,205.00,205.50,yearly_2019.zip
20191014,3665,貿聯-KY,944543,208.00,209.00,206.50,209.00,yearly_2019.zip
20191015,3665,貿聯-KY,1121110,211.00,212.50,210.00,211.00,yearly_2019.zip
20191016,3665,貿聯-KY,1349286,212.00,214.00,206.00,206.00,yearly_2019.zip
20191017,3665,貿聯-KY,765532,207.00,209.00,206.50,208.00,yearly_2019.zip
20191018,3665,貿聯-KY,883782,209.50,209.50,206.50,207.00,yearly_2019.zip
20191021,3665,貿聯-KY,858000,207.00,207.50,205.00,205.00,yearly_2019.zip
20191022,3665,貿聯-KY,1051470,206.50,207.50,204.00,206.50,yearly_2019.zip
20191023,3665,貿聯-KY,2761115,207.50,213.00,207.00,212.00,yearly_2019.zip
20191024,3665,貿聯-KY,6865950,223.00,224.00,216.00,218.00,yearly_2019.zip
20191025,3665,貿聯-KY,2335266,219.00,219.00,213.00,213.00,yearly_2019.zip
20191028,3665,貿聯-KY,1419767,215.50,216.00,212.00,212.50,yearly_2019.zip
20191029,3665,貿聯-KY,1650742,214.00,216.50,212.00,213.00,yearly_2019.zip
20191030,3665,貿聯-KY,1219533,212.50,213.00,210.00,211.00,yearly_2019.zip
20191031,3665,貿聯-KY,1312374,212.00,213.00,207.50,207.50,yearly_2019.zip
20191101,3665,貿聯-KY,998630,208.50,211.00,207.50,208.50,yearly_2019.zip
20191104,3665,貿聯-KY,702723,209.00,210.00,208.50,209.00,yearly_2019.zip
20191105,3665,貿聯-KY,1451553,210.00,214.00,210.00,212.00,yearly_2019.zip
20191106,3665,貿聯-KY,1598666,214.00,215.00,210.00,211.00,yearly_2019.zip
20191107,3665,貿聯-KY,1000600,211.00,213.00,210.00,211.00,yearly_2019.zip
20191108,3665,貿聯-KY,1558073,213.00,215.00,211.50,215.00,yearly_2019.zip
20191111,3665,貿聯-KY,1837548,216.50,216.50,208.00,208.00,yearly_2019.zip
20191112,3665,貿聯-KY,604285,209.50,212.00,209.50,210.00,yearly_2019.zip
20191113,3665,貿聯-KY,1043057,210.00,213.50,208.50,212.00,yearly_2019.zip
20191114,3665,貿聯-KY,3386148,214.50,217.00,213.00,215.00,yearly_2019.zip
20191115,3665,貿聯-KY,5380028,217.00,223.00,215.50,222.50,yearly_2019.zip
20191118,3665,貿聯-KY,4202786,226.00,227.00,220.00,222.00,yearly_2019.zip
20191119,3665,貿聯-KY,4458064,221.00,229.00,220.50,228.00,yearly_2019.zip
20191120,3665,貿聯-KY,4001628,228.50,230.00,225.50,227.00,yearly_2019.zip
20191121,3665,貿聯-KY,2641301,224.50,225.50,222.00,224.50,yearly_2019.zip
20191122,3665,貿聯-KY,2245763,226.00,227.00,222.50,223.00,yearly_2019.zip
20191125,3665,貿聯-KY,2897049,222.00,223.00,218.00,218.00,yearly_2019.zip
20191126,3665,貿聯-KY,1920121,219.50,223.00,219.50,223.00,yearly_2019.zip
20191127,3665,貿聯-KY,2247129,223.00,225.50,222.50,225.50,yearly_2019.zip
20191128,3665,貿聯-KY,3375607,226.50,230.50,226.00,226.00,yearly_2019.zip
20191129,3665,貿聯-KY,3161612,228.00,230.50,226.50,227.50,yearly_2019.zip
20191202,3665,貿聯-KY,2987515,228.50,229.00,219.50,221.00,yearly_2019.zip
20191203,3665,貿聯-KY,2137799,222.00,225.00,221.50,223.00,yearly_2019.zip
20191204,3665,貿聯-KY,2322719,223.00,224.00,219.50,221.50,yearly_2019.zip
20191205,3665,貿聯-KY,1308586,223.00,224.00,222.00,222.50,yearly_2019.zip
20191206,3665,貿聯-KY,3652535,220.50,222.00,217.50,217.50,yearly_2019.zip
20191209,3665,貿聯-KY,5169470,214.50,215.50,212.00,213.00,yearly_2019.zip
20191210,3665,貿聯-KY,2771300,213.00,215.00,210.00,211.50,yearly_2019.zip
20191211,3665,貿聯-KY,2995860,212.00,212.00,208.50,208.50,yearly_2019.zip
20191212,3665,貿聯-KY,2644242,208.50,213.00,208.50,209.00,yearly_2019.zip
20191213,3665,貿聯-KY,2420778,210.00,211.50,207.00,207.00,yearly_2019.zip
20191216,3665,貿聯-KY,1498298,208.00,211.50,208.00,210.50,yearly_2019.zip
20191217,3665,貿聯-KY,3958190,213.00,216.00,212.50,213.50,yearly_2019.zip
20191218,3665,貿聯-KY,1775108,214.00,215.50,212.50,213.50,yearly_2019.zip
20191219,3665,貿聯-KY,2297696,215.50,217.50,214.50,215.50,yearly_2019.zip
20191220,3665,貿聯-KY,1881321,216.50,218.00,215.00,215.50,yearly_2019.zip
20191223,3665,貿聯-KY,886476,217.00,217.50,214.50,214.50,yearly_2019.zip
20191224,3665,貿聯-KY,3320141,215.50,219.50,214.00,217.00,yearly_2019.zip
20191225,3665,貿聯-KY,7219394,221.00,228.00,220.50,224.50,yearly_2019.zip
20191226,3665,貿聯-KY,3071309,226.00,227.00,221.00,222.00,yearly_2019.zip
20191227,3665,貿聯-KY,2550677,223.50,227.50,222.00,226.00,yearly_2019.zip
20191230,3665,貿聯-KY,2722823,228.00,229.00,224.50,224.50,yearly_2019.zip
20191231,3665,貿聯-KY,1723720,224.00,227.00,223.00,225.50,yearly_2019.zip
20200102,3665,貿聯-KY,5900468,228.00,235.00,226.50,227.50,yearly_2020.zip
20200103,3665,貿聯-KY,4408809,231.00,232.50,223.00,224.00,yearly_2020.zip
20200106,3665,貿聯-KY,2503473,223.00,228.50,223.00,224.50,yearly_2020.zip
20200107,3665,貿聯-KY,5073556,227.00,232.00,225.00,231.00,yearly_2020.zip
20200108,3665,貿聯-KY,8954460,231.00,240.00,229.00,237.00,yearly_2020.zip
20200109,3665,貿聯-KY,5691749,242.00,244.50,234.00,235.00,yearly_2020.zip
20200110,3665,貿聯-KY,2586639,235.00,237.00,232.50,235.50,yearly_2020.zip
20200113,3665,貿聯-KY,2958471,238.50,240.00,236.50,238.00,yearly_2020.zip
20200114,3665,貿聯-KY,4205379,243.00,245.00,237.00,237.00,yearly_2020.zip
20200115,3665,貿聯-KY,3043771,238.50,240.50,234.50,235.00,yearly_2020.zip
20200116,3665,貿聯-KY,2453733,235.00,236.50,232.00,234.50,yearly_2020.zip
20200117,3665,貿聯-KY,1513415,236.00,237.50,233.50,234.00,yearly_2020.zip
20200120,3665,貿聯-KY,1747016,234.50,235.00,231.50,232.00,yearly_2020.zip
20200130,3665,貿聯-KY,3904640,221.00,227.00,220.00,222.00,yearly_2020.zip
20200131,3665,貿聯-KY,2378523,229.00,229.00,222.00,224.00,yearly_2020.zip
20200203,3665,貿聯-KY,2381580,218.50,220.00,212.00,219.00,yearly_2020.zip
20200204,3665,貿聯-KY,3810712,226.00,228.00,223.50,223.50,yearly_2020.zip
20200205,3665,貿聯-KY,3452952,227.00,228.50,223.00,225.00,yearly_2020.zip
20200206,3665,貿聯-KY,4317066,224.50,225.00,218.50,220.00,yearly_2020.zip
20200207,3665,貿聯-KY,4904610,217.00,219.00,209.00,209.50,yearly_2020.zip
20200210,3665,貿聯-KY,3161342,203.50,208.50,200.50,205.00,yearly_2020.zip
20200211,3665,貿聯-KY,2191413,208.50,209.50,206.00,206.50,yearly_2020.zip
20200212,3665,貿聯-KY,2281675,207.50,214.50,207.50,214.50,yearly_2020.zip
20200213,3665,貿聯-KY,2389080,215.00,215.50,209.50,209.50,yearly_2020.zip
20200214,3665,貿聯-KY,1630995,210.50,215.00,210.50,215.00,yearly_2020.zip
20200217,3665,貿聯-KY,1111464,213.00,213.00,211.00,212.50,yearly_2020.zip
20200218,3665,貿聯-KY,1532293,213.00,216.00,211.00,211.00,yearly_2020.zip
20200219,3665,貿聯-KY,1569150,215.00,215.50,213.00,214.50,yearly_2020.zip
20200220,3665,貿聯-KY,1843245,217.00,218.50,214.50,215.00,yearly_2020.zip
20200221,3665,貿聯-KY,1511570,215.50,216.00,211.00,211.00,yearly_2020.zip
20200224,3665,貿聯-KY,1204551,208.00,209.50,205.00,208.50,yearly_2020.zip
20200225,3665,貿聯-KY,1226282,205.00,209.00,204.50,207.50,yearly_2020.zip
20200226,3665,貿聯-KY,1856073,205.50,207.50,203.00,204.00,yearly_2020.zip
20200227,3665,貿聯-KY,4494270,205.00,206.00,191.00,191.50,yearly_2020.zip
20200302,3665,貿聯-KY,2731857,185.00,194.00,181.50,189.00,yearly_2020.zip
20200303,3665,貿聯-KY,1506834,195.00,195.50,192.00,193.50,yearly_2020.zip
20200304,3665,貿聯-KY,1112688,192.50,193.50,189.00,192.00,yearly_2020.zip
20200305,3665,貿聯-KY,1173845,195.50,197.00,194.00,196.50,yearly_2020.zip
20200306,3665,貿聯-KY,663215,195.00,196.50,193.50,195.50,yearly_2020.zip
20200309,3665,貿聯-KY,1902778,191.50,193.00,183.50,183.50,yearly_2020.zip
20200310,3665,貿聯-KY,1849798,178.00,189.00,178.00,187.50,yearly_2020.zip
20200311,3665,貿聯-KY,1494817,190.50,193.00,186.50,188.00,yearly_2020.zip
20200312,3665,貿聯-KY,2873825,187.00,187.00,172.50,175.00,yearly_2020.zip
20200313,3665,貿聯-KY,5202322,159.50,165.00,157.50,163.50,yearly_2020.zip
20200316,3665,貿聯-KY,2516835,164.50,166.50,151.50,153.50,yearly_2020.zip
20200317,3665,貿聯-KY,2802169,142.00,157.00,141.50,147.00,yearly_2020.zip
20200318,3665,貿聯-KY,3372593,152.00,156.00,147.50,148.00,yearly_2020.zip
20200319,3665,貿聯-KY,3844144,145.00,147.00,133.50,133.50,yearly_2020.zip
20200320,3665,貿聯-KY,3858557,140.00,145.00,138.50,141.50,yearly_2020.zip
20200323,3665,貿聯-KY,3022470,133.50,134.00,127.50,128.50,yearly_2020.zip
20200324,3665,貿聯-KY,3802180,133.00,137.00,132.00,134.50,yearly_2020.zip
20200325,3665,貿聯-KY,4359694,141.50,147.50,140.50,147.50,yearly_2020.zip
20200326,3665,貿聯-KY,4053601,151.00,153.50,145.50,153.00,yearly_2020.zip
20200327,3665,貿聯-KY,3737642,157.50,160.00,151.00,151.00,yearly_2020.zip
20200330,3665,貿聯-KY,3176645,150.00,160.00,147.50,160.00,yearly_2020.zip
20200331,3665,貿聯-KY,4572645,163.00,166.00,157.00,164.00,yearly_2020.zip
20200401,3665,貿聯-KY,2455275,163.50,167.00,161.00,164.50,yearly_2020.zip
20200406,3665,貿聯-KY,1787806,166.00,166.50,162.50,166.00,yearly_2020.zip
20200407,3665,貿聯-KY,3222752,167.50,171.00,165.50,169.50,yearly_2020.zip
20200408,3665,貿聯-KY,2995866,168.50,176.50,168.00,175.00,yearly_2020.zip
20200409,3665,貿聯-KY,4420816,176.50,177.50,165.00,168.00,yearly_2020.zip
20200410,3665,貿聯-KY,1829594,168.00,173.50,168.00,171.50,yearly_2020.zip
20200413,3665,貿聯-KY,1267986,172.00,172.50,168.00,169.00,yearly_2020.zip
20200414,3665,貿聯-KY,1286190,171.50,174.00,171.00,173.50,yearly_2020.zip
20200415,3665,貿聯-KY,3974778,177.00,184.50,176.50,183.00,yearly_2020.zip
20200416,3665,貿聯-KY,3533497,182.00,187.50,179.50,183.50,yearly_2020.zip
20200417,3665,貿聯-KY,3416110,186.00,187.50,178.50,179.50,yearly_2020.zip
20200420,3665,貿聯-KY,1489033,180.00,181.00,176.50,177.50,yearly_2020.zip
20200421,3665,貿聯-KY,2171931,178.00,180.00,173.50,174.00,yearly_2020.zip
20200422,3665,貿聯-KY,1293191,173.00,178.00,169.00,176.50,yearly_2020.zip
20200423,3665,貿聯-KY,1118974,180.00,180.00,175.00,175.00,yearly_2020.zip
20200424,3665,貿聯-KY,628764,176.00,177.00,174.00,176.00,yearly_2020.zip
20200427,3665,貿聯-KY,1507587,179.00,181.00,177.50,180.00,yearly_2020.zip
20200428,3665,貿聯-KY,1354162,183.00,183.00,180.00,181.50,yearly_2020.zip
20200429,3665,貿聯-KY,1462365,182.50,185.00,181.50,183.50,yearly_2020.zip
20200430,3665,貿聯-KY,6040860,187.00,198.50,186.50,196.50,yearly_2020.zip
20200504,3665,貿聯-KY,2583138,187.50,190.00,187.00,187.50,yearly_2020.zip
20200505,3665,貿聯-KY,2184805,190.00,192.50,187.50,190.00,yearly_2020.zip
20200506,3665,貿聯-KY,1406001,188.00,189.50,185.50,186.50,yearly_2020.zip
20200507,3665,貿聯-KY,863040,187.00,189.50,187.00,188.50,yearly_2020.zip
20200508,3665,貿聯-KY,1303807,189.50,191.50,187.00,189.50,yearly_2020.zip
20200511,3665,貿聯-KY,1240504,192.50,192.50,189.00,190.00,yearly_2020.zip
20200512,3665,貿聯-KY,1584258,189.00,194.00,188.00,188.00,yearly_2020.zip
20200513,3665,貿聯-KY,689555,185.50,189.00,185.50,187.50,yearly_2020.zip
20200514,3665,貿聯-KY,1283828,186.00,188.00,180.50,181.50,yearly_2020.zip
20200515,3665,貿聯-KY,1199448,183.50,185.00,178.00,181.00,yearly_2020.zip
20200518,3665,貿聯-KY,913748,181.00,184.50,179.00,181.50,yearly_2020.zip
20200519,3665,貿聯-KY,1478066,185.00,189.00,183.50,186.50,yearly_2020.zip
20200520,3665,貿聯-KY,1147520,188.50,190.00,185.50,189.00,yearly_2020.zip
20200521,3665,貿聯-KY,1283199,190.00,191.00,186.50,186.50,yearly_2020.zip
20200522,3665,貿聯-KY,815871,187.00,188.50,184.50,184.50,yearly_2020.zip
20200525,3665,貿聯-KY,519697,186.00,188.00,183.00,188.00,yearly_2020.zip
20200526,3665,貿聯-KY,1152914,189.00,191.00,188.50,189.00,yearly_2020.zip
20200527,3665,貿聯-KY,3864115,191.50,197.00,191.00,194.50,yearly_2020.zip
20200528,3665,貿聯-KY,2682402,195.50,198.00,192.50,193.50,yearly_2020.zip
20200529,3665,貿聯-KY,1324387,193.00,196.50,192.50,196.50,yearly_2020.zip
20200601,3665,貿聯-KY,3272000,202.00,206.00,199.00,204.50,yearly_2020.zip
20200602,3665,貿聯-KY,1815212,206.00,206.50,201.50,202.00,yearly_2020.zip
20200603,3665,貿聯-KY,2186711,204.00,208.50,203.00,208.00,yearly_2020.zip
20200604,3665,貿聯-KY,1513346,209.50,211.00,205.00,206.00,yearly_2020.zip
20200605,3665,貿聯-KY,1224285,207.50,209.50,206.00,209.00,yearly_2020.zip
20200608,3665,貿聯-KY,1354353,209.00,209.00,206.00,207.00,yearly_2020.zip
20200609,3665,貿聯-KY,3607105,209.50,214.50,209.00,210.00,yearly_2020.zip
20200610,3665,貿聯-KY,2550902,209.50,214.50,209.00,214.50,yearly_2020.zip
20200611,3665,貿聯-KY,2354070,217.50,218.00,207.50,207.50,yearly_2020.zip
20200612,3665,貿聯-KY,1753669,202.00,209.50,199.00,209.50,yearly_2020.zip
20200615,3665,貿聯-KY,1663106,209.00,212.00,204.50,205.00,yearly_2020.zip
20200616,3665,貿聯-KY,1801718,207.50,211.00,205.50,210.50,yearly_2020.zip
20200617,3665,貿聯-KY,777810,211.00,211.50,208.00,208.50,yearly_2020.zip
20200618,3665,貿聯-KY,834723,209.00,211.00,207.50,210.00,yearly_2020.zip
20200619,3665,貿聯-KY,1703946,211.00,216.00,211.00,211.50,yearly_2020.zip
20200622,3665,貿聯-KY,1406526,210.50,215.50,210.50,215.00,yearly_2020.zip
20200623,3665,貿聯-KY,1905007,217.00,219.00,213.00,216.00,yearly_2020.zip
20200624,3665,貿聯-KY,825559,217.00,217.50,215.00,215.50,yearly_2020.zip
20200629,3665,貿聯-KY,1065591,213.00,215.00,209.50,210.50,yearly_2020.zip
20200630,3665,貿聯-KY,803773,212.00,212.50,210.00,210.00,yearly_2020.zip
20200701,3665,貿聯-KY,1522306,212.50,216.00,212.50,213.00,yearly_2020.zip
20200702,3665,貿聯-KY,4304026,216.00,224.00,215.50,219.00,yearly_2020.zip
20200703,3665,貿聯-KY,3517283,223.50,226.50,222.00,224.00,yearly_2020.zip
20200706,3665,貿聯-KY,2670341,227.00,229.50,225.50,229.50,yearly_2020.zip
20200707,3665,貿聯-KY,4334799,232.00,232.00,219.00,221.50,yearly_2020.zip
20200708,3665,貿聯-KY,2121139,222.50,225.00,219.00,220.50,yearly_2020.zip
20200709,3665,貿聯-KY,3366478,222.00,222.50,214.50,215.50,yearly_2020.zip
20200710,3665,貿聯-KY,1394446,216.50,217.00,210.00,210.00,yearly_2020.zip
20200713,3665,貿聯-KY,1437645,212.00,216.50,211.00,216.50,yearly_2020.zip
20200714,3665,貿聯-KY,2689371,218.00,218.50,215.00,217.50,yearly_2020.zip
20200715,3665,貿聯-KY,2839486,212.50,212.50,202.00,202.00,yearly_2020.zip
20200716,3665,貿聯-KY,1119376,203.50,206.50,202.00,202.50,yearly_2020.zip
20200717,3665,貿聯-KY,1223650,203.00,207.00,203.00,203.50,yearly_2020.zip
20200720,3665,貿聯-KY,503520,205.00,206.00,202.00,204.50,yearly_2020.zip
20200721,3665,貿聯-KY,1064210,207.00,209.00,206.50,208.00,yearly_2020.zip
20200722,3665,貿聯-KY,1178681,208.50,209.00,205.00,205.00,yearly_2020.zip
20200723,3665,貿聯-KY,1022987,207.00,208.00,203.00,204.00,yearly_2020.zip
20200724,3665,貿聯-KY,1491638,203.00,205.50,199.00,199.00,yearly_2020.zip
20200727,3665,貿聯-KY,1666146,199.50,202.00,193.50,195.00,yearly_2020.zip
20200728,3665,貿聯-KY,1734620,198.00,198.50,189.00,190.00,yearly_2020.zip
20200729,3665,貿聯-KY,1279765,190.50,194.50,189.50,193.00,yearly_2020.zip
20200730,3665,貿聯-KY,939738,195.00,199.00,193.00,199.00,yearly_2020.zip
20200731,3665,貿聯-KY,1062585,196.50,198.00,193.50,195.50,yearly_2020.zip
20200803,3665,貿聯-KY,406200,194.50,197.00,194.50,196.00,yearly_2020.zip
20200804,3665,貿聯-KY,530610,197.50,198.50,195.50,197.50,yearly_2020.zip
20200805,3665,貿聯-KY,927591,198.50,199.50,196.00,196.50,yearly_2020.zip
20200806,3665,貿聯-KY,4298248,199.00,209.50,199.00,208.00,yearly_2020.zip
20200807,3665,貿聯-KY,2298869,207.50,210.50,205.00,208.50,yearly_2020.zip
20200810,3665,貿聯-KY,863406,208.50,210.00,205.00,205.50,yearly_2020.zip
20200811,3665,貿聯-KY,1823290,208.00,213.00,207.50,208.50,yearly_2020.zip
20200812,3665,貿聯-KY,975853,210.00,210.50,207.00,209.00,yearly_2020.zip
20200813,3665,貿聯-KY,3130456,211.50,217.00,210.00,210.00,yearly_2020.zip
20200814,3665,貿聯-KY,6651949,217.00,221.50,214.50,217.50,yearly_2020.zip
20200817,3665,貿聯-KY,2621774,220.00,222.50,217.50,220.50,yearly_2020.zip
20200818,3665,貿聯-KY,4997043,227.00,229.50,223.00,225.00,yearly_2020.zip
20200819,3665,貿聯-KY,5712231,226.50,234.00,226.50,230.00,yearly_2020.zip
20200820,3665,貿聯-KY,4501808,230.50,232.00,214.00,220.00,yearly_2020.zip
20200821,3665,貿聯-KY,9371447,228.50,242.00,228.50,242.00,yearly_2020.zip
20200824,3665,貿聯-KY,6668563,242.00,243.00,233.50,241.00,yearly_2020.zip
20200825,3665,貿聯-KY,2474452,242.00,243.00,236.50,239.00,yearly_2020.zip
20200826,3665,貿聯-KY,3915035,239.00,245.00,238.00,238.50,yearly_2020.zip
20200827,3665,貿聯-KY,6469032,243.00,252.00,240.00,246.00,yearly_2020.zip
20200828,3665,貿聯-KY,3515549,246.00,251.50,244.00,245.00,yearly_2020.zip
20200831,3665,貿聯-KY,2364612,244.00,250.50,240.50,247.00,yearly_2020.zip
20200901,3665,貿聯-KY,8189363,250.50,261.00,249.00,256.00,yearly_2020.zip
20200902,3665,貿聯-KY,1982080,258.50,258.50,251.50,257.50,yearly_2020.zip
20200903,3665,貿聯-KY,3002031,257.50,260.50,254.00,256.00,yearly_2020.zip
20200904,3665,貿聯-KY,2076672,248.00,253.50,244.00,251.50,yearly_2020.zip
20200907,3665,貿聯-KY,2615018,251.00,252.00,238.50,242.50,yearly_2020.zip
20200908,3665,貿聯-KY,935255,245.00,248.50,243.00,245.50,yearly_2020.zip
20200909,3665,貿聯-KY,1734974,238.00,246.00,236.00,244.00,yearly_2020.zip
20200910,3665,貿聯-KY,1080837,246.00,247.50,239.00,239.00,yearly_2020.zip
20200911,3665,貿聯-KY,2332886,240.50,242.50,232.00,238.00,yearly_2020.zip
20200914,3665,貿聯-KY,1450218,238.50,239.00,231.50,232.50,yearly_2020.zip
20200915,3665,貿聯-KY,1527028,235.00,236.50,233.00,235.00,yearly_2020.zip
20200916,3665,貿聯-KY,1678579,237.50,241.50,235.50,236.00,yearly_2020.zip
20200917,3665,貿聯-KY,788987,236.50,239.50,235.50,238.00,yearly_2020.zip
20200918,3665,貿聯-KY,2598532,240.50,248.00,240.00,246.00,yearly_2020.zip
20200921,3665,貿聯-KY,2535755,244.50,256.00,244.50,251.00,yearly_2020.zip
20200922,3665,貿聯-KY,1193773,251.00,252.00,247.00,249.00,yearly_2020.zip
20200923,3665,貿聯-KY,1082363,247.50,250.00,245.00,245.00,yearly_2020.zip
20200924,3665,貿聯-KY,2675060,240.00,243.00,231.50,231.50,yearly_2020.zip
20200925,3665,貿聯-KY,2727697,235.50,236.50,223.00,225.50,yearly_2020.zip
20200928,3665,貿聯-KY,2374459,227.50,230.00,219.50,219.50,yearly_2020.zip
20200929,3665,貿聯-KY,2251631,223.50,226.50,220.50,222.50,yearly_2020.zip
20200930,3665,貿聯-KY,1517126,221.00,225.50,220.50,225.50,yearly_2020.zip
20201005,3665,貿聯-KY,961540,222.50,231.00,222.50,230.00,yearly_2020.zip
20201006,3665,貿聯-KY,963187,233.50,234.00,228.00,229.00,yearly_2020.zip
20201007,3665,貿聯-KY,1479734,228.00,228.00,223.00,224.00,yearly_2020.zip
20201008,3665,貿聯-KY,2134423,226.00,226.00,218.50,219.00,yearly_2020.zip
20201012,3665,貿聯-KY,988665,219.50,221.00,216.50,219.50,yearly_2020.zip
20201013,3665,貿聯-KY,1256059,221.00,223.50,218.00,218.50,yearly_2020.zip
20201014,3665,貿聯-KY,1288291,219.50,221.00,216.50,217.50,yearly_2020.zip
20201015,3665,貿聯-KY,895290,218.00,219.50,215.00,217.50,yearly_2020.zip
20201016,3665,貿聯-KY,1478083,216.50,218.50,214.00,214.00,yearly_2020.zip
20201019,3665,貿聯-KY,956604,216.00,218.00,215.00,216.50,yearly_2020.zip
20201020,3665,貿聯-KY,996224,215.00,220.00,215.00,220.00,yearly_2020.zip
20201021,3665,貿聯-KY,954470,222.00,223.00,219.00,220.00,yearly_2020.zip
20201022,3665,貿聯-KY,970523,222.00,222.00,217.50,218.00,yearly_2020.zip
20201023,3665,貿聯-KY,441353,219.50,220.50,218.50,219.50,yearly_2020.zip
20201026,3665,貿聯-KY,502635,219.50,221.00,218.50,220.00,yearly_2020.zip
20201027,3665,貿聯-KY,850329,218.00,218.00,216.00,217.00,yearly_2020.zip
20201028,3665,貿聯-KY,684980,217.50,220.00,217.00,220.00,yearly_2020.zip
20201029,3665,貿聯-KY,860175,216.00,220.00,215.50,220.00,yearly_2020.zip
20201030,3665,貿聯-KY,1129486,219.50,219.50,216.50,219.50,yearly_2020.zip
20201102,3665,貿聯-KY,903269,218.50,220.00,214.00,215.00,yearly_2020.zip
20201103,3665,貿聯-KY,1530711,216.50,224.50,216.50,224.00,yearly_2020.zip
20201104,3665,貿聯-KY,2073331,224.00,231.50,221.00,229.50,yearly_2020.zip
20201105,3665,貿聯-KY,823976,230.00,232.50,227.00,228.00,yearly_2020.zip
20201106,3665,貿聯-KY,1757241,231.00,231.50,228.00,230.00,yearly_2020.zip
20201109,3665,貿聯-KY,4547387,234.00,249.50,233.00,243.50,yearly_2020.zip
20201110,3665,貿聯-KY,1919865,240.00,249.00,239.00,243.00,yearly_2020.zip
20201111,3665,貿聯-KY,2326568,241.50,248.00,240.00,241.00,yearly_2020.zip
20201112,3665,貿聯-KY,1894503,241.50,243.50,234.00,234.50,yearly_2020.zip
20201113,3665,貿聯-KY,1444863,234.50,241.50,234.50,238.50,yearly_2020.zip
20201116,3665,貿聯-KY,3480833,236.00,236.00,227.00,232.50,yearly_2020.zip
20201117,3665,貿聯-KY,1903538,236.50,240.00,235.50,238.00,yearly_2020.zip
20201118,3665,貿聯-KY,1419610,239.50,240.50,235.00,235.00,yearly_2020.zip
20201119,3665,貿聯-KY,1713182,237.50,241.50,235.50,238.00,yearly_2020.zip
20201120,3665,貿聯-KY,2238879,239.50,245.00,237.00,242.50,yearly_2020.zip
20201123,3665,貿聯-KY,1247818,241.50,244.00,240.00,243.50,yearly_2020.zip
20201124,3665,貿聯-KY,2050992,245.50,247.50,240.50,246.50,yearly_2020.zip
20201125,3665,貿聯-KY,4469038,247.50,259.50,245.00,245.00,yearly_2020.zip
20201126,3665,貿聯-KY,1240784,248.50,252.00,246.00,248.00,yearly_2020.zip
20201127,3665,貿聯-KY,1037560,249.00,252.50,248.00,250.00,yearly_2020.zip
20201130,3665,貿聯-KY,1271553,251.00,253.00,245.00,245.00,yearly_2020.zip
20201201,3665,貿聯-KY,1831286,249.50,251.00,243.50,247.00,yearly_2020.zip
20201202,3665,貿聯-KY,1261377,248.00,248.00,243.00,245.50,yearly_2020.zip
20201203,3665,貿聯-KY,1109225,245.50,247.50,244.00,244.00,yearly_2020.zip
20201204,3665,貿聯-KY,1245966,246.00,246.50,240.00,243.00,yearly_2020.zip
20201207,3665,貿聯-KY,1979433,245.00,247.00,237.00,239.50,yearly_2020.zip
20201208,3665,貿聯-KY,1373380,239.50,244.00,239.50,242.50,yearly_2020.zip
20201209,3665,貿聯-KY,1649428,243.50,246.00,242.00,245.00,yearly_2020.zip
20201210,3665,貿聯-KY,1571596,243.50,245.00,239.00,244.00,yearly_2020.zip
20201211,3665,貿聯-KY,1793275,244.50,249.50,242.50,244.50,yearly_2020.zip
20201214,3665,貿聯-KY,1251917,246.00,248.50,241.50,242.50,yearly_2020.zip
20201215,3665,貿聯-KY,1312526,243.50,247.00,238.00,238.00,yearly_2020.zip
20201216,3665,貿聯-KY,2417667,241.00,250.00,240.50,248.00,yearly_2020.zip
20201217,3665,貿聯-KY,1722502,250.00,251.50,246.00,250.50,yearly_2020.zip
20201218,3665,貿聯-KY,1244583,252.00,252.00,242.50,242.50,yearly_2020.zip
20201221,3665,貿聯-KY,920901,243.50,245.00,239.00,241.00,yearly_2020.zip
20201222,3665,貿聯-KY,1466867,238.00,242.00,236.00,236.50,yearly_2020.zip
20201223,3665,貿聯-KY,1022136,236.50,239.50,233.50,234.50,yearly_2020.zip
20201224,3665,貿聯-KY,1308776,236.00,242.00,236.00,240.50,yearly_2020.zip
20201225,3665,貿聯-KY,1240105,244.00,246.00,242.50,246.00,yearly_2020.zip
20201228,3665,貿聯-KY,938740,247.50,248.50,243.50,244.00,yearly_2020.zip
20201229,3665,貿聯-KY,588059,244.00,246.50,243.50,245.50,yearly_2020.zip
20201230,3665,貿聯-KY,404800,244.50,246.00,243.50,243.50,yearly_2020.zip
20201231,3665,貿聯-KY,1014202,245.00,247.50,243.50,243.50,yearly_2020.zip
20210104,3665,貿聯-KY,6854317,246.00,267.50,246.00,267.50,yearly_2021.zip
20210105,3665,貿聯-KY,7422349,270.00,277.50,264.00,265.50,yearly_2021.zip
20210106,3665,貿聯-KY,4783195,267.50,272.00,257.50,267.00,yearly_2021.zip
20210107,3665,貿聯-KY,2965623,270.00,271.00,263.50,268.50,yearly_2021.zip
20210108,3665,貿聯-KY,4085222,274.00,280.00,264.00,264.00,yearly_2021.zip
20210111,3665,貿聯-KY,2026116,266.50,271.50,263.00,267.50,yearly_2021.zip
20210112,3665,貿聯-KY,1728189,266.00,267.50,260.00,261.00,yearly_2021.zip
20210113,3665,貿聯-KY,938491,264.00,266.50,263.00,266.00,yearly_2021.zip
20210114,3665,貿聯-KY,4990464,268.50,282.00,268.00,274.00,yearly_2021.zip
20210115,3665,貿聯-KY,4788493,279.00,285.00,270.00,275.00,yearly_2021.zip
20210118,3665,貿聯-KY,5816484,280.00,288.00,271.50,281.00,yearly_2021.zip
20210119,3665,貿聯-KY,3110529,282.50,288.50,282.00,283.50,yearly_2021.zip
20210120,3665,貿聯-KY,2924527,285.50,286.00,275.00,278.50,yearly_2021.zip
20210121,3665,貿聯-KY,2492547,284.00,288.50,281.50,286.00,yearly_2021.zip
20210122,3665,貿聯-KY,5365681,289.00,305.00,287.00,298.00,yearly_2021.zip
20210125,3665,貿聯-KY,2321901,296.00,296.00,289.50,292.00,yearly_2021.zip
20210126,3665,貿聯-KY,5891916,295.00,307.00,294.00,298.50,yearly_2021.zip
20210127,3665,貿聯-KY,9536188,303.00,325.00,303.00,312.50,yearly_2021.zip
20210128,3665,貿聯-KY,5922295,301.00,315.00,298.00,306.00,yearly_2021.zip
20210129,3665,貿聯-KY,4078951,315.00,315.50,305.50,310.50,yearly_2021.zip
20210201,3665,貿聯-KY,4050471,314.50,314.50,294.50,295.00,yearly_2021.zip
20210202,3665,貿聯-KY,3460185,299.00,303.00,295.00,301.00,yearly_2021.zip
20210203,3665,貿聯-KY,2292706,305.00,307.50,298.50,300.00,yearly_2021.zip
20210204,3665,貿聯-KY,1469768,299.00,303.00,296.00,298.50,yearly_2021.zip
20210205,3665,貿聯-KY,1278767,299.00,300.50,295.00,295.00,yearly_2021.zip
20210217,3665,貿聯-KY,2529620,303.00,307.50,297.00,307.00,yearly_2021.zip
20210218,3665,貿聯-KY,2025459,307.00,314.50,303.00,312.50,yearly_2021.zip
20210219,3665,貿聯-KY,1789552,310.00,312.00,303.50,305.00,yearly_2021.zip
20210222,3665,貿聯-KY,1989078,306.50,308.50,303.00,306.00,yearly_2021.zip
20210223,3665,貿聯-KY,1213757,302.00,306.50,301.50,301.50,yearly_2021.zip
20210224,3665,貿聯-KY,1924893,301.00,307.00,298.50,300.50,yearly_2021.zip
20210225,3665,貿聯-KY,1413954,305.00,308.50,302.00,305.00,yearly_2021.zip
20210226,3665,貿聯-KY,1612657,299.00,301.00,296.00,298.00,yearly_2021.zip
20210302,3665,貿聯-KY,3268861,300.50,301.00,287.00,287.50,yearly_2021.zip
20210303,3665,貿聯-KY,3801511,285.50,288.50,274.00,278.00,yearly_2021.zip
20210304,3665,貿聯-KY,1557499,278.00,282.00,275.50,275.50,yearly_2021.zip
20210305,3665,貿聯-KY,2125685,273.50,284.00,272.00,280.00,yearly_2021.zip
20210308,3665,貿聯-KY,1327127,280.50,283.50,274.00,274.00,yearly_2021.zip
20210309,3665,貿聯-KY,1796039,272.00,274.50,268.00,270.50,yearly_2021.zip
20210310,3665,貿聯-KY,1851638,278.00,283.50,272.50,273.00,yearly_2021.zip
20210311,3665,貿聯-KY,944580,277.00,280.00,276.50,279.50,yearly_2021.zip
20210312,3665,貿聯-KY,1616527,282.50,283.00,274.50,276.50,yearly_2021.zip
20210315,3665,貿聯-KY,1044678,276.00,278.00,273.50,275.50,yearly_2021.zip
20210316,3665,貿聯-KY,1024583,277.00,281.00,277.00,278.00,yearly_2021.zip
20210317,3665,貿聯-KY,1314439,278.00,280.00,274.50,275.50,yearly_2021.zip
20210318,3665,貿聯-KY,1083784,279.00,280.00,276.00,280.00,yearly_2021.zip
20210319,3665,貿聯-KY,1301060,277.50,278.50,273.50,274.00,yearly_2021.zip
20210322,3665,貿聯-KY,1078353,274.00,274.50,268.00,270.00,yearly_2021.zip
20210323,3665,貿聯-KY,1284290,272.00,273.50,268.00,270.00,yearly_2021.zip
20210324,3665,貿聯-KY,995706,271.00,272.00,267.00,268.50,yearly_2021.zip
20210325,3665,貿聯-KY,2331934,271.00,271.00,263.50,263.50,yearly_2021.zip
20210326,3665,貿聯-KY,1623214,264.00,269.50,263.50,268.00,yearly_2021.zip
20210329,3665,貿聯-KY,1016509,268.50,270.00,267.00,269.00,yearly_2021.zip
20210330,3665,貿聯-KY,1150472,272.50,273.50,270.00,271.50,yearly_2021.zip
20210331,3665,貿聯-KY,1944206,272.50,273.50,266.00,266.00,yearly_2021.zip
20210401,3665,貿聯-KY,2124999,271.00,275.50,269.00,270.50,yearly_2021.zip
20210406,3665,貿聯-KY,1405738,273.00,274.00,270.50,273.50,yearly_2021.zip
20210407,3665,貿聯-KY,3243537,276.50,283.00,276.00,283.00,yearly_2021.zip
20210408,3665,貿聯-KY,1589226,282.50,284.00,280.00,284.00,yearly_2021.zip
20210409,3665,貿聯-KY,1697583,287.00,287.00,280.00,281.00,yearly_2021.zip
20210412,3665,貿聯-KY,988513,281.00,284.00,276.00,276.50,yearly_2021.zip
20210413,3665,貿聯-KY,1858093,276.50,279.00,269.00,269.50,yearly_2021.zip
20210414,3665,貿聯-KY,2400379,272.50,273.50,259.00,270.00,yearly_2021.zip
20210415,3665,貿聯-KY,1165926,269.50,271.00,266.00,267.00,yearly_2021.zip
20210416,3665,貿聯-KY,944269,268.00,270.50,266.50,269.50,yearly_2021.zip
20210419,3665,貿聯-KY,1093825,268.50,269.00,266.00,266.50,yearly_2021.zip
20210420,3665,貿聯-KY,1699388,266.00,269.00,265.00,266.00,yearly_2021.zip
20210421,3665,貿聯-KY,747012,268.00,269.50,267.00,268.00,yearly_2021.zip
20210422,3665,貿聯-KY,1213536,270.00,271.50,268.00,269.00,yearly_2021.zip
20210423,3665,貿聯-KY,927546,268.50,271.50,268.00,270.50,yearly_2021.zip
20210426,3665,貿聯-KY,576608,272.00,273.00,269.00,271.50,yearly_2021.zip
20210427,3665,貿聯-KY,543048,272.00,272.50,268.50,268.50,yearly_2021.zip
20210428,3665,貿聯-KY,1063165,268.50,269.50,264.00,264.50,yearly_2021.zip
20210429,3665,貿聯-KY,1591394,265.50,267.00,261.00,261.00,yearly_2021.zip
20210503,3665,貿聯-KY,745611,260.50,265.50,258.00,258.00,yearly_2021.zip
20210504,3665,貿聯-KY,1971236,260.00,260.00,241.50,251.00,yearly_2021.zip
20210505,3665,貿聯-KY,1094518,250.00,252.50,242.00,242.00,yearly_2021.zip
20210506,3665,貿聯-KY,1067465,248.00,255.00,247.50,252.00,yearly_2021.zip
20210507,3665,貿聯-KY,878845,254.50,263.50,252.50,262.00,yearly_2021.zip
20210510,3665,貿聯-KY,688638,260.50,261.00,254.00,255.00,yearly_2021.zip
20210511,3665,貿聯-KY,940072,250.00,252.00,243.00,244.50,yearly_2021.zip
20210512,3665,貿聯-KY,1182478,243.50,249.00,234.00,240.00,yearly_2021.zip
20210513,3665,貿聯-KY,825889,236.50,242.50,232.00,238.00,yearly_2021.zip
20210514,3665,貿聯-KY,1214418,242.00,245.00,237.00,237.00,yearly_2021.zip
20210517,3665,貿聯-KY,3643306,213.50,218.50,213.50,213.50,yearly_2021.zip
20210518,3665,貿聯-KY,4294942,218.00,218.00,206.00,214.50,yearly_2021.zip
20210519,3665,貿聯-KY,2422447,210.00,213.50,207.00,209.00,yearly_2021.zip
20210520,3665,貿聯-KY,2770838,212.50,218.50,210.00,215.50,yearly_2021.zip
20210521,3665,貿聯-KY,2132395,220.00,221.00,213.00,218.00,yearly_2021.zip
20210524,3665,貿聯-KY,3783345,216.00,239.50,215.00,235.00,yearly_2021.zip
20210525,3665,貿聯-KY,3618469,233.00,240.50,230.50,232.00,yearly_2021.zip
20210526,3665,貿聯-KY,1800072,233.00,238.00,232.00,233.00,yearly_2021.zip
20210527,3665,貿聯-KY,1407510,232.00,237.00,232.00,234.50,yearly_2021.zip
20210528,3665,貿聯-KY,1600779,238.00,242.00,236.50,241.00,yearly_2021.zip
20210531,3665,貿聯-KY,1016549,240.00,245.00,238.50,243.50,yearly_2021.zip
20210601,3665,貿聯-KY,702742,240.50,246.50,240.50,246.00,yearly_2021.zip
20210602,3665,貿聯-KY,973301,244.50,247.00,237.00,240.00,yearly_2021.zip
20210603,3665,貿聯-KY,862433,240.50,242.00,238.00,238.00,yearly_2021.zip
20210604,3665,貿聯-KY,918094,238.50,243.00,236.00,236.50,yearly_2021.zip
20210607,3665,貿聯-KY,752205,236.50,239.00,233.00,237.00,yearly_2021.zip
20210608,3665,貿聯-KY,1126649,236.00,238.50,231.50,231.50,yearly_2021.zip
20210609,3665,貿聯-KY,945382,231.50,237.50,230.50,235.00,yearly_2021.zip
20210610,3665,貿聯-KY,1163412,235.00,241.50,234.00,240.00,yearly_2021.zip
20210611,3665,貿聯-KY,733613,240.00,241.50,237.00,237.00,yearly_2021.zip
20210615,3665,貿聯-KY,380079,237.50,239.50,236.00,238.50,yearly_2021.zip
20210616,3665,貿聯-KY,509924,238.50,240.50,237.50,239.00,yearly_2021.zip
20210617,3665,貿聯-KY,937043,238.50,245.50,238.50,242.50,yearly_2021.zip
20210618,3665,貿聯-KY,1064923,242.00,248.00,241.50,245.50,yearly_2021.zip
20210621,3665,貿聯-KY,992674,242.50,245.50,240.50,245.00,yearly_2021.zip
20210622,3665,貿聯-KY,3295808,247.00,261.00,247.00,254.00,yearly_2021.zip
20210623,3665,貿聯-KY,5126889,258.00,276.50,258.00,273.50,yearly_2021.zip
20210624,3665,貿聯-KY,4009176,275.50,278.50,264.00,266.00,yearly_2021.zip
20210625,3665,貿聯-KY,1718732,267.00,272.00,264.00,264.00,yearly_2021.zip
20210628,3665,貿聯-KY,926265,265.00,267.00,262.50,265.00,yearly_2021.zip
20210629,3665,貿聯-KY,1146056,266.00,268.00,262.00,262.50,yearly_2021.zip
20210630,3665,貿聯-KY,1647904,262.50,265.00,258.00,259.00,yearly_2021.zip
20210701,3665,貿聯-KY,997966,261.00,261.00,252.00,252.50,yearly_2021.zip
20210702,3665,貿聯-KY,2199539,252.50,258.00,248.00,257.00,yearly_2021.zip
20210705,3665,貿聯-KY,1483475,259.50,261.00,253.00,259.00,yearly_2021.zip
20210706,3665,貿聯-KY,2395566,266.00,267.50,261.50,265.00,yearly_2021.zip
20210707,3665,貿聯-KY,3408843,263.00,272.50,263.00,272.00,yearly_2021.zip
20210708,3665,貿聯-KY,2447190,264.50,265.50,258.00,258.00,yearly_2021.zip
20210709,3665,貿聯-KY,984713,258.00,259.50,255.50,256.00,yearly_2021.zip
20210712,3665,貿聯-KY,873170,258.00,260.00,257.00,259.00,yearly_2021.zip
20210713,3665,貿聯-KY,1223319,262.00,263.00,255.00,255.00,yearly_2021.zip
20210714,3665,貿聯-KY,1192966,255.50,258.50,250.50,252.50,yearly_2021.zip
20210715,3665,貿聯-KY,752798,253.50,255.50,251.50,251.50,yearly_2021.zip
20210716,3665,貿聯-KY,714331,252.50,253.00,250.00,252.00,yearly_2021.zip
20210719,3665,貿聯-KY,803976,251.50,251.50,248.00,249.00,yearly_2021.zip
20210720,3665,貿聯-KY,1554808,247.00,247.00,239.00,239.00,yearly_2021.zip
20210721,3665,貿聯-KY,939813,240.00,245.50,240.00,242.00,yearly_2021.zip
20210722,3665,貿聯-KY,774968,242.50,246.50,242.50,245.00,yearly_2021.zip
20210723,3665,貿聯-KY,1034495,246.00,251.00,245.00,247.50,yearly_2021.zip
20210726,3665,貿聯-KY,1224316,252.00,258.00,251.00,254.00,yearly_2021.zip
20210727,3665,貿聯-KY,1458699,262.00,262.00,248.00,248.00,yearly_2021.zip
20210728,3665,貿聯-KY,842370,248.00,253.00,242.00,250.00,yearly_2021.zip
20210729,3665,貿聯-KY,671407,255.00,255.00,247.50,251.00,yearly_2021.zip
20210730,3665,貿聯-KY,1641966,254.50,259.50,253.50,257.00,yearly_2021.zip
20210802,3665,貿聯-KY,792903,259.50,259.50,253.50,256.00,yearly_2021.zip
20210803,3665,貿聯-KY,1465791,258.00,262.50,251.00,251.00,yearly_2021.zip
20210804,3665,貿聯-KY,577873,253.50,254.50,250.00,250.00,yearly_2021.zip
20210805,3665,貿聯-KY,480832,251.00,254.00,250.00,251.50,yearly_2021.zip
20210806,3665,貿聯-KY,401737,251.50,251.50,247.50,247.50,yearly_2021.zip
20210809,3665,貿聯-KY,349966,247.00,250.00,247.00,247.50,yearly_2021.zip
20210810,3665,貿聯-KY,470487,248.00,249.00,240.50,241.00,yearly_2021.zip
20210811,3665,貿聯-KY,549243,241.00,243.00,237.50,238.50,yearly_2021.zip
20210812,3665,貿聯-KY,384219,239.00,243.00,238.50,238.50,yearly_2021.zip
20210813,3665,貿聯-KY,425819,239.50,240.00,233.00,233.00,yearly_2021.zip
20210816,3665,貿聯-KY,683791,231.00,234.50,225.00,230.50,yearly_2021.zip
20210817,3665,貿聯-KY,1160275,231.00,231.50,216.50,218.00,yearly_2021.zip
20210818,3665,貿聯-KY,3341464,211.00,221.00,208.00,220.00,yearly_2021.zip
20210819,3665,貿聯-KY,1753157,218.00,220.50,210.00,216.50,yearly_2021.zip
20210820,3665,貿聯-KY,1575515,218.00,220.00,210.00,214.00,yearly_2021.zip
20210823,3665,貿聯-KY,1196880,216.50,222.00,213.00,217.00,yearly_2021.zip
20210824,3665,貿聯-KY,1474098,220.00,231.50,219.50,230.50,yearly_2021.zip
20210825,3665,貿聯-KY,866725,227.00,235.50,227.00,234.00,yearly_2021.zip
20210826,3665,貿聯-KY,1854353,233.00,233.00,221.00,221.50,yearly_2021.zip
20210827,3665,貿聯-KY,1025673,223.00,223.50,215.50,217.50,yearly_2021.zip
20210830,3665,貿聯-KY,787544,222.00,222.50,216.00,221.00,yearly_2021.zip
20210831,3665,貿聯-KY,1087329,223.00,228.50,221.00,227.50,yearly_2021.zip
20210901,3665,貿聯-KY,2005285,236.00,240.00,234.50,235.50,yearly_2021.zip
20210902,3665,貿聯-KY,1113048,237.00,237.00,231.00,235.50,yearly_2021.zip
20210903,3665,貿聯-KY,979868,238.00,242.00,235.00,236.50,yearly_2021.zip
20210906,3665,貿聯-KY,802215,236.50,237.00,231.00,231.00,yearly_2021.zip
20210907,3665,貿聯-KY,1038345,233.00,238.00,229.50,234.00,yearly_2021.zip
20210908,3665,貿聯-KY,2442589,235.00,243.00,235.00,239.50,yearly_2021.zip
20210909,3665,貿聯-KY,431785,238.00,239.50,235.00,238.00,yearly_2021.zip
20210910,3665,貿聯-KY,1158857,236.50,238.00,232.50,237.00,yearly_2021.zip
20210913,3665,貿聯-KY,368302,236.00,239.50,235.50,238.00,yearly_2021.zip
20210914,3665,貿聯-KY,1163759,238.50,243.00,238.00,238.00,yearly_2021.zip
20210915,3665,貿聯-KY,502634,239.50,240.00,232.00,238.00,yearly_2021.zip
20210916,3665,貿聯-KY,373193,239.50,241.50,239.00,240.00,yearly_2021.zip
20210917,3665,貿聯-KY,1710512,241.50,250.00,240.00,248.50,yearly_2021.zip
20210922,3665,貿聯-KY,824653,243.50,248.50,241.00,247.50,yearly_2021.zip
20210923,3665,貿聯-KY,585822,250.50,251.00,248.00,248.00,yearly_2021.zip
20210924,3665,貿聯-KY,673888,253.00,253.00,248.50,250.00,yearly_2021.zip
20210927,3665,貿聯-KY,710194,248.00,249.50,243.00,243.00,yearly_2021.zip
20210928,3665,貿聯-KY,1424979,240.50,241.00,229.00,229.50,yearly_2021.zip
20210929,3665,貿聯-KY,1566526,225.00,228.00,221.00,222.00,yearly_2021.zip
20210930,3665,貿聯-KY,829355,224.50,227.00,222.50,223.50,yearly_2021.zip
20211001,3665,貿聯-KY,0,,,,,yearly_2021.zip
20211004,3665,貿聯-KY,1227047,245.50,245.50,245.50,245.50,yearly_2021.zip
20211005,3665,貿聯-KY,4144933,245.00,248.00,229.00,244.50,yearly_2021.zip
20211006,3665,貿聯-KY,1943222,248.00,252.00,243.50,247.50,yearly_2021.zip
20211007,3665,貿聯-KY,1926259,250.00,254.50,246.00,254.50,yearly_2021.zip
20211008,3665,貿聯-KY,1099460,256.00,258.00,252.50,255.50,yearly_2021.zip
20211012,3665,貿聯-KY,1013044,250.00,253.00,247.00,248.50,yearly_2021.zip
20211013,3665,貿聯-KY,1081184,251.50,254.00,246.00,253.00,yearly_2021.zip
20211014,3665,貿聯-KY,1422140,256.00,256.00,246.50,246.50,yearly_2021.zip
20211015,3665,貿聯-KY,4923014,250.00,267.00,250.00,264.00,yearly_2021.zip
20211018,3665,貿聯-KY,1748060,260.50,262.50,256.50,258.50,yearly_2021.zip
20211019,3665,貿聯-KY,1795413,258.50,266.00,257.50,259.50,yearly_2021.zip
20211020,3665,貿聯-KY,2373823,263.00,269.00,259.50,265.50,yearly_2021.zip
20211021,3665,貿聯-KY,1829741,264.50,264.50,258.00,258.00,yearly_2021.zip
20211022,3665,貿聯-KY,1309552,256.00,262.00,254.00,260.00,yearly_2021.zip
20211025,3665,貿聯-KY,2250708,260.00,268.50,259.50,265.00,yearly_2021.zip
20211026,3665,貿聯-KY,4024771,272.00,276.50,265.00,269.00,yearly_2021.zip
20211027,3665,貿聯-KY,2002674,266.00,268.50,260.50,263.50,yearly_2021.zip
20211028,3665,貿聯-KY,1392455,263.50,265.50,258.50,259.50,yearly_2021.zip
20211029,3665,貿聯-KY,1113633,263.00,264.50,256.50,256.50,yearly_2021.zip
20211101,3665,貿聯-KY,2231010,258.00,268.50,258.00,267.00,yearly_2021.zip
20211102,3665,貿聯-KY,1867323,269.50,269.50,261.00,262.00,yearly_2021.zip
20211103,3665,貿聯-KY,1350575,262.00,267.50,261.50,266.00,yearly_2021.zip
20211104,3665,貿聯-KY,2295233,267.00,274.00,266.00,266.00,yearly_2021.zip
20211105,3665,貿聯-KY,1200881,268.00,272.50,265.00,271.00,yearly_2021.zip
20211108,3665,貿聯-KY,1109168,270.00,275.00,266.50,266.50,yearly_2021.zip
20211109,3665,貿聯-KY,1345622,266.00,268.00,262.00,262.00,yearly_2021.zip
20211110,3665,貿聯-KY,1747232,260.50,262.50,256.00,260.00,yearly_2021.zip
20211111,3665,貿聯-KY,426179,257.00,261.00,257.00,257.50,yearly_2021.zip
20211112,3665,貿聯-KY,442058,261.50,262.00,257.50,257.50,yearly_2021.zip
20211115,3665,貿聯-KY,533154,262.00,262.00,259.00,259.50,yearly_2021.zip
20211116,3665,貿聯-KY,3834083,263.50,273.00,260.00,260.00,yearly_2021.zip
20211117,3665,貿聯-KY,1634165,263.00,268.50,262.00,262.00,yearly_2021.zip
20211118,3665,貿聯-KY,1508775,265.50,265.50,257.00,257.00,yearly_2021.zip
20211119,3665,貿聯-KY,1801677,253.00,258.50,253.00,253.50,yearly_2021.zip
20211122,3665,貿聯-KY,2448491,255.00,265.00,252.50,258.50,yearly_2021.zip
20211123,3665,貿聯-KY,1073420,257.00,259.00,256.50,258.50,yearly_2021.zip
20211124,3665,貿聯-KY,923831,256.50,264.00,256.00,262.50,yearly_2021.zip
20211125,3665,貿聯-KY,715300,266.00,266.00,257.50,257.50,yearly_2021.zip
20211126,3665,貿聯-KY,897751,257.50,258.50,253.00,256.00,yearly_2021.zip
20211129,3665,貿聯-KY,780937,249.50,255.50,247.00,253.00,yearly_2021.zip
20211130,3665,貿聯-KY,491253,256.00,258.50,253.50,258.50,yearly_2021.zip
20211201,3665,貿聯-KY,743549,255.50,256.00,251.00,255.00,yearly_2021.zip
20211202,3665,貿聯-KY,756876,253.50,256.00,250.00,250.00,yearly_2021.zip
20211203,3665,貿聯-KY,323194,253.00,253.00,250.50,250.50,yearly_2021.zip
20211206,3665,貿聯-KY,492183,250.50,254.00,248.50,248.50,yearly_2021.zip
20211207,3665,貿聯-KY,724374,255.00,255.00,253.00,253.50,yearly_2021.zip
20211208,3665,貿聯-KY,722741,254.00,255.50,252.50,253.50,yearly_2021.zip
20211209,3665,貿聯-KY,485013,255.00,256.50,253.50,255.50,yearly_2021.zip
20211210,3665,貿聯-KY,451045,255.00,255.00,251.00,253.00,yearly_2021.zip
20211213,3665,貿聯-KY,852529,250.50,255.00,247.50,247.50,yearly_2021.zip
20211214,3665,貿聯-KY,557645,247.50,247.50,244.00,245.00,yearly_2021.zip
20211215,3665,貿聯-KY,832153,245.00,246.50,241.50,241.50,yearly_2021.zip
20211216,3665,貿聯-KY,663298,243.00,246.00,242.00,243.00,yearly_2021.zip
20211217,3665,貿聯-KY,607396,241.00,243.00,240.00,242.00,yearly_2021.zip
20211220,3665,貿聯-KY,564446,241.00,246.50,240.00,245.50,yearly_2021.zip
20211221,3665,貿聯-KY,487303,246.50,249.00,244.00,248.00,yearly_2021.zip
20211222,3665,貿聯-KY,552310,249.50,252.00,247.00,251.00,yearly_2021.zip
20211223,3665,貿聯-KY,737907,252.50,253.50,251.00,252.50,yearly_2021.zip
20211224,3665,貿聯-KY,754345,254.00,255.00,253.50,254.00,yearly_2021.zip
20211227,3665,貿聯-KY,280192,255.50,255.50,253.00,255.50,yearly_2021.zip
20211228,3665,貿聯-KY,428909,255.50,256.00,254.00,255.00,yearly_2021.zip
20211229,3665,貿聯-KY,1049183,256.00,260.00,256.00,258.50,yearly_2021.zip
20211230,3665,貿聯-KY,506850,260.00,261.00,258.50,261.00,yearly_2021.zip
20220103,3665,貿聯-KY,1024227,263.00,265.50,262.00,263.50,yearly_2022.zip
20220104,3665,貿聯-KY,1517305,265.00,266.00,263.00,265.00,yearly_2022.zip
20220105,3665,貿聯-KY,1456702,265.00,267.50,261.00,262.00,yearly_2022.zip
20220106,3665,貿聯-KY,3881798,256.50,258.50,248.00,252.50,yearly_2022.zip
20220107,3665,貿聯-KY,1519339,252.00,257.00,251.50,253.50,yearly_2022.zip
20220110,3665,貿聯-KY,2569596,255.50,261.00,249.50,259.00,yearly_2022.zip
20220111,3665,貿聯-KY,1772487,255.00,262.00,255.00,261.50,yearly_2022.zip
20220112,3665,貿聯-KY,3449155,265.00,269.00,262.00,263.00,yearly_2022.zip
20220113,3665,貿聯-KY,1936417,263.00,264.00,254.00,254.00,yearly_2022.zip
20220114,3665,貿聯-KY,1938669,252.50,253.00,242.00,247.00,yearly_2022.zip
20220117,3665,貿聯-KY,1284846,252.00,252.00,247.00,250.00,yearly_2022.zip
20220118,3665,貿聯-KY,780119,248.50,255.00,246.00,252.00,yearly_2022.zip
20220119,3665,貿聯-KY,2930146,249.50,261.50,249.50,258.00,yearly_2022.zip
20220120,3665,貿聯-KY,3817908,253.00,262.00,250.50,261.50,yearly_2022.zip
20220121,3665,貿聯-KY,5068319,252.00,268.00,252.00,264.50,yearly_2022.zip
20220124,3665,貿聯-KY,7620503,266.50,277.50,264.00,277.50,yearly_2022.zip
20220125,3665,貿聯-KY,11949992,276.00,291.50,274.50,291.50,yearly_2022.zip
20220126,3665,貿聯-KY,9360599,291.00,297.00,284.50,295.00,yearly_2022.zip
20220207,3665,貿聯-KY,7071143,299.50,306.00,296.50,306.00,yearly_2022.zip
20220208,3665,貿聯-KY,10564395,308.00,317.50,295.00,306.50,yearly_2022.zip
20220209,3665,貿聯-KY,4625713,305.00,305.00,296.50,304.50,yearly_2022.zip
20220210,3665,貿聯-KY,4157994,300.00,303.50,290.00,292.00,yearly_2022.zip
20220211,3665,貿聯-KY,6827930,294.00,309.50,292.50,309.00,yearly_2022.zip
20220214,3665,貿聯-KY,4449496,303.00,306.00,296.00,296.50,yearly_2022.zip
20220215,3665,貿聯-KY,2859949,298.00,303.50,294.50,295.50,yearly_2022.zip
20220216,3665,貿聯-KY,2232984,302.00,303.50,293.50,294.50,yearly_2022.zip
20220217,3665,貿聯-KY,3241510,297.50,302.50,292.50,298.00,yearly_2022.zip
20220218,3665,貿聯-KY,5273903,292.00,296.00,283.00,283.50,yearly_2022.zip
20220221,3665,貿聯-KY,2256655,283.50,289.00,283.00,287.00,yearly_2022.zip
20220222,3665,貿聯-KY,2713840,286.00,287.00,276.00,280.00,yearly_2022.zip
20220223,3665,貿聯-KY,3325488,283.00,294.00,282.00,293.00,yearly_2022.zip
20220224,3665,貿聯-KY,2873815,289.00,296.00,287.00,292.50,yearly_2022.zip
20220225,3665,貿聯-KY,3618332,298.50,303.00,291.50,299.00,yearly_2022.zip
20220301,3665,貿聯-KY,2263554,296.50,303.00,296.00,296.50,yearly_2022.zip
20220302,3665,貿聯-KY,1728547,297.50,302.00,296.00,297.50,yearly_2022.zip
20220303,3665,貿聯-KY,3419489,299.00,299.50,284.00,289.00,yearly_2022.zip
20220304,3665,貿聯-KY,948591,290.00,293.50,287.00,291.00,yearly_2022.zip
20220307,3665,貿聯-KY,5575733,297.00,302.50,291.50,291.50,yearly_2022.zip
20220308,3665,貿聯-KY,4095898,289.50,292.50,273.00,281.00,yearly_2022.zip
20220309,3665,貿聯-KY,2589545,289.00,294.50,285.50,292.00,yearly_2022.zip
20220310,3665,貿聯-KY,6136739,299.50,317.00,295.50,309.00,yearly_2022.zip
20220311,3665,貿聯-KY,8165033,313.00,324.50,304.00,312.00,yearly_2022.zip
20220314,3665,貿聯-KY,2309923,310.00,311.00,301.00,304.50,yearly_2022.zip
20220315,3665,貿聯-KY,2717481,301.00,301.50,293.50,297.50,yearly_2022.zip
20220316,3665,貿聯-KY,2558119,300.00,310.00,295.50,309.50,yearly_2022.zip
20220317,3665,貿聯-KY,5188244,313.50,322.00,310.00,321.50,yearly_2022.zip
20220318,3665,貿聯-KY,2834967,326.00,326.50,314.00,318.00,yearly_2022.zip
20220321,3665,貿聯-KY,3691491,323.00,329.00,316.50,316.50,yearly_2022.zip
20220322,3665,貿聯-KY,3094148,319.50,325.00,316.00,320.00,yearly_2022.zip
20220323,3665,貿聯-KY,2929581,323.00,326.00,314.00,318.00,yearly_2022.zip
20220324,3665,貿聯-KY,1639581,319.00,322.00,315.00,321.50,yearly_2022.zip
20220325,3665,貿聯-KY,1568521,328.50,328.50,315.50,318.00,yearly_2022.zip
20220328,3665,貿聯-KY,5259892,312.00,314.00,290.50,294.00,yearly_2022.zip
20220329,3665,貿聯-KY,3998649,298.50,305.50,295.50,304.50,yearly_2022.zip
20220330,3665,貿聯-KY,2265613,307.00,313.00,305.00,309.50,yearly_2022.zip
20220331,3665,貿聯-KY,2462055,308.00,308.00,296.00,296.50,yearly_2022.zip
20220401,3665,貿聯-KY,1241365,290.50,299.50,290.50,299.50,yearly_2022.zip
20220406,3665,貿聯-KY,1404328,297.50,301.00,293.50,301.00,yearly_2022.zip
20220407,3665,貿聯-KY,1580704,300.00,301.00,297.00,299.50,yearly_2022.zip
20220408,3665,貿聯-KY,1120303,301.00,302.00,297.50,301.00,yearly_2022.zip
20220411,3665,貿聯-KY,2475223,300.00,300.00,285.00,287.50,yearly_2022.zip
20220412,3665,貿聯-KY,1983241,283.00,289.50,283.00,286.50,yearly_2022.zip
20220413,3665,貿聯-KY,2442513,286.00,298.00,286.00,298.00,yearly_2022.zip
20220414,3665,貿聯-KY,1091457,299.00,301.00,297.00,299.50,yearly_2022.zip
20220415,3665,貿聯-KY,1036373,298.00,300.50,292.50,299.00,yearly_2022.zip
20220418,3665,貿聯-KY,891037,300.00,303.50,298.00,300.00,yearly_2022.zip
20220419,3665,貿聯-KY,2239755,304.00,313.50,302.50,310.00,yearly_2022.zip
20220420,3665,貿聯-KY,1789806,315.00,318.50,312.00,315.00,yearly_2022.zip
20220421,3665,貿聯-KY,1155904,317.50,318.50,314.00,317.50,yearly_2022.zip
20220422,3665,貿聯-KY,2044938,315.50,320.50,307.50,308.50,yearly_2022.zip
20220425,3665,貿聯-KY,1175332,302.00,306.00,298.50,299.00,yearly_2022.zip
20220426,3665,貿聯-KY,973680,305.00,308.50,301.00,305.00,yearly_2022.zip
20220427,3665,貿聯-KY,1792003,295.00,298.50,288.00,294.50,yearly_2022.zip
20220428,3665,貿聯-KY,784807,297.50,299.00,294.00,294.00,yearly_2022.zip
20220429,3665,貿聯-KY,844813,297.50,305.00,297.50,300.50,yearly_2022.zip
20220503,3665,貿聯-KY,1037344,301.00,305.50,296.50,302.50,yearly_2022.zip
20220504,3665,貿聯-KY,1767594,307.50,315.00,306.00,313.00,yearly_2022.zip
20220505,3665,貿聯-KY,7630313,320.00,344.00,315.00,344.00,yearly_2022.zip
20220506,3665,貿聯-KY,4964300,331.50,340.50,330.00,335.00,yearly_2022.zip
20220509,3665,貿聯-KY,3076261,330.00,338.00,321.00,335.00,yearly_2022.zip
20220510,3665,貿聯-KY,5808535,326.00,328.00,310.00,318.50,yearly_2022.zip
20220511,3665,貿聯-KY,2414496,316.50,325.00,312.50,313.00,yearly_2022.zip
20220512,3665,貿聯-KY,1915328,312.50,315.50,308.50,310.00,yearly_2022.zip
20220513,3665,貿聯-KY,1362921,313.00,319.00,312.50,318.00,yearly_2022.zip
20220516,3665,貿聯-KY,4399944,324.00,327.50,300.00,303.50,yearly_2022.zip
20220517,3665,貿聯-KY,1828653,303.50,316.00,303.50,316.00,yearly_2022.zip
20220518,3665,貿聯-KY,1704782,316.00,318.50,311.50,312.00,yearly_2022.zip
20220519,3665,貿聯-KY,1237183,307.00,311.50,304.00,310.50,yearly_2022.zip
20220520,3665,貿聯-KY,751680,311.00,315.50,308.50,311.00,yearly_2022.zip
20220523,3665,貿聯-KY,1389438,313.00,319.50,310.00,316.50,yearly_2022.zip
20220524,3665,貿聯-KY,2624910,316.50,317.50,300.00,300.00,yearly_2022.zip
20220525,3665,貿聯-KY,1903244,300.00,303.00,295.00,300.00,yearly_2022.zip
20220526,3665,貿聯-KY,1305308,301.00,302.00,295.50,297.00,yearly_2022.zip
20220527,3665,貿聯-KY,1060902,303.00,307.00,301.00,304.50,yearly_2022.zip
20220530,3665,貿聯-KY,1509693,309.00,316.50,308.00,315.00,yearly_2022.zip
20220531,3665,貿聯-KY,1228504,318.00,319.00,311.50,311.50,yearly_2022.zip
20220601,3665,貿聯-KY,1919831,311.50,324.50,311.50,315.00,yearly_2022.zip
20220602,3665,貿聯-KY,3302979,312.50,313.00,301.00,301.00,yearly_2022.zip
20220606,3665,貿聯-KY,1700995,301.00,303.00,296.50,298.50,yearly_2022.zip
20220607,3665,貿聯-KY,4293796,307.50,316.00,303.00,313.50,yearly_2022.zip
20220608,3665,貿聯-KY,1883143,315.00,319.50,310.50,313.50,yearly_2022.zip
20220609,3665,貿聯-KY,823604,312.50,317.50,312.00,315.00,yearly_2022.zip
20220610,3665,貿聯-KY,1251133,315.00,317.50,312.00,316.00,yearly_2022.zip
20220613,3665,貿聯-KY,767540,309.00,311.50,307.00,309.00,yearly_2022.zip
20220614,3665,貿聯-KY,838658,308.50,310.00,303.00,309.00,yearly_2022.zip
20220615,3665,貿聯-KY,1277587,309.00,309.00,301.50,306.00,yearly_2022.zip
20220616,3665,貿聯-KY,1217772,310.00,314.00,301.00,301.00,yearly_2022.zip
20220617,3665,貿聯-KY,1766294,300.00,303.50,295.00,298.00,yearly_2022.zip
20220620,3665,貿聯-KY,2105512,302.00,302.00,283.50,283.50,yearly_2022.zip
20220621,3665,貿聯-KY,1286438,287.00,299.50,285.00,298.50,yearly_2022.zip
20220622,3665,貿聯-KY,1019193,300.00,300.50,292.50,294.00,yearly_2022.zip
20220623,3665,貿聯-KY,743736,297.50,301.50,290.50,293.50,yearly_2022.zip
20220624,3665,貿聯-KY,1566431,296.50,307.00,295.50,305.00,yearly_2022.zip
20220627,3665,貿聯-KY,1643187,309.00,315.00,306.00,312.00,yearly_2022.zip
20220628,3665,貿聯-KY,1033189,310.50,315.00,310.50,314.00,yearly_2022.zip
20220629,3665,貿聯-KY,1306527,313.50,313.50,303.00,306.50,yearly_2022.zip
20220630,3665,貿聯-KY,1516960,308.50,312.50,305.00,308.50,yearly_2022.zip
20220701,3665,貿聯-KY,1537275,307.50,308.50,291.00,291.00,yearly_2022.zip
20220704,3665,貿聯-KY,1223599,296.00,302.00,291.00,294.00,yearly_2022.zip
20220705,3665,貿聯-KY,1183433,299.50,300.00,289.00,297.50,yearly_2022.zip
20220706,3665,貿聯-KY,5033776,301.00,317.50,301.00,315.50,yearly_2022.zip
20220707,3665,貿聯-KY,5418283,311.00,330.00,309.50,329.00,yearly_2022.zip
20220708,3665,貿聯-KY,3193588,332.00,337.00,321.50,330.50,yearly_2022.zip
20220711,3665,貿聯-KY,1467714,330.00,330.00,321.50,326.00,yearly_2022.zip
20220712,3665,貿聯-KY,1669271,322.50,323.00,315.50,315.50,yearly_2022.zip
20220713,3665,貿聯-KY,1509880,324.00,325.50,315.50,315.50,yearly_2022.zip
20220714,3665,貿聯-KY,2624918,308.50,314.00,300.00,309.00,yearly_2022.zip
20220715,3665,貿聯-KY,2657792,312.50,320.50,303.50,320.00,yearly_2022.zip
20220718,3665,貿聯-KY,4302694,324.00,335.00,322.00,334.50,yearly_2022.zip
20220719,3665,貿聯-KY,3644471,328.00,330.00,311.00,315.00,yearly_2022.zip
20220720,3665,貿聯-KY,2855243,318.50,319.00,312.00,312.00,yearly_2022.zip
20220721,3665,貿聯-KY,1877735,313.00,317.00,312.50,314.00,yearly_2022.zip
20220722,3665,貿聯-KY,4658517,319.00,329.00,307.00,310.00,yearly_2022.zip
20220725,3665,貿聯-KY,881969,309.00,311.50,306.50,310.00,yearly_2022.zip
20220726,3665,貿聯-KY,1566927,310.00,310.00,301.50,301.50,yearly_2022.zip
20220727,3665,貿聯-KY,2764981,302.00,315.00,301.00,314.50,yearly_2022.zip
20220728,3665,貿聯-KY,2944835,316.50,322.00,310.50,312.50,yearly_2022.zip
20220729,3665,貿聯-KY,3184959,317.00,321.50,314.00,321.00,yearly_2022.zip
20220801,3665,貿聯-KY,1798615,321.00,321.00,310.00,311.50,yearly_2022.zip
20220802,3665,貿聯-KY,2060755,306.00,308.50,302.00,306.00,yearly_2022.zip
20220803,3665,貿聯-KY,1319520,305.50,307.50,301.50,302.50,yearly_2022.zip
20220804,3665,貿聯-KY,2558696,303.50,308.50,303.00,306.50,yearly_2022.zip
20220805,3665,貿聯-KY,2022943,308.00,316.00,306.50,315.00,yearly_2022.zip
20220808,3665,貿聯-KY,1632389,311.00,312.00,307.00,311.50,yearly_2022.zip
20220809,3665,貿聯-KY,1356787,312.00,316.50,309.50,316.00,yearly_2022.zip
20220810,3665,貿聯-KY,640712,312.50,316.00,312.50,315.50,yearly_2022.zip
20220811,3665,貿聯-KY,2339332,320.50,322.50,309.50,311.00,yearly_2022.zip
20220812,3665,貿聯-KY,1654106,309.00,315.00,307.00,307.00,yearly_2022.zip
20220815,3665,貿聯-KY,1123912,308.50,311.50,307.00,310.00,yearly_2022.zip
20220816,3665,貿聯-KY,1714577,310.50,315.00,309.00,314.50,yearly_2022.zip
20220817,3665,貿聯-KY,1085103,313.50,315.00,310.00,311.00,yearly_2022.zip
20220818,3665,貿聯-KY,1626872,309.50,312.00,304.50,306.00,yearly_2022.zip
20220819,3665,貿聯-KY,2196079,306.50,308.00,301.00,303.50,yearly_2022.zip
20220822,3665,貿聯-KY,1957306,301.00,302.50,296.00,296.50,yearly_2022.zip
20220823,3665,貿聯-KY,2095356,295.00,305.00,292.50,302.00,yearly_2022.zip
20220824,3665,貿聯-KY,2048171,304.00,309.50,299.00,299.50,yearly_2022.zip
20220825,3665,貿聯-KY,1424501,301.00,303.00,297.00,298.00,yearly_2022.zip
20220826,3665,貿聯-KY,1713343,299.00,302.50,297.50,300.50,yearly_2022.zip
20220829,3665,貿聯-KY,10921731,306.00,329.00,305.00,328.00,yearly_2022.zip
20220830,3665,貿聯-KY,12121761,332.00,345.00,328.50,340.50,yearly_2022.zip
20220831,3665,貿聯-KY,6138343,342.50,343.00,330.50,340.00,yearly_2022.zip
20220901,3665,貿聯-KY,2207427,335.00,339.50,333.00,335.50,yearly_2022.zip
20220902,3665,貿聯-KY,3438631,339.00,343.00,328.50,330.50,yearly_2022.zip
20220905,3665,貿聯-KY,2047196,334.00,334.00,321.00,323.00,yearly_2022.zip
20220906,3665,貿聯-KY,3248952,319.50,321.00,312.00,315.00,yearly_2022.zip
20220907,3665,貿聯-KY,2425908,311.00,311.00,303.00,303.50,yearly_2022.zip
20220908,3665,貿聯-KY,2632100,305.50,309.00,299.50,303.00,yearly_2022.zip
20220912,3665,貿聯-KY,1281929,309.00,311.00,305.00,305.50,yearly_2022.zip
20220913,3665,貿聯-KY,5902990,315.00,326.50,314.00,323.00,yearly_2022.zip
20220914,3665,貿聯-KY,2175967,316.00,323.00,316.00,321.50,yearly_2022.zip
20220915,3665,貿聯-KY,3546139,323.00,335.00,319.50,320.00,yearly_2022.zip
20220916,3665,貿聯-KY,2580777,321.00,328.50,317.00,318.00,yearly_2022.zip
20220919,3665,貿聯-KY,1833074,318.00,318.00,307.50,310.50,yearly_2022.zip
20220920,3665,貿聯-KY,2133777,314.00,316.00,308.00,310.00,yearly_2022.zip
20220921,3665,貿聯-KY,1963430,307.50,308.50,302.00,304.50,yearly_2022.zip
20220922,3665,貿聯-KY,2503469,302.00,312.50,301.00,312.50,yearly_2022.zip
20220923,3665,貿聯-KY,2851131,311.00,313.50,297.00,300.00,yearly_2022.zip
20220926,3665,貿聯-KY,2516481,296.00,296.50,283.50,286.00,yearly_2022.zip
20220927,3665,貿聯-KY,1969623,288.00,295.00,286.00,293.50,yearly_2022.zip
20220928,3665,貿聯-KY,2566501,293.50,295.00,277.00,277.00,yearly_2022.zip
20220929,3665,貿聯-KY,2104061,282.00,288.50,277.50,277.50,yearly_2022.zip
20220930,3665,貿聯-KY,2116396,272.00,280.50,268.50,280.50,yearly_2022.zip
20221003,3665,貿聯-KY,980324,275.00,281.00,275.00,275.50,yearly_2022.zip
20221004,3665,貿聯-KY,1499025,280.50,284.00,278.00,283.00,yearly_2022.zip
20221005,3665,貿聯-KY,1587780,289.00,289.50,284.00,285.50,yearly_2022.zip
20221006,3665,貿聯-KY,1288906,291.00,291.00,284.00,289.00,yearly_2022.zip
20221007,3665,貿聯-KY,1168532,286.50,290.00,285.50,287.00,yearly_2022.zip
20221011,3665,貿聯-KY,1805414,281.50,281.50,270.50,275.50,yearly_2022.zip
20221012,3665,貿聯-KY,1388121,277.00,282.00,271.00,281.50,yearly_2022.zip
20221013,3665,貿聯-KY,3023124,278.00,280.00,253.50,253.50,yearly_2022.zip
20221014,3665,貿聯-KY,5022600,261.00,263.00,252.50,253.50,yearly_2022.zip
20221017,3665,貿聯-KY,2934987,246.00,259.50,243.50,259.50,yearly_2022.zip
20221018,3665,貿聯-KY,1770603,263.00,266.00,259.00,264.50,yearly_2022.zip
20221019,3665,貿聯-KY,2673764,264.50,275.50,263.50,272.00,yearly_2022.zip
20221020,3665,貿聯-KY,2445245,265.00,266.00,259.00,265.00,yearly_2022.zip
20221021,3665,貿聯-KY,1042885,265.00,268.00,262.50,264.00,yearly_2022.zip
20221024,3665,貿聯-KY,1828654,270.00,277.50,270.00,273.00,yearly_2022.zip
20221025,3665,貿聯-KY,3071088,271.00,273.00,256.00,261.00,yearly_2022.zip
20221026,3665,貿聯-KY,3099010,259.50,261.00,246.00,246.50,yearly_2022.zip
20221027,3665,貿聯-KY,2851051,248.00,253.00,244.50,252.50,yearly_2022.zip
20221028,3665,貿聯-KY,2611166,248.50,250.00,239.00,242.00,yearly_2022.zip
20221031,3665,貿聯-KY,1595799,244.50,248.50,244.50,246.50,yearly_2022.zip
20221101,3665,貿聯-KY,1311585,248.00,253.00,246.00,250.00,yearly_2022.zip
20221102,3665,貿聯-KY,1244203,252.50,257.00,249.00,255.50,yearly_2022.zip
20221103,3665,貿聯-KY,673765,251.00,255.50,250.00,255.00,yearly_2022.zip
20221104,3665,貿聯-KY,1644314,254.50,261.50,253.50,260.00,yearly_2022.zip
20221107,3665,貿聯-KY,2484018,264.00,268.50,261.50,263.00,yearly_2022.zip
20221108,3665,貿聯-KY,1411849,265.00,268.00,263.00,263.00,yearly_2022.zip
20221109,3665,貿聯-KY,1123835,266.50,269.00,264.50,268.50,yearly_2022.zip
20221110,3665,貿聯-KY,1157487,265.00,268.00,262.50,266.00,yearly_2022.zip
20221111,3665,貿聯-KY,7983982,270.00,271.00,248.50,250.50,yearly_2022.zip
20221114,3665,貿聯-KY,6096562,250.50,256.00,243.00,253.50,yearly_2022.zip
20221115,3665,貿聯-KY,2803588,253.50,255.00,248.50,254.00,yearly_2022.zip
20221116,3665,貿聯-KY,3465741,253.00,255.50,251.00,253.00,yearly_2022.zip
20221117,3665,貿聯-KY,3547201,252.50,257.50,251.50,256.00,yearly_2022.zip
20221118,3665,貿聯-KY,4462788,254.50,262.50,251.50,252.00,yearly_2022.zip
20221121,3665,貿聯-KY,5343288,252.00,252.00,239.50,240.50,yearly_2022.zip
20221122,3665,貿聯-KY,3984936,240.50,244.00,237.00,244.00,yearly_2022.zip
20221123,3665,貿聯-KY,3678350,245.50,252.50,244.50,248.00,yearly_2022.zip
20221124,3665,貿聯-KY,2711218,254.00,256.50,252.00,253.00,yearly_2022.zip
20221125,3665,貿聯-KY,1448169,253.00,255.00,249.00,249.00,yearly_2022.zip
20221128,3665,貿聯-KY,1031352,247.50,253.00,246.00,251.00,yearly_2022.zip
20221129,3665,貿聯-KY,1984242,248.50,252.50,248.50,248.50,yearly_2022.zip
20221130,3665,貿聯-KY,1956237,248.00,252.00,248.00,250.50,yearly_2022.zip
20221201,3665,貿聯-KY,3425839,254.00,258.00,253.00,253.50,yearly_2022.zip
20221202,3665,貿聯-KY,5254566,254.00,266.00,254.00,259.50,yearly_2022.zip
20221205,3665,貿聯-KY,4112204,262.50,267.50,260.00,265.50,yearly_2022.zip
20221206,3665,貿聯-KY,5157092,266.00,270.00,263.50,265.50,yearly_2022.zip
20221207,3665,貿聯-KY,3345553,264.50,267.00,257.50,259.50,yearly_2022.zip
20221208,3665,貿聯-KY,1998314,259.00,259.50,257.00,258.50,yearly_2022.zip
20221209,3665,貿聯-KY,1473565,260.00,263.50,258.00,258.50,yearly_2022.zip
20221212,3665,貿聯-KY,1620246,259.00,263.00,258.50,263.00,yearly_2022.zip
20221213,3665,貿聯-KY,2159073,263.00,263.50,260.00,261.50,yearly_2022.zip
20221214,3665,貿聯-KY,1788534,262.00,265.50,261.50,262.50,yearly_2022.zip
20221215,3665,貿聯-KY,1970562,263.50,265.50,261.00,263.00,yearly_2022.zip
20221216,3665,貿聯-KY,3683357,260.00,261.50,255.50,255.50,yearly_2022.zip
20221219,3665,貿聯-KY,3330321,256.00,257.00,249.00,251.50,yearly_2022.zip
20221220,3665,貿聯-KY,3330687,251.50,252.00,241.50,247.00,yearly_2022.zip
20221221,3665,貿聯-KY,2554255,248.00,250.00,244.00,250.00,yearly_2022.zip
20221222,3665,貿聯-KY,3096020,252.50,257.00,251.00,257.00,yearly_2022.zip
20221223,3665,貿聯-KY,1391429,252.00,254.00,251.00,251.00,yearly_2022.zip
20221226,3665,貿聯-KY,754567,252.00,252.00,245.50,245.50,yearly_2022.zip
20221227,3665,貿聯-KY,523039,248.50,249.50,246.50,246.50,yearly_2022.zip
20221228,3665,貿聯-KY,1821233,243.00,244.00,237.50,237.50,yearly_2022.zip
20221229,3665,貿聯-KY,1488859,236.00,237.50,231.50,236.50,yearly_2022.zip
20221230,3665,貿聯-KY,1134868,243.00,243.00,236.50,236.50,yearly_2022.zip
20230103,3665,貿聯-KY,512429,236.50,240.00,236.50,239.00,yearly_2023.zip
20230104,3665,貿聯-KY,1133749,237.00,239.00,234.00,235.00,yearly_2023.zip
20230105,3665,貿聯-KY,1866677,237.50,243.00,237.50,241.00,yearly_2023.zip
20230106,3665,貿聯-KY,1632828,239.50,247.50,239.00,245.00,yearly_2023.zip
20230109,3665,貿聯-KY,1064400,248.50,249.00,243.50,244.00,yearly_2023.zip
20230110,3665,貿聯-KY,1494853,246.00,249.50,245.00,245.00,yearly_2023.zip
20230111,3665,貿聯-KY,2061585,245.50,246.50,241.50,242.00,yearly_2023.zip
20230112,3665,貿聯-KY,2779134,243.00,251.00,243.00,250.00,yearly_2023.zip
20230113,3665,貿聯-KY,2173467,251.00,252.00,246.00,247.00,yearly_2023.zip
20230116,3665,貿聯-KY,990061,247.50,251.00,247.50,248.00,yearly_2023.zip
20230117,3665,貿聯-KY,1582452,250.00,253.00,248.00,251.00,yearly_2023.zip
20230130,3665,貿聯-KY,7111239,264.00,271.50,261.50,266.00,yearly_2023.zip
20230131,3665,貿聯-KY,4070276,264.00,266.50,260.50,261.50,yearly_2023.zip
20230201,3665,貿聯-KY,3290738,264.00,269.00,261.50,263.50,yearly_2023.zip
20230202,3665,貿聯-KY,6183405,267.00,275.50,266.50,274.50,yearly_2023.zip
20230203,3665,貿聯-KY,2547317,272.00,272.50,269.50,272.00,yearly_2023.zip
20230206,3665,貿聯-KY,3335150,276.50,278.00,271.50,272.50,yearly_2023.zip
20230207,3665,貿聯-KY,1896211,273.00,275.00,271.50,271.50,yearly_2023.zip
20230208,3665,貿聯-KY,2294344,274.00,276.50,271.50,272.00,yearly_2023.zip
20230209,3665,貿聯-KY,4111895,272.50,274.50,265.50,265.50,yearly_2023.zip
20230210,3665,貿聯-KY,1795954,267.00,269.00,265.50,266.50,yearly_2023.zip
20230213,3665,貿聯-KY,710137,266.50,268.50,266.00,267.50,yearly_2023.zip
20230214,3665,貿聯-KY,1256579,269.00,271.50,268.50,271.00,yearly_2023.zip
20230215,3665,貿聯-KY,3571383,272.50,276.50,272.50,273.50,yearly_2023.zip
20230216,3665,貿聯-KY,5063940,278.00,283.50,277.50,280.50,yearly_2023.zip
20230217,3665,貿聯-KY,1925986,278.00,280.00,276.50,279.00,yearly_2023.zip
20230220,3665,貿聯-KY,5340730,286.00,291.00,281.00,281.00,yearly_2023.zip
20230221,3665,貿聯-KY,2049908,282.00,284.00,278.50,279.00,yearly_2023.zip
20230222,3665,貿聯-KY,2163628,276.50,279.00,273.00,274.00,yearly_2023.zip
20230223,3665,貿聯-KY,1856449,275.50,281.00,275.50,280.50,yearly_2023.zip
20230224,3665,貿聯-KY,1630892,280.50,283.00,276.00,277.00,yearly_2023.zip
20230301,3665,貿聯-KY,1002487,277.00,280.50,276.50,279.50,yearly_2023.zip
20230302,3665,貿聯-KY,2061827,279.50,283.00,279.50,283.00,yearly_2023.zip
20230303,3665,貿聯-KY,1090663,283.50,285.00,280.50,280.50,yearly_2023.zip
20230306,3665,貿聯-KY,2359427,283.50,288.00,281.50,287.50,yearly_2023.zip
20230307,3665,貿聯-KY,1500189,286.00,286.00,283.50,284.00,yearly_2023.zip
20230308,3665,貿聯-KY,1494150,283.00,284.50,281.00,282.00,yearly_2023.zip
20230309,3665,貿聯-KY,3077512,281.00,281.50,275.50,276.50,yearly_2023.zip
20230310,3665,貿聯-KY,1993240,273.00,276.50,270.00,271.50,yearly_2023.zip
20230313,3665,貿聯-KY,1534758,271.50,272.50,267.50,270.50,yearly_2023.zip
20230314,3665,貿聯-KY,797686,269.50,271.00,267.50,268.00,yearly_2023.zip
20230315,3665,貿聯-KY,761145,270.50,272.50,270.00,270.00,yearly_2023.zip
20230316,3665,貿聯-KY,1353111,268.50,270.00,262.00,263.50,yearly_2023.zip
20230317,3665,貿聯-KY,776248,266.50,271.00,266.50,268.00,yearly_2023.zip
20230320,3665,貿聯-KY,950711,270.00,275.00,269.50,273.00,yearly_2023.zip
20230321,3665,貿聯-KY,511543,275.50,277.00,272.50,272.50,yearly_2023.zip
20230322,3665,貿聯-KY,1207951,274.50,277.50,274.50,276.00,yearly_2023.zip
20230323,3665,貿聯-KY,545129,275.00,276.00,273.50,275.00,yearly_2023.zip
20230324,3665,貿聯-KY,798234,277.00,279.50,276.50,277.50,yearly_2023.zip
20230327,3665,貿聯-KY,814498,279.00,279.50,273.50,274.00,yearly_2023.zip
20230328,3665,貿聯-KY,1113732,274.00,275.00,269.00,269.00,yearly_2023.zip
20230329,3665,貿聯-KY,1232403,270.50,275.50,270.50,275.00,yearly_2023.zip
20230330,3665,貿聯-KY,1089367,276.00,279.00,276.00,278.00,yearly_2023.zip
20230331,3665,貿聯-KY,4592967,280.00,289.00,278.50,279.00,yearly_2023.zip
20230406,3665,貿聯-KY,2003659,276.00,276.00,270.00,271.00,yearly_2023.zip
20230407,3665,貿聯-KY,801527,271.50,274.50,271.00,272.00,yearly_2023.zip
20230410,3665,貿聯-KY,615182,274.50,275.00,270.50,274.50,yearly_2023.zip
20230411,3665,貿聯-KY,1898997,276.00,278.00,274.50,277.50,yearly_2023.zip
20230412,3665,貿聯-KY,1167739,278.50,282.00,277.50,278.50,yearly_2023.zip
20230413,3665,貿聯-KY,745056,280.00,280.50,277.00,277.00,yearly_2023.zip
20230414,3665,貿聯-KY,1090120,279.50,279.50,277.00,277.00,yearly_2023.zip
20230417,3665,貿聯-KY,1164735,277.50,277.50,272.00,272.50,yearly_2023.zip
20230418,3665,貿聯-KY,603014,274.00,275.50,272.00,272.50,yearly_2023.zip
20230419,3665,貿聯-KY,627892,274.00,275.00,272.50,273.00,yearly_2023.zip
20230420,3665,貿聯-KY,1290122,271.50,274.50,268.50,273.00,yearly_2023.zip
20230421,3665,貿聯-KY,1710975,273.50,273.50,262.50,263.00,yearly_2023.zip
20230424,3665,貿聯-KY,2247677,263.50,264.50,253.50,255.00,yearly_2023.zip
20230425,3665,貿聯-KY,1182108,256.50,258.50,250.00,250.50,yearly_2023.zip
20230426,3665,貿聯-KY,539341,252.00,256.00,251.00,255.50,yearly_2023.zip
20230427,3665,貿聯-KY,642919,258.00,262.00,256.00,260.00,yearly_2023.zip
20230428,3665,貿聯-KY,651304,265.00,265.00,261.00,263.00,yearly_2023.zip
20230502,3665,貿聯-KY,494546,263.50,265.50,261.00,261.00,yearly_2023.zip
20230503,3665,貿聯-KY,700198,261.00,262.00,254.50,258.50,yearly_2023.zip
20230504,3665,貿聯-KY,332338,258.50,259.50,256.00,257.50,yearly_2023.zip
20230505,3665,貿聯-KY,280513,258.50,260.00,258.00,258.00,yearly_2023.zip
20230508,3665,貿聯-KY,354322,259.50,261.50,259.00,260.00,yearly_2023.zip
20230509,3665,貿聯-KY,412673,260.00,260.00,255.50,257.00,yearly_2023.zip
20230510,3665,貿聯-KY,348715,258.00,259.50,256.50,257.50,yearly_2023.zip
20230511,3665,貿聯-KY,522627,258.00,259.00,255.00,257.50,yearly_2023.zip
20230512,3665,貿聯-KY,770192,257.50,261.50,257.50,258.50,yearly_2023.zip
20230515,3665,貿聯-KY,542058,258.00,258.00,252.50,254.50,yearly_2023.zip
20230516,3665,貿聯-KY,420672,256.50,260.50,256.00,259.50,yearly_2023.zip
20230517,3665,貿聯-KY,939141,258.00,262.50,257.50,261.50,yearly_2023.zip
20230518,3665,貿聯-KY,611838,263.50,264.00,261.00,262.00,yearly_2023.zip
20230519,3665,貿聯-KY,398021,263.50,264.00,261.00,261.00,yearly_2023.zip
20230522,3665,貿聯-KY,638992,260.00,265.00,259.50,265.00,yearly_2023.zip
20230523,3665,貿聯-KY,760160,265.00,269.00,265.00,266.00,yearly_2023.zip
20230524,3665,貿聯-KY,556039,267.00,268.00,264.00,267.50,yearly_2023.zip
20230526,3665,貿聯-KY,580921,267.50,268.50,266.50,267.00,yearly_2023.zip
20230529,3665,貿聯-KY,729923,268.50,271.00,268.50,270.50,yearly_2023.zip
20230530,3665,貿聯-KY,570116,271.50,271.50,268.50,268.50,yearly_2023.zip
20230531,3665,貿聯-KY,1922515,270.00,277.50,270.00,276.50,yearly_2023.zip
20230601,3665,貿聯-KY,722577,277.50,278.00,274.50,275.50,yearly_2023.zip
20230602,3665,貿聯-KY,1041291,275.50,276.50,271.50,272.00,yearly_2023.zip
20230605,3665,貿聯-KY,753885,273.00,275.00,271.00,271.00,yearly_2023.zip
20230606,3665,貿聯-KY,640222,270.00,272.00,268.50,269.50,yearly_2023.zip
20230607,3665,貿聯-KY,340886,269.50,272.50,269.50,272.50,yearly_2023.zip
20230608,3665,貿聯-KY,687311,272.50,275.00,271.00,275.00,yearly_2023.zip
20230609,3665,貿聯-KY,2338372,278.00,282.50,277.50,281.00,yearly_2023.zip
20230612,3665,貿聯-KY,4043666,284.00,293.50,282.50,289.50,yearly_2023.zip
20230613,3665,貿聯-KY,1955135,292.00,292.50,286.00,286.00,yearly_2023.zip
20230614,3665,貿聯-KY,1244209,286.50,290.50,284.50,285.50,yearly_2023.zip
20230615,3665,貿聯-KY,1468273,287.00,287.50,282.00,285.00,yearly_2023.zip
20230616,3665,貿聯-KY,1246479,286.50,288.50,281.50,281.50,yearly_2023.zip
20230619,3665,貿聯-KY,2601642,284.00,292.00,284.00,288.50,yearly_2023.zip
20230620,3665,貿聯-KY,2496969,291.00,296.00,289.50,292.50,yearly_2023.zip
20230621,3665,貿聯-KY,13827402,295.50,321.50,295.50,319.00,yearly_2023.zip
20230626,3665,貿聯-KY,5655416,313.00,318.50,307.50,316.00,yearly_2023.zip
20230627,3665,貿聯-KY,4160929,310.00,314.50,305.50,309.00,yearly_2023.zip
20230628,3665,貿聯-KY,4361328,312.00,313.00,301.00,301.00,yearly_2023.zip
20230629,3665,貿聯-KY,9325162,311.00,328.00,309.00,324.50,yearly_2023.zip
20230630,3665,貿聯-KY,5007201,319.00,326.50,316.50,322.00,yearly_2023.zip
20230703,3665,貿聯-KY,6776248,327.50,332.00,317.00,325.50,yearly_2023.zip
20230704,3665,貿聯-KY,6422850,334.50,340.00,325.50,327.00,yearly_2023.zip
20230705,3665,貿聯-KY,2580088,332.00,332.00,322.50,322.50,yearly_2023.zip
20230706,3665,貿聯-KY,2926485,320.00,325.50,318.00,320.00,yearly_2023.zip
20230707,3665,貿聯-KY,2293870,319.00,322.00,313.00,313.00,yearly_2023.zip
20230710,3665,貿聯-KY,1248884,313.00,318.00,311.50,312.00,yearly_2023.zip
20230711,3665,貿聯-KY,1499030,315.00,321.50,313.00,317.50,yearly_2023.zip
20230712,3665,貿聯-KY,1301546,319.50,322.00,314.00,316.00,yearly_2023.zip
20230713,3665,貿聯-KY,3071818,317.50,325.50,314.00,322.50,yearly_2023.zip
20230714,3665,貿聯-KY,3017461,329.50,331.00,323.00,326.00,yearly_2023.zip
20230717,3665,貿聯-KY,2357264,329.00,329.00,317.00,317.50,yearly_2023.zip
20230718,3665,貿聯-KY,1686280,320.50,320.50,313.00,315.00,yearly_2023.zip
20230719,3665,貿聯-KY,2844272,317.00,318.00,304.00,305.00,yearly_2023.zip
20230720,3665,貿聯-KY,2166931,305.00,310.00,303.00,307.50,yearly_2023.zip
20230721,3665,貿聯-KY,1538924,306.00,307.00,300.00,305.00,yearly_2023.zip
20230724,3665,貿聯-KY,1908186,305.50,312.00,301.50,309.50,yearly_2023.zip
20230725,3665,貿聯-KY,1662274,300.50,306.50,298.50,301.50,yearly_2023.zip
20230726,3665,貿聯-KY,998860,302.50,306.00,300.50,303.00,yearly_2023.zip
20230727,3665,貿聯-KY,1311640,303.00,308.50,301.50,306.00,yearly_2023.zip
20230728,3665,貿聯-KY,2686555,306.00,310.50,301.50,309.00,yearly_2023.zip
20230731,3665,貿聯-KY,2059715,310.00,310.00,302.50,302.50,yearly_2023.zip
20230801,3665,貿聯-KY,1433822,305.00,311.50,304.00,304.00,yearly_2023.zip
20230802,3665,貿聯-KY,1251050,306.00,309.00,297.50,298.50,yearly_2023.zip
20230804,3665,貿聯-KY,1868037,300.50,301.00,290.00,292.00,yearly_2023.zip
20230807,3665,貿聯-KY,528500,295.50,297.50,291.00,296.50,yearly_2023.zip
20230808,3665,貿聯-KY,493604,295.00,296.50,292.00,293.50,yearly_2023.zip
20230809,3665,貿聯-KY,2893920,292.00,293.50,282.50,284.00,yearly_2023.zip
20230810,3665,貿聯-KY,3495543,284.00,286.00,274.00,276.00,yearly_2023.zip
20230811,3665,貿聯-KY,2581391,281.00,281.00,270.00,271.00,yearly_2023.zip
20230814,3665,貿聯-KY,2164720,270.00,270.00,263.50,269.00,yearly_2023.zip
20230815,3665,貿聯-KY,1488039,267.00,270.00,266.00,267.00,yearly_2023.zip
20230816,3665,貿聯-KY,506133,267.00,271.00,266.00,269.50,yearly_2023.zip
20230817,3665,貿聯-KY,1178177,267.00,271.50,263.50,269.00,yearly_2023.zip
20230818,3665,貿聯-KY,1205728,268.00,271.00,263.00,264.00,yearly_2023.zip
20230821,3665,貿聯-KY,1155526,266.00,266.00,260.50,262.50,yearly_2023.zip
20230822,3665,貿聯-KY,1358937,268.50,268.50,261.50,263.00,yearly_2023.zip
20230823,3665,貿聯-KY,1451701,265.00,270.50,260.50,268.00,yearly_2023.zip
20230824,3665,貿聯-KY,1160015,268.00,272.50,266.50,271.00,yearly_2023.zip
20230825,3665,貿聯-KY,654241,266.50,271.00,266.50,267.00,yearly_2023.zip
20230828,3665,貿聯-KY,7126243,253.00,254.00,240.50,240.50,yearly_2023.zip
20230829,3665,貿聯-KY,3056920,240.00,245.00,234.00,243.00,yearly_2023.zip
20230830,3665,貿聯-KY,1875924,243.50,251.00,243.50,248.50,yearly_2023.zip
20230831,3665,貿聯-KY,938493,247.50,251.50,247.00,249.50,yearly_2023.zip
20230901,3665,貿聯-KY,1232109,251.00,256.50,250.00,254.00,yearly_2023.zip
20230904,3665,貿聯-KY,1022544,251.50,254.50,249.50,252.50,yearly_2023.zip
20230905,3665,貿聯-KY,877516,252.50,259.00,251.00,256.00,yearly_2023.zip
20230906,3665,貿聯-KY,1084852,256.00,257.00,250.50,252.00,yearly_2023.zip
20230907,3665,貿聯-KY,592048,250.00,254.50,250.00,252.00,yearly_2023.zip
20230908,3665,貿聯-KY,913575,250.00,252.50,249.00,251.50,yearly_2023.zip
20230911,3665,貿聯-KY,896616,250.50,251.00,246.50,248.50,yearly_2023.zip
20230912,3665,貿聯-KY,845730,252.00,254.50,251.00,254.50,yearly_2023.zip
20230913,3665,貿聯-KY,2676651,254.50,266.50,254.50,258.50,yearly_2023.zip
20230914,3665,貿聯-KY,761725,259.50,262.00,258.00,258.50,yearly_2023.zip
20230915,3665,貿聯-KY,752554,260.50,263.00,258.00,260.00,yearly_2023.zip
20230918,3665,貿聯-KY,732391,257.50,259.50,255.50,259.50,yearly_2023.zip
20230919,3665,貿聯-KY,445994,259.00,259.50,257.00,259.50,yearly_2023.zip
20230920,3665,貿聯-KY,3943250,260.50,275.00,258.50,274.00,yearly_2023.zip
20230921,3665,貿聯-KY,2301313,271.00,274.00,265.50,268.00,yearly_2023.zip
20230922,3665,貿聯-KY,2006959,265.50,276.00,265.00,273.50,yearly_2023.zip
20230925,3665,貿聯-KY,820133,273.00,275.50,271.50,274.00,yearly_2023.zip
20230926,3665,貿聯-KY,909106,274.00,274.00,267.00,273.00,yearly_2023.zip
20230927,3665,貿聯-KY,668961,272.50,272.50,267.50,269.50,yearly_2023.zip
20230928,3665,貿聯-KY,595949,270.00,271.00,267.00,270.00,yearly_2023.zip
20231002,3665,貿聯-KY,1219756,268.50,269.50,266.50,268.00,yearly_2023.zip
20231003,3665,貿聯-KY,539681,268.00,272.50,267.50,268.00,yearly_2023.zip
20231004,3665,貿聯-KY,597330,266.50,270.50,264.00,270.50,yearly_2023.zip
20231005,3665,貿聯-KY,675368,271.50,272.00,266.00,266.00,yearly_2023.zip
20231006,3665,貿聯-KY,1397127,266.00,266.00,257.00,260.00,yearly_2023.zip
20231011,3665,貿聯-KY,996387,260.00,262.00,254.00,256.50,yearly_2023.zip
20231012,3665,貿聯-KY,540311,258.50,260.50,254.50,260.00,yearly_2023.zip
20231013,3665,貿聯-KY,618989,256.50,258.50,255.00,255.50,yearly_2023.zip
20231016,3665,貿聯-KY,443010,253.00,259.00,253.00,257.00,yearly_2023.zip
20231017,3665,貿聯-KY,1579843,261.00,269.00,259.50,268.00,yearly_2023.zip
20231018,3665,貿聯-KY,1025863,270.00,270.00,263.50,264.50,yearly_2023.zip
20231019,3665,貿聯-KY,1118582,264.00,272.50,263.50,265.00,yearly_2023.zip
20231020,3665,貿聯-KY,992267,260.00,261.00,256.00,258.50,yearly_2023.zip
20231023,3665,貿聯-KY,449640,256.50,263.50,256.50,259.00,yearly_2023.zip
20231024,3665,貿聯-KY,555159,263.50,266.00,258.00,265.50,yearly_2023.zip
20231025,3665,貿聯-KY,376587,266.00,266.50,261.50,261.50,yearly_2023.zip
20231026,3665,貿聯-KY,488909,259.00,264.50,258.00,258.00,yearly_2023.zip
20231027,3665,貿聯-KY,391300,261.00,264.00,257.50,257.50,yearly_2023.zip
20231030,3665,貿聯-KY,1041383,259.00,260.00,256.00,258.00,yearly_2023.zip
20231031,3665,貿聯-KY,1043480,259.00,259.00,250.50,251.50,yearly_2023.zip
20231101,3665,貿聯-KY,400405,251.50,253.00,248.50,251.50,yearly_2023.zip
20231102,3665,貿聯-KY,302044,254.00,256.00,253.00,254.00,yearly_2023.zip
20231103,3665,貿聯-KY,484274,255.00,257.00,250.50,250.50,yearly_2023.zip
20231106,3665,貿聯-KY,456296,252.50,257.00,252.00,256.00,yearly_2023.zip
20231107,3665,貿聯-KY,262716,257.00,258.50,254.50,257.00,yearly_2023.zip
20231108,3665,貿聯-KY,622349,258.50,263.50,258.00,263.50,yearly_2023.zip
20231109,3665,貿聯-KY,515895,263.50,263.50,259.50,261.00,yearly_2023.zip
20231110,3665,貿聯-KY,475352,259.00,262.00,255.00,257.00,yearly_2023.zip
20231113,3665,貿聯-KY,756655,256.00,258.00,253.00,254.00,yearly_2023.zip
20231114,3665,貿聯-KY,274839,252.50,256.50,252.50,255.00,yearly_2023.zip
20231115,3665,貿聯-KY,594826,258.00,261.00,257.00,259.50,yearly_2023.zip
20231116,3665,貿聯-KY,407408,261.00,262.00,258.50,260.00,yearly_2023.zip
20231117,3665,貿聯-KY,390941,260.00,263.00,259.50,262.00,yearly_2023.zip
20231120,3665,貿聯-KY,387389,262.00,264.00,258.00,261.00,yearly_2023.zip
20231121,3665,貿聯-KY,1655894,263.50,267.50,259.00,266.50,yearly_2023.zip
20231122,3665,貿聯-KY,2653478,267.50,270.00,266.00,270.00,yearly_2023.zip
20231123,3665,貿聯-KY,1792599,270.00,273.00,269.00,270.50,yearly_2023.zip
20231124,3665,貿聯-KY,1262323,270.50,271.50,264.50,266.50,yearly_2023.zip
20231127,3665,貿聯-KY,525678,267.00,267.00,263.00,264.50,yearly_2023.zip
20231128,3665,貿聯-KY,310141,265.50,266.00,264.50,266.00,yearly_2023.zip
20231129,3665,貿聯-KY,584997,267.00,269.00,265.50,266.50,yearly_2023.zip
20231130,3665,貿聯-KY,1215083,268.00,268.50,263.50,264.00,yearly_2023.zip
20231201,3665,貿聯-KY,1918447,266.00,274.00,264.50,272.00,yearly_2023.zip
20231204,3665,貿聯-KY,2289138,276.00,279.00,274.50,276.00,yearly_2023.zip
20231205,3665,貿聯-KY,856774,275.00,275.00,270.50,271.00,yearly_2023.zip
20231206,3665,貿聯-KY,709454,271.00,272.00,268.00,270.50,yearly_2023.zip
20231207,3665,貿聯-KY,430499,271.00,274.50,269.00,269.00,yearly_2023.zip
20231208,3665,貿聯-KY,623122,271.00,272.00,266.50,266.50,yearly_2023.zip
20231211,3665,貿聯-KY,623252,269.00,273.00,268.50,271.50,yearly_2023.zip
20231212,3665,貿聯-KY,388657,272.00,272.50,268.00,269.00,yearly_2023.zip
20231213,3665,貿聯-KY,818849,269.00,270.50,264.00,264.50,yearly_2023.zip
20231214,3665,貿聯-KY,781359,267.00,269.50,265.00,267.50,yearly_2023.zip
20231215,3665,貿聯-KY,1555096,269.50,275.00,269.00,272.00,yearly_2023.zip
20231218,3665,貿聯-KY,665857,271.50,271.50,266.50,266.50,yearly_2023.zip
20231219,3665,貿聯-KY,511355,268.50,268.50,264.00,264.00,yearly_2023.zip
20231220,3665,貿聯-KY,438610,266.00,267.00,264.50,264.50,yearly_2023.zip
20231221,3665,貿聯-KY,898594,263.00,263.50,260.00,260.00,yearly_2023.zip
20231222,3665,貿聯-KY,680305,262.00,262.00,258.00,258.00,yearly_2023.zip
20231225,3665,貿聯-KY,326081,260.50,262.50,258.50,260.00,yearly_2023.zip
20231226,3665,貿聯-KY,326116,261.00,262.50,260.00,262.50,yearly_2023.zip
20231227,3665,貿聯-KY,470780,263.00,265.50,263.00,265.00,yearly_2023.zip
20231228,3665,貿聯-KY,278272,265.00,266.00,263.50,265.50,yearly_2023.zip
20231229,3665,貿聯-KY,396767,266.50,268.50,266.50,267.00,yearly_2023.zip
20240102,3665,貿聯-KY,387851,267.00,268.00,263.50,265.00,yearly_2024.zip
20240103,3665,貿聯-KY,258189,263.00,265.00,262.00,262.50,yearly_2024.zip
20240104,3665,貿聯-KY,409491,262.00,264.00,259.00,259.00,yearly_2024.zip
20240105,3665,貿聯-KY,668894,259.00,259.00,256.00,256.00,yearly_2024.zip
20240108,3665,貿聯-KY,739131,255.00,257.00,252.00,252.00,yearly_2024.zip
20240109,3665,貿聯-KY,633258,253.00,256.00,252.00,254.00,yearly_2024.zip
20240110,3665,貿聯-KY,1007765,253.50,253.50,247.50,249.00,yearly_2024.zip
20240111,3665,貿聯-KY,1069326,250.00,250.00,245.50,246.50,yearly_2024.zip
20240112,3665,貿聯-KY,850792,246.50,246.50,243.50,246.50,yearly_2024.zip
20240115,3665,貿聯-KY,474097,247.50,247.50,245.00,245.50,yearly_2024.zip
20240116,3665,貿聯-KY,716347,245.50,247.00,244.00,244.00,yearly_2024.zip
20240117,3665,貿聯-KY,603449,244.00,246.50,240.00,241.00,yearly_2024.zip
20240118,3665,貿聯-KY,957516,241.50,241.50,236.50,240.00,yearly_2024.zip
20240119,3665,貿聯-KY,922878,240.00,241.50,238.00,240.00,yearly_2024.zip
20240122,3665,貿聯-KY,956062,240.50,242.50,240.00,240.50,yearly_2024.zip
20240123,3665,貿聯-KY,1248679,244.00,248.00,242.50,245.50,yearly_2024.zip
20240124,3665,貿聯-KY,393673,246.00,247.50,245.00,245.50,yearly_2024.zip
20240125,3665,貿聯-KY,435909,245.50,245.50,242.00,242.00,yearly_2024.zip
20240126,3665,貿聯-KY,4443442,241.00,243.50,230.00,232.50,yearly_2024.zip
20240129,3665,貿聯-KY,920589,235.00,237.00,233.00,235.50,yearly_2024.zip
20240130,3665,貿聯-KY,638158,238.50,239.00,234.50,235.00,yearly_2024.zip
20240131,3665,貿聯-KY,1344476,236.00,236.50,231.00,231.00,yearly_2024.zip
20240201,3665,貿聯-KY,539632,233.50,234.50,232.00,233.00,yearly_2024.zip
20240202,3665,貿聯-KY,532946,233.00,235.00,232.00,232.50,yearly_2024.zip
20240205,3665,貿聯-KY,2269731,231.50,231.50,222.50,228.50,yearly_2024.zip
20240215,3665,貿聯-KY,1419484,229.50,234.00,227.50,232.50,yearly_2024.zip
20240216,3665,貿聯-KY,1258768,234.00,238.00,231.50,237.00,yearly_2024.zip
20240219,3665,貿聯-KY,2502017,239.00,247.50,237.50,245.50,yearly_2024.zip
20240220,3665,貿聯-KY,1300475,246.00,246.50,242.50,244.50,yearly_2024.zip
20240221,3665,貿聯-KY,754182,244.50,244.50,241.00,243.00,yearly_2024.zip
20240222,3665,貿聯-KY,856636,246.50,246.50,243.00,243.50,yearly_2024.zip
20240223,3665,貿聯-KY,1393412,245.50,247.50,242.50,244.00,yearly_2024.zip
20240226,3665,貿聯-KY,1784325,243.50,245.50,239.00,241.00,yearly_2024.zip
20240227,3665,貿聯-KY,1178870,243.50,245.50,239.00,241.00,yearly_2024.zip
20240229,3665,貿聯-KY,1242143,244.50,247.00,240.00,242.50,yearly_2024.zip
20240301,3665,貿聯-KY,1382299,243.50,243.50,236.00,238.50,yearly_2024.zip
20240304,3665,貿聯-KY,3136324,244.00,252.50,244.00,247.50,yearly_2024.zip
20240305,3665,貿聯-KY,1089714,247.50,250.00,244.00,249.00,yearly_2024.zip
20240306,3665,貿聯-KY,740441,251.00,251.00,248.00,248.00,yearly_2024.zip
20240307,3665,貿聯-KY,902110,248.50,249.00,242.50,243.00,yearly_2024.zip
20240308,3665,貿聯-KY,691341,245.00,246.50,241.50,243.00,yearly_2024.zip
20240311,3665,貿聯-KY,1789143,248.50,251.50,239.50,240.50,yearly_2024.zip
20240312,3665,貿聯-KY,1067635,243.00,246.50,241.50,244.50,yearly_2024.zip
20240313,3665,貿聯-KY,708214,244.00,246.50,243.00,244.50,yearly_2024.zip
20240314,3665,貿聯-KY,685484,244.00,245.50,241.00,244.50,yearly_2024.zip
20240315,3665,貿聯-KY,639708,244.50,247.00,243.00,245.00,yearly_2024.zip
20240318,3665,貿聯-KY,555726,247.50,248.50,244.00,245.50,yearly_2024.zip
20240319,3665,貿聯-KY,1412650,247.00,253.50,246.50,252.50,yearly_2024.zip
20240320,3665,貿聯-KY,1040254,254.50,258.00,251.50,253.50,yearly_2024.zip
20240321,3665,貿聯-KY,1993653,255.50,259.50,254.00,258.00,yearly_2024.zip
20240322,3665,貿聯-KY,2201803,258.00,263.50,257.00,262.50,yearly_2024.zip
20240325,3665,貿聯-KY,1202255,262.50,263.50,258.50,260.50,yearly_2024.zip
20240326,3665,貿聯-KY,1697556,259.00,260.50,253.50,256.00,yearly_2024.zip
20240327,3665,貿聯-KY,905082,257.00,259.00,251.00,252.00,yearly_2024.zip
20240328,3665,貿聯-KY,944585,253.00,259.50,253.00,257.00,yearly_2024.zip
20240329,3665,貿聯-KY,801675,256.00,259.00,256.00,259.00,yearly_2024.zip
20240401,3665,貿聯-KY,995896,256.00,257.00,251.50,254.00,yearly_2024.zip
20240402,3665,貿聯-KY,633846,256.00,258.00,250.50,256.50,yearly_2024.zip
20240403,3665,貿聯-KY,404940,254.50,259.00,254.00,256.50,yearly_2024.zip
20240408,3665,貿聯-KY,658732,259.00,259.00,253.00,255.00,yearly_2024.zip
20240409,3665,貿聯-KY,535079,253.50,256.50,252.50,254.00,yearly_2024.zip
20240410,3665,貿聯-KY,671173,255.50,259.50,254.50,255.50,yearly_2024.zip
20240411,3665,貿聯-KY,627801,254.50,254.50,250.50,250.50,yearly_2024.zip
20240412,3665,貿聯-KY,698784,250.50,251.00,247.50,247.50,yearly_2024.zip
20240415,3665,貿聯-KY,1705253,247.00,252.00,243.00,243.00,yearly_2024.zip
20240416,3665,貿聯-KY,2130749,241.00,241.00,231.50,233.00,yearly_2024.zip
20240417,3665,貿聯-KY,1877650,234.00,237.00,232.50,235.50,yearly_2024.zip
20240418,3665,貿聯-KY,1358816,235.50,237.00,232.50,233.50,yearly_2024.zip
20240419,3665,貿聯-KY,1460696,231.00,232.50,223.00,226.50,yearly_2024.zip
20240422,3665,貿聯-KY,1410231,225.00,228.00,224.00,226.00,yearly_2024.zip
20240423,3665,貿聯-KY,1022927,227.50,228.50,224.50,227.00,yearly_2024.zip
20240424,3665,貿聯-KY,1439038,232.00,235.50,227.50,235.50,yearly_2024.zip
20240425,3665,貿聯-KY,463223,233.00,237.00,233.00,233.50,yearly_2024.zip
20240426,3665,貿聯-KY,1154015,235.00,235.00,231.00,232.00,yearly_2024.zip
20240429,3665,貿聯-KY,1007618,232.00,232.50,229.50,231.00,yearly_2024.zip
20240430,3665,貿聯-KY,1262213,236.00,237.50,230.50,230.50,yearly_2024.zip
20240502,3665,貿聯-KY,1192359,230.00,230.00,226.00,226.00,yearly_2024.zip
20240503,3665,貿聯-KY,1496617,227.50,229.00,225.00,225.00,yearly_2024.zip
20240506,3665,貿聯-KY,806348,225.50,229.50,225.00,227.00,yearly_2024.zip
20240507,3665,貿聯-KY,823758,229.00,230.50,227.00,228.50,yearly_2024.zip
20240508,3665,貿聯-KY,533628,228.00,230.00,227.00,229.00,yearly_2024.zip
20240509,3665,貿聯-KY,837279,229.00,230.50,224.00,224.00,yearly_2024.zip
20240510,3665,貿聯-KY,500977,226.00,228.50,224.50,228.00,yearly_2024.zip
20240513,3665,貿聯-KY,484538,228.50,231.00,228.00,230.00,yearly_2024.zip
20240514,3665,貿聯-KY,611475,230.50,233.00,230.50,232.50,yearly_2024.zip
20240515,3665,貿聯-KY,1251791,235.50,236.00,233.00,233.00,yearly_2024.zip
20240516,3665,貿聯-KY,1088944,234.00,235.00,230.00,232.00,yearly_2024.zip
20240517,3665,貿聯-KY,2975254,231.50,245.00,231.50,240.50,yearly_2024.zip
20240520,3665,貿聯-KY,1689052,243.50,247.00,241.00,241.00,yearly_2024.zip
20240521,3665,貿聯-KY,5262262,244.00,263.00,242.00,259.00,yearly_2024.zip
20240522,3665,貿聯-KY,4128217,258.00,262.00,253.50,260.00,yearly_2024.zip
20240523,3665,貿聯-KY,4307511,260.00,269.00,256.00,266.00,yearly_2024.zip
20240524,3665,貿聯-KY,2435391,265.50,269.50,263.00,263.50,yearly_2024.zip
20240527,3665,貿聯-KY,1770879,267.00,268.50,263.00,264.00,yearly_2024.zip
20240528,3665,貿聯-KY,4718231,265.00,269.50,258.50,266.00,yearly_2024.zip
20240529,3665,貿聯-KY,2379146,264.50,264.50,257.50,261.50,yearly_2024.zip
20240530,3665,貿聯-KY,4009619,260.00,272.00,259.50,268.00,yearly_2024.zip
20240531,3665,貿聯-KY,9737228,269.00,281.00,265.00,277.00,yearly_2024.zip
20240603,3665,貿聯-KY,3694821,281.00,281.00,268.50,277.00,yearly_2024.zip
20240604,3665,貿聯-KY,5512333,278.00,289.00,277.00,287.00,yearly_2024.zip
20240605,3665,貿聯-KY,5461268,289.50,292.00,279.00,285.50,yearly_2024.zip
20240606,3665,貿聯-KY,3565128,285.50,285.50,273.00,275.50,yearly_2024.zip
20240607,3665,貿聯-KY,5486231,276.50,292.00,273.50,288.00,yearly_2024.zip
20240611,3665,貿聯-KY,9886723,292.50,301.00,291.00,291.00,yearly_2024.zip
20240612,3665,貿聯-KY,5818599,291.00,291.00,278.00,283.00,yearly_2024.zip
20240613,3665,貿聯-KY,9649325,293.00,311.00,291.00,304.00,yearly_2024.zip
20240614,3665,貿聯-KY,9716247,312.00,330.00,304.00,323.50,yearly_2024.zip
20240617,3665,貿聯-KY,9868049,330.00,352.00,322.00,351.00,yearly_2024.zip
20240618,3665,貿聯-KY,8738582,350.00,350.00,325.00,333.50,yearly_2024.zip
20240619,3665,貿聯-KY,12652705,345.00,357.00,338.00,341.00,yearly_2024.zip
20240620,3665,貿聯-KY,6426999,336.00,341.00,330.50,340.00,yearly_2024.zip
20240621,3665,貿聯-KY,7917586,335.50,339.00,327.50,332.00,yearly_2024.zip
20240624,3665,貿聯-KY,4145310,335.00,336.50,330.00,330.00,yearly_2024.zip
20240625,3665,貿聯-KY,7210505,332.50,340.00,320.00,338.00,yearly_2024.zip
20240626,3665,貿聯-KY,14598039,346.00,370.50,342.00,360.50,yearly_2024.zip
20240627,3665,貿聯-KY,6314289,357.50,365.50,355.00,360.00,yearly_2024.zip
20240628,3665,貿聯-KY,7068802,380.00,388.00,371.50,374.00,yearly_2024.zip
20240701,3665,貿聯-KY,3275665,376.50,378.00,364.00,365.50,yearly_2024.zip
20240702,3665,貿聯-KY,4087543,366.00,377.50,365.50,367.00,yearly_2024.zip
20240703,3665,貿聯-KY,9307548,372.50,395.00,372.50,388.50,yearly_2024.zip
20240704,3665,貿聯-KY,4224945,392.50,392.50,383.00,383.50,yearly_2024.zip
20240705,3665,貿聯-KY,3937601,384.00,388.50,380.50,385.00,yearly_2024.zip
20240708,3665,貿聯-KY,3696901,380.50,387.00,373.00,383.50,yearly_2024.zip
20240709,3665,貿聯-KY,3769090,384.50,385.00,373.50,379.00,yearly_2024.zip
20240710,3665,貿聯-KY,3260398,380.50,388.00,379.00,386.00,yearly_2024.zip
20240711,3665,貿聯-KY,7791556,390.00,408.50,384.50,402.00,yearly_2024.zip
20240712,3665,貿聯-KY,4564590,389.00,397.00,386.00,386.00,yearly_2024.zip
20240715,3665,貿聯-KY,7610124,397.00,424.50,390.00,420.00,yearly_2024.zip
20240716,3665,貿聯-KY,2953198,413.50,422.50,409.50,411.50,yearly_2024.zip
20240717,3665,貿聯-KY,5966595,411.00,411.00,388.00,389.00,yearly_2024.zip
20240718,3665,貿聯-KY,6149514,376.00,392.50,374.50,390.00,yearly_2024.zip
20240719,3665,貿聯-KY,6372379,389.50,406.00,384.50,392.00,yearly_2024.zip
20240722,3665,貿聯-KY,3078829,389.50,399.00,378.50,388.00,yearly_2024.zip
20240723,3665,貿聯-KY,4983378,397.00,405.00,395.00,397.50,yearly_2024.zip
20240726,3665,貿聯-KY,6011839,370.00,392.00,370.00,382.00,yearly_2024.zip
20240729,3665,貿聯-KY,3150704,386.00,396.50,378.50,378.50,yearly_2024.zip
20240730,3665,貿聯-KY,3802312,381.00,395.00,378.50,391.50,yearly_2024.zip
20240731,3665,貿聯-KY,2676832,386.00,391.00,379.00,379.00,yearly_2024.zip
20240801,3665,貿聯-KY,7994723,390.00,416.50,390.00,415.00,yearly_2024.zip
20240802,3665,貿聯-KY,7087834,393.00,406.00,378.00,378.00,yearly_2024.zip
20240805,3665,貿聯-KY,4938186,352.50,360.00,340.50,346.00,yearly_2024.zip
20240806,3665,貿聯-KY,5539944,373.00,378.00,338.00,356.00,yearly_2024.zip
20240807,3665,貿聯-KY,4825776,360.50,379.50,359.00,371.50,yearly_2024.zip
20240808,3665,貿聯-KY,2902320,364.00,372.00,360.00,367.00,yearly_2024.zip
20240809,3665,貿聯-KY,4117289,378.00,393.00,378.00,383.50,yearly_2024.zip
20240812,3665,貿聯-KY,1816095,383.50,390.00,380.00,386.00,yearly_2024.zip
20240813,3665,貿聯-KY,1625372,388.00,390.50,381.00,388.50,yearly_2024.zip
20240814,3665,貿聯-KY,1847716,396.00,397.50,387.00,391.00,yearly_2024.zip
20240815,3665,貿聯-KY,1479970,388.00,396.50,382.50,383.50,yearly_2024.zip
20240816,3665,貿聯-KY,5105761,388.50,410.00,386.50,404.50,yearly_2024.zip
20240819,3665,貿聯-KY,5198887,408.50,424.00,405.00,420.50,yearly_2024.zip
20240820,3665,貿聯-KY,5571765,427.00,443.50,422.00,425.50,yearly_2024.zip
20240821,3665,貿聯-KY,2222243,422.00,427.00,417.00,417.00,yearly_2024.zip
20240822,3665,貿聯-KY,3532955,418.00,434.50,413.00,424.00,yearly_2024.zip
20240823,3665,貿聯-KY,4148760,417.50,439.00,417.50,429.50,yearly_2024.zip
20240826,3665,貿聯-KY,4350708,439.00,446.50,427.00,431.50,yearly_2024.zip
20240827,3665,貿聯-KY,11768214,441.50,472.50,419.50,469.50,yearly_2024.zip
20240828,3665,貿聯-KY,6764980,477.00,477.50,447.00,451.00,yearly_2024.zip
20240829,3665,貿聯-KY,6980880,444.00,446.00,431.00,441.50,yearly_2024.zip
20240830,3665,貿聯-KY,3577018,443.00,455.50,437.50,455.50,yearly_2024.zip
20240902,3665,貿聯-KY,3367053,454.50,454.50,437.50,438.50,yearly_2024.zip
20240903,3665,貿聯-KY,3514744,445.00,448.50,432.00,433.00,yearly_2024.zip
20240904,3665,貿聯-KY,5182568,407.00,423.50,399.50,416.00,yearly_2024.zip
20240905,3665,貿聯-KY,4633522,419.00,421.00,408.50,412.00,yearly_2024.zip
20240906,3665,貿聯-KY,2652213,410.50,424.00,400.50,420.00,yearly_2024.zip
20240909,3665,貿聯-KY,2430575,409.00,418.00,405.00,413.00,yearly_2024.zip
20240910,3665,貿聯-KY,2855572,416.00,417.50,394.00,397.50,yearly_2024.zip
20240911,3665,貿聯-KY,3380919,410.00,417.00,398.50,401.50,yearly_2024.zip
20240912,3665,貿聯-KY,5358762,413.50,431.00,413.50,421.00,yearly_2024.zip
20240913,3665,貿聯-KY,2196039,420.00,424.00,411.50,412.50,yearly_2024.zip
20240916,3665,貿聯-KY,1719936,413.00,416.50,403.00,413.00,yearly_2024.zip
20240918,3665,貿聯-KY,1430338,410.50,423.00,408.00,409.50,yearly_2024.zip
20240919,3665,貿聯-KY,1445931,412.50,421.00,410.00,416.50,yearly_2024.zip
20240920,3665,貿聯-KY,6333651,421.00,442.00,417.00,435.00,yearly_2024.zip
20240923,3665,貿聯-KY,4678795,440.00,454.00,436.50,451.00,yearly_2024.zip
20240924,3665,貿聯-KY,6874597,448.00,477.00,447.50,461.00,yearly_2024.zip
20240925,3665,貿聯-KY,4480564,469.00,470.00,450.00,460.00,yearly_2024.zip
20240926,3665,貿聯-KY,2511744,460.00,470.00,456.50,463.00,yearly_2024.zip
20240927,3665,貿聯-KY,3392538,466.50,479.00,460.00,463.50,yearly_2024.zip
20240930,3665,貿聯-KY,2500732,461.00,474.00,457.00,461.00,yearly_2024.zip
20241001,3665,貿聯-KY,4105007,467.50,479.00,451.50,479.00,yearly_2024.zip
20241004,3665,貿聯-KY,6632538,473.50,473.50,431.50,431.50,yearly_2024.zip
20241007,3665,貿聯-KY,4579810,436.00,459.00,436.00,455.00,yearly_2024.zip
20241008,3665,貿聯-KY,2519713,452.00,454.50,437.50,444.50,yearly_2024.zip
20241009,3665,貿聯-KY,3351871,445.00,448.00,433.50,444.00,yearly_2024.zip
20241011,3665,貿聯-KY,2185451,444.00,459.50,444.00,456.00,yearly_2024.zip
20241014,3665,貿聯-KY,2211269,456.00,457.50,442.50,457.50,yearly_2024.zip
20241015,3665,貿聯-KY,2462230,456.50,475.00,456.50,467.00,yearly_2024.zip
20241016,3665,貿聯-KY,3077589,466.50,472.00,454.00,467.50,yearly_2024.zip
20241017,3665,貿聯-KY,2023652,470.50,473.50,458.00,465.00,yearly_2024.zip
20241018,3665,貿聯-KY,3462236,470.00,484.50,460.50,471.00,yearly_2024.zip
20241021,3665,貿聯-KY,3250592,476.00,484.00,468.50,480.00,yearly_2024.zip
20241022,3665,貿聯-KY,5416863,490.00,510.00,483.50,495.00,yearly_2024.zip
20241023,3665,貿聯-KY,2259896,499.00,501.00,486.50,488.50,yearly_2024.zip
20241024,3665,貿聯-KY,3583058,500.00,507.00,476.50,476.50,yearly_2024.zip
20241025,3665,貿聯-KY,3640886,490.00,494.00,466.00,469.50,yearly_2024.zip
20241028,3665,貿聯-KY,2632477,473.00,481.00,452.00,470.00,yearly_2024.zip
20241029,3665,貿聯-KY,2353056,467.00,469.00,451.00,452.00,yearly_2024.zip
20241030,3665,貿聯-KY,2434251,453.50,478.00,452.00,471.50,yearly_2024.zip
20241101,3665,貿聯-KY,1908072,460.50,481.00,460.50,469.00,yearly_2024.zip
20241104,3665,貿聯-KY,2679948,473.50,485.00,467.50,481.00,yearly_2024.zip
20241105,3665,貿聯-KY,1302684,481.00,489.50,479.50,483.00,yearly_2024.zip
20241106,3665,貿聯-KY,2278487,493.00,495.00,483.50,489.50,yearly_2024.zip
20241107,3665,貿聯-KY,4410005,490.00,508.00,490.00,494.00,yearly_2024.zip
20241108,3665,貿聯-KY,5347231,542.00,542.00,515.00,521.00,yearly_2024.zip
20241111,3665,貿聯-KY,7104447,537.00,573.00,526.00,573.00,yearly_2024.zip
20241112,3665,貿聯-KY,8607950,582.00,594.00,564.00,571.00,yearly_2024.zip
20241113,3665,貿聯-KY,3319346,573.00,579.00,562.00,566.00,yearly_2024.zip
20241114,3665,貿聯-KY,3273030,574.00,579.00,568.00,574.00,yearly_2024.zip
20241115,3665,貿聯-KY,7463020,565.00,600.00,548.00,596.00,yearly_2024.zip
20241118,3665,貿聯-KY,5097704,596.00,596.00,561.00,561.00,yearly_2024.zip
20241119,3665,貿聯-KY,4693234,573.00,606.00,563.00,601.00,yearly_2024.zip
20241120,3665,貿聯-KY,4501599,596.00,615.00,585.00,599.00,yearly_2024.zip
20241121,3665,貿聯-KY,5445718,599.00,653.00,594.00,642.00,yearly_2024.zip
20241122,3665,貿聯-KY,4232821,644.00,661.00,628.00,633.00,yearly_2024.zip
20241125,3665,貿聯-KY,2324731,642.00,642.00,623.00,628.00,yearly_2024.zip
20241126,3665,貿聯-KY,2696703,622.00,632.00,607.00,620.00,yearly_2024.zip
20241127,3665,貿聯-KY,2667213,620.00,638.00,618.00,619.00,yearly_2024.zip
20241128,3665,貿聯-KY,3814043,623.00,628.00,594.00,604.00,yearly_2024.zip
20241129,3665,貿聯-KY,5523237,602.00,658.00,601.00,647.00,yearly_2024.zip
20241202,3665,貿聯-KY,4227193,650.00,675.00,642.00,657.00,yearly_2024.zip
20241203,3665,貿聯-KY,4924441,682.00,705.00,662.00,673.00,yearly_2024.zip
20241204,3665,貿聯-KY,6655449,694.00,735.00,682.00,729.00,yearly_2024.zip
20241205,3665,貿聯-KY,4048305,722.00,728.00,703.00,721.00,yearly_2024.zip
20241206,3665,貿聯-KY,3155345,730.00,738.00,705.00,710.00,yearly_2024.zip
20241209,3665,貿聯-KY,2662084,718.00,724.00,697.00,704.00,yearly_2024.zip
20241210,3665,貿聯-KY,4864063,693.00,703.00,663.00,682.00,yearly_2024.zip
20241211,3665,貿聯-KY,3903914,670.00,693.00,665.00,686.00,yearly_2024.zip
20241212,3665,貿聯-KY,3725224,697.00,708.00,689.00,696.00,yearly_2024.zip
20241213,3665,貿聯-KY,3018131,691.00,714.00,686.00,703.00,yearly_2024.zip
20241216,3665,貿聯-KY,5241401,710.00,734.00,671.00,682.00,yearly_2024.zip
20241217,3665,貿聯-KY,3168968,686.00,688.00,669.00,676.00,yearly_2024.zip
20241218,3665,貿聯-KY,9528929,663.00,665.00,609.00,609.00,yearly_2024.zip
20241219,3665,貿聯-KY,7581510,609.00,631.00,606.00,631.00,yearly_2024.zip
20241220,3665,貿聯-KY,3519224,628.00,643.00,616.00,620.00,yearly_2024.zip
20241223,3665,貿聯-KY,2048926,623.00,629.00,612.00,613.00,yearly_2024.zip
20241224,3665,貿聯-KY,2579923,616.00,623.00,601.00,601.00,yearly_2024.zip
20241225,3665,貿聯-KY,3268174,612.00,617.00,591.00,591.00,yearly_2024.zip
20241226,3665,貿聯-KY,1797297,599.00,609.00,591.00,602.00,yearly_2024.zip
20241227,3665,貿聯-KY,1951509,602.00,615.00,598.00,601.00,yearly_2024.zip
20241230,3665,貿聯-KY,1872305,603.00,612.00,591.00,602.00,yearly_2024.zip
20241231,3665,貿聯-KY,2943129,600.00,624.00,594.00,612.00,yearly_2024.zip
20250102,3665,貿聯-KY,5168114,610.00,635.00,599.00,605.00,yearly_2025.zip
20250103,3665,貿聯-KY,3512896,612.00,622.00,601.00,605.00,yearly_2025.zip
20250106,3665,貿聯-KY,3246750,614.00,631.00,606.00,628.00,yearly_2025.zip
20250107,3665,貿聯-KY,3390846,636.00,647.00,625.00,625.00,yearly_2025.zip
20250108,3665,貿聯-KY,3009879,624.00,646.00,622.00,640.00,yearly_2025.zip
20250109,3665,貿聯-KY,4367758,640.00,661.00,637.00,643.00,yearly_2025.zip
20250110,3665,貿聯-KY,3485684,640.00,656.00,612.00,620.00,yearly_2025.zip
20250113,3665,貿聯-KY,4832051,619.00,619.00,578.00,593.00,yearly_2025.zip
20250114,3665,貿聯-KY,2567674,600.00,600.00,578.00,584.00,yearly_2025.zip
20250115,3665,貿聯-KY,7890695,586.00,588.00,535.00,542.00,yearly_2025.zip
20250116,3665,貿聯-KY,3609426,554.00,563.00,544.00,556.00,yearly_2025.zip
20250117,3665,貿聯-KY,5166770,550.00,569.00,540.00,561.00,yearly_2025.zip
20250120,3665,貿聯-KY,4529705,570.00,617.00,569.00,617.00,yearly_2025.zip
20250121,3665,貿聯-KY,4952748,617.00,628.00,601.00,612.00,yearly_2025.zip
20250122,3665,貿聯-KY,4285416,620.00,642.00,618.00,637.00,yearly_2025.zip
20250203,3665,貿聯-KY,6061977,576.00,590.00,574.00,583.00,yearly_2025.zip
20250204,3665,貿聯-KY,5060546,592.00,611.00,571.00,571.00,yearly_2025.zip
20250205,3665,貿聯-KY,2715622,578.00,607.00,576.00,600.00,yearly_2025.zip
20250207,3665,貿聯-KY,3246374,628.00,648.00,620.00,646.00,yearly_2025.zip
20250210,3665,貿聯-KY,4030523,648.00,659.00,640.00,656.00,yearly_2025.zip
20250211,3665,貿聯-KY,7513456,661.00,706.00,657.00,706.00,yearly_2025.zip
20250212,3665,貿聯-KY,4557547,710.00,724.00,688.00,699.00,yearly_2025.zip
20250213,3665,貿聯-KY,2388014,705.00,713.00,691.00,693.00,yearly_2025.zip
20250214,3665,貿聯-KY,2731690,700.00,708.00,687.00,698.00,yearly_2025.zip
20250217,3665,貿聯-KY,4373607,698.00,703.00,651.00,658.00,yearly_2025.zip
20250218,3665,貿聯-KY,3999410,664.00,688.00,664.00,686.00,yearly_2025.zip
20250219,3665,貿聯-KY,2317952,676.00,693.00,673.00,682.00,yearly_2025.zip
20250220,3665,貿聯-KY,3538484,686.00,702.00,676.00,694.00,yearly_2025.zip
20250221,3665,貿聯-KY,2023518,690.00,695.00,677.00,692.00,yearly_2025.zip
20250224,3665,貿聯-KY,4729905,685.00,685.00,651.00,654.00,yearly_2025.zip
20250225,3665,貿聯-KY,2807674,644.00,654.00,633.00,634.00,yearly_2025.zip
20250226,3665,貿聯-KY,3160707,625.00,638.00,621.00,628.00,yearly_2025.zip
20250227,3665,貿聯-KY,4562120,628.00,633.00,592.00,595.00,yearly_2025.zip
20250303,3665,貿聯-KY,1851054,590.00,599.00,585.00,591.00,yearly_2025.zip
20250304,3665,貿聯-KY,2456454,578.00,593.00,571.00,586.00,yearly_2025.zip
20250305,3665,貿聯-KY,3589339,600.00,616.00,597.00,602.00,yearly_2025.zip
20250306,3665,貿聯-KY,4105745,600.00,605.00,580.00,600.00,yearly_2025.zip
20250307,3665,貿聯-KY,4037364,596.00,605.00,567.00,568.00,yearly_2025.zip
20250310,3665,貿聯-KY,2867676,585.00,596.00,575.00,584.00,yearly_2025.zip
20250311,3665,貿聯-KY,4363144,557.00,561.00,533.00,541.00,yearly_2025.zip
20250312,3665,貿聯-KY,3324211,550.00,552.00,528.00,531.00,yearly_2025.zip
20250313,3665,貿聯-KY,4127836,549.00,563.00,538.00,539.00,yearly_2025.zip
20250314,3665,貿聯-KY,1632131,541.00,548.00,528.00,539.00,yearly_2025.zip
20250317,3665,貿聯-KY,3659566,547.00,564.00,542.00,558.00,yearly_2025.zip
20250318,3665,貿聯-KY,4970233,568.00,583.00,559.00,579.00,yearly_2025.zip
20250319,3665,貿聯-KY,3153365,575.00,575.00,550.00,560.00,yearly_2025.zip
20250320,3665,貿聯-KY,1561551,570.00,572.00,556.00,559.00,yearly_2025.zip
20250321,3665,貿聯-KY,4819886,564.00,601.00,557.00,599.00,yearly_2025.zip
20250324,3665,貿聯-KY,3836830,600.00,604.00,580.00,580.00,yearly_2025.zip
20250325,3665,貿聯-KY,4487231,598.00,603.00,583.00,588.00,yearly_2025.zip
20250326,3665,貿聯-KY,1401922,597.00,597.00,580.00,580.00,yearly_2025.zip
20250327,3665,貿聯-KY,2088451,564.00,565.00,552.00,552.00,yearly_2025.zip
20250328,3665,貿聯-KY,2095679,551.00,564.00,540.00,542.00,yearly_2025.zip
20250331,3665,貿聯-KY,3035857,515.00,529.00,502.00,504.00,yearly_2025.zip
20250401,3665,貿聯-KY,2038510,511.00,527.00,503.00,525.00,yearly_2025.zip
20250402,3665,貿聯-KY,1611337,520.00,525.00,506.00,514.00,yearly_2025.zip
20250407,3665,貿聯-KY,138144,463.00,463.00,463.00,463.00,yearly_2025.zip
20250408,3665,貿聯-KY,1193533,417.00,417.00,417.00,417.00,yearly_2025.zip
20250409,3665,貿聯-KY,5436949,380.50,405.50,375.50,375.50,yearly_2025.zip
20250410,3665,貿聯-KY,1207456,413.00,413.00,413.00,413.00,yearly_2025.zip
20250411,3665,貿聯-KY,7023920,381.00,454.00,381.00,454.00,yearly_2025.zip
20250414,3665,貿聯-KY,5510163,476.00,490.00,461.00,484.00,yearly_2025.zip
20250415,3665,貿聯-KY,3702736,486.50,509.00,478.00,506.00,yearly_2025.zip
20250416,3665,貿聯-KY,2433342,496.00,512.00,486.00,486.00,yearly_2025.zip
20250417,3665,貿聯-KY,3234700,475.00,505.00,475.00,496.50,yearly_2025.zip
20250418,3665,貿聯-KY,4397128,499.00,523.00,494.00,517.00,yearly_2025.zip
20250421,3665,貿聯-KY,3851135,512.00,513.00,483.00,483.00,yearly_2025.zip
20250422,3665,貿聯-KY,3288170,475.00,507.00,472.00,481.50,yearly_2025.zip
20250423,3665,貿聯-KY,4001402,504.00,527.00,500.00,511.00,yearly_2025.zip
20250424,3665,貿聯-KY,5913491,518.00,543.00,515.00,532.00,yearly_2025.zip
20250425,3665,貿聯-KY,4129907,545.00,553.00,538.00,540.00,yearly_2025.zip
20250428,3665,貿聯-KY,2695602,549.00,551.00,530.00,535.00,yearly_2025.zip
20250429,3665,貿聯-KY,1366540,533.00,542.00,531.00,536.00,yearly_2025.zip
20250430,3665,貿聯-KY,1958927,539.00,551.00,533.00,537.00,yearly_2025.zip
20250502,3665,貿聯-KY,5062764,551.00,590.00,550.00,590.00,yearly_2025.zip
20250505,3665,貿聯-KY,5734685,593.00,613.00,578.00,603.00,yearly_2025.zip
20250506,3665,貿聯-KY,4566603,592.00,618.00,590.00,597.00,yearly_2025.zip
20250507,3665,貿聯-KY,2563708,601.00,603.00,581.00,589.00,yearly_2025.zip
20250508,3665,貿聯-KY,2481007,598.00,605.00,592.00,605.00,yearly_2025.zip
20250509,3665,貿聯-KY,3908565,608.00,621.00,598.00,614.00,yearly_2025.zip
20250512,3665,貿聯-KY,2061073,622.00,624.00,608.00,612.00,yearly_2025.zip
20250513,3665,貿聯-KY,2756012,626.00,631.00,608.00,612.00,yearly_2025.zip
20250514,3665,貿聯-KY,6580657,620.00,653.00,613.00,643.00,yearly_2025.zip
20250515,3665,貿聯-KY,5256389,626.00,627.00,609.00,615.00,yearly_2025.zip
20250516,3665,貿聯-KY,2489013,610.00,622.00,608.00,621.00,yearly_2025.zip
20250519,3665,貿聯-KY,3171168,621.00,626.00,597.00,598.00,yearly_2025.zip
20250520,3665,貿聯-KY,2587524,610.00,614.00,598.00,600.00,yearly_2025.zip
20250521,3665,貿聯-KY,4548154,604.00,620.00,595.00,617.00,yearly_2025.zip
20250522,3665,貿聯-KY,5130388,613.00,632.00,608.00,617.00,yearly_2025.zip
20250523,3665,貿聯-KY,3954630,625.00,636.00,621.00,625.00,yearly_2025.zip
20250526,3665,貿聯-KY,4566269,626.00,645.00,617.00,630.00,yearly_2025.zip
20250527,3665,貿聯-KY,2241236,627.00,634.00,621.00,622.00,yearly_2025.zip
20250528,3665,貿聯-KY,2549671,632.00,635.00,613.00,617.00,yearly_2025.zip
20250529,3665,貿聯-KY,5667931,627.00,650.00,626.00,645.00,yearly_2025.zip
20250602,3665,貿聯-KY,2992053,633.00,650.00,629.00,638.00,yearly_2025.zip
20250603,3665,貿聯-KY,10281663,660.00,688.00,649.00,649.00,yearly_2025.zip
20250604,3665,貿聯-KY,6171236,663.00,678.00,630.00,630.00,yearly_2025.zip
20250605,3665,貿聯-KY,2679684,637.00,647.00,628.00,643.00,yearly_2025.zip
20250606,3665,貿聯-KY,5638337,630.00,633.00,611.00,617.00,yearly_2025.zip
20250609,3665,貿聯-KY,2876617,629.00,635.00,618.00,624.00,yearly_2025.zip
20250610,3665,貿聯-KY,4846571,630.00,659.00,628.00,655.00,yearly_2025.zip
20250611,3665,貿聯-KY,6039541,660.00,685.00,657.00,668.00,yearly_2025.zip
20250612,3665,貿聯-KY,4857778,663.00,697.00,663.00,692.00,yearly_2025.zip
20250613,3665,貿聯-KY,13504971,695.00,756.00,687.00,752.00,yearly_2025.zip
20250616,3665,貿聯-KY,5750126,739.00,769.00,738.00,766.00,yearly_2025.zip
20250617,3665,貿聯-KY,6029672,775.00,796.00,768.00,781.00,yearly_2025.zip
20250618,3665,貿聯-KY,6358924,773.00,800.00,773.00,785.00,yearly_2025.zip
20250619,3665,貿聯-KY,4757605,784.00,792.00,762.00,770.00,yearly_2025.zip
20250620,3665,貿聯-KY,4903245,770.00,775.00,743.00,765.00,yearly_2025.zip
20250623,3665,貿聯-KY,4844599,754.00,793.00,754.00,784.00,yearly_2025.zip
20250624,3665,貿聯-KY,5494859,804.00,820.00,790.00,797.00,yearly_2025.zip
20250625,3665,貿聯-KY,3958065,810.00,817.00,791.00,810.00,yearly_2025.zip
20250626,3665,貿聯-KY,3892948,815.00,816.00,782.00,803.00,yearly_2025.zip
20250627,3665,貿聯-KY,2078159,815.00,816.00,799.00,809.00,yearly_2025.zip
20250630,3665,貿聯-KY,5474490,815.00,858.00,814.00,848.00,yearly_2025.zip
20250701,3665,貿聯-KY,4442312,844.00,874.00,843.00,848.00,yearly_2025.zip
20250702,3665,貿聯-KY,3618139,841.00,858.00,829.00,835.00,yearly_2025.zip
20250703,3665,貿聯-KY,3426168,846.00,873.00,830.00,868.00,yearly_2025.zip
20250704,3665,貿聯-KY,4314151,864.00,901.00,861.00,886.00,yearly_2025.zip
20250707,3665,貿聯-KY,4082046,879.00,892.00,860.00,861.00,yearly_2025.zip
20250708,3665,貿聯-KY,3791252,855.00,883.00,848.00,879.00,yearly_2025.zip
20250709,3665,貿聯-KY,6909388,876.00,936.00,876.00,934.00,yearly_2025.zip
20250710,3665,貿聯-KY,4583064,922.00,927.00,900.00,911.00,yearly_2025.zip
20250711,3665,貿聯-KY,4225107,911.00,919.00,888.00,896.00,yearly_2025.zip
20250714,3665,貿聯-KY,3303602,905.00,914.00,872.00,874.00,yearly_2025.zip
20250715,3665,貿聯-KY,2706702,888.00,895.00,871.00,885.00,yearly_2025.zip
20250716,3665,貿聯-KY,2950721,894.00,906.00,881.00,882.00,yearly_2025.zip
20250717,3665,貿聯-KY,4112114,878.00,888.00,855.00,862.00,yearly_2025.zip
20250718,3665,貿聯-KY,4416950,874.00,895.00,864.00,871.00,yearly_2025.zip
20250721,3665,貿聯-KY,2639643,874.00,876.00,854.00,868.00,yearly_2025.zip
20250722,3665,貿聯-KY,5581930,869.00,878.00,811.00,818.00,yearly_2025.zip
20250723,3665,貿聯-KY,4428950,832.00,838.00,808.00,826.00,yearly_2025.zip
20250724,3665,貿聯-KY,3731054,836.00,865.00,832.00,850.00,yearly_2025.zip
20250725,3665,貿聯-KY,3110271,851.00,851.00,821.00,833.00,yearly_2025.zip
20250728,3665,貿聯-KY,4662778,833.00,883.00,833.00,876.00,yearly_2025.zip
20250729,3665,貿聯-KY,3756018,885.00,893.00,870.00,888.00,yearly_2025.zip
20250730,3665,貿聯-KY,2866296,891.00,900.00,866.00,878.00,yearly_2025.zip
20250731,3665,貿聯-KY,4048720,888.00,916.00,888.00,911.00,yearly_2025.zip
20250801,3665,貿聯-KY,2720444,896.00,911.00,892.00,895.00,yearly_2025.zip
20250804,3665,貿聯-KY,3907489,885.00,885.00,849.00,850.00,yearly_2025.zip
20250805,3665,貿聯-KY,3085987,872.00,887.00,871.00,885.00,yearly_2025.zip
20250806,3665,貿聯-KY,3516606,885.00,894.00,863.00,878.00,yearly_2025.zip
20250807,3665,貿聯-KY,5506641,896.00,932.00,890.00,930.00,yearly_2025.zip
20250808,3665,貿聯-KY,5357725,936.00,978.00,931.00,973.00,yearly_2025.zip
20250811,3665,貿聯-KY,3841631,973.00,983.00,936.00,981.00,yearly_2025.zip
20250812,3665,貿聯-KY,3902898,985.00,989.00,954.00,964.00,yearly_2025.zip
20250813,3665,貿聯-KY,5247675,980.00,1010.00,967.00,989.00,yearly_2025.zip
20250814,3665,貿聯-KY,2702789,999.00,1005.00,984.00,989.00,yearly_2025.zip
20250815,3665,貿聯-KY,3284759,989.00,1005.00,980.00,985.00,yearly_2025.zip
20250818,3665,貿聯-KY,4719851,981.00,990.00,954.00,977.00,yearly_2025.zip
20250819,3665,貿聯-KY,4581001,985.00,996.00,943.00,944.00,yearly_2025.zip
20250820,3665,貿聯-KY,4821994,935.00,976.00,925.00,925.00,yearly_2025.zip
20250821,3665,貿聯-KY,7888567,972.00,1000.00,960.00,977.00,yearly_2025.zip
20250822,3665,貿聯-KY,5234111,985.00,992.00,939.00,942.00,yearly_2025.zip
20250825,3665,貿聯-KY,5083059,968.00,979.00,929.00,929.00,yearly_2025.zip
20250826,3665,貿聯-KY,4006111,939.00,941.00,912.00,935.00,yearly_2025.zip
20250827,3665,貿聯-KY,5014553,940.00,967.00,930.00,961.00,yearly_2025.zip
20250828,3665,貿聯-KY,5767146,959.00,1005.00,957.00,981.00,yearly_2025.zip
20250829,3665,貿聯-KY,7010395,1000.00,1075.00,995.00,1075.00,yearly_2025.zip
20250901,3665,貿聯-KY,6212785,1045.00,1055.00,968.00,976.00,yearly_2025.zip
20250902,3665,貿聯-KY,4703381,980.00,982.00,946.00,959.00,yearly_2025.zip
20250903,3665,貿聯-KY,3072643,965.00,985.00,958.00,967.00,yearly_2025.zip
20250904,3665,貿聯-KY,8311736,1005.00,1060.00,998.00,1060.00,yearly_2025.zip
20250905,3665,貿聯-KY,6145247,1085.00,1100.00,1040.00,1075.00,yearly_2025.zip
20250908,3665,貿聯-KY,2147597,1070.00,1090.00,1055.00,1085.00,yearly_2025.zip
20250909,3665,貿聯-KY,3072461,1110.00,1120.00,1070.00,1090.00,yearly_2025.zip
20250910,3665,貿聯-KY,2925689,1100.00,1160.00,1100.00,1135.00,yearly_2025.zip
20250911,3665,貿聯-KY,2791275,1170.00,1185.00,1120.00,1125.00,yearly_2025.zip
20250912,3665,貿聯-KY,2435811,1120.00,1140.00,1080.00,1100.00,yearly_2025.zip
20250915,3665,貿聯-KY,2718872,1120.00,1130.00,1085.00,1095.00,yearly_2025.zip
20250916,3665,貿聯-KY,4765601,1080.00,1160.00,1075.00,1115.00,yearly_2025.zip
20250917,3665,貿聯-KY,1884503,1110.00,1120.00,1090.00,1100.00,yearly_2025.zip
20250918,3665,貿聯-KY,1464774,1110.00,1135.00,1100.00,1125.00,yearly_2025.zip
20250919,3665,貿聯-KY,4609066,1140.00,1145.00,1095.00,1115.00,yearly_2025.zip
20250922,3665,貿聯-KY,1228286,1115.00,1125.00,1100.00,1120.00,yearly_2025.zip
20250923,3665,貿聯-KY,2281366,1135.00,1145.00,1085.00,1085.00,yearly_2025.zip
20250924,3665,貿聯-KY,1390764,1095.00,1110.00,1065.00,1095.00,yearly_2025.zip
20250925,3665,貿聯-KY,4378722,1085.00,1110.00,997.00,998.00,yearly_2025.zip
20250926,3665,貿聯-KY,2753445,981.00,997.00,971.00,984.00,yearly_2025.zip
20250930,3665,貿聯-KY,2752503,1000.00,1040.00,992.00,1030.00,yearly_2025.zip
20251001,3665,貿聯-KY,1658620,1035.00,1050.00,1020.00,1040.00,yearly_2025.zip
20251002,3665,貿聯-KY,1872972,1060.00,1060.00,1015.00,1025.00,yearly_2025.zip
20251003,3665,貿聯-KY,2841434,1035.00,1095.00,1025.00,1060.00,yearly_2025.zip
20251007,3665,貿聯-KY,2374162,1095.00,1105.00,1005.00,1030.00,yearly_2025.zip
20251008,3665,貿聯-KY,2834799,1010.00,1065.00,1000.00,1055.00,yearly_2025.zip
20251009,3665,貿聯-KY,3210909,1080.00,1115.00,1080.00,1105.00,yearly_2025.zip
20251013,3665,貿聯-KY,2711844,1070.00,1120.00,1065.00,1095.00,yearly_2025.zip
20251014,3665,貿聯-KY,6050203,1155.00,1200.00,1115.00,1125.00,yearly_2025.zip
20251015,3665,貿聯-KY,5604386,1145.00,1200.00,1105.00,1185.00,yearly_2025.zip
20251016,3665,貿聯-KY,3835479,1195.00,1245.00,1175.00,1220.00,yearly_2025.zip
20251017,3665,貿聯-KY,5865227,1220.00,1315.00,1215.00,1295.00,yearly_2025.zip
20251020,3665,貿聯-KY,3093266,1295.00,1320.00,1265.00,1290.00,yearly_2025.zip
20251021,3665,貿聯-KY,2624783,1300.00,1320.00,1280.00,1290.00,yearly_2025.zip
20251022,3665,貿聯-KY,4967146,1300.00,1385.00,1300.00,1320.00,yearly_2025.zip
20251023,3665,貿聯-KY,2322840,1300.00,1345.00,1290.00,1330.00,yearly_2025.zip
20251027,3665,貿聯-KY,2747797,1395.00,1410.00,1360.00,1370.00,yearly_2025.zip
20251028,3665,貿聯-KY,3296297,1395.00,1460.00,1395.00,1445.00,yearly_2025.zip
20251029,3665,貿聯-KY,2490384,1455.00,1460.00,1400.00,1460.00,yearly_2025.zip
20251030,3665,貿聯-KY,3056106,1445.00,1455.00,1385.00,1400.00,yearly_2025.zip
20251031,3665,貿聯-KY,1862848,1410.00,1415.00,1380.00,1395.00,yearly_2025.zip
20251103,3665,貿聯-KY,2935174,1395.00,1460.00,1390.00,1455.00,yearly_2025.zip
20251104,3665,貿聯-KY,2836857,1460.00,1475.00,1370.00,1380.00,yearly_2025.zip
20251105,3665,貿聯-KY,3542319,1325.00,1380.00,1305.00,1375.00,yearly_2025.zip
20251106,3665,貿聯-KY,2518821,1405.00,1415.00,1365.00,1370.00,yearly_2025.zip
20251107,3665,貿聯-KY,2982006,1340.00,1420.00,1320.00,1415.00,yearly_2025.zip
20251110,3665,貿聯-KY,4251598,1480.00,1550.00,1465.00,1535.00,yearly_2025.zip
20251111,3665,貿聯-KY,4057257,1540.00,1620.00,1530.00,1550.00,yearly_2025.zip
20251112,3665,貿聯-KY,3324510,1555.00,1600.00,1500.00,1500.00,yearly_2025.zip
20251113,3665,貿聯-KY,3653026,1500.00,1615.00,1500.00,1605.00,yearly_2025.zip
20251114,3665,貿聯-KY,3842078,1535.00,1570.00,1490.00,1520.00,yearly_2025.zip
20251117,3665,貿聯-KY,3635466,1560.00,1665.00,1555.00,1625.00,yearly_2025.zip
20251118,3665,貿聯-KY,3910623,1570.00,1660.00,1535.00,1570.00,yearly_2025.zip
20251119,3665,貿聯-KY,3077767,1560.00,1630.00,1540.00,1580.00,yearly_2025.zip
20251120,3665,貿聯-KY,3199793,1680.00,1730.00,1665.00,1680.00,yearly_2025.zip
20251121,3665,貿聯-KY,3843320,1590.00,1645.00,1560.00,1605.00,yearly_2025.zip
20251124,3665,貿聯-KY,18371964,1660.00,1660.00,1530.00,1560.00,yearly_2025.zip
20251125,3665,貿聯-KY,9397198,1605.00,1630.00,1430.00,1545.00,yearly_2025.zip
20251126,3665,貿聯-KY,5740524,1550.00,1560.00,1480.00,1500.00,yearly_2025.zip
20251127,3665,貿聯-KY,4911686,1530.00,1610.00,1520.00,1540.00,yearly_2025.zip
20251128,3665,貿聯-KY,3987016,1580.00,1620.00,1565.00,1610.00,yearly_2025.zip
20251201,3665,貿聯-KY,2995344,1610.00,1640.00,1580.00,1600.00,yearly_2025.zip
20251202,3665,貿聯-KY,7156759,1710.00,1740.00,1535.00,1535.00,yearly_2025.zip
20251203,3665,貿聯-KY,3610533,1555.00,1580.00,1510.00,1525.00,yearly_2025.zip
20251204,3665,貿聯-KY,3901514,1545.00,1585.00,1515.00,1530.00,yearly_2025.zip
20251205,3665,貿聯-KY,1918326,1535.00,1540.00,1500.00,1525.00,yearly_2025.zip
20251208,3665,貿聯-KY,2280922,1530.00,1555.00,1500.00,1515.00,yearly_2025.zip
20251209,3665,貿聯-KY,3841127,1520.00,1565.00,1460.00,1470.00,yearly_2025.zip
20251210,3665,貿聯-KY,3207205,1480.00,1540.00,1470.00,1525.00,yearly_2025.zip
20251211,3665,貿聯-KY,2741880,1540.00,1565.00,1525.00,1535.00,yearly_2025.zip
20251212,3665,貿聯-KY,1858161,1550.00,1580.00,1530.00,1535.00,yearly_2025.zip
20251215,3665,貿聯-KY,2819175,1490.00,1510.00,1475.00,1475.00,yearly_2025.zip
20251216,3665,貿聯-KY,3965251,1455.00,1475.00,1410.00,1440.00,yearly_2025.zip
20251217,3665,貿聯-KY,1799975,1465.00,1470.00,1430.00,1435.00,yearly_2025.zip
20251218,3665,貿聯-KY,2470924,1430.00,1465.00,1425.00,1440.00,yearly_2025.zip
20251219,3665,貿聯-KY,8162912,1455.00,1480.00,1415.00,1440.00,yearly_2025.zip
20251222,3665,貿聯-KY,2659490,1460.00,1495.00,1440.00,1475.00,yearly_2025.zip
20251223,3665,貿聯-KY,1671269,1490.00,1490.00,1450.00,1460.00,yearly_2025.zip
20251224,3665,貿聯-KY,3547704,1480.00,1560.00,1480.00,1550.00,yearly_2025.zip
20251226,3665,貿聯-KY,1926230,1565.00,1570.00,1530.00,1545.00,yearly_2025.zip
20251229,3665,貿聯-KY,2312229,1555.00,1555.00,1490.00,1505.00,yearly_2025.zip
20251230,3665,貿聯-KY,1095245,1505.00,1520.00,1490.00,1505.00,yearly_2025.zip
20251231,3665,貿聯-KY,1981302,1510.00,1550.00,1500.00,1520.00,yearly_2025.zip
20260102,3665,貿聯-KY,2346102,1525.00,1570.00,1510.00,1525.00,weekly_2026_W01.zip
20260105,3665,貿聯-KY,3216890,1540.00,1590.00,1525.00,1575.00,weekly_2026_W02.zip
20260106,3665,貿聯-KY,3549142,1595.00,1640.00,1520.00,1575.00,weekly_2026_W02.zip
20260107,3665,貿聯-KY,7886165,1585.00,1595.00,1420.00,1430.00,weekly_2026_W02.zip
20260108,3665,貿聯-KY,4936606,1435.00,1475.00,1385.00,1410.00,weekly_2026_W02.zip
20260109,3665,貿聯-KY,3161947,1410.00,1475.00,1410.00,1425.00,weekly_2026_W02.zip
20260112,3665,貿聯-KY,2527551,1450.00,1450.00,1380.00,1395.00,weekly_2026_W03.zip
20260113,3665,貿聯-KY,1817114,1415.00,1440.00,1405.00,1420.00,weekly_2026_W03.zip
20260114,3665,貿聯-KY,3040312,1435.00,1500.00,1430.00,1495.00,weekly_2026_W03.zip
20260115,3665,貿聯-KY,1866109,1495.00,1525.00,1450.00,1470.00,weekly_2026_W03.zip
20260116,3665,貿聯-KY,3737952,1495.00,1495.00,1385.00,1400.00,weekly_2026_W03.zip
20260119,3665,貿聯-KY,5049560,1380.00,1400.00,1310.00,1315.00,weekly_2026_W04.zip
20260120,3665,貿聯-KY,2286555,1315.00,1355.00,1310.00,1340.00,weekly_2026_W04.zip
20260121,3665,貿聯-KY,3821730,1330.00,1330.00,1275.00,1300.00,weekly_2026_W04.zip
20260122,3665,貿聯-KY,4681219,1330.00,1420.00,1285.00,1420.00,weekly_2026_W04.zip
20260123,3665,貿聯-KY,3310345,1425.00,1440.00,1365.00,1390.00,weekly_2026_W04.zip
20260126,3665,貿聯-KY,1925319,1395.00,1435.00,1385.00,1430.00,weekly_2026_W05.zip
20260127,3665,貿聯-KY,2174291,1440.00,1460.00,1420.00,1420.00,weekly_2026_W05.zip
20260128,3665,貿聯-KY,1738108,1435.00,1455.00,1415.00,1440.00,weekly_2026_W05.zip
20260129,3665,貿聯-KY,3901808,1455.00,1475.00,1350.00,1365.00,weekly_2026_W05.zip
20260130,3665,貿聯-KY,4140150,1365.00,1370.00,1280.00,1300.00,weekly_2026_W05.zip
20260202,3665,貿聯-KY,2715843,1270.00,1355.00,1270.00,1325.00,weekly_2026_W06.zip
20260203,3665,貿聯-KY,3698095,1365.00,1425.00,1345.00,1410.00,weekly_2026_W06.zip
20260204,3665,貿聯-KY,3552020,1400.00,1410.00,1315.00,1340.00,weekly_2026_W06.zip
20260205,3665,貿聯-KY,3767966,1315.00,1320.00,1250.00,1260.00,weekly_2026_W06.zip
20260206,3665,貿聯-KY,4883757,1265.00,1315.00,1245.00,1285.00,weekly_2026_W06.zip
20260209,3665,貿聯-KY,3897651,1350.00,1365.00,1255.00,1255.00,weekly_2026_W07.zip
20260210,3665,貿聯-KY,2952078,1345.00,1380.00,1345.00,1380.00,weekly_2026_W07.zip
20260211,3665,貿聯-KY,7166486,1390.00,1460.00,1355.00,1365.00,weekly_2026_W07.zip
20260223,3665,貿聯-KY,5183148,1375.00,1385.00,1285.00,1290.00,weekly_2026_W09.zip
20260224,3665,貿聯-KY,3935045,1290.00,1315.00,1285.00,1295.00,weekly_2026_W09.zip
20260225,3665,貿聯-KY,5819147,1325.00,1365.00,1295.00,1345.00,weekly_2026_W09.zip
20260226,3665,貿聯-KY,5632601,1390.00,1440.00,1375.00,1410.00,weekly_2026_W09.zip
20260302,3665,貿聯-KY,6222750,1380.00,1540.00,1370.00,1505.00,weekly_2026_W10.zip
20260303,3665,貿聯-KY,11188315,1640.00,1655.00,1595.00,1645.00,weekly_2026_W10.zip
20260304,3665,貿聯-KY,7665313,1580.00,1630.00,1545.00,1610.00,weekly_2026_W10.zip
20260305,3665,貿聯-KY,6533492,1745.00,1770.00,1690.00,1725.00,weekly_2026_W10.zip
20260306,3665,貿聯-KY,4644045,1735.00,1785.00,1710.00,1770.00,weekly_2026_W10.zip
20260309,3665,貿聯-KY,1066927,1595.00,1595.00,1595.00,1595.00,weekly_2026_W11.zip
20260310,3665,貿聯-KY,8917592,1605.00,1615.00,1490.00,1565.00,weekly_2026_W11.zip
20260311,3665,貿聯-KY,3686279,1600.00,1685.00,1590.00,1655.00,weekly_2026_W11.zip
20260312,3665,貿聯-KY,3153825,1635.00,1655.00,1590.00,1635.00,weekly_2026_W11.zip
20260313,3665,貿聯-KY,3091233,1590.00,1620.00,1560.00,1590.00,weekly_2026_W11.zip
20260316,3665,貿聯-KY,5050854,1625.00,1675.00,1590.00,1645.00,weekly_2026_W12.zip
20260317,3665,貿聯-KY,4265843,1715.00,1770.00,1670.00,1740.00,weekly_2026_W12.zip
20260318,3665,貿聯-KY,4173946,1730.00,1760.00,1675.00,1690.00,weekly_2026_W12.zip
20260319,3665,貿聯-KY,4771017,1715.00,1745.00,1690.00,1720.00,weekly_2026_W12.zip
20260320,3665,貿聯-KY,9965833,1760.00,1835.00,1720.00,1825.00,weekly_2026_W12.zip
20260323,3665,貿聯-KY,3317461,1755.00,1810.00,1700.00,1770.00,weekly_2026_W13.zip
20260324,3665,貿聯-KY,2637197,1830.00,1840.00,1710.00,1730.00,weekly_2026_W13.zip
20260325,3665,貿聯-KY,4309048,1770.00,1840.00,1735.00,1805.00,weekly_2026_W13.zip
20260326,3665,貿聯-KY,3437183,1850.00,1930.00,1810.00,1815.00,weekly_2026_W13.zip
20260327,3665,貿聯-KY,2600079,1790.00,1905.00,1765.00,1860.00,weekly_2026_W13.zip
20260330,3665,貿聯-KY,2378953,1775.00,1895.00,1775.00,1880.00,weekly_2026_W14.zip
20260331,3665,貿聯-KY,3854731,1865.00,1865.00,1725.00,1740.00,weekly_2026_W14.zip
20260401,3665,貿聯-KY,2718701,1865.00,1910.00,1860.00,1910.00,weekly_2026_W14.zip
20260402,3665,貿聯-KY,4922718,1980.00,2075.00,1900.00,1915.00,weekly_2026_W14.zip
20260407,3665,貿聯-KY,2812049,2015.00,2070.00,1980.00,1990.00,weekly_2026_W15.zip
20260408,3665,貿聯-KY,2700249,2100.00,2105.00,1995.00,2015.00,weekly_2026_W15.zip
20260409,3665,貿聯-KY,3770175,2010.00,2165.00,1995.00,2130.00,weekly_2026_W15.zip
20260410,3665,貿聯-KY,2355912,2200.00,2225.00,2115.00,2200.00,weekly_2026_W15.zip
20260413,3665,貿聯-KY,1991121,2200.00,2235.00,2165.00,2225.00,weekly_2026_W16.zip
20260414,3665,貿聯-KY,2970579,2345.00,2380.00,2250.00,2295.00,weekly_2026_W16.zip
20260415,3665,貿聯-KY,2474167,2330.00,2410.00,2300.00,2350.00,weekly_2026_W16.zip
20260416,3665,貿聯-KY,2756549,2430.00,2490.00,2385.00,2395.00,weekly_2026_W16.zip
20260417,3665,貿聯-KY,2330543,2405.00,2475.00,2335.00,2365.00,weekly_2026_W16.zip
20260420,3665,貿聯-KY,2601327,2395.00,2515.00,2365.00,2460.00,weekly_2026_W17.zip
20260421,3665,貿聯-KY,2722946,2570.00,2600.00,2400.00,2425.00,weekly_2026_W17.zip
20260422,3665,貿聯-KY,3292244,2465.00,2560.00,2435.00,2555.00,weekly_2026_W17.zip
20260423,3665,貿聯-KY,6727175,2785.00,2810.00,2590.00,2755.00,weekly_2026_W17.zip
20260424,3665,貿聯-KY,3511772,2800.00,2910.00,2720.00,2765.00,weekly_2026_W17.zip
20260427,3665,貿聯-KY,3100898,2820.00,2820.00,2630.00,2630.00,weekly_2026_W18.zip
20260428,3665,貿聯-KY,2406516,2660.00,2745.00,2605.00,2630.00,weekly_2026_W18.zip
20260429,3665,貿聯-KY,2748760,2620.00,2820.00,2605.00,2780.00,weekly_2026_W18.zip
20260430,3665,貿聯-KY,2725883,2760.00,2815.00,2715.00,2770.00,weekly_2026_W18.zip
20260504,3665,貿聯-KY,2964568,2950.00,2970.00,2860.00,2940.00,weekly_2026_W19.zip
20260505,3665,貿聯-KY,2106864,2945.00,2950.00,2825.00,2875.00,weekly_2026_W19.zip
20260506,3665,貿聯-KY,6251547,2885.00,2885.00,2590.00,2745.00,weekly_2026_W19.zip
20260507,3665,貿聯-KY,2547615,2770.00,2810.00,2690.00,2780.00,weekly_2026_W19.zip
20260508,3665,貿聯-KY,1930030,2760.00,2800.00,2710.00,2750.00,weekly_2026_W19.zip
20260511,3665,貿聯-KY,2750212,2650.00,2925.00,2645.00,2905.00,weekly_2026_W20.zip
20260512,3665,貿聯-KY,3445090,3000.00,3010.00,2775.00,2775.00,weekly_2026_W20.zip
20260513,3665,貿聯-KY,1079450,2500.00,2500.00,2500.00,2500.00,weekly_2026_W20.zip
20260514,3665,貿聯-KY,5373818,2250.00,2300.00,2250.00,2250.00,weekly_2026_W20.zip
20260515,3665,貿聯-KY,10273858,2335.00,2335.00,2060.00,2095.00,weekly_2026_W20.zip
20260518,3665,貿聯-KY,5228017,2070.00,2085.00,1990.00,2025.00,weekly_2026_W21.zip
20260519,3665,貿聯-KY,3675024,2060.00,2065.00,1940.00,1990.00,weekly_2026_W21.zip
20260520,3665,貿聯-KY,2215075,1970.00,2000.00,1860.00,1965.00,weekly_2026_W21.zip
20260521,3665,貿聯-KY,2520061,2030.00,2160.00,2030.00,2155.00,weekly_2026_W21.zip
20260522,3665,貿聯-KY,2291246,2255.00,2270.00,2200.00,2225.00,weekly_2026_W21.zip
20260525,3665,貿聯-KY,2036304,2340.00,2430.00,2340.00,2385.00,weekly_2026_W22.zip
20260526,3665,貿聯-KY,1437122,2410.00,2415.00,2250.00,2265.00,weekly_2026_W22.zip
20260527,3665,貿聯-KY,2487948,2310.00,2335.00,2115.00,2115.00,weekly_2026_W22.zip
20260529,3665,貿聯-KY,2705900,2315.00,2315.00,2085.00,2085.00,weekly_2026_W22.zip
20260601,3665,貿聯-KY,1512799,2150.00,2180.00,2095.00,2120.00,weekly_2026_W23.zip
20260602,3665,貿聯-KY,1907710,2110.00,2200.00,2095.00,2195.00,weekly_2026_W23.zip
20260603,3665,貿聯-KY,4884440,2345.00,2385.00,2265.00,2305.00,weekly_2026_W23.zip
20260604,3665,貿聯-KY,3373217,2265.00,2275.00,2130.00,2155.00,weekly_2026_W23.zip
20260605,3665,貿聯-KY,2745937,2120.00,2260.00,2120.00,2200.00,weekly_2026_W23.zip
20260608,3665,貿聯-KY,3401208,1980.00,2120.00,1980.00,2095.00,weekly_2026_W24.zip
20260609,3665,貿聯-KY,2520543,2120.00,2180.00,2090.00,2155.00,weekly_2026_W24.zip
20260610,3665,貿聯-KY,0,,,,,weekly_2026_W24.zip
20260611,3665,貿聯-KY,5944676,2230.00,2280.00,2005.00,2160.00,weekly_2026_W24.zip
20260612,3665,貿聯-KY,4177566,2300.00,2350.00,2235.00,2310.00,weekly_2026_W24.zip
20260615,3665,貿聯-KY,3103163,2420.00,2425.00,2250.00,2265.00,weekly_2026_W25.zip
20260616,3665,貿聯-KY,3023358,2265.00,2275.00,2110.00,2120.00,weekly_2026_W25.zip
20260617,3665,貿聯-KY,3227891,2145.00,2150.00,2060.00,2090.00,weekly_2026_W25.zip
20260618,3665,貿聯-KY,7002236,2140.00,2140.00,2080.00,2100.00,weekly_2026_W25.zip
20260622,3665,貿聯-KY,5482246,2115.00,2115.00,1970.00,1990.00,weekly_2026_W26.zip
20260623,3665,貿聯-KY,1956043,1990.00,2025.00,1980.00,2000.00,weekly_2026_W26.zip
20260624,3665,貿聯-KY,3470666,1995.00,2075.00,1940.00,2005.00,weekly_2026_W26.zip
20260625,3665,貿聯-KY,2565586,2020.00,2045.00,1920.00,1920.00,weekly_2026_W26.zip
20260626,3665,貿聯-KY,2960359,1900.00,1960.00,1850.00,1855.00,weekly_2026_W26.zip
20260629,3665,貿聯-KY,1592882,1855.00,1915.00,1820.00,1880.00,weekly_2026_W27.zip
20260630,3665,貿聯-KY,1237586,1900.00,1950.00,1885.00,1915.00,weekly_2026_W27.zip
20260701,3665,貿聯-KY,2148320,1965.00,2040.00,1950.00,2010.00,weekly_2026_W27.zip
20260702,3665,貿聯-KY,1437765,1975.00,2040.00,1945.00,2040.00,weekly_2026_W27.zip
20260703,3665,貿聯-KY,2176508,1985.00,2015.00,1940.00,1995.00,weekly_2026_W27.zip
20260706,3665,貿聯-KY,2067057,1995.00,1995.00,1910.00,1945.00,weekly_2026_W28.zip
20260707,3665,貿聯-KY,4686875,2020.00,2130.00,1975.00,1980.00,weekly_2026_W28.zip
20260708,3665,貿聯-KY,3599849,1995.00,1995.00,1830.00,1900.00,weekly_2026_W28.zip
20260709,3665,貿聯-KY,1576338,1905.00,1910.00,1865.00,1865.00,weekly_2026_W28.zip
20260713,3665,貿聯-KY,1503926,1865.00,1910.00,1830.00,1865.00,weekly_2026_W29.zip
20260714,3665,貿聯-KY,2794369,1865.00,1880.00,1725.00,1775.00,weekly_2026_W29.zip
20260715,3665,貿聯-KY,3243903,1805.00,1915.00,1790.00,1910.00,weekly_2026_W29.zip
20260716,3665,貿聯-KY,2808783,1890.00,1985.00,1815.00,1955.00,weekly_2026_W29.zip
20260717,3665,貿聯-KY,3375931,1855.00,1915.00,1765.00,1765.00,weekly_2026_W29.zip
20260720,3665,貿聯-KY,3398243,1800.00,1860.00,1685.00,1820.00,weekly_2026_W30.zip
20260721,3665,貿聯-KY,2566105,1850.00,2000.00,1825.00,2000.00,weekly_2026_W30.zip
20260722,3665,貿聯-KY,4993122,2060.00,2195.00,2040.00,2115.00,weekly_2026_W30.zip
20260723,3665,貿聯-KY,6321225,2120.00,2325.00,2105.00,2285.00,weekly_2026_W30.zip
20260724,3665,貿聯-KY,3300080,2235.00,2350.00,2190.00,2205.00,weekly_2026_W30.zip
20260727,3665,貿聯-KY,2117505,2225.00,2225.00,2075.00,2150.00,weekly_2026_W31.zip
20260728,3665,貿聯-KY,3941252,2060.00,2280.00,2055.00,2215.00,weekly_2026_W31.zip
20260729,3665,貿聯-KY,4293972,2230.00,2275.00,1995.00,2090.00,weekly_2026_W31.zip
20260730,3665,貿聯-KY,4316971,2070.00,2125.00,1885.00,1910.00,weekly_2026_W31.zip
20260731,3665,貿聯-KY,2430263,2100.00,2100.00,2035.00,2100.00,weekly_2026_W31.zip
20260803,3665,貿聯-KY,4972466,2100.00,2300.00,2060.00,2095.00,weekly_2026_W32.zip
20260804,3665,貿聯-KY,3964720,2105.00,2300.00,2105.00,2300.00,weekly_2026_W32.zip
20260805,3665,貿聯-KY,3940517,2400.00,2450.00,2330.00,2355.00,weekly_2026_W32.zip
20260806,3665,貿聯-KY,4902790,2405.00,2555.00,2370.00,2370.00,weekly_2026_W32.zip
20260807,3665,貿聯-KY,5516384,2300.00,2300.00,2185.00,2200.00,weekly_2026_W32.zip
20260810,3665,貿聯-KY,4361567,2190.00,2300.00,2115.00,2190.00,weekly_2026_W33.zip
20260811,3665,貿聯-KY,3555430,2145.00,2205.00,2070.00,2200.00,weekly_2026_W33.zip
20260812,3665,貿聯-KY,2983890,2195.00,2195.00,2130.00,2155.00,weekly_2026_W33.zip
20260813,3665,貿聯-KY,2695004,2180.00,2275.00,2165.00,2205.00,weekly_2026_W33.zip
20260814,3665,貿聯-KY,1633275,2235.00,2245.00,2180.00,2200.00,weekly_2026_W33.zip
20260817,3665,貿聯-KY,1878863,2185.00,2185.00,2095.00,2135.00,weekly_2026_W34.zip
