date,code,name,volume,open,high,low,close,source_asset,cumulative_factor,adj_open,adj_high,adj_low,adj_close,adj_qa
20180102,3665,貿聯-KY,292892,278.50,282.00,276.50,282.00,yearly_2018.zip,0.7687628006,214.100440,216.791110,212.562914,216.791110,OK
20180103,3665,貿聯-KY,488907,285.00,285.50,282.50,285.00,yearly_2018.zip,0.7687628006,219.097398,219.481780,217.175491,219.097398,OK
20180104,3665,貿聯-KY,3188469,281.50,283.00,267.00,273.50,yearly_2018.zip,0.7687628006,216.406728,217.559873,205.259668,210.256626,OK
20180105,3665,貿聯-KY,1610035,275.50,276.00,268.50,269.50,yearly_2018.zip,0.7687628006,211.794152,212.178533,206.412812,207.181575,OK
20180108,3665,貿聯-KY,1681915,280.00,282.00,271.00,272.00,yearly_2018.zip,0.7687628006,215.253584,216.791110,208.334719,209.103482,OK
20180109,3665,貿聯-KY,1198990,278.00,278.50,271.50,272.50,yearly_2018.zip,0.7687628006,213.716059,214.100440,208.719100,209.487863,OK
20180110,3665,貿聯-KY,1644431,270.00,271.00,261.00,262.50,yearly_2018.zip,0.7687628006,207.565956,208.334719,200.647091,201.800235,OK
20180111,3665,貿聯-KY,731023,262.50,265.50,260.00,263.00,yearly_2018.zip,0.7687628006,201.800235,204.106524,199.878328,202.184617,OK
20180112,3665,貿聯-KY,660453,266.00,267.00,264.00,266.00,yearly_2018.zip,0.7687628006,204.490905,205.259668,202.953379,204.490905,OK
20180115,3665,貿聯-KY,416030,266.00,267.50,264.00,266.00,yearly_2018.zip,0.7687628006,204.490905,205.644049,202.953379,204.490905,OK
20180116,3665,貿聯-KY,621958,266.00,267.00,262.00,265.00,yearly_2018.zip,0.7687628006,204.490905,205.259668,201.415854,203.722142,OK
20180117,3665,貿聯-KY,1833078,265.00,273.50,264.50,271.00,yearly_2018.zip,0.7687628006,203.722142,210.256626,203.337761,208.334719,OK
20180118,3665,貿聯-KY,1150231,271.00,272.00,267.50,269.00,yearly_2018.zip,0.7687628006,208.334719,209.103482,205.644049,206.797193,OK
20180119,3665,貿聯-KY,1492510,269.00,270.50,260.00,261.00,yearly_2018.zip,0.7687628006,206.797193,207.950338,199.878328,200.647091,OK
20180122,3665,貿聯-KY,1607421,261.00,261.00,251.00,259.00,yearly_2018.zip,0.7687628006,200.647091,200.647091,192.959463,199.109565,OK
20180123,3665,貿聯-KY,671989,260.00,264.00,259.50,260.00,yearly_2018.zip,0.7687628006,199.878328,202.953379,199.493947,199.878328,OK
20180124,3665,貿聯-KY,2728015,261.00,277.50,261.00,275.50,yearly_2018.zip,0.7687628006,200.647091,213.331677,200.647091,211.794152,OK
20180125,3665,貿聯-KY,1155517,274.00,276.50,271.00,276.00,yearly_2018.zip,0.7687628006,210.641007,212.562914,208.334719,212.178533,OK
20180126,3665,貿聯-KY,964873,273.00,277.50,271.50,275.00,yearly_2018.zip,0.7687628006,209.872245,213.331677,208.719100,211.409770,OK
20180129,3665,貿聯-KY,992366,277.00,279.50,275.00,279.00,yearly_2018.zip,0.7687628006,212.947296,214.869203,211.409770,214.484821,OK
20180130,3665,貿聯-KY,977701,280.00,282.50,276.00,278.00,yearly_2018.zip,0.7687628006,215.253584,217.175491,212.178533,213.716059,OK
20180131,3665,貿聯-KY,558997,275.50,280.00,272.00,277.50,yearly_2018.zip,0.7687628006,211.794152,215.253584,209.103482,213.331677,OK
20180201,3665,貿聯-KY,509486,280.00,280.50,274.00,274.00,yearly_2018.zip,0.7687628006,215.253584,215.637966,210.641007,210.641007,OK
20180202,3665,貿聯-KY,489368,276.00,277.00,268.00,270.50,yearly_2018.zip,0.7687628006,212.178533,212.947296,206.028431,207.950338,OK
20180205,3665,貿聯-KY,637873,262.00,268.00,260.50,265.00,yearly_2018.zip,0.7687628006,201.415854,206.028431,200.262710,203.722142,OK
20180206,3665,貿聯-KY,1985335,259.00,261.00,238.50,242.00,yearly_2018.zip,0.7687628006,199.109565,200.647091,183.349928,186.040598,OK
20180207,3665,貿聯-KY,1015327,252.00,254.50,249.00,251.00,yearly_2018.zip,0.7687628006,193.728226,195.650133,191.421937,192.959463,OK
20180208,3665,貿聯-KY,754220,253.50,254.50,247.00,247.00,yearly_2018.zip,0.7687628006,194.881370,195.650133,189.884412,189.884412,OK
20180209,3665,貿聯-KY,1821160,226.00,234.00,226.00,231.00,yearly_2018.zip,0.7687628006,173.740393,179.890495,173.740393,177.584207,OK
20180212,3665,貿聯-KY,987146,233.50,240.00,231.00,239.00,yearly_2018.zip,0.7687628006,179.506114,184.503072,177.584207,183.734309,OK
20180221,3665,貿聯-KY,1264858,246.00,258.00,244.00,253.00,yearly_2018.zip,0.7687628006,189.115649,198.340803,187.578123,194.496989,OK
20180222,3665,貿聯-KY,844574,249.00,260.00,249.00,258.00,yearly_2018.zip,0.7687628006,191.421937,199.878328,191.421937,198.340803,OK
20180223,3665,貿聯-KY,1027195,262.00,267.50,258.50,265.00,yearly_2018.zip,0.7687628006,201.415854,205.644049,198.725184,203.722142,OK
20180226,3665,貿聯-KY,973401,268.00,270.00,263.00,268.50,yearly_2018.zip,0.7687628006,206.028431,207.565956,202.184617,206.412812,OK
20180227,3665,貿聯-KY,968848,271.00,272.00,264.50,266.00,yearly_2018.zip,0.7687628006,208.334719,209.103482,203.337761,204.490905,OK
20180301,3665,貿聯-KY,962453,263.00,265.00,259.00,263.00,yearly_2018.zip,0.7687628006,202.184617,203.722142,199.109565,202.184617,OK
20180302,3665,貿聯-KY,709871,259.00,261.50,257.00,259.00,yearly_2018.zip,0.7687628006,199.109565,201.031472,197.572040,199.109565,OK
20180305,3665,貿聯-KY,847444,260.00,263.00,250.50,251.00,yearly_2018.zip,0.7687628006,199.878328,202.184617,192.575082,192.959463,OK
20180306,3665,貿聯-KY,1748140,255.00,264.00,254.50,262.00,yearly_2018.zip,0.7687628006,196.034514,202.953379,195.650133,201.415854,OK
20180307,3665,貿聯-KY,1260748,260.00,267.50,259.00,265.00,yearly_2018.zip,0.7687628006,199.878328,205.644049,199.109565,203.722142,OK
20180308,3665,貿聯-KY,2689534,268.00,282.00,267.50,277.50,yearly_2018.zip,0.7687628006,206.028431,216.791110,205.644049,213.331677,OK
20180309,3665,貿聯-KY,1978186,280.00,285.00,277.50,285.00,yearly_2018.zip,0.7687628006,215.253584,219.097398,213.331677,219.097398,OK
20180312,3665,貿聯-KY,1005992,289.00,290.00,281.50,285.00,yearly_2018.zip,0.7687628006,222.172449,222.941212,216.406728,219.097398,OK
20180313,3665,貿聯-KY,2050443,288.00,295.50,286.00,290.00,yearly_2018.zip,0.7687628006,221.403687,227.169408,219.866161,222.941212,OK
20180314,3665,貿聯-KY,2198773,287.50,294.50,283.00,294.50,yearly_2018.zip,0.7687628006,221.019305,226.400645,217.559873,226.400645,OK
20180315,3665,貿聯-KY,1010369,294.00,294.00,286.50,289.00,yearly_2018.zip,0.7687628006,226.016263,226.016263,220.250542,222.172449,OK
20180316,3665,貿聯-KY,1179745,287.00,289.00,281.00,281.00,yearly_2018.zip,0.7687628006,220.634924,222.172449,216.022347,216.022347,OK
20180319,3665,貿聯-KY,1550531,282.50,293.50,282.00,285.00,yearly_2018.zip,0.7687628006,217.175491,225.631882,216.791110,219.097398,OK
20180320,3665,貿聯-KY,1125689,281.50,290.00,281.50,287.00,yearly_2018.zip,0.7687628006,216.406728,222.941212,216.406728,220.634924,OK
20180321,3665,貿聯-KY,947632,286.00,288.00,282.00,282.00,yearly_2018.zip,0.7687628006,219.866161,221.403687,216.791110,216.791110,OK
20180322,3665,貿聯-KY,832792,285.00,286.50,277.00,277.00,yearly_2018.zip,0.7687628006,219.097398,220.250542,212.947296,212.947296,OK
20180323,3665,貿聯-KY,1090720,268.50,276.50,263.00,276.00,yearly_2018.zip,0.7687628006,206.412812,212.562914,202.184617,212.178533,OK
20180326,3665,貿聯-KY,390331,277.00,279.50,274.00,278.50,yearly_2018.zip,0.7687628006,212.947296,214.869203,210.641007,214.100440,OK
20180327,3665,貿聯-KY,498792,284.00,284.00,275.50,276.00,yearly_2018.zip,0.7687628006,218.328635,218.328635,211.794152,212.178533,OK
20180328,3665,貿聯-KY,3204420,269.00,269.00,256.00,258.00,yearly_2018.zip,0.7687628006,206.797193,206.797193,196.803277,198.340803,OK
20180329,3665,貿聯-KY,3833468,254.00,254.00,242.00,242.00,yearly_2018.zip,0.7687628006,195.265751,195.265751,186.040598,186.040598,OK
20180330,3665,貿聯-KY,4138829,246.00,249.00,234.00,235.00,yearly_2018.zip,0.7687628006,189.115649,191.421937,179.890495,180.659258,OK
20180331,3665,貿聯-KY,1618825,237.00,242.00,236.50,240.00,yearly_2018.zip,0.7687628006,182.196784,186.040598,181.812402,184.503072,OK
20180402,3665,貿聯-KY,2473840,240.00,241.00,231.00,231.00,yearly_2018.zip,0.7687628006,184.503072,185.271835,177.584207,177.584207,OK
20180403,3665,貿聯-KY,3765094,226.50,226.50,219.00,220.50,yearly_2018.zip,0.7687628006,174.124774,174.124774,168.359053,169.512198,OK
20180409,3665,貿聯-KY,4156818,242.50,242.50,239.00,242.50,yearly_2018.zip,0.7687628006,186.424979,186.424979,183.734309,186.424979,OK
20180410,3665,貿聯-KY,4963763,242.50,245.00,237.50,242.00,yearly_2018.zip,0.7687628006,186.424979,188.346886,182.581165,186.040598,OK
20180411,3665,貿聯-KY,3500540,250.00,251.50,240.00,240.00,yearly_2018.zip,0.7687628006,192.190700,193.343844,184.503072,184.503072,OK
20180412,3665,貿聯-KY,2578979,245.00,252.50,243.50,251.50,yearly_2018.zip,0.7687628006,188.346886,194.112607,187.193742,193.343844,OK
20180413,3665,貿聯-KY,1724497,251.00,256.00,247.00,256.00,yearly_2018.zip,0.7687628006,192.959463,196.803277,189.884412,196.803277,OK
20180416,3665,貿聯-KY,893985,258.00,258.00,251.50,252.50,yearly_2018.zip,0.7687628006,198.340803,198.340803,193.343844,194.112607,OK
20180417,3665,貿聯-KY,1321643,250.00,251.50,241.00,242.50,yearly_2018.zip,0.7687628006,192.190700,193.343844,185.271835,186.424979,OK
20180418,3665,貿聯-KY,1993890,247.00,260.00,246.00,250.00,yearly_2018.zip,0.7687628006,189.884412,199.878328,189.115649,192.190700,OK
20180419,3665,貿聯-KY,980231,254.00,257.00,251.50,252.00,yearly_2018.zip,0.7687628006,195.265751,197.572040,193.343844,193.728226,OK
20180420,3665,貿聯-KY,1079840,252.00,252.00,242.50,246.00,yearly_2018.zip,0.7687628006,193.728226,193.728226,186.424979,189.115649,OK
20180423,3665,貿聯-KY,1360153,242.00,244.50,233.00,236.50,yearly_2018.zip,0.7687628006,186.040598,187.962505,179.121733,181.812402,OK
20180424,3665,貿聯-KY,2807919,236.50,236.50,218.50,220.00,yearly_2018.zip,0.7687628006,181.812402,181.812402,167.974672,169.127816,OK
20180425,3665,貿聯-KY,2016958,220.00,226.00,215.00,220.50,yearly_2018.zip,0.7687628006,169.127816,173.740393,165.284002,169.512198,OK
20180426,3665,貿聯-KY,1173542,223.50,226.00,216.00,217.00,yearly_2018.zip,0.7687628006,171.818486,173.740393,166.052765,166.821528,OK
20180427,3665,貿聯-KY,1687309,222.00,224.00,209.00,222.00,yearly_2018.zip,0.7687628006,170.665342,172.202867,160.671425,170.665342,OK
20180430,3665,貿聯-KY,1502100,222.00,226.00,220.00,221.00,yearly_2018.zip,0.7687628006,170.665342,173.740393,169.127816,169.896579,OK
20180502,3665,貿聯-KY,852544,225.00,225.00,220.00,221.50,yearly_2018.zip,0.7687628006,172.971630,172.971630,169.127816,170.280960,OK
20180503,3665,貿聯-KY,3047017,214.50,214.50,202.50,206.00,yearly_2018.zip,0.7687628006,164.899621,164.899621,155.674467,158.365137,OK
20180504,3665,貿聯-KY,4232720,206.00,210.00,197.00,208.00,yearly_2018.zip,0.7687628006,158.365137,161.440188,151.446272,159.902663,OK
20180507,3665,貿聯-KY,1360960,213.00,213.00,207.00,212.00,yearly_2018.zip,0.7687628006,163.746477,163.746477,159.133900,162.977714,OK
20180508,3665,貿聯-KY,3095814,221.00,227.50,221.00,223.00,yearly_2018.zip,0.7687628006,169.896579,174.893537,169.896579,171.434105,OK
20180509,3665,貿聯-KY,2065688,220.00,221.00,214.50,216.50,yearly_2018.zip,0.7687628006,169.127816,169.896579,164.899621,166.437146,OK
20180510,3665,貿聯-KY,1505958,220.00,224.50,218.00,221.50,yearly_2018.zip,0.7687628006,169.127816,172.587249,167.590291,170.280960,OK
20180511,3665,貿聯-KY,1296888,224.00,224.50,218.00,218.50,yearly_2018.zip,0.7687628006,172.202867,172.587249,167.590291,167.974672,OK
20180514,3665,貿聯-KY,3065637,210.00,212.50,206.00,209.00,yearly_2018.zip,0.7687628006,161.440188,163.362095,158.365137,160.671425,OK
20180515,3665,貿聯-KY,1693518,209.50,212.00,206.00,206.00,yearly_2018.zip,0.7687628006,161.055807,162.977714,158.365137,158.365137,OK
20180516,3665,貿聯-KY,1374533,206.00,209.00,200.50,202.50,yearly_2018.zip,0.7687628006,158.365137,160.671425,154.136942,155.674467,OK
20180517,3665,貿聯-KY,1729595,206.00,213.50,204.00,210.50,yearly_2018.zip,0.7687628006,158.365137,164.130858,156.827611,161.824570,OK
20180518,3665,貿聯-KY,1347570,210.50,211.50,203.50,204.50,yearly_2018.zip,0.7687628006,161.824570,162.593332,156.443230,157.211993,OK
20180521,3665,貿聯-KY,873275,206.00,209.50,204.50,207.50,yearly_2018.zip,0.7687628006,158.365137,161.055807,157.211993,159.518281,OK
20180522,3665,貿聯-KY,2997546,216.00,218.50,208.50,208.50,yearly_2018.zip,0.7687628006,166.052765,167.974672,160.287044,160.287044,OK
20180523,3665,貿聯-KY,1281306,208.50,211.00,206.50,209.00,yearly_2018.zip,0.7687628006,160.287044,162.208951,158.749518,160.671425,OK
20180524,3665,貿聯-KY,1047777,210.00,211.50,207.00,207.50,yearly_2018.zip,0.7687628006,161.440188,162.593332,159.133900,159.518281,OK
20180525,3665,貿聯-KY,1068443,205.50,212.50,203.50,210.00,yearly_2018.zip,0.7687628006,157.980756,163.362095,156.443230,161.440188,OK
20180528,3665,貿聯-KY,1171157,212.00,214.00,209.00,210.00,yearly_2018.zip,0.7687628006,162.977714,164.515239,160.671425,161.440188,OK
20180529,3665,貿聯-KY,691472,210.00,210.00,206.00,206.50,yearly_2018.zip,0.7687628006,161.440188,161.440188,158.365137,158.749518,OK
20180530,3665,貿聯-KY,1665569,204.50,212.50,204.00,212.00,yearly_2018.zip,0.7687628006,157.211993,163.362095,156.827611,162.977714,OK
20180531,3665,貿聯-KY,1743456,215.00,216.00,206.50,211.00,yearly_2018.zip,0.7687628006,165.284002,166.052765,158.749518,162.208951,OK
20180601,3665,貿聯-KY,818961,211.00,211.00,207.00,209.00,yearly_2018.zip,0.7687628006,162.208951,162.208951,159.133900,160.671425,OK
20180604,3665,貿聯-KY,3399380,212.00,227.00,210.00,225.00,yearly_2018.zip,0.7687628006,162.977714,174.509156,161.440188,172.971630,OK
20180605,3665,貿聯-KY,3122361,232.00,233.50,219.00,221.00,yearly_2018.zip,0.7687628006,178.352970,179.506114,168.359053,169.896579,OK
20180606,3665,貿聯-KY,2148598,224.50,228.00,222.50,227.50,yearly_2018.zip,0.7687628006,172.587249,175.277919,171.049723,174.893537,OK
20180607,3665,貿聯-KY,2529558,244.00,250.00,244.00,250.00,yearly_2018.zip,0.7687628006,187.578123,192.190700,187.578123,192.190700,OK
20180608,3665,貿聯-KY,6620407,251.00,256.00,230.00,237.50,yearly_2018.zip,0.7687628006,192.959463,196.803277,176.815444,182.581165,OK
20180611,3665,貿聯-KY,1949303,238.00,241.00,231.50,235.00,yearly_2018.zip,0.7687628006,182.965547,185.271835,177.968588,180.659258,OK
20180612,3665,貿聯-KY,2794053,241.00,244.00,235.00,235.50,yearly_2018.zip,0.7687628006,185.271835,187.578123,180.659258,181.043640,OK
20180613,3665,貿聯-KY,2341846,241.50,243.00,237.00,238.00,yearly_2018.zip,0.7687628006,185.656216,186.809361,182.196784,182.965547,OK
20180614,3665,貿聯-KY,1233531,236.00,237.00,230.00,232.00,yearly_2018.zip,0.7687628006,181.428021,182.196784,176.815444,178.352970,OK
20180615,3665,貿聯-KY,1620562,236.00,242.50,234.50,238.50,yearly_2018.zip,0.7687628006,181.428021,186.424979,180.274877,183.349928,OK
20180619,3665,貿聯-KY,1099689,240.00,241.50,233.50,234.00,yearly_2018.zip,0.7687628006,184.503072,185.656216,179.506114,179.890495,OK
20180620,3665,貿聯-KY,2551968,231.00,233.00,217.00,217.00,yearly_2018.zip,0.7687628006,177.584207,179.121733,166.821528,166.821528,OK
20180621,3665,貿聯-KY,1673670,220.00,228.00,219.00,227.00,yearly_2018.zip,0.7687628006,169.127816,175.277919,168.359053,174.509156,OK
20180622,3665,貿聯-KY,1827302,227.50,230.00,222.00,230.00,yearly_2018.zip,0.7687628006,174.893537,176.815444,170.665342,176.815444,OK
20180625,3665,貿聯-KY,707222,227.50,227.50,221.50,221.50,yearly_2018.zip,0.7687628006,174.893537,174.893537,170.280960,170.280960,OK
20180626,3665,貿聯-KY,978202,219.00,225.00,216.00,224.50,yearly_2018.zip,0.7687628006,168.359053,172.971630,166.052765,172.587249,OK
20180627,3665,貿聯-KY,691639,224.50,227.00,220.00,220.00,yearly_2018.zip,0.7687628006,172.587249,174.509156,169.127816,169.127816,OK
20180628,3665,貿聯-KY,1132600,219.00,220.00,211.00,211.00,yearly_2018.zip,0.7687628006,168.359053,169.127816,162.208951,162.208951,OK
20180629,3665,貿聯-KY,1288920,215.00,217.00,214.00,214.50,yearly_2018.zip,0.7687628006,165.284002,166.821528,164.515239,164.899621,OK
20180702,3665,貿聯-KY,2060844,217.00,227.00,216.50,225.00,yearly_2018.zip,0.7687628006,166.821528,174.509156,166.437146,172.971630,OK
20180703,3665,貿聯-KY,1948978,221.50,223.00,218.50,219.50,yearly_2018.zip,0.7687628006,170.280960,171.434105,167.974672,168.743435,OK
20180704,3665,貿聯-KY,4691122,213.00,213.00,198.00,198.00,yearly_2018.zip,0.7687628006,163.746477,163.746477,152.215035,152.215035,OK
20180705,3665,貿聯-KY,2605404,196.00,203.00,192.50,197.50,yearly_2018.zip,0.7687628006,150.677509,156.058849,147.986839,151.830653,OK
20180706,3665,貿聯-KY,2526532,202.00,202.50,188.00,191.50,yearly_2018.zip,0.7687628006,155.290086,155.674467,144.527407,147.218076,OK
20180709,3665,貿聯-KY,950813,192.50,195.00,190.00,192.50,yearly_2018.zip,0.7687628006,147.986839,149.908746,146.064932,147.986839,OK
20180710,3665,貿聯-KY,3034424,199.00,211.00,197.50,206.00,yearly_2018.zip,0.7687628006,152.983797,162.208951,151.830653,158.365137,OK
20180711,3665,貿聯-KY,1896452,203.50,213.00,202.00,209.50,yearly_2018.zip,0.7687628006,156.443230,163.746477,155.290086,161.055807,OK
20180712,3665,貿聯-KY,782739,208.00,212.00,206.00,211.00,yearly_2018.zip,0.7687628006,159.902663,162.977714,158.365137,162.208951,OK
20180713,3665,貿聯-KY,1264632,212.00,218.50,209.00,214.00,yearly_2018.zip,0.7687628006,162.977714,167.974672,160.671425,164.515239,OK
20180716,3665,貿聯-KY,638100,212.50,216.50,211.50,211.50,yearly_2018.zip,0.7687628006,163.362095,166.437146,162.593332,162.593332,OK
20180717,3665,貿聯-KY,822017,210.00,210.50,205.00,205.00,yearly_2018.zip,0.7687628006,161.440188,161.824570,157.596374,157.596374,OK
20180718,3665,貿聯-KY,1868300,210.00,210.00,202.00,205.00,yearly_2018.zip,0.7687628006,161.440188,161.440188,155.290086,157.596374,OK
20180719,3665,貿聯-KY,2847526,207.50,211.50,205.00,205.00,yearly_2018.zip,0.7687628006,159.518281,162.593332,157.596374,157.596374,OK
20180720,3665,貿聯-KY,946402,208.00,208.00,201.00,201.50,yearly_2018.zip,0.7687628006,159.902663,159.902663,154.521323,154.905704,OK
20180723,3665,貿聯-KY,2276275,198.00,199.00,193.50,198.50,yearly_2018.zip,0.7687628006,152.215035,152.983797,148.755602,152.599416,OK
20180724,3665,貿聯-KY,2629213,195.50,197.50,193.00,194.00,yearly_2018.zip,0.7687628006,150.293128,151.830653,148.371221,149.139983,OK
20180725,3665,貿聯-KY,1287815,193.00,196.50,192.00,195.50,yearly_2018.zip,0.7687628006,148.371221,151.061890,147.602458,150.293128,OK
20180726,3665,貿聯-KY,816622,198.00,198.50,194.00,194.00,yearly_2018.zip,0.7687628006,152.215035,152.599416,149.139983,149.139983,OK
20180727,3665,貿聯-KY,1098615,194.00,202.00,193.00,200.50,yearly_2018.zip,0.7687628006,149.139983,155.290086,148.371221,154.136942,OK
20180730,3665,貿聯-KY,1039646,200.00,200.00,194.00,194.00,yearly_2018.zip,0.7687628006,153.752560,153.752560,149.139983,149.139983,OK
20180731,3665,貿聯-KY,581874,192.50,197.00,192.50,195.00,yearly_2018.zip,0.7687628006,147.986839,151.446272,147.986839,149.908746,OK
20180801,3665,貿聯-KY,1859632,198.00,203.00,196.50,203.00,yearly_2018.zip,0.7687628006,152.215035,156.058849,151.061890,156.058849,OK
20180802,3665,貿聯-KY,3511496,207.50,207.50,198.00,200.00,yearly_2018.zip,0.7955286156,165.072188,165.072188,157.514666,159.105723,OK
20180803,3665,貿聯-KY,3694026,209.00,213.00,207.50,210.00,yearly_2018.zip,0.7955286156,166.265481,169.447595,165.072188,167.061009,OK
20180806,3665,貿聯-KY,3004187,211.00,220.00,207.50,217.50,yearly_2018.zip,0.7955286156,167.856538,175.016295,165.072188,173.027474,OK
20180807,3665,貿聯-KY,1169703,214.50,216.50,213.00,216.00,yearly_2018.zip,0.7955286156,170.640888,172.231945,169.447595,171.834181,OK
20180808,3665,貿聯-KY,2728726,224.50,226.00,215.00,215.00,yearly_2018.zip,0.7955286156,178.596174,179.789467,171.038652,171.038652,OK
20180809,3665,貿聯-KY,1379730,212.50,213.50,207.50,213.00,yearly_2018.zip,0.7955286156,169.049831,169.845359,165.072188,169.447595,OK
20180810,3665,貿聯-KY,1214207,208.50,214.50,208.00,211.00,yearly_2018.zip,0.7955286156,165.867716,170.640888,165.469952,167.856538,OK
20180813,3665,貿聯-KY,4630562,200.00,202.00,190.00,191.00,yearly_2018.zip,0.7955286156,159.105723,160.696780,151.150437,151.945966,OK
20180814,3665,貿聯-KY,3165592,191.00,193.50,180.50,184.00,yearly_2018.zip,0.7955286156,151.945966,153.934787,143.592915,146.377265,OK
20180815,3665,貿聯-KY,2607846,183.50,188.50,178.00,178.00,yearly_2018.zip,0.7955286156,145.979501,149.957144,141.604094,141.604094,OK
20180816,3665,貿聯-KY,4497776,173.00,177.00,164.00,169.50,yearly_2018.zip,0.7955286156,137.626451,140.808565,130.466693,134.842100,OK
20180817,3665,貿聯-KY,2250149,172.50,177.00,170.00,170.00,yearly_2018.zip,0.7955286156,137.228686,140.808565,135.239865,135.239865,OK
20180820,3665,貿聯-KY,2168754,166.50,170.00,162.00,170.00,yearly_2018.zip,0.7955286156,132.455514,135.239865,128.875636,135.239865,OK
20180821,3665,貿聯-KY,1973379,172.00,173.50,165.50,166.00,yearly_2018.zip,0.7955286156,136.830922,138.024215,131.659986,132.057750,OK
20180822,3665,貿聯-KY,1439773,169.00,169.50,164.00,164.00,yearly_2018.zip,0.7955286156,134.444336,134.842100,130.466693,130.466693,OK
20180823,3665,貿聯-KY,2284175,163.00,164.00,157.50,158.00,yearly_2018.zip,0.7955286156,129.671164,130.466693,125.295757,125.693521,OK
20180824,3665,貿聯-KY,6471584,156.50,157.00,142.50,144.50,yearly_2018.zip,0.7955286156,124.500228,124.897993,113.362828,114.953885,OK
20180827,3665,貿聯-KY,3940684,147.50,151.50,147.00,150.00,yearly_2018.zip,0.7955286156,117.340471,120.522585,116.942706,119.329292,OK
20180828,3665,貿聯-KY,3729455,151.00,152.50,147.00,150.50,yearly_2018.zip,0.7955286156,120.124821,121.318114,116.942706,119.727057,OK
20180829,3665,貿聯-KY,3960199,149.00,154.00,145.50,154.00,yearly_2018.zip,0.7955286156,118.533764,122.511407,115.749414,122.511407,OK
20180830,3665,貿聯-KY,2709655,158.00,158.50,153.00,155.00,yearly_2018.zip,0.7955286156,125.693521,126.091286,121.715878,123.306935,OK
20180831,3665,貿聯-KY,4323216,155.50,162.00,153.50,159.50,yearly_2018.zip,0.7955286156,123.704700,128.875636,122.113642,126.886814,OK
20180903,3665,貿聯-KY,2344922,160.00,160.50,155.00,155.00,yearly_2018.zip,0.7955286156,127.284578,127.682343,123.306935,123.306935,OK
20180904,3665,貿聯-KY,2635190,157.00,162.00,157.00,159.00,yearly_2018.zip,0.7955286156,124.897993,128.875636,124.897993,126.489050,OK
20180905,3665,貿聯-KY,6654197,160.00,171.50,159.50,165.50,yearly_2018.zip,0.7955286156,127.284578,136.433158,126.886814,131.659986,OK
20180906,3665,貿聯-KY,3306904,165.00,169.50,163.00,169.50,yearly_2018.zip,0.7955286156,131.262222,134.842100,129.671164,134.842100,OK
20180907,3665,貿聯-KY,3484670,165.50,167.50,153.50,156.50,yearly_2018.zip,0.7955286156,131.659986,133.251043,122.113642,124.500228,OK
20180910,3665,貿聯-KY,4058854,153.00,153.00,141.00,141.00,yearly_2018.zip,0.7955286156,121.715878,121.715878,112.169535,112.169535,OK
20180911,3665,貿聯-KY,4012921,144.50,149.00,140.50,142.50,yearly_2018.zip,0.7955286156,114.953885,118.533764,111.771770,113.362828,OK
20180912,3665,貿聯-KY,3923500,143.50,147.00,139.50,145.50,yearly_2018.zip,0.7955286156,114.158356,116.942706,110.976242,115.749414,OK
20180913,3665,貿聯-KY,1388329,147.50,149.50,146.00,147.00,yearly_2018.zip,0.7955286156,117.340471,118.931528,116.147178,116.942706,OK
20180914,3665,貿聯-KY,1683084,149.00,153.50,146.50,153.00,yearly_2018.zip,0.7955286156,118.533764,122.113642,116.544942,121.715878,OK
20180917,3665,貿聯-KY,2390544,150.50,158.50,150.50,157.00,yearly_2018.zip,0.7955286156,119.727057,126.091286,119.727057,124.897993,OK
20180918,3665,貿聯-KY,1763363,153.00,155.50,150.50,151.00,yearly_2018.zip,0.7955286156,121.715878,123.704700,119.727057,120.124821,OK
20180919,3665,貿聯-KY,1707890,152.50,156.00,151.00,155.50,yearly_2018.zip,0.7955286156,121.318114,124.102464,120.124821,123.704700,OK
20180920,3665,貿聯-KY,2183426,158.50,159.00,150.50,150.50,yearly_2018.zip,0.7955286156,126.091286,126.489050,119.727057,119.727057,OK
20180921,3665,貿聯-KY,1940421,151.50,155.50,151.50,155.00,yearly_2018.zip,0.7955286156,120.522585,123.704700,120.522585,123.306935,OK
20180925,3665,貿聯-KY,1144011,153.00,157.50,152.00,155.50,yearly_2018.zip,0.7955286156,121.715878,125.295757,120.920350,123.704700,OK
20180926,3665,貿聯-KY,1151273,153.50,157.00,152.50,152.50,yearly_2018.zip,0.7955286156,122.113642,124.897993,121.318114,121.318114,OK
20180927,3665,貿聯-KY,1093374,152.50,155.00,150.50,150.50,yearly_2018.zip,0.7955286156,121.318114,123.306935,119.727057,119.727057,OK
20180928,3665,貿聯-KY,5091503,145.00,146.50,139.50,145.00,yearly_2018.zip,0.7955286156,115.351649,116.544942,110.976242,115.351649,OK
20181001,3665,貿聯-KY,4781652,149.00,159.50,146.00,159.50,yearly_2018.zip,0.7955286156,118.533764,126.886814,116.147178,126.886814,OK
20181002,3665,貿聯-KY,10925064,163.00,172.50,162.50,167.00,yearly_2018.zip,0.7955286156,129.671164,137.228686,129.273400,132.853279,OK
20181003,3665,貿聯-KY,3485624,165.00,167.00,162.50,167.00,yearly_2018.zip,0.7955286156,131.262222,132.853279,129.273400,132.853279,OK
20181004,3665,貿聯-KY,3616511,166.00,171.00,164.50,166.00,yearly_2018.zip,0.7955286156,132.057750,136.035393,130.864457,132.057750,OK
20181005,3665,貿聯-KY,5934535,161.00,161.50,149.50,149.50,yearly_2018.zip,0.7955286156,128.080107,128.477871,118.931528,118.931528,OK
20181008,3665,貿聯-KY,2869305,145.00,149.00,142.00,149.00,yearly_2018.zip,0.7955286156,115.351649,118.533764,112.965063,118.533764,OK
20181009,3665,貿聯-KY,4463752,148.00,148.50,136.00,137.00,yearly_2018.zip,0.7955286156,117.738235,118.135999,108.191892,108.987420,OK
20181011,3665,貿聯-KY,2800849,125.00,126.50,123.50,123.50,yearly_2018.zip,0.7955286156,99.441077,100.634370,98.247784,98.247784,OK
20181012,3665,貿聯-KY,3912754,125.50,135.50,124.00,135.50,yearly_2018.zip,0.7955286156,99.838841,107.794127,98.645548,107.794127,OK
20181015,3665,貿聯-KY,7247660,132.00,149.00,130.00,140.50,yearly_2018.zip,0.7955286156,105.009777,118.533764,103.418720,111.771770,OK
20181016,3665,貿聯-KY,2840770,137.50,144.50,136.50,139.00,yearly_2018.zip,0.7955286156,109.385185,114.953885,108.589656,110.578478,OK
20181017,3665,貿聯-KY,6286736,150.00,152.50,146.00,150.00,yearly_2018.zip,0.7955286156,119.329292,121.318114,116.147178,119.329292,OK
20181018,3665,貿聯-KY,4435794,148.00,156.00,147.00,153.00,yearly_2018.zip,0.7955286156,117.738235,124.102464,116.942706,121.715878,OK
20181019,3665,貿聯-KY,2430600,148.50,152.00,147.50,152.00,yearly_2018.zip,0.7955286156,118.135999,120.920350,117.340471,120.920350,OK
20181022,3665,貿聯-KY,2446233,150.00,155.50,150.00,151.50,yearly_2018.zip,0.7955286156,119.329292,123.704700,119.329292,120.522585,OK
20181023,3665,貿聯-KY,1857135,149.50,152.50,144.00,144.00,yearly_2018.zip,0.7955286156,118.931528,121.318114,114.556121,114.556121,OK
20181024,3665,貿聯-KY,4748447,153.50,154.50,148.50,148.50,yearly_2018.zip,0.7955286156,122.113642,122.909171,118.135999,118.135999,OK
20181025,3665,貿聯-KY,9579778,150.00,157.50,149.00,157.50,yearly_2018.zip,0.7955286156,119.329292,125.295757,118.533764,125.295757,OK
20181026,3665,貿聯-KY,9175654,162.00,165.00,148.00,149.00,yearly_2018.zip,0.7955286156,128.875636,131.262222,117.738235,118.533764,OK
20181029,3665,貿聯-KY,5215182,152.50,159.00,151.50,156.00,yearly_2018.zip,0.7955286156,121.318114,126.489050,120.522585,124.102464,OK
20181030,3665,貿聯-KY,2668922,153.50,158.00,153.00,158.00,yearly_2018.zip,0.7955286156,122.113642,125.693521,121.715878,125.693521,OK
20181031,3665,貿聯-KY,9422965,159.00,169.00,154.50,165.00,yearly_2018.zip,0.7955286156,126.489050,134.444336,122.909171,131.262222,OK
20181101,3665,貿聯-KY,7364604,163.00,168.50,162.00,163.50,yearly_2018.zip,0.7955286156,129.671164,134.046572,128.875636,130.068929,OK
20181102,3665,貿聯-KY,11770680,165.00,179.50,164.50,179.50,yearly_2018.zip,0.7955286156,131.262222,142.797387,130.864457,142.797387,OK
20181105,3665,貿聯-KY,7852994,182.50,183.50,174.00,176.00,yearly_2018.zip,0.7955286156,145.183972,145.979501,138.421979,140.013036,OK
20181106,3665,貿聯-KY,6395223,176.00,179.00,163.00,165.00,yearly_2018.zip,0.7955286156,140.013036,142.399622,129.671164,131.262222,OK
20181107,3665,貿聯-KY,7214653,168.50,181.00,167.00,177.50,yearly_2018.zip,0.7955286156,134.046572,143.990679,132.853279,141.206329,OK
20181108,3665,貿聯-KY,8163633,181.00,185.00,175.50,181.00,yearly_2018.zip,0.7955286156,143.990679,147.172794,139.615272,143.990679,OK
20181109,3665,貿聯-KY,3789724,181.00,183.50,177.00,181.00,yearly_2018.zip,0.7955286156,143.990679,145.979501,140.808565,143.990679,OK
20181112,3665,貿聯-KY,6156305,184.00,186.50,175.50,175.50,yearly_2018.zip,0.7955286156,146.377265,148.366087,139.615272,139.615272,OK
20181113,3665,貿聯-KY,6882567,167.00,185.00,165.00,185.00,yearly_2018.zip,0.7955286156,132.853279,147.172794,131.262222,147.172794,OK
20181114,3665,貿聯-KY,5744680,183.50,188.00,181.00,183.00,yearly_2018.zip,0.7955286156,145.979501,149.559380,143.990679,145.581737,OK
20181115,3665,貿聯-KY,5900294,186.00,189.00,181.50,182.50,yearly_2018.zip,0.7955286156,147.968323,150.354908,144.388444,145.183972,OK
20181116,3665,貿聯-KY,5366254,183.00,189.50,182.00,185.00,yearly_2018.zip,0.7955286156,145.581737,150.752673,144.786208,147.172794,OK
20181119,3665,貿聯-KY,6054383,188.00,194.50,185.00,194.50,yearly_2018.zip,0.7955286156,149.559380,154.730316,147.172794,154.730316,OK
20181120,3665,貿聯-KY,4744185,191.00,194.50,188.50,189.50,yearly_2018.zip,0.7955286156,151.945966,154.730316,149.957144,150.752673,OK
20181121,3665,貿聯-KY,4861226,187.00,192.00,183.00,185.00,yearly_2018.zip,0.7955286156,148.763851,152.741494,145.581737,147.172794,OK
20181122,3665,貿聯-KY,3677161,187.50,189.50,181.00,181.00,yearly_2018.zip,0.7955286156,149.161615,150.752673,143.990679,143.990679,OK
20181123,3665,貿聯-KY,3223492,182.00,184.00,176.50,176.50,yearly_2018.zip,0.7955286156,144.786208,146.377265,140.410801,140.410801,OK
20181126,3665,貿聯-KY,3996722,182.00,186.50,180.00,184.00,yearly_2018.zip,0.7955286156,144.786208,148.366087,143.195151,146.377265,OK
20181127,3665,貿聯-KY,5829916,186.50,193.50,185.50,190.00,yearly_2018.zip,0.7955286156,148.366087,153.934787,147.570558,151.150437,OK
20181128,3665,貿聯-KY,3952661,190.00,195.50,187.50,194.00,yearly_2018.zip,0.7955286156,151.150437,155.525844,149.161615,154.332551,OK
20181129,3665,貿聯-KY,2914839,197.00,199.00,191.00,191.00,yearly_2018.zip,0.7955286156,156.719137,158.310195,151.945966,151.945966,OK
20181130,3665,貿聯-KY,2435509,191.00,197.00,191.00,196.00,yearly_2018.zip,0.7955286156,151.945966,156.719137,151.945966,155.923609,OK
20181203,3665,貿聯-KY,5302485,202.00,215.00,201.00,212.00,yearly_2018.zip,0.7955286156,160.696780,171.038652,159.901252,168.652067,OK
20181204,3665,貿聯-KY,5009004,213.00,216.00,198.50,198.50,yearly_2018.zip,0.7955286156,169.447595,171.834181,157.912430,157.912430,OK
20181205,3665,貿聯-KY,4145305,194.00,204.00,192.00,198.50,yearly_2018.zip,0.7955286156,154.332551,162.287838,152.741494,157.912430,OK
20181206,3665,貿聯-KY,4968485,201.00,202.50,187.00,189.00,yearly_2018.zip,0.7955286156,159.901252,161.094545,148.763851,150.354908,OK
20181207,3665,貿聯-KY,2768835,193.50,197.00,193.00,196.00,yearly_2018.zip,0.7955286156,153.934787,156.719137,153.537023,155.923609,OK
20181210,3665,貿聯-KY,1493265,191.00,196.50,191.00,196.50,yearly_2018.zip,0.7955286156,151.945966,156.321373,151.945966,156.321373,OK
20181211,3665,貿聯-KY,2650444,199.00,204.50,198.00,201.00,yearly_2018.zip,0.7955286156,158.310195,162.685602,157.514666,159.901252,OK
20181212,3665,貿聯-KY,2521999,204.50,207.50,202.50,203.00,yearly_2018.zip,0.7955286156,162.685602,165.072188,161.094545,161.492309,OK
20181213,3665,貿聯-KY,2361031,206.00,210.50,205.00,205.00,yearly_2018.zip,0.7955286156,163.878895,167.458774,163.083366,163.083366,OK
20181214,3665,貿聯-KY,2699935,210.00,211.00,205.00,206.00,yearly_2018.zip,0.7955286156,167.061009,167.856538,163.083366,163.878895,OK
20181217,3665,貿聯-KY,1476106,206.00,208.50,203.00,203.00,yearly_2018.zip,0.7955286156,163.878895,165.867716,161.492309,161.492309,OK
20181218,3665,貿聯-KY,2223375,199.50,205.50,197.50,205.50,yearly_2018.zip,0.7955286156,158.707959,163.481131,157.116902,163.481131,OK
20181219,3665,貿聯-KY,1607345,203.50,206.00,200.00,200.00,yearly_2018.zip,0.7955286156,161.890073,163.878895,159.105723,159.105723,OK
20181220,3665,貿聯-KY,1597083,199.50,203.50,195.50,199.00,yearly_2018.zip,0.7955286156,158.707959,161.890073,155.525844,158.310195,OK
20181221,3665,貿聯-KY,2880228,194.50,204.50,194.50,204.50,yearly_2018.zip,0.7955286156,154.730316,162.685602,154.730316,162.685602,OK
20181222,3665,貿聯-KY,524523,203.50,204.00,201.50,202.00,yearly_2018.zip,0.7955286156,161.890073,162.287838,160.299016,160.696780,OK
20181224,3665,貿聯-KY,869409,204.50,206.00,201.50,206.00,yearly_2018.zip,0.7955286156,162.685602,163.878895,160.299016,163.878895,OK
20181225,3665,貿聯-KY,1652036,201.00,204.50,199.00,204.50,yearly_2018.zip,0.7955286156,159.901252,162.685602,158.310195,162.685602,OK
20181226,3665,貿聯-KY,1602195,208.00,209.00,202.50,204.50,yearly_2018.zip,0.7955286156,165.469952,166.265481,161.094545,162.685602,OK
20181227,3665,貿聯-KY,5290441,212.50,217.00,212.00,215.00,yearly_2018.zip,0.7955286156,169.049831,172.629710,168.652067,171.038652,OK
20181228,3665,貿聯-KY,3414621,215.50,224.00,213.50,224.00,yearly_2018.zip,0.7955286156,171.436417,178.198410,169.845359,178.198410,OK
20190102,3665,貿聯-KY,2681133,227.50,227.50,216.00,219.50,yearly_2019.zip,0.7955286156,180.982760,180.982760,171.834181,174.618531,OK
20190103,3665,貿聯-KY,5817928,213.00,215.00,203.00,206.50,yearly_2019.zip,0.7955286156,169.447595,171.038652,161.492309,164.276659,OK
20190104,3665,貿聯-KY,3227185,200.00,200.00,193.00,194.50,yearly_2019.zip,0.7955286156,159.105723,159.105723,153.537023,154.730316,OK
20190107,3665,貿聯-KY,2378332,202.00,202.00,195.00,195.00,yearly_2019.zip,0.7955286156,160.696780,160.696780,155.128080,155.128080,OK
20190108,3665,貿聯-KY,2302519,200.00,201.50,195.50,197.50,yearly_2019.zip,0.7955286156,159.105723,160.299016,155.525844,157.116902,OK
20190109,3665,貿聯-KY,1501120,198.50,201.00,198.00,198.50,yearly_2019.zip,0.7955286156,157.912430,159.901252,157.514666,157.912430,OK
20190110,3665,貿聯-KY,1201900,198.50,202.00,197.50,202.00,yearly_2019.zip,0.7955286156,157.912430,160.696780,157.116902,160.696780,OK
20190111,3665,貿聯-KY,3731607,206.00,213.50,204.50,210.50,yearly_2019.zip,0.7955286156,163.878895,169.845359,162.685602,167.458774,OK
20190114,3665,貿聯-KY,1666436,210.50,212.50,209.50,212.00,yearly_2019.zip,0.7955286156,167.458774,169.049831,166.663245,168.652067,OK
20190115,3665,貿聯-KY,1847736,210.00,212.00,207.00,212.00,yearly_2019.zip,0.7955286156,167.061009,168.652067,164.674423,168.652067,OK
20190116,3665,貿聯-KY,1752935,215.50,218.00,212.00,212.00,yearly_2019.zip,0.7955286156,171.436417,173.425238,168.652067,168.652067,OK
20190117,3665,貿聯-KY,1030841,213.00,215.00,208.00,208.00,yearly_2019.zip,0.7955286156,169.447595,171.038652,165.469952,165.469952,OK
20190118,3665,貿聯-KY,729966,209.50,213.00,208.50,212.50,yearly_2019.zip,0.7955286156,166.663245,169.447595,165.867716,169.049831,OK
20190121,3665,貿聯-KY,4758284,204.00,204.00,194.50,194.50,yearly_2019.zip,0.7955286156,162.287838,162.287838,154.730316,154.730316,OK
20190122,3665,貿聯-KY,5751240,193.00,193.50,185.00,187.00,yearly_2019.zip,0.7955286156,153.537023,153.934787,147.172794,148.763851,OK
20190123,3665,貿聯-KY,2613756,188.50,191.50,187.50,189.50,yearly_2019.zip,0.7955286156,149.957144,152.343730,149.161615,150.752673,OK
20190124,3665,貿聯-KY,4759131,187.00,187.00,181.00,185.50,yearly_2019.zip,0.7955286156,148.763851,148.763851,143.990679,147.570558,OK
20190125,3665,貿聯-KY,1936395,186.00,187.50,183.50,185.00,yearly_2019.zip,0.7955286156,147.968323,149.161615,145.979501,147.172794,OK
20190128,3665,貿聯-KY,2315658,186.00,188.50,184.50,185.50,yearly_2019.zip,0.7955286156,147.968323,149.957144,146.775030,147.570558,OK
20190129,3665,貿聯-KY,2282782,184.00,185.50,179.50,181.00,yearly_2019.zip,0.7955286156,146.377265,147.570558,142.797387,143.990679,OK
20190130,3665,貿聯-KY,2105823,181.00,184.00,179.00,179.00,yearly_2019.zip,0.7955286156,143.990679,146.377265,142.399622,142.399622,OK
20190211,3665,貿聯-KY,2983353,183.00,187.50,182.00,187.50,yearly_2019.zip,0.7955286156,145.581737,149.161615,144.786208,149.161615,OK
20190212,3665,貿聯-KY,2175649,189.00,192.00,188.00,190.00,yearly_2019.zip,0.7955286156,150.354908,152.741494,149.559380,151.150437,OK
20190213,3665,貿聯-KY,1351287,190.50,191.00,187.00,189.00,yearly_2019.zip,0.7955286156,151.548201,151.945966,148.763851,150.354908,OK
20190214,3665,貿聯-KY,2229452,189.50,195.00,189.00,190.50,yearly_2019.zip,0.7955286156,150.752673,155.128080,150.354908,151.548201,OK
20190215,3665,貿聯-KY,1073865,190.00,192.50,188.00,190.00,yearly_2019.zip,0.7955286156,151.150437,153.139259,149.559380,151.150437,OK
20190218,3665,貿聯-KY,4621026,192.50,200.00,192.50,198.50,yearly_2019.zip,0.7955286156,153.139259,159.105723,153.139259,157.912430,OK
20190219,3665,貿聯-KY,2194546,199.00,201.00,196.00,199.50,yearly_2019.zip,0.7955286156,158.310195,159.901252,155.923609,158.707959,OK
20190220,3665,貿聯-KY,1784338,201.50,201.50,197.00,198.50,yearly_2019.zip,0.7955286156,160.299016,160.299016,156.719137,157.912430,OK
20190221,3665,貿聯-KY,2810326,199.50,204.50,199.00,203.50,yearly_2019.zip,0.7955286156,158.707959,162.685602,158.310195,161.890073,OK
20190222,3665,貿聯-KY,2530046,201.00,201.00,195.50,196.50,yearly_2019.zip,0.7955286156,159.901252,159.901252,155.525844,156.321373,OK
20190225,3665,貿聯-KY,2200107,197.50,198.50,193.00,197.00,yearly_2019.zip,0.7955286156,157.116902,157.912430,153.537023,156.719137,OK
20190226,3665,貿聯-KY,1078512,198.00,200.00,196.00,197.00,yearly_2019.zip,0.7955286156,157.514666,159.105723,155.923609,156.719137,OK
20190227,3665,貿聯-KY,977960,197.00,199.00,195.00,199.00,yearly_2019.zip,0.7955286156,156.719137,158.310195,155.128080,158.310195,OK
20190304,3665,貿聯-KY,2557260,195.00,196.00,191.50,195.00,yearly_2019.zip,0.7955286156,155.128080,155.923609,152.343730,155.128080,OK
20190305,3665,貿聯-KY,1661867,194.00,194.00,190.00,191.00,yearly_2019.zip,0.7955286156,154.332551,154.332551,151.150437,151.945966,OK
20190306,3665,貿聯-KY,3740072,192.50,202.00,192.50,200.00,yearly_2019.zip,0.7955286156,153.139259,160.696780,153.139259,159.105723,OK
20190307,3665,貿聯-KY,1297116,198.50,199.50,193.50,195.50,yearly_2019.zip,0.7955286156,157.912430,158.707959,153.934787,155.525844,OK
20190308,3665,貿聯-KY,955978,195.50,198.00,193.50,197.50,yearly_2019.zip,0.7955286156,155.525844,157.514666,153.934787,157.116902,OK
20190311,3665,貿聯-KY,3232107,199.00,205.50,196.50,204.50,yearly_2019.zip,0.7955286156,158.310195,163.481131,156.321373,162.685602,OK
20190312,3665,貿聯-KY,3883014,208.50,211.50,202.50,206.00,yearly_2019.zip,0.7955286156,165.867716,168.254302,161.094545,163.878895,OK
20190313,3665,貿聯-KY,1932188,207.50,210.50,205.50,210.00,yearly_2019.zip,0.7955286156,165.072188,167.458774,163.481131,167.061009,OK
20190314,3665,貿聯-KY,2557745,212.00,215.00,208.50,209.00,yearly_2019.zip,0.7955286156,168.652067,171.038652,165.867716,166.265481,OK
20190315,3665,貿聯-KY,4840790,212.00,219.50,212.00,214.50,yearly_2019.zip,0.7955286156,168.652067,174.618531,168.652067,170.640888,OK
20190318,3665,貿聯-KY,1744055,212.00,219.00,212.00,216.00,yearly_2019.zip,0.7955286156,168.652067,174.220767,168.652067,171.834181,OK
20190319,3665,貿聯-KY,1437253,216.00,218.00,214.00,218.00,yearly_2019.zip,0.7955286156,171.834181,173.425238,170.243124,173.425238,OK
20190320,3665,貿聯-KY,1670911,220.00,223.50,215.00,215.50,yearly_2019.zip,0.7955286156,175.016295,177.800646,171.038652,171.436417,OK
20190321,3665,貿聯-KY,839984,218.00,218.00,215.00,216.50,yearly_2019.zip,0.7955286156,173.425238,173.425238,171.038652,172.231945,OK
20190322,3665,貿聯-KY,1739431,218.00,218.50,209.00,210.00,yearly_2019.zip,0.7955286156,173.425238,173.823003,166.265481,167.061009,OK
20190325,3665,貿聯-KY,1499196,204.50,213.50,204.00,213.00,yearly_2019.zip,0.7955286156,162.685602,169.845359,162.287838,169.447595,OK
20190326,3665,貿聯-KY,2008158,214.00,215.00,204.00,206.50,yearly_2019.zip,0.7955286156,170.243124,171.038652,162.287838,164.276659,OK
20190327,3665,貿聯-KY,819525,208.00,210.50,207.00,210.50,yearly_2019.zip,0.7955286156,165.469952,167.458774,164.674423,167.458774,OK
20190328,3665,貿聯-KY,874415,212.50,212.50,207.00,208.00,yearly_2019.zip,0.7955286156,169.049831,169.049831,164.674423,165.469952,OK
20190329,3665,貿聯-KY,1256419,209.00,214.00,208.50,211.50,yearly_2019.zip,0.7955286156,166.265481,170.243124,165.867716,168.254302,OK
20190401,3665,貿聯-KY,1870468,214.00,217.00,210.00,216.50,yearly_2019.zip,0.7955286156,170.243124,172.629710,167.061009,172.231945,OK
20190402,3665,貿聯-KY,1962684,217.00,221.00,215.00,216.00,yearly_2019.zip,0.7955286156,172.629710,175.811824,171.038652,171.834181,OK
20190403,3665,貿聯-KY,921471,216.00,217.00,213.50,216.00,yearly_2019.zip,0.7955286156,171.834181,172.629710,169.845359,171.834181,OK
20190408,3665,貿聯-KY,1233861,214.50,218.00,213.00,213.50,yearly_2019.zip,0.7955286156,170.640888,173.425238,169.447595,169.845359,OK
20190409,3665,貿聯-KY,863749,214.50,218.50,214.50,214.50,yearly_2019.zip,0.7955286156,170.640888,173.823003,170.640888,170.640888,OK
20190410,3665,貿聯-KY,1695559,216.00,219.50,214.50,217.00,yearly_2019.zip,0.7955286156,171.834181,174.618531,170.640888,172.629710,OK
20190411,3665,貿聯-KY,1289103,219.00,221.00,216.50,217.50,yearly_2019.zip,0.7955286156,174.220767,175.811824,172.231945,173.027474,OK
20190412,3665,貿聯-KY,2781867,217.50,217.50,205.00,207.50,yearly_2019.zip,0.7955286156,173.027474,173.027474,163.083366,165.072188,OK
20190415,3665,貿聯-KY,1356078,210.00,210.00,203.50,207.00,yearly_2019.zip,0.7955286156,167.061009,167.061009,161.890073,164.674423,OK
20190416,3665,貿聯-KY,1555020,207.00,209.00,204.00,206.50,yearly_2019.zip,0.7955286156,164.674423,166.265481,162.287838,164.276659,OK
20190417,3665,貿聯-KY,1157365,208.00,208.50,205.00,206.00,yearly_2019.zip,0.7955286156,165.469952,165.867716,163.083366,163.878895,OK
20190418,3665,貿聯-KY,1155748,207.00,208.00,203.00,203.50,yearly_2019.zip,0.7955286156,164.674423,165.469952,161.492309,161.890073,OK
20190419,3665,貿聯-KY,1133870,205.00,206.50,200.50,202.50,yearly_2019.zip,0.7955286156,163.083366,164.276659,159.503487,161.094545,OK
20190422,3665,貿聯-KY,1294396,201.50,204.00,198.50,199.00,yearly_2019.zip,0.7955286156,160.299016,162.287838,157.912430,158.310195,OK
20190423,3665,貿聯-KY,2155739,198.50,198.50,194.00,197.00,yearly_2019.zip,0.7955286156,157.912430,157.912430,154.332551,156.719137,OK
20190424,3665,貿聯-KY,1375578,198.50,202.00,198.00,200.50,yearly_2019.zip,0.7955286156,157.912430,160.696780,157.514666,159.503487,OK
20190425,3665,貿聯-KY,2796596,201.50,202.50,199.00,202.00,yearly_2019.zip,0.7955286156,160.299016,161.094545,158.310195,160.696780,OK
20190426,3665,貿聯-KY,1116072,200.00,202.00,197.50,199.50,yearly_2019.zip,0.7955286156,159.105723,160.696780,157.116902,158.707959,OK
20190429,3665,貿聯-KY,926429,197.00,200.00,195.50,196.00,yearly_2019.zip,0.7955286156,156.719137,159.105723,155.525844,155.923609,OK
20190430,3665,貿聯-KY,827555,199.00,199.50,195.50,199.00,yearly_2019.zip,0.7955286156,158.310195,158.707959,155.525844,158.310195,OK
20190502,3665,貿聯-KY,1327295,202.00,203.00,199.50,201.50,yearly_2019.zip,0.7955286156,160.696780,161.492309,158.707959,160.299016,OK
20190503,3665,貿聯-KY,1515633,204.00,208.00,203.50,206.50,yearly_2019.zip,0.7955286156,162.287838,165.469952,161.890073,164.276659,OK
20190506,3665,貿聯-KY,1187956,200.00,205.00,200.00,204.00,yearly_2019.zip,0.7955286156,159.105723,163.083366,159.105723,162.287838,OK
20190507,3665,貿聯-KY,4404779,210.00,214.50,207.00,207.00,yearly_2019.zip,0.7955286156,167.061009,170.640888,164.674423,164.674423,OK
20190508,3665,貿聯-KY,1678582,202.50,211.00,202.50,210.50,yearly_2019.zip,0.7955286156,161.094545,167.856538,161.094545,167.458774,OK
20190509,3665,貿聯-KY,2865559,212.00,216.00,207.50,211.50,yearly_2019.zip,0.7955286156,168.652067,171.834181,165.072188,168.254302,OK
20190510,3665,貿聯-KY,3644334,215.50,218.00,202.00,207.50,yearly_2019.zip,0.7955286156,171.436417,173.425238,160.696780,165.072188,OK
20190513,3665,貿聯-KY,4519334,209.50,217.00,208.00,210.00,yearly_2019.zip,0.7955286156,166.663245,172.629710,165.469952,167.061009,OK
20190514,3665,貿聯-KY,2452395,207.50,218.00,205.00,218.00,yearly_2019.zip,0.7955286156,165.072188,173.425238,163.083366,173.425238,OK
20190515,3665,貿聯-KY,2062285,217.00,218.50,213.50,216.00,yearly_2019.zip,0.7955286156,172.629710,173.823003,169.845359,171.834181,OK
20190516,3665,貿聯-KY,1824984,217.00,218.00,212.00,212.00,yearly_2019.zip,0.7955286156,172.629710,173.425238,168.652067,168.652067,OK
20190517,3665,貿聯-KY,1118443,215.50,216.50,208.00,208.00,yearly_2019.zip,0.7955286156,171.436417,172.231945,165.469952,165.469952,OK
20190520,3665,貿聯-KY,3367456,206.00,206.50,188.00,190.50,yearly_2019.zip,0.7955286156,163.878895,164.276659,149.559380,151.548201,OK
20190521,3665,貿聯-KY,2089973,185.50,199.00,183.50,198.00,yearly_2019.zip,0.7955286156,147.570558,158.310195,145.979501,157.514666,OK
20190522,3665,貿聯-KY,950182,196.00,200.00,194.00,194.50,yearly_2019.zip,0.7955286156,155.923609,159.105723,154.332551,154.730316,OK
20190523,3665,貿聯-KY,989639,190.00,194.00,187.00,194.00,yearly_2019.zip,0.7955286156,151.150437,154.332551,148.763851,154.332551,OK
20190524,3665,貿聯-KY,2264237,196.50,203.50,195.50,198.00,yearly_2019.zip,0.7955286156,156.321373,161.890073,155.525844,157.514666,OK
20190527,3665,貿聯-KY,819466,199.00,199.50,194.50,195.00,yearly_2019.zip,0.7955286156,158.310195,158.707959,154.730316,155.128080,OK
20190528,3665,貿聯-KY,653370,196.00,198.00,193.50,198.00,yearly_2019.zip,0.7955286156,155.923609,157.514666,153.934787,157.514666,OK
20190529,3665,貿聯-KY,400581,195.00,197.00,194.00,194.50,yearly_2019.zip,0.7955286156,155.128080,156.719137,154.332551,154.730316,OK
20190530,3665,貿聯-KY,582064,195.00,197.50,193.00,193.50,yearly_2019.zip,0.7955286156,155.128080,157.116902,153.537023,153.934787,OK
20190531,3665,貿聯-KY,622940,192.00,197.50,192.00,195.50,yearly_2019.zip,0.7955286156,152.741494,157.116902,152.741494,155.525844,OK
20190603,3665,貿聯-KY,320166,195.00,196.50,193.00,195.00,yearly_2019.zip,0.7955286156,155.128080,156.321373,153.537023,155.128080,OK
20190604,3665,貿聯-KY,686216,195.00,198.00,194.00,195.00,yearly_2019.zip,0.7955286156,155.128080,157.514666,154.332551,155.128080,OK
20190605,3665,貿聯-KY,794345,200.50,200.50,194.50,194.50,yearly_2019.zip,0.7955286156,159.503487,159.503487,154.730316,154.730316,OK
20190606,3665,貿聯-KY,935259,194.50,196.50,189.00,190.00,yearly_2019.zip,0.7955286156,154.730316,156.321373,150.354908,151.150437,OK
20190610,3665,貿聯-KY,785853,194.50,198.00,194.00,198.00,yearly_2019.zip,0.7955286156,154.730316,157.514666,154.332551,157.514666,OK
20190611,3665,貿聯-KY,915344,199.50,201.50,198.00,201.00,yearly_2019.zip,0.7955286156,158.707959,160.299016,157.514666,159.901252,OK
20190612,3665,貿聯-KY,1756665,201.00,210.00,201.00,208.50,yearly_2019.zip,0.7955286156,159.901252,167.061009,159.901252,165.867716,OK
20190613,3665,貿聯-KY,731742,206.50,209.50,205.50,208.50,yearly_2019.zip,0.7955286156,164.276659,166.663245,163.481131,165.867716,OK
20190614,3665,貿聯-KY,857047,210.00,212.00,209.50,210.00,yearly_2019.zip,0.7955286156,167.061009,168.652067,166.663245,167.061009,OK
20190617,3665,貿聯-KY,614686,210.00,212.50,206.50,207.50,yearly_2019.zip,0.7955286156,167.061009,169.049831,164.276659,165.072188,OK
20190618,3665,貿聯-KY,458810,209.50,210.00,208.50,209.00,yearly_2019.zip,0.7955286156,166.663245,167.061009,165.867716,166.265481,OK
20190619,3665,貿聯-KY,766542,212.00,213.00,210.00,212.00,yearly_2019.zip,0.7955286156,168.652067,169.447595,167.061009,168.652067,OK
20190620,3665,貿聯-KY,580557,212.00,213.50,211.50,213.50,yearly_2019.zip,0.7955286156,168.652067,169.845359,168.254302,169.845359,OK
20190621,3665,貿聯-KY,577592,215.00,216.00,212.00,214.50,yearly_2019.zip,0.7955286156,171.038652,171.834181,168.652067,170.640888,OK
20190624,3665,貿聯-KY,385108,213.00,214.50,211.00,212.00,yearly_2019.zip,0.7955286156,169.447595,170.640888,167.856538,168.652067,OK
20190625,3665,貿聯-KY,470147,211.50,213.50,211.00,212.50,yearly_2019.zip,0.7955286156,168.254302,169.845359,167.856538,169.049831,OK
20190626,3665,貿聯-KY,775958,212.50,217.50,212.00,217.00,yearly_2019.zip,0.7955286156,169.049831,173.027474,168.652067,172.629710,OK
20190627,3665,貿聯-KY,555750,218.00,219.00,215.00,215.50,yearly_2019.zip,0.7955286156,173.425238,174.220767,171.038652,171.436417,OK
20190628,3665,貿聯-KY,399814,214.00,217.00,214.00,215.00,yearly_2019.zip,0.7955286156,170.243124,172.629710,170.243124,171.038652,OK
20190701,3665,貿聯-KY,2460524,218.50,228.00,217.00,227.00,yearly_2019.zip,0.7955286156,173.823003,181.380524,172.629710,180.584996,OK
20190702,3665,貿聯-KY,1377337,227.00,234.00,224.50,231.00,yearly_2019.zip,0.7955286156,180.584996,186.153696,178.596174,183.767110,OK
20190703,3665,貿聯-KY,3608224,235.00,242.00,232.50,238.50,yearly_2019.zip,0.7955286156,186.949225,192.517925,184.960403,189.733575,OK
20190704,3665,貿聯-KY,1752527,241.50,243.00,235.50,238.50,yearly_2019.zip,0.7955286156,192.120161,193.313454,187.346989,189.733575,OK
20190705,3665,貿聯-KY,762963,237.00,237.00,233.00,234.50,yearly_2019.zip,0.7955286156,188.540282,188.540282,185.358167,186.551460,OK
20190708,3665,貿聯-KY,623442,235.00,237.50,232.50,235.00,yearly_2019.zip,0.7955286156,186.949225,188.938046,184.960403,186.949225,OK
20190709,3665,貿聯-KY,703341,235.00,235.00,230.00,234.00,yearly_2019.zip,0.7955286156,186.949225,186.949225,182.971582,186.153696,OK
20190710,3665,貿聯-KY,1297052,235.00,238.00,234.00,235.00,yearly_2019.zip,0.7955286156,186.949225,189.335811,186.153696,186.949225,OK
20190711,3665,貿聯-KY,1054677,237.50,243.00,236.00,240.50,yearly_2019.zip,0.7955286156,188.938046,193.313454,187.744753,191.324632,OK
20190712,3665,貿聯-KY,564114,242.50,242.50,237.50,239.50,yearly_2019.zip,0.7955286156,192.915689,192.915689,188.938046,190.529103,OK
20190715,3665,貿聯-KY,679160,241.00,241.00,234.50,235.00,yearly_2019.zip,0.7955286156,191.722396,191.722396,186.551460,186.949225,OK
20190716,3665,貿聯-KY,1235698,238.00,241.00,235.00,238.00,yearly_2019.zip,0.7955286156,189.335811,191.722396,186.949225,189.335811,OK
20190717,3665,貿聯-KY,908585,238.50,239.00,232.00,233.50,yearly_2019.zip,0.7955286156,189.733575,190.131339,184.562639,185.755932,OK
20190718,3665,貿聯-KY,844514,234.00,236.00,230.00,232.00,yearly_2019.zip,0.7955286156,186.153696,187.744753,182.971582,184.562639,OK
20190719,3665,貿聯-KY,719994,235.00,237.00,233.00,236.50,yearly_2019.zip,0.7955286156,186.949225,188.540282,185.358167,188.142518,OK
20190722,3665,貿聯-KY,1042088,236.50,238.00,232.50,233.00,yearly_2019.zip,0.7955286156,188.142518,189.335811,184.960403,185.358167,OK
20190723,3665,貿聯-KY,1416355,234.50,238.00,231.00,233.50,yearly_2019.zip,0.7955286156,186.551460,189.335811,183.767110,185.755932,OK
20190724,3665,貿聯-KY,2109562,235.50,244.00,234.00,243.50,yearly_2019.zip,0.7955286156,187.346989,194.108982,186.153696,193.711218,OK
20190725,3665,貿聯-KY,2453486,236.00,238.50,233.50,236.00,yearly_2019.zip,0.7955286156,187.744753,189.733575,185.755932,187.744753,OK
20190726,3665,貿聯-KY,2136692,233.50,244.50,231.00,244.50,yearly_2019.zip,0.7955286156,185.755932,194.506747,183.767110,194.506747,OK
20190729,3665,貿聯-KY,1440226,247.00,249.00,239.50,241.50,yearly_2019.zip,0.7955286156,196.495568,198.086625,190.529103,192.120161,OK
20190730,3665,貿聯-KY,942937,241.50,243.00,235.00,236.50,yearly_2019.zip,0.7955286156,192.120161,193.313454,186.949225,188.142518,OK
20190731,3665,貿聯-KY,578344,239.00,240.00,236.50,239.00,yearly_2019.zip,0.7955286156,190.131339,190.926868,188.142518,190.131339,OK
20190801,3665,貿聯-KY,1870234,241.00,248.00,238.50,248.00,yearly_2019.zip,0.7955286156,191.722396,197.291097,189.733575,197.291097,OK
20190802,3665,貿聯-KY,2634474,232.00,232.00,222.00,227.50,yearly_2019.zip,0.8203372003,190.318230,190.318230,182.114858,186.626713,OK
20190805,3665,貿聯-KY,1615941,228.50,235.00,221.00,221.00,yearly_2019.zip,0.8203372003,187.447050,192.779242,181.294521,181.294521,OK
20190806,3665,貿聯-KY,1890821,209.00,220.00,209.00,218.50,yearly_2019.zip,0.8203372003,171.450475,180.474184,171.450475,179.243678,OK
20190807,3665,貿聯-KY,690566,222.50,224.00,218.50,220.00,yearly_2019.zip,0.8203372003,182.525027,183.755533,179.243678,180.474184,OK
20190808,3665,貿聯-KY,1031644,220.00,223.50,217.00,219.50,yearly_2019.zip,0.8203372003,180.474184,183.345364,178.013172,180.064015,OK
20190812,3665,貿聯-KY,2237691,219.50,230.50,219.50,228.50,yearly_2019.zip,0.8203372003,180.064015,189.087725,180.064015,187.447050,OK
20190813,3665,貿聯-KY,3085936,227.50,227.50,216.50,217.50,yearly_2019.zip,0.8203372003,186.626713,186.626713,177.603004,178.423341,OK
20190814,3665,貿聯-KY,4903711,220.50,222.00,205.00,205.00,yearly_2019.zip,0.8203372003,180.884353,182.114858,168.169126,168.169126,OK
20190815,3665,貿聯-KY,2420118,199.00,203.50,197.50,199.00,yearly_2019.zip,0.8203372003,163.247103,166.938620,162.016597,163.247103,OK
20190816,3665,貿聯-KY,2696947,202.00,209.00,200.50,208.50,yearly_2019.zip,0.8203372003,165.708114,171.450475,164.477609,171.040306,OK
20190819,3665,貿聯-KY,1798540,208.50,213.50,205.00,212.00,yearly_2019.zip,0.8203372003,171.040306,175.141992,168.169126,173.911486,OK
20190820,3665,貿聯-KY,1562849,212.00,214.50,211.00,214.50,yearly_2019.zip,0.8203372003,173.911486,175.962329,173.091149,175.962329,OK
20190821,3665,貿聯-KY,2020720,214.00,219.50,213.00,219.50,yearly_2019.zip,0.8203372003,175.552161,180.064015,174.731824,180.064015,OK
20190822,3665,貿聯-KY,1073720,219.50,222.00,219.00,220.50,yearly_2019.zip,0.8203372003,180.064015,182.114858,179.653847,180.884353,OK
20190823,3665,貿聯-KY,1002214,220.50,221.00,215.00,216.50,yearly_2019.zip,0.8203372003,180.884353,181.294521,176.372498,177.603004,OK
20190826,3665,貿聯-KY,827391,210.00,213.50,208.00,210.00,yearly_2019.zip,0.8203372003,172.270812,175.141992,170.630138,172.270812,OK
20190827,3665,貿聯-KY,675382,213.00,215.00,210.00,210.00,yearly_2019.zip,0.8203372003,174.731824,176.372498,172.270812,172.270812,OK
20190828,3665,貿聯-KY,313306,212.00,214.00,212.00,213.50,yearly_2019.zip,0.8203372003,173.911486,175.552161,173.911486,175.141992,OK
20190829,3665,貿聯-KY,748417,215.00,217.50,214.00,214.50,yearly_2019.zip,0.8203372003,176.372498,178.423341,175.552161,175.962329,OK
20190830,3665,貿聯-KY,736595,218.00,218.50,215.00,215.50,yearly_2019.zip,0.8203372003,178.833510,179.243678,176.372498,176.782667,OK
20190902,3665,貿聯-KY,1217803,217.50,222.50,217.00,222.50,yearly_2019.zip,0.8203372003,178.423341,182.525027,178.013172,182.525027,OK
20190903,3665,貿聯-KY,1251736,222.50,225.50,221.00,222.50,yearly_2019.zip,0.8203372003,182.525027,184.986039,181.294521,182.525027,OK
20190904,3665,貿聯-KY,762925,224.50,225.00,222.50,224.00,yearly_2019.zip,0.8203372003,184.165701,184.575870,182.525027,183.755533,OK
20190905,3665,貿聯-KY,695355,225.50,225.50,221.50,221.50,yearly_2019.zip,0.8203372003,184.986039,184.986039,181.704690,181.704690,OK
20190906,3665,貿聯-KY,2888982,220.50,220.50,209.00,211.00,yearly_2019.zip,0.8203372003,180.884353,180.884353,171.450475,173.091149,OK
20190909,3665,貿聯-KY,1278345,214.00,214.50,208.00,211.00,yearly_2019.zip,0.8203372003,175.552161,175.962329,170.630138,173.091149,OK
20190910,3665,貿聯-KY,1722441,213.50,216.50,212.00,216.00,yearly_2019.zip,0.8203372003,175.141992,177.603004,173.911486,177.192835,OK
20190911,3665,貿聯-KY,3463983,219.50,227.00,217.00,227.00,yearly_2019.zip,0.8203372003,180.064015,186.216544,178.013172,186.216544,OK
20190912,3665,貿聯-KY,1722070,229.00,230.00,223.00,224.50,yearly_2019.zip,0.8203372003,187.857219,188.677556,182.935196,184.165701,OK
20190916,3665,貿聯-KY,1470726,224.50,224.50,219.00,220.00,yearly_2019.zip,0.8203372003,184.165701,184.165701,179.653847,180.474184,OK
20190917,3665,貿聯-KY,835331,221.00,222.50,217.50,218.00,yearly_2019.zip,0.8203372003,181.294521,182.525027,178.423341,178.833510,OK
20190918,3665,貿聯-KY,663316,218.50,221.50,218.00,219.00,yearly_2019.zip,0.8203372003,179.243678,181.704690,178.833510,179.653847,OK
20190919,3665,貿聯-KY,393697,218.50,220.50,218.00,219.50,yearly_2019.zip,0.8203372003,179.243678,180.884353,178.833510,180.064015,OK
20190920,3665,貿聯-KY,678984,221.00,222.50,220.00,221.00,yearly_2019.zip,0.8203372003,181.294521,182.525027,180.474184,181.294521,OK
20190923,3665,貿聯-KY,559331,222.00,224.00,220.00,220.00,yearly_2019.zip,0.8203372003,182.114858,183.755533,180.474184,180.474184,OK
20190924,3665,貿聯-KY,815315,220.50,224.00,220.50,222.50,yearly_2019.zip,0.8203372003,180.884353,183.755533,180.884353,182.525027,OK
20190925,3665,貿聯-KY,1466140,219.00,219.00,214.50,215.50,yearly_2019.zip,0.8203372003,179.653847,179.653847,175.962329,176.782667,OK
20190926,3665,貿聯-KY,1013448,217.50,218.00,211.00,212.50,yearly_2019.zip,0.8203372003,178.423341,178.833510,173.091149,174.321655,OK
20190927,3665,貿聯-KY,1563606,217.00,218.50,212.00,214.50,yearly_2019.zip,0.8203372003,178.013172,179.243678,173.911486,175.962329,OK
20191001,3665,貿聯-KY,1070698,215.50,216.00,211.00,211.50,yearly_2019.zip,0.8203372003,176.782667,177.192835,173.091149,173.501318,OK
20191002,3665,貿聯-KY,2621140,210.00,213.00,206.50,208.00,yearly_2019.zip,0.8203372003,172.270812,174.731824,169.399632,170.630138,OK
20191003,3665,貿聯-KY,1234380,206.00,210.00,205.00,208.00,yearly_2019.zip,0.8203372003,168.989463,172.270812,168.169126,170.630138,OK
20191004,3665,貿聯-KY,1905960,208.00,209.50,203.00,206.50,yearly_2019.zip,0.8203372003,170.630138,171.860643,166.528452,169.399632,OK
20191007,3665,貿聯-KY,1326357,209.00,211.00,208.50,210.00,yearly_2019.zip,0.8203372003,171.450475,173.091149,171.040306,172.270812,OK
20191008,3665,貿聯-KY,678354,211.50,212.00,208.50,208.50,yearly_2019.zip,0.8203372003,173.501318,173.911486,171.040306,171.040306,OK
20191009,3665,貿聯-KY,1030055,207.50,210.00,205.00,205.50,yearly_2019.zip,0.8203372003,170.219969,172.270812,168.169126,168.579295,OK
20191014,3665,貿聯-KY,944543,208.00,209.00,206.50,209.00,yearly_2019.zip,0.8203372003,170.630138,171.450475,169.399632,171.450475,OK
20191015,3665,貿聯-KY,1121110,211.00,212.50,210.00,211.00,yearly_2019.zip,0.8203372003,173.091149,174.321655,172.270812,173.091149,OK
20191016,3665,貿聯-KY,1349286,212.00,214.00,206.00,206.00,yearly_2019.zip,0.8203372003,173.911486,175.552161,168.989463,168.989463,OK
20191017,3665,貿聯-KY,765532,207.00,209.00,206.50,208.00,yearly_2019.zip,0.8203372003,169.809800,171.450475,169.399632,170.630138,OK
20191018,3665,貿聯-KY,883782,209.50,209.50,206.50,207.00,yearly_2019.zip,0.8203372003,171.860643,171.860643,169.399632,169.809800,OK
20191021,3665,貿聯-KY,858000,207.00,207.50,205.00,205.00,yearly_2019.zip,0.8203372003,169.809800,170.219969,168.169126,168.169126,OK
20191022,3665,貿聯-KY,1051470,206.50,207.50,204.00,206.50,yearly_2019.zip,0.8203372003,169.399632,170.219969,167.348789,169.399632,OK
20191023,3665,貿聯-KY,2761115,207.50,213.00,207.00,212.00,yearly_2019.zip,0.8203372003,170.219969,174.731824,169.809800,173.911486,OK
20191024,3665,貿聯-KY,6865950,223.00,224.00,216.00,218.00,yearly_2019.zip,0.8203372003,182.935196,183.755533,177.192835,178.833510,OK
20191025,3665,貿聯-KY,2335266,219.00,219.00,213.00,213.00,yearly_2019.zip,0.8203372003,179.653847,179.653847,174.731824,174.731824,OK
20191028,3665,貿聯-KY,1419767,215.50,216.00,212.00,212.50,yearly_2019.zip,0.8203372003,176.782667,177.192835,173.911486,174.321655,OK
20191029,3665,貿聯-KY,1650742,214.00,216.50,212.00,213.00,yearly_2019.zip,0.8203372003,175.552161,177.603004,173.911486,174.731824,OK
20191030,3665,貿聯-KY,1219533,212.50,213.00,210.00,211.00,yearly_2019.zip,0.8203372003,174.321655,174.731824,172.270812,173.091149,OK
20191031,3665,貿聯-KY,1312374,212.00,213.00,207.50,207.50,yearly_2019.zip,0.8203372003,173.911486,174.731824,170.219969,170.219969,OK
20191101,3665,貿聯-KY,998630,208.50,211.00,207.50,208.50,yearly_2019.zip,0.8203372003,171.040306,173.091149,170.219969,171.040306,OK
20191104,3665,貿聯-KY,702723,209.00,210.00,208.50,209.00,yearly_2019.zip,0.8203372003,171.450475,172.270812,171.040306,171.450475,OK
20191105,3665,貿聯-KY,1451553,210.00,214.00,210.00,212.00,yearly_2019.zip,0.8203372003,172.270812,175.552161,172.270812,173.911486,OK
20191106,3665,貿聯-KY,1598666,214.00,215.00,210.00,211.00,yearly_2019.zip,0.8203372003,175.552161,176.372498,172.270812,173.091149,OK
20191107,3665,貿聯-KY,1000600,211.00,213.00,210.00,211.00,yearly_2019.zip,0.8203372003,173.091149,174.731824,172.270812,173.091149,OK
20191108,3665,貿聯-KY,1558073,213.00,215.00,211.50,215.00,yearly_2019.zip,0.8203372003,174.731824,176.372498,173.501318,176.372498,OK
20191111,3665,貿聯-KY,1837548,216.50,216.50,208.00,208.00,yearly_2019.zip,0.8203372003,177.603004,177.603004,170.630138,170.630138,OK
20191112,3665,貿聯-KY,604285,209.50,212.00,209.50,210.00,yearly_2019.zip,0.8203372003,171.860643,173.911486,171.860643,172.270812,OK
20191113,3665,貿聯-KY,1043057,210.00,213.50,208.50,212.00,yearly_2019.zip,0.8203372003,172.270812,175.141992,171.040306,173.911486,OK
20191114,3665,貿聯-KY,3386148,214.50,217.00,213.00,215.00,yearly_2019.zip,0.8203372003,175.962329,178.013172,174.731824,176.372498,OK
20191115,3665,貿聯-KY,5380028,217.00,223.00,215.50,222.50,yearly_2019.zip,0.8203372003,178.013172,182.935196,176.782667,182.525027,OK
20191118,3665,貿聯-KY,4202786,226.00,227.00,220.00,222.00,yearly_2019.zip,0.8203372003,185.396207,186.216544,180.474184,182.114858,OK
20191119,3665,貿聯-KY,4458064,221.00,229.00,220.50,228.00,yearly_2019.zip,0.8203372003,181.294521,187.857219,180.884353,187.036882,OK
20191120,3665,貿聯-KY,4001628,228.50,230.00,225.50,227.00,yearly_2019.zip,0.8203372003,187.447050,188.677556,184.986039,186.216544,OK
20191121,3665,貿聯-KY,2641301,224.50,225.50,222.00,224.50,yearly_2019.zip,0.8203372003,184.165701,184.986039,182.114858,184.165701,OK
20191122,3665,貿聯-KY,2245763,226.00,227.00,222.50,223.00,yearly_2019.zip,0.8203372003,185.396207,186.216544,182.525027,182.935196,OK
20191125,3665,貿聯-KY,2897049,222.00,223.00,218.00,218.00,yearly_2019.zip,0.8203372003,182.114858,182.935196,178.833510,178.833510,OK
20191126,3665,貿聯-KY,1920121,219.50,223.00,219.50,223.00,yearly_2019.zip,0.8203372003,180.064015,182.935196,180.064015,182.935196,OK
20191127,3665,貿聯-KY,2247129,223.00,225.50,222.50,225.50,yearly_2019.zip,0.8203372003,182.935196,184.986039,182.525027,184.986039,OK
20191128,3665,貿聯-KY,3375607,226.50,230.50,226.00,226.00,yearly_2019.zip,0.8203372003,185.806376,189.087725,185.396207,185.396207,OK
20191129,3665,貿聯-KY,3161612,228.00,230.50,226.50,227.50,yearly_2019.zip,0.8203372003,187.036882,189.087725,185.806376,186.626713,OK
20191202,3665,貿聯-KY,2987515,228.50,229.00,219.50,221.00,yearly_2019.zip,0.8203372003,187.447050,187.857219,180.064015,181.294521,OK
20191203,3665,貿聯-KY,2137799,222.00,225.00,221.50,223.00,yearly_2019.zip,0.8203372003,182.114858,184.575870,181.704690,182.935196,OK
20191204,3665,貿聯-KY,2322719,223.00,224.00,219.50,221.50,yearly_2019.zip,0.8203372003,182.935196,183.755533,180.064015,181.704690,OK
20191205,3665,貿聯-KY,1308586,223.00,224.00,222.00,222.50,yearly_2019.zip,0.8203372003,182.935196,183.755533,182.114858,182.525027,OK
20191206,3665,貿聯-KY,3652535,220.50,222.00,217.50,217.50,yearly_2019.zip,0.8203372003,180.884353,182.114858,178.423341,178.423341,OK
20191209,3665,貿聯-KY,5169470,214.50,215.50,212.00,213.00,yearly_2019.zip,0.8203372003,175.962329,176.782667,173.911486,174.731824,OK
20191210,3665,貿聯-KY,2771300,213.00,215.00,210.00,211.50,yearly_2019.zip,0.8203372003,174.731824,176.372498,172.270812,173.501318,OK
20191211,3665,貿聯-KY,2995860,212.00,212.00,208.50,208.50,yearly_2019.zip,0.8203372003,173.911486,173.911486,171.040306,171.040306,OK
20191212,3665,貿聯-KY,2644242,208.50,213.00,208.50,209.00,yearly_2019.zip,0.8203372003,171.040306,174.731824,171.040306,171.450475,OK
20191213,3665,貿聯-KY,2420778,210.00,211.50,207.00,207.00,yearly_2019.zip,0.8203372003,172.270812,173.501318,169.809800,169.809800,OK
20191216,3665,貿聯-KY,1498298,208.00,211.50,208.00,210.50,yearly_2019.zip,0.8203372003,170.630138,173.501318,170.630138,172.680981,OK
20191217,3665,貿聯-KY,3958190,213.00,216.00,212.50,213.50,yearly_2019.zip,0.8203372003,174.731824,177.192835,174.321655,175.141992,OK
20191218,3665,貿聯-KY,1775108,214.00,215.50,212.50,213.50,yearly_2019.zip,0.8203372003,175.552161,176.782667,174.321655,175.141992,OK
20191219,3665,貿聯-KY,2297696,215.50,217.50,214.50,215.50,yearly_2019.zip,0.8203372003,176.782667,178.423341,175.962329,176.782667,OK
20191220,3665,貿聯-KY,1881321,216.50,218.00,215.00,215.50,yearly_2019.zip,0.8203372003,177.603004,178.833510,176.372498,176.782667,OK
20191223,3665,貿聯-KY,886476,217.00,217.50,214.50,214.50,yearly_2019.zip,0.8203372003,178.013172,178.423341,175.962329,175.962329,OK
20191224,3665,貿聯-KY,3320141,215.50,219.50,214.00,217.00,yearly_2019.zip,0.8203372003,176.782667,180.064015,175.552161,178.013172,OK
20191225,3665,貿聯-KY,7219394,221.00,228.00,220.50,224.50,yearly_2019.zip,0.8203372003,181.294521,187.036882,180.884353,184.165701,OK
20191226,3665,貿聯-KY,3071309,226.00,227.00,221.00,222.00,yearly_2019.zip,0.8203372003,185.396207,186.216544,181.294521,182.114858,OK
20191227,3665,貿聯-KY,2550677,223.50,227.50,222.00,226.00,yearly_2019.zip,0.8203372003,183.345364,186.626713,182.114858,185.396207,OK
20191230,3665,貿聯-KY,2722823,228.00,229.00,224.50,224.50,yearly_2019.zip,0.8203372003,187.036882,187.857219,184.165701,184.165701,OK
20191231,3665,貿聯-KY,1723720,224.00,227.00,223.00,225.50,yearly_2019.zip,0.8203372003,183.755533,186.216544,182.935196,184.986039,OK
20200102,3665,貿聯-KY,5900468,228.00,235.00,226.50,227.50,yearly_2020.zip,0.8203372003,187.036882,192.779242,185.806376,186.626713,OK
20200103,3665,貿聯-KY,4408809,231.00,232.50,223.00,224.00,yearly_2020.zip,0.8203372003,189.497893,190.728399,182.935196,183.755533,OK
20200106,3665,貿聯-KY,2503473,223.00,228.50,223.00,224.50,yearly_2020.zip,0.8203372003,182.935196,187.447050,182.935196,184.165701,OK
20200107,3665,貿聯-KY,5073556,227.00,232.00,225.00,231.00,yearly_2020.zip,0.8203372003,186.216544,190.318230,184.575870,189.497893,OK
20200108,3665,貿聯-KY,8954460,231.00,240.00,229.00,237.00,yearly_2020.zip,0.8203372003,189.497893,196.880928,187.857219,194.419916,OK
20200109,3665,貿聯-KY,5691749,242.00,244.50,234.00,235.00,yearly_2020.zip,0.8203372003,198.521602,200.572445,191.958905,192.779242,OK
20200110,3665,貿聯-KY,2586639,235.00,237.00,232.50,235.50,yearly_2020.zip,0.8203372003,192.779242,194.419916,190.728399,193.189411,OK
20200113,3665,貿聯-KY,2958471,238.50,240.00,236.50,238.00,yearly_2020.zip,0.8203372003,195.650422,196.880928,194.009748,195.240254,OK
20200114,3665,貿聯-KY,4205379,243.00,245.00,237.00,237.00,yearly_2020.zip,0.8203372003,199.341940,200.982614,194.419916,194.419916,OK
20200115,3665,貿聯-KY,3043771,238.50,240.50,234.50,235.00,yearly_2020.zip,0.8203372003,195.650422,197.291097,192.369073,192.779242,OK
20200116,3665,貿聯-KY,2453733,235.00,236.50,232.00,234.50,yearly_2020.zip,0.8203372003,192.779242,194.009748,190.318230,192.369073,OK
20200117,3665,貿聯-KY,1513415,236.00,237.50,233.50,234.00,yearly_2020.zip,0.8203372003,193.599579,194.830085,191.548736,191.958905,OK
20200120,3665,貿聯-KY,1747016,234.50,235.00,231.50,232.00,yearly_2020.zip,0.8203372003,192.369073,192.779242,189.908062,190.318230,OK
20200130,3665,貿聯-KY,3904640,221.00,227.00,220.00,222.00,yearly_2020.zip,0.8203372003,181.294521,186.216544,180.474184,182.114858,OK
20200131,3665,貿聯-KY,2378523,229.00,229.00,222.00,224.00,yearly_2020.zip,0.8203372003,187.857219,187.857219,182.114858,183.755533,OK
20200203,3665,貿聯-KY,2381580,218.50,220.00,212.00,219.00,yearly_2020.zip,0.8203372003,179.243678,180.474184,173.911486,179.653847,OK
20200204,3665,貿聯-KY,3810712,226.00,228.00,223.50,223.50,yearly_2020.zip,0.8203372003,185.396207,187.036882,183.345364,183.345364,OK
20200205,3665,貿聯-KY,3452952,227.00,228.50,223.00,225.00,yearly_2020.zip,0.8203372003,186.216544,187.447050,182.935196,184.575870,OK
20200206,3665,貿聯-KY,4317066,224.50,225.00,218.50,220.00,yearly_2020.zip,0.8203372003,184.165701,184.575870,179.243678,180.474184,OK
20200207,3665,貿聯-KY,4904610,217.00,219.00,209.00,209.50,yearly_2020.zip,0.8203372003,178.013172,179.653847,171.450475,171.860643,OK
20200210,3665,貿聯-KY,3161342,203.50,208.50,200.50,205.00,yearly_2020.zip,0.8203372003,166.938620,171.040306,164.477609,168.169126,OK
20200211,3665,貿聯-KY,2191413,208.50,209.50,206.00,206.50,yearly_2020.zip,0.8203372003,171.040306,171.860643,168.989463,169.399632,OK
20200212,3665,貿聯-KY,2281675,207.50,214.50,207.50,214.50,yearly_2020.zip,0.8203372003,170.219969,175.962329,170.219969,175.962329,OK
20200213,3665,貿聯-KY,2389080,215.00,215.50,209.50,209.50,yearly_2020.zip,0.8203372003,176.372498,176.782667,171.860643,171.860643,OK
20200214,3665,貿聯-KY,1630995,210.50,215.00,210.50,215.00,yearly_2020.zip,0.8203372003,172.680981,176.372498,172.680981,176.372498,OK
20200217,3665,貿聯-KY,1111464,213.00,213.00,211.00,212.50,yearly_2020.zip,0.8203372003,174.731824,174.731824,173.091149,174.321655,OK
20200218,3665,貿聯-KY,1532293,213.00,216.00,211.00,211.00,yearly_2020.zip,0.8203372003,174.731824,177.192835,173.091149,173.091149,OK
20200219,3665,貿聯-KY,1569150,215.00,215.50,213.00,214.50,yearly_2020.zip,0.8203372003,176.372498,176.782667,174.731824,175.962329,OK
20200220,3665,貿聯-KY,1843245,217.00,218.50,214.50,215.00,yearly_2020.zip,0.8203372003,178.013172,179.243678,175.962329,176.372498,OK
20200221,3665,貿聯-KY,1511570,215.50,216.00,211.00,211.00,yearly_2020.zip,0.8203372003,176.782667,177.192835,173.091149,173.091149,OK
20200224,3665,貿聯-KY,1204551,208.00,209.50,205.00,208.50,yearly_2020.zip,0.8203372003,170.630138,171.860643,168.169126,171.040306,OK
20200225,3665,貿聯-KY,1226282,205.00,209.00,204.50,207.50,yearly_2020.zip,0.8203372003,168.169126,171.450475,167.758957,170.219969,OK
20200226,3665,貿聯-KY,1856073,205.50,207.50,203.00,204.00,yearly_2020.zip,0.8203372003,168.579295,170.219969,166.528452,167.348789,OK
20200227,3665,貿聯-KY,4494270,205.00,206.00,191.00,191.50,yearly_2020.zip,0.8203372003,168.169126,168.989463,156.684405,157.094574,OK
20200302,3665,貿聯-KY,2731857,185.00,194.00,181.50,189.00,yearly_2020.zip,0.8203372003,151.762382,159.145417,148.891202,155.043731,OK
20200303,3665,貿聯-KY,1506834,195.00,195.50,192.00,193.50,yearly_2020.zip,0.8203372003,159.965754,160.375923,157.504742,158.735248,OK
20200304,3665,貿聯-KY,1112688,192.50,193.50,189.00,192.00,yearly_2020.zip,0.8203372003,157.914911,158.735248,155.043731,157.504742,OK
20200305,3665,貿聯-KY,1173845,195.50,197.00,194.00,196.50,yearly_2020.zip,0.8203372003,160.375923,161.606428,159.145417,161.196260,OK
20200306,3665,貿聯-KY,663215,195.00,196.50,193.50,195.50,yearly_2020.zip,0.8203372003,159.965754,161.196260,158.735248,160.375923,OK
20200309,3665,貿聯-KY,1902778,191.50,193.00,183.50,183.50,yearly_2020.zip,0.8203372003,157.094574,158.325080,150.531876,150.531876,OK
20200310,3665,貿聯-KY,1849798,178.00,189.00,178.00,187.50,yearly_2020.zip,0.8203372003,146.020022,155.043731,146.020022,153.813225,OK
20200311,3665,貿聯-KY,1494817,190.50,193.00,186.50,188.00,yearly_2020.zip,0.8203372003,156.274237,158.325080,152.992888,154.223394,OK
20200312,3665,貿聯-KY,2873825,187.00,187.00,172.50,175.00,yearly_2020.zip,0.8203372003,153.403056,153.403056,141.508167,143.559010,OK
20200313,3665,貿聯-KY,5202322,159.50,165.00,157.50,163.50,yearly_2020.zip,0.8203372003,130.843783,135.355638,129.203109,134.125132,OK
20200316,3665,貿聯-KY,2516835,164.50,166.50,151.50,153.50,yearly_2020.zip,0.8203372003,134.945469,136.586144,124.281086,125.921760,OK
20200317,3665,貿聯-KY,2802169,142.00,157.00,141.50,147.00,yearly_2020.zip,0.8203372003,116.487882,128.792940,116.077714,120.589568,OK
20200318,3665,貿聯-KY,3372593,152.00,156.00,147.50,148.00,yearly_2020.zip,0.8203372003,124.691254,127.972603,120.999737,121.409906,OK
20200319,3665,貿聯-KY,3844144,145.00,147.00,133.50,133.50,yearly_2020.zip,0.8203372003,118.948894,120.589568,109.515016,109.515016,OK
20200320,3665,貿聯-KY,3858557,140.00,145.00,138.50,141.50,yearly_2020.zip,0.8203372003,114.847208,118.948894,113.616702,116.077714,OK
20200323,3665,貿聯-KY,3022470,133.50,134.00,127.50,128.50,yearly_2020.zip,0.8203372003,109.515016,109.925185,104.592993,105.413330,OK
20200324,3665,貿聯-KY,3802180,133.00,137.00,132.00,134.50,yearly_2020.zip,0.8203372003,109.104848,112.386196,108.284510,110.335353,OK
20200325,3665,貿聯-KY,4359694,141.50,147.50,140.50,147.50,yearly_2020.zip,0.8203372003,116.077714,120.999737,115.257377,120.999737,OK
20200326,3665,貿聯-KY,4053601,151.00,153.50,145.50,153.00,yearly_2020.zip,0.8203372003,123.870917,125.921760,119.359063,125.511592,OK
20200327,3665,貿聯-KY,3737642,157.50,160.00,151.00,151.00,yearly_2020.zip,0.8203372003,129.203109,131.253952,123.870917,123.870917,OK
20200330,3665,貿聯-KY,3176645,150.00,160.00,147.50,160.00,yearly_2020.zip,0.8203372003,123.050580,131.253952,120.999737,131.253952,OK
20200331,3665,貿聯-KY,4572645,163.00,166.00,157.00,164.00,yearly_2020.zip,0.8203372003,133.714964,136.175975,128.792940,134.535301,OK
20200401,3665,貿聯-KY,2455275,163.50,167.00,161.00,164.50,yearly_2020.zip,0.8203372003,134.125132,136.996312,132.074289,134.945469,OK
20200406,3665,貿聯-KY,1787806,166.00,166.50,162.50,166.00,yearly_2020.zip,0.8203372003,136.175975,136.586144,133.304795,136.175975,OK
20200407,3665,貿聯-KY,3222752,167.50,171.00,165.50,169.50,yearly_2020.zip,0.8203372003,137.406481,140.277661,135.765807,139.047155,OK
20200408,3665,貿聯-KY,2995866,168.50,176.50,168.00,175.00,yearly_2020.zip,0.8203372003,138.226818,144.789516,137.816650,143.559010,OK
20200409,3665,貿聯-KY,4420816,176.50,177.50,165.00,168.00,yearly_2020.zip,0.8203372003,144.789516,145.609853,135.355638,137.816650,OK
20200410,3665,貿聯-KY,1829594,168.00,173.50,168.00,171.50,yearly_2020.zip,0.8203372003,137.816650,142.328504,137.816650,140.687830,OK
20200413,3665,貿聯-KY,1267986,172.00,172.50,168.00,169.00,yearly_2020.zip,0.8203372003,141.097998,141.508167,137.816650,138.636987,OK
20200414,3665,貿聯-KY,1286190,171.50,174.00,171.00,173.50,yearly_2020.zip,0.8203372003,140.687830,142.738673,140.277661,142.328504,OK
20200415,3665,貿聯-KY,3974778,177.00,184.50,176.50,183.00,yearly_2020.zip,0.8203372003,145.199684,151.352213,144.789516,150.121708,OK
20200416,3665,貿聯-KY,3533497,182.00,187.50,179.50,183.50,yearly_2020.zip,0.8203372003,149.301370,153.813225,147.250527,150.531876,OK
20200417,3665,貿聯-KY,3416110,186.00,187.50,178.50,179.50,yearly_2020.zip,0.8203372003,152.582719,153.813225,146.430190,147.250527,OK
20200420,3665,貿聯-KY,1489033,180.00,181.00,176.50,177.50,yearly_2020.zip,0.8203372003,147.660696,148.481033,144.789516,145.609853,OK
20200421,3665,貿聯-KY,2171931,178.00,180.00,173.50,174.00,yearly_2020.zip,0.8203372003,146.020022,147.660696,142.328504,142.738673,OK
20200422,3665,貿聯-KY,1293191,173.00,178.00,169.00,176.50,yearly_2020.zip,0.8203372003,141.918336,146.020022,138.636987,144.789516,OK
20200423,3665,貿聯-KY,1118974,180.00,180.00,175.00,175.00,yearly_2020.zip,0.8203372003,147.660696,147.660696,143.559010,143.559010,OK
20200424,3665,貿聯-KY,628764,176.00,177.00,174.00,176.00,yearly_2020.zip,0.8203372003,144.379347,145.199684,142.738673,144.379347,OK
20200427,3665,貿聯-KY,1507587,179.00,181.00,177.50,180.00,yearly_2020.zip,0.8203372003,146.840359,148.481033,145.609853,147.660696,OK
20200428,3665,貿聯-KY,1354162,183.00,183.00,180.00,181.50,yearly_2020.zip,0.8203372003,150.121708,150.121708,147.660696,148.891202,OK
20200429,3665,貿聯-KY,1462365,182.50,185.00,181.50,183.50,yearly_2020.zip,0.8203372003,149.711539,151.762382,148.891202,150.531876,OK
20200430,3665,貿聯-KY,6040860,187.00,198.50,186.50,196.50,yearly_2020.zip,0.8203372003,153.403056,162.836934,152.992888,161.196260,OK
20200504,3665,貿聯-KY,2583138,187.50,190.00,187.00,187.50,yearly_2020.zip,0.8203372003,153.813225,155.864068,153.403056,153.813225,OK
20200505,3665,貿聯-KY,2184805,190.00,192.50,187.50,190.00,yearly_2020.zip,0.8203372003,155.864068,157.914911,153.813225,155.864068,OK
20200506,3665,貿聯-KY,1406001,188.00,189.50,185.50,186.50,yearly_2020.zip,0.8203372003,154.223394,155.453899,152.172551,152.992888,OK
20200507,3665,貿聯-KY,863040,187.00,189.50,187.00,188.50,yearly_2020.zip,0.8203372003,153.403056,155.453899,153.403056,154.633562,OK
20200508,3665,貿聯-KY,1303807,189.50,191.50,187.00,189.50,yearly_2020.zip,0.8203372003,155.453899,157.094574,153.403056,155.453899,OK
20200511,3665,貿聯-KY,1240504,192.50,192.50,189.00,190.00,yearly_2020.zip,0.8203372003,157.914911,157.914911,155.043731,155.864068,OK
20200512,3665,貿聯-KY,1584258,189.00,194.00,188.00,188.00,yearly_2020.zip,0.8203372003,155.043731,159.145417,154.223394,154.223394,OK
20200513,3665,貿聯-KY,689555,185.50,189.00,185.50,187.50,yearly_2020.zip,0.8203372003,152.172551,155.043731,152.172551,153.813225,OK
20200514,3665,貿聯-KY,1283828,186.00,188.00,180.50,181.50,yearly_2020.zip,0.8203372003,152.582719,154.223394,148.070865,148.891202,OK
20200515,3665,貿聯-KY,1199448,183.50,185.00,178.00,181.00,yearly_2020.zip,0.8203372003,150.531876,151.762382,146.020022,148.481033,OK
20200518,3665,貿聯-KY,913748,181.00,184.50,179.00,181.50,yearly_2020.zip,0.8203372003,148.481033,151.352213,146.840359,148.891202,OK
20200519,3665,貿聯-KY,1478066,185.00,189.00,183.50,186.50,yearly_2020.zip,0.8203372003,151.762382,155.043731,150.531876,152.992888,OK
20200520,3665,貿聯-KY,1147520,188.50,190.00,185.50,189.00,yearly_2020.zip,0.8203372003,154.633562,155.864068,152.172551,155.043731,OK
20200521,3665,貿聯-KY,1283199,190.00,191.00,186.50,186.50,yearly_2020.zip,0.8203372003,155.864068,156.684405,152.992888,152.992888,OK
20200522,3665,貿聯-KY,815871,187.00,188.50,184.50,184.50,yearly_2020.zip,0.8203372003,153.403056,154.633562,151.352213,151.352213,OK
20200525,3665,貿聯-KY,519697,186.00,188.00,183.00,188.00,yearly_2020.zip,0.8203372003,152.582719,154.223394,150.121708,154.223394,OK
20200526,3665,貿聯-KY,1152914,189.00,191.00,188.50,189.00,yearly_2020.zip,0.8203372003,155.043731,156.684405,154.633562,155.043731,OK
20200527,3665,貿聯-KY,3864115,191.50,197.00,191.00,194.50,yearly_2020.zip,0.8203372003,157.094574,161.606428,156.684405,159.555585,OK
20200528,3665,貿聯-KY,2682402,195.50,198.00,192.50,193.50,yearly_2020.zip,0.8203372003,160.375923,162.426766,157.914911,158.735248,OK
20200529,3665,貿聯-KY,1324387,193.00,196.50,192.50,196.50,yearly_2020.zip,0.8203372003,158.325080,161.196260,157.914911,161.196260,OK
20200601,3665,貿聯-KY,3272000,202.00,206.00,199.00,204.50,yearly_2020.zip,0.8203372003,165.708114,168.989463,163.247103,167.758957,OK
20200602,3665,貿聯-KY,1815212,206.00,206.50,201.50,202.00,yearly_2020.zip,0.8203372003,168.989463,169.399632,165.297946,165.708114,OK
20200603,3665,貿聯-KY,2186711,204.00,208.50,203.00,208.00,yearly_2020.zip,0.8203372003,167.348789,171.040306,166.528452,170.630138,OK
20200604,3665,貿聯-KY,1513346,209.50,211.00,205.00,206.00,yearly_2020.zip,0.8203372003,171.860643,173.091149,168.169126,168.989463,OK
20200605,3665,貿聯-KY,1224285,207.50,209.50,206.00,209.00,yearly_2020.zip,0.8203372003,170.219969,171.860643,168.989463,171.450475,OK
20200608,3665,貿聯-KY,1354353,209.00,209.00,206.00,207.00,yearly_2020.zip,0.8203372003,171.450475,171.450475,168.989463,169.809800,OK
20200609,3665,貿聯-KY,3607105,209.50,214.50,209.00,210.00,yearly_2020.zip,0.8203372003,171.860643,175.962329,171.450475,172.270812,OK
20200610,3665,貿聯-KY,2550902,209.50,214.50,209.00,214.50,yearly_2020.zip,0.8203372003,171.860643,175.962329,171.450475,175.962329,OK
20200611,3665,貿聯-KY,2354070,217.50,218.00,207.50,207.50,yearly_2020.zip,0.8203372003,178.423341,178.833510,170.219969,170.219969,OK
20200612,3665,貿聯-KY,1753669,202.00,209.50,199.00,209.50,yearly_2020.zip,0.8203372003,165.708114,171.860643,163.247103,171.860643,OK
20200615,3665,貿聯-KY,1663106,209.00,212.00,204.50,205.00,yearly_2020.zip,0.8203372003,171.450475,173.911486,167.758957,168.169126,OK
20200616,3665,貿聯-KY,1801718,207.50,211.00,205.50,210.50,yearly_2020.zip,0.8203372003,170.219969,173.091149,168.579295,172.680981,OK
20200617,3665,貿聯-KY,777810,211.00,211.50,208.00,208.50,yearly_2020.zip,0.8203372003,173.091149,173.501318,170.630138,171.040306,OK
20200618,3665,貿聯-KY,834723,209.00,211.00,207.50,210.00,yearly_2020.zip,0.8203372003,171.450475,173.091149,170.219969,172.270812,OK
20200619,3665,貿聯-KY,1703946,211.00,216.00,211.00,211.50,yearly_2020.zip,0.8203372003,173.091149,177.192835,173.091149,173.501318,OK
20200622,3665,貿聯-KY,1406526,210.50,215.50,210.50,215.00,yearly_2020.zip,0.8203372003,172.680981,176.782667,172.680981,176.372498,OK
20200623,3665,貿聯-KY,1905007,217.00,219.00,213.00,216.00,yearly_2020.zip,0.8203372003,178.013172,179.653847,174.731824,177.192835,OK
20200624,3665,貿聯-KY,825559,217.00,217.50,215.00,215.50,yearly_2020.zip,0.8203372003,178.013172,178.423341,176.372498,176.782667,OK
20200629,3665,貿聯-KY,1065591,213.00,215.00,209.50,210.50,yearly_2020.zip,0.8203372003,174.731824,176.372498,171.860643,172.680981,OK
20200630,3665,貿聯-KY,803773,212.00,212.50,210.00,210.00,yearly_2020.zip,0.8203372003,173.911486,174.321655,172.270812,172.270812,OK
20200701,3665,貿聯-KY,1522306,212.50,216.00,212.50,213.00,yearly_2020.zip,0.8203372003,174.321655,177.192835,174.321655,174.731824,OK
20200702,3665,貿聯-KY,4304026,216.00,224.00,215.50,219.00,yearly_2020.zip,0.8203372003,177.192835,183.755533,176.782667,179.653847,OK
20200703,3665,貿聯-KY,3517283,223.50,226.50,222.00,224.00,yearly_2020.zip,0.8203372003,183.345364,185.806376,182.114858,183.755533,OK
20200706,3665,貿聯-KY,2670341,227.00,229.50,225.50,229.50,yearly_2020.zip,0.8203372003,186.216544,188.267387,184.986039,188.267387,OK
20200707,3665,貿聯-KY,4334799,232.00,232.00,219.00,221.50,yearly_2020.zip,0.8203372003,190.318230,190.318230,179.653847,181.704690,OK
20200708,3665,貿聯-KY,2121139,222.50,225.00,219.00,220.50,yearly_2020.zip,0.8203372003,182.525027,184.575870,179.653847,180.884353,OK
20200709,3665,貿聯-KY,3366478,222.00,222.50,214.50,215.50,yearly_2020.zip,0.8203372003,182.114858,182.525027,175.962329,176.782667,OK
20200710,3665,貿聯-KY,1394446,216.50,217.00,210.00,210.00,yearly_2020.zip,0.8203372003,177.603004,178.013172,172.270812,172.270812,OK
20200713,3665,貿聯-KY,1437645,212.00,216.50,211.00,216.50,yearly_2020.zip,0.8203372003,173.911486,177.603004,173.091149,177.603004,OK
20200714,3665,貿聯-KY,2689371,218.00,218.50,215.00,217.50,yearly_2020.zip,0.8203372003,178.833510,179.243678,176.372498,178.423341,OK
20200715,3665,貿聯-KY,2839486,212.50,212.50,202.00,202.00,yearly_2020.zip,0.8557474391,181.846331,181.846331,172.860983,172.860983,OK
20200716,3665,貿聯-KY,1119376,203.50,206.50,202.00,202.50,yearly_2020.zip,0.8557474391,174.144604,176.711846,172.860983,173.288856,OK
20200717,3665,貿聯-KY,1223650,203.00,207.00,203.00,203.50,yearly_2020.zip,0.8557474391,173.716730,177.139720,173.716730,174.144604,OK
20200720,3665,貿聯-KY,503520,205.00,206.00,202.00,204.50,yearly_2020.zip,0.8557474391,175.428225,176.283972,172.860983,175.000351,OK
20200721,3665,貿聯-KY,1064210,207.00,209.00,206.50,208.00,yearly_2020.zip,0.8557474391,177.139720,178.851215,176.711846,177.995467,OK
20200722,3665,貿聯-KY,1178681,208.50,209.00,205.00,205.00,yearly_2020.zip,0.8557474391,178.423341,178.851215,175.428225,175.428225,OK
20200723,3665,貿聯-KY,1022987,207.00,208.00,203.00,204.00,yearly_2020.zip,0.8557474391,177.139720,177.995467,173.716730,174.572478,OK
20200724,3665,貿聯-KY,1491638,203.00,205.50,199.00,199.00,yearly_2020.zip,0.8557474391,173.716730,175.856099,170.293740,170.293740,OK
20200727,3665,貿聯-KY,1666146,199.50,202.00,193.50,195.00,yearly_2020.zip,0.8557474391,170.721614,172.860983,165.587129,166.870751,OK
20200728,3665,貿聯-KY,1734620,198.00,198.50,189.00,190.00,yearly_2020.zip,0.8557474391,169.437993,169.865867,161.736266,162.592013,OK
20200729,3665,貿聯-KY,1279765,190.50,194.50,189.50,193.00,yearly_2020.zip,0.8557474391,163.019887,166.442877,162.164140,165.159256,OK
20200730,3665,貿聯-KY,939738,195.00,199.00,193.00,199.00,yearly_2020.zip,0.8557474391,166.870751,170.293740,165.159256,170.293740,OK
20200731,3665,貿聯-KY,1062585,196.50,198.00,193.50,195.50,yearly_2020.zip,0.8557474391,168.154372,169.437993,165.587129,167.298624,OK
20200803,3665,貿聯-KY,406200,194.50,197.00,194.50,196.00,yearly_2020.zip,0.8557474391,166.442877,168.582246,166.442877,167.726498,OK
20200804,3665,貿聯-KY,530610,197.50,198.50,195.50,197.50,yearly_2020.zip,0.8557474391,169.010119,169.865867,167.298624,169.010119,OK
20200805,3665,貿聯-KY,927591,198.50,199.50,196.00,196.50,yearly_2020.zip,0.8557474391,169.865867,170.721614,167.726498,168.154372,OK
20200806,3665,貿聯-KY,4298248,199.00,209.50,199.00,208.00,yearly_2020.zip,0.8557474391,170.293740,179.279088,170.293740,177.995467,OK
20200807,3665,貿聯-KY,2298869,207.50,210.50,205.00,208.50,yearly_2020.zip,0.8557474391,177.567594,180.134836,175.428225,178.423341,OK
20200810,3665,貿聯-KY,863406,208.50,210.00,205.00,205.50,yearly_2020.zip,0.8557474391,178.423341,179.706962,175.428225,175.856099,OK
20200811,3665,貿聯-KY,1823290,208.00,213.00,207.50,208.50,yearly_2020.zip,0.8557474391,177.995467,182.274205,177.567594,178.423341,OK
20200812,3665,貿聯-KY,975853,210.00,210.50,207.00,209.00,yearly_2020.zip,0.8557474391,179.706962,180.134836,177.139720,178.851215,OK
20200813,3665,貿聯-KY,3130456,211.50,217.00,210.00,210.00,yearly_2020.zip,0.8557474391,180.990583,185.697194,179.706962,179.706962,OK
20200814,3665,貿聯-KY,6651949,217.00,221.50,214.50,217.50,yearly_2020.zip,0.8557474391,185.697194,189.548058,183.557826,186.125068,OK
20200817,3665,貿聯-KY,2621774,220.00,222.50,217.50,220.50,yearly_2020.zip,0.8557474391,188.264437,190.403805,186.125068,188.692310,OK
20200818,3665,貿聯-KY,4997043,227.00,229.50,223.00,225.00,yearly_2020.zip,0.8557474391,194.254669,196.394037,190.831679,192.543174,OK
20200819,3665,貿聯-KY,5712231,226.50,234.00,226.50,230.00,yearly_2020.zip,0.8557474391,193.826795,200.244901,193.826795,196.821911,OK
20200820,3665,貿聯-KY,4501808,230.50,232.00,214.00,220.00,yearly_2020.zip,0.8557474391,197.249785,198.533406,183.129952,188.264437,OK
20200821,3665,貿聯-KY,9371447,228.50,242.00,228.50,242.00,yearly_2020.zip,0.8557474391,195.538290,207.090880,195.538290,207.090880,OK
20200824,3665,貿聯-KY,6668563,242.00,243.00,233.50,241.00,yearly_2020.zip,0.8557474391,207.090880,207.946628,199.817027,206.235133,OK
20200825,3665,貿聯-KY,2474452,242.00,243.00,236.50,239.00,yearly_2020.zip,0.8557474391,207.090880,207.946628,202.384269,204.523638,OK
20200826,3665,貿聯-KY,3915035,239.00,245.00,238.00,238.50,yearly_2020.zip,0.8557474391,204.523638,209.658123,203.667891,204.095764,OK
20200827,3665,貿聯-KY,6469032,243.00,252.00,240.00,246.00,yearly_2020.zip,0.8557474391,207.946628,215.648355,205.379385,210.513870,OK
20200828,3665,貿聯-KY,3515549,246.00,251.50,244.00,245.00,yearly_2020.zip,0.8557474391,210.513870,215.220481,208.802375,209.658123,OK
20200831,3665,貿聯-KY,2364612,244.00,250.50,240.50,247.00,yearly_2020.zip,0.8557474391,208.802375,214.364734,205.807259,211.369617,OK
20200901,3665,貿聯-KY,8189363,250.50,261.00,249.00,256.00,yearly_2020.zip,0.8557474391,214.364734,223.350082,213.081112,219.071344,OK
20200902,3665,貿聯-KY,1982080,258.50,258.50,251.50,257.50,yearly_2020.zip,0.8557474391,221.210713,221.210713,215.220481,220.354966,OK
20200903,3665,貿聯-KY,3002031,257.50,260.50,254.00,256.00,yearly_2020.zip,0.8557474391,220.354966,222.922208,217.359850,219.071344,OK
20200904,3665,貿聯-KY,2076672,248.00,253.50,244.00,251.50,yearly_2020.zip,0.8557474391,212.225365,216.931976,208.802375,215.220481,OK
20200907,3665,貿聯-KY,2615018,251.00,252.00,238.50,242.50,yearly_2020.zip,0.8557474391,214.792607,215.648355,204.095764,207.518754,OK
20200908,3665,貿聯-KY,935255,245.00,248.50,243.00,245.50,yearly_2020.zip,0.8557474391,209.658123,212.653239,207.946628,210.085996,OK
20200909,3665,貿聯-KY,1734974,238.00,246.00,236.00,244.00,yearly_2020.zip,0.8557474391,203.667891,210.513870,201.956396,208.802375,OK
20200910,3665,貿聯-KY,1080837,246.00,247.50,239.00,239.00,yearly_2020.zip,0.8557474391,210.513870,211.797491,204.523638,204.523638,OK
20200911,3665,貿聯-KY,2332886,240.50,242.50,232.00,238.00,yearly_2020.zip,0.8557474391,205.807259,207.518754,198.533406,203.667891,OK
20200914,3665,貿聯-KY,1450218,238.50,239.00,231.50,232.50,yearly_2020.zip,0.8557474391,204.095764,204.523638,198.105532,198.961280,OK
20200915,3665,貿聯-KY,1527028,235.00,236.50,233.00,235.00,yearly_2020.zip,0.8557474391,201.100648,202.384269,199.389153,201.100648,OK
20200916,3665,貿聯-KY,1678579,237.50,241.50,235.50,236.00,yearly_2020.zip,0.8557474391,203.240017,206.663007,201.528522,201.956396,OK
20200917,3665,貿聯-KY,788987,236.50,239.50,235.50,238.00,yearly_2020.zip,0.8557474391,202.384269,204.951512,201.528522,203.667891,OK
20200918,3665,貿聯-KY,2598532,240.50,248.00,240.00,246.00,yearly_2020.zip,0.8557474391,205.807259,212.225365,205.379385,210.513870,OK
20200921,3665,貿聯-KY,2535755,244.50,256.00,244.50,251.00,yearly_2020.zip,0.8557474391,209.230249,219.071344,209.230249,214.792607,OK
20200922,3665,貿聯-KY,1193773,251.00,252.00,247.00,249.00,yearly_2020.zip,0.8557474391,214.792607,215.648355,211.369617,213.081112,OK
20200923,3665,貿聯-KY,1082363,247.50,250.00,245.00,245.00,yearly_2020.zip,0.8557474391,211.797491,213.936860,209.658123,209.658123,OK
20200924,3665,貿聯-KY,2675060,240.00,243.00,231.50,231.50,yearly_2020.zip,0.8557474391,205.379385,207.946628,198.105532,198.105532,OK
20200925,3665,貿聯-KY,2727697,235.50,236.50,223.00,225.50,yearly_2020.zip,0.8557474391,201.528522,202.384269,190.831679,192.971048,OK
20200928,3665,貿聯-KY,2374459,227.50,230.00,219.50,219.50,yearly_2020.zip,0.8557474391,194.682542,196.821911,187.836563,187.836563,OK
20200929,3665,貿聯-KY,2251631,223.50,226.50,220.50,222.50,yearly_2020.zip,0.8557474391,191.259553,193.826795,188.692310,190.403805,OK
20200930,3665,貿聯-KY,1517126,221.00,225.50,220.50,225.50,yearly_2020.zip,0.8557474391,189.120184,192.971048,188.692310,192.971048,OK
20201005,3665,貿聯-KY,961540,222.50,231.00,222.50,230.00,yearly_2020.zip,0.8557474391,190.403805,197.677658,190.403805,196.821911,OK
20201006,3665,貿聯-KY,963187,233.50,234.00,228.00,229.00,yearly_2020.zip,0.8557474391,199.817027,200.244901,195.110416,195.966164,OK
20201007,3665,貿聯-KY,1479734,228.00,228.00,223.00,224.00,yearly_2020.zip,0.8557474391,195.110416,195.110416,190.831679,191.687426,OK
20201008,3665,貿聯-KY,2134423,226.00,226.00,218.50,219.00,yearly_2020.zip,0.8557474391,193.398921,193.398921,186.980815,187.408689,OK
20201012,3665,貿聯-KY,988665,219.50,221.00,216.50,219.50,yearly_2020.zip,0.8557474391,187.836563,189.120184,185.269321,187.836563,OK
20201013,3665,貿聯-KY,1256059,221.00,223.50,218.00,218.50,yearly_2020.zip,0.8557474391,189.120184,191.259553,186.552942,186.980815,OK
20201014,3665,貿聯-KY,1288291,219.50,221.00,216.50,217.50,yearly_2020.zip,0.8557474391,187.836563,189.120184,185.269321,186.125068,OK
20201015,3665,貿聯-KY,895290,218.00,219.50,215.00,217.50,yearly_2020.zip,0.8557474391,186.552942,187.836563,183.985699,186.125068,OK
20201016,3665,貿聯-KY,1478083,216.50,218.50,214.00,214.00,yearly_2020.zip,0.8557474391,185.269321,186.980815,183.129952,183.129952,OK
20201019,3665,貿聯-KY,956604,216.00,218.00,215.00,216.50,yearly_2020.zip,0.8557474391,184.841447,186.552942,183.985699,185.269321,OK
20201020,3665,貿聯-KY,996224,215.00,220.00,215.00,220.00,yearly_2020.zip,0.8557474391,183.985699,188.264437,183.985699,188.264437,OK
20201021,3665,貿聯-KY,954470,222.00,223.00,219.00,220.00,yearly_2020.zip,0.8557474391,189.975931,190.831679,187.408689,188.264437,OK
20201022,3665,貿聯-KY,970523,222.00,222.00,217.50,218.00,yearly_2020.zip,0.8557474391,189.975931,189.975931,186.125068,186.552942,OK
20201023,3665,貿聯-KY,441353,219.50,220.50,218.50,219.50,yearly_2020.zip,0.8557474391,187.836563,188.692310,186.980815,187.836563,OK
20201026,3665,貿聯-KY,502635,219.50,221.00,218.50,220.00,yearly_2020.zip,0.8557474391,187.836563,189.120184,186.980815,188.264437,OK
20201027,3665,貿聯-KY,850329,218.00,218.00,216.00,217.00,yearly_2020.zip,0.8557474391,186.552942,186.552942,184.841447,185.697194,OK
20201028,3665,貿聯-KY,684980,217.50,220.00,217.00,220.00,yearly_2020.zip,0.8557474391,186.125068,188.264437,185.697194,188.264437,OK
20201029,3665,貿聯-KY,860175,216.00,220.00,215.50,220.00,yearly_2020.zip,0.8557474391,184.841447,188.264437,184.413573,188.264437,OK
20201030,3665,貿聯-KY,1129486,219.50,219.50,216.50,219.50,yearly_2020.zip,0.8557474391,187.836563,187.836563,185.269321,187.836563,OK
20201102,3665,貿聯-KY,903269,218.50,220.00,214.00,215.00,yearly_2020.zip,0.8557474391,186.980815,188.264437,183.129952,183.985699,OK
20201103,3665,貿聯-KY,1530711,216.50,224.50,216.50,224.00,yearly_2020.zip,0.8557474391,185.269321,192.115300,185.269321,191.687426,OK
20201104,3665,貿聯-KY,2073331,224.00,231.50,221.00,229.50,yearly_2020.zip,0.8557474391,191.687426,198.105532,189.120184,196.394037,OK
20201105,3665,貿聯-KY,823976,230.00,232.50,227.00,228.00,yearly_2020.zip,0.8557474391,196.821911,198.961280,194.254669,195.110416,OK
20201106,3665,貿聯-KY,1757241,231.00,231.50,228.00,230.00,yearly_2020.zip,0.8557474391,197.677658,198.105532,195.110416,196.821911,OK
20201109,3665,貿聯-KY,4547387,234.00,249.50,233.00,243.50,yearly_2020.zip,0.8557474391,200.244901,213.508986,199.389153,208.374501,OK
20201110,3665,貿聯-KY,1919865,240.00,249.00,239.00,243.00,yearly_2020.zip,0.8557474391,205.379385,213.081112,204.523638,207.946628,OK
20201111,3665,貿聯-KY,2326568,241.50,248.00,240.00,241.00,yearly_2020.zip,0.8557474391,206.663007,212.225365,205.379385,206.235133,OK
20201112,3665,貿聯-KY,1894503,241.50,243.50,234.00,234.50,yearly_2020.zip,0.8557474391,206.663007,208.374501,200.244901,200.672774,OK
20201113,3665,貿聯-KY,1444863,234.50,241.50,234.50,238.50,yearly_2020.zip,0.8557474391,200.672774,206.663007,200.672774,204.095764,OK
20201116,3665,貿聯-KY,3480833,236.00,236.00,227.00,232.50,yearly_2020.zip,0.8557474391,201.956396,201.956396,194.254669,198.961280,OK
20201117,3665,貿聯-KY,1903538,236.50,240.00,235.50,238.00,yearly_2020.zip,0.8557474391,202.384269,205.379385,201.528522,203.667891,OK
20201118,3665,貿聯-KY,1419610,239.50,240.50,235.00,235.00,yearly_2020.zip,0.8557474391,204.951512,205.807259,201.100648,201.100648,OK
20201119,3665,貿聯-KY,1713182,237.50,241.50,235.50,238.00,yearly_2020.zip,0.8557474391,203.240017,206.663007,201.528522,203.667891,OK
20201120,3665,貿聯-KY,2238879,239.50,245.00,237.00,242.50,yearly_2020.zip,0.8557474391,204.951512,209.658123,202.812143,207.518754,OK
20201123,3665,貿聯-KY,1247818,241.50,244.00,240.00,243.50,yearly_2020.zip,0.8557474391,206.663007,208.802375,205.379385,208.374501,OK
20201124,3665,貿聯-KY,2050992,245.50,247.50,240.50,246.50,yearly_2020.zip,0.8557474391,210.085996,211.797491,205.807259,210.941744,OK
20201125,3665,貿聯-KY,4469038,247.50,259.50,245.00,245.00,yearly_2020.zip,0.8557474391,211.797491,222.066460,209.658123,209.658123,OK
20201126,3665,貿聯-KY,1240784,248.50,252.00,246.00,248.00,yearly_2020.zip,0.8557474391,212.653239,215.648355,210.513870,212.225365,OK
20201127,3665,貿聯-KY,1037560,249.00,252.50,248.00,250.00,yearly_2020.zip,0.8557474391,213.081112,216.076228,212.225365,213.936860,OK
20201130,3665,貿聯-KY,1271553,251.00,253.00,245.00,245.00,yearly_2020.zip,0.8557474391,214.792607,216.504102,209.658123,209.658123,OK
20201201,3665,貿聯-KY,1831286,249.50,251.00,243.50,247.00,yearly_2020.zip,0.8557474391,213.508986,214.792607,208.374501,211.369617,OK
20201202,3665,貿聯-KY,1261377,248.00,248.00,243.00,245.50,yearly_2020.zip,0.8557474391,212.225365,212.225365,207.946628,210.085996,OK
20201203,3665,貿聯-KY,1109225,245.50,247.50,244.00,244.00,yearly_2020.zip,0.8557474391,210.085996,211.797491,208.802375,208.802375,OK
20201204,3665,貿聯-KY,1245966,246.00,246.50,240.00,243.00,yearly_2020.zip,0.8557474391,210.513870,210.941744,205.379385,207.946628,OK
20201207,3665,貿聯-KY,1979433,245.00,247.00,237.00,239.50,yearly_2020.zip,0.8557474391,209.658123,211.369617,202.812143,204.951512,OK
20201208,3665,貿聯-KY,1373380,239.50,244.00,239.50,242.50,yearly_2020.zip,0.8557474391,204.951512,208.802375,204.951512,207.518754,OK
20201209,3665,貿聯-KY,1649428,243.50,246.00,242.00,245.00,yearly_2020.zip,0.8557474391,208.374501,210.513870,207.090880,209.658123,OK
20201210,3665,貿聯-KY,1571596,243.50,245.00,239.00,244.00,yearly_2020.zip,0.8557474391,208.374501,209.658123,204.523638,208.802375,OK
20201211,3665,貿聯-KY,1793275,244.50,249.50,242.50,244.50,yearly_2020.zip,0.8557474391,209.230249,213.508986,207.518754,209.230249,OK
20201214,3665,貿聯-KY,1251917,246.00,248.50,241.50,242.50,yearly_2020.zip,0.8557474391,210.513870,212.653239,206.663007,207.518754,OK
20201215,3665,貿聯-KY,1312526,243.50,247.00,238.00,238.00,yearly_2020.zip,0.8557474391,208.374501,211.369617,203.667891,203.667891,OK
20201216,3665,貿聯-KY,2417667,241.00,250.00,240.50,248.00,yearly_2020.zip,0.8557474391,206.235133,213.936860,205.807259,212.225365,OK
20201217,3665,貿聯-KY,1722502,250.00,251.50,246.00,250.50,yearly_2020.zip,0.8557474391,213.936860,215.220481,210.513870,214.364734,OK
20201218,3665,貿聯-KY,1244583,252.00,252.00,242.50,242.50,yearly_2020.zip,0.8557474391,215.648355,215.648355,207.518754,207.518754,OK
20201221,3665,貿聯-KY,920901,243.50,245.00,239.00,241.00,yearly_2020.zip,0.8557474391,208.374501,209.658123,204.523638,206.235133,OK
20201222,3665,貿聯-KY,1466867,238.00,242.00,236.00,236.50,yearly_2020.zip,0.8557474391,203.667891,207.090880,201.956396,202.384269,OK
20201223,3665,貿聯-KY,1022136,236.50,239.50,233.50,234.50,yearly_2020.zip,0.8557474391,202.384269,204.951512,199.817027,200.672774,OK
20201224,3665,貿聯-KY,1308776,236.00,242.00,236.00,240.50,yearly_2020.zip,0.8557474391,201.956396,207.090880,201.956396,205.807259,OK
20201225,3665,貿聯-KY,1240105,244.00,246.00,242.50,246.00,yearly_2020.zip,0.8557474391,208.802375,210.513870,207.518754,210.513870,OK
20201228,3665,貿聯-KY,938740,247.50,248.50,243.50,244.00,yearly_2020.zip,0.8557474391,211.797491,212.653239,208.374501,208.802375,OK
20201229,3665,貿聯-KY,588059,244.00,246.50,243.50,245.50,yearly_2020.zip,0.8557474391,208.802375,210.941744,208.374501,210.085996,OK
20201230,3665,貿聯-KY,404800,244.50,246.00,243.50,243.50,yearly_2020.zip,0.8557474391,209.230249,210.513870,208.374501,208.374501,OK
20201231,3665,貿聯-KY,1014202,245.00,247.50,243.50,243.50,yearly_2020.zip,0.8557474391,209.658123,211.797491,208.374501,208.374501,OK
20210104,3665,貿聯-KY,6854317,246.00,267.50,246.00,267.50,yearly_2021.zip,0.8557474391,210.513870,228.912440,210.513870,228.912440,OK
20210105,3665,貿聯-KY,7422349,270.00,277.50,264.00,265.50,yearly_2021.zip,0.8557474391,231.051809,237.469914,225.917324,227.200945,OK
20210106,3665,貿聯-KY,4783195,267.50,272.00,257.50,267.00,yearly_2021.zip,0.8557474391,228.912440,232.763303,220.354966,228.484566,OK
20210107,3665,貿聯-KY,2965623,270.00,271.00,263.50,268.50,yearly_2021.zip,0.8557474391,231.051809,231.907556,225.489450,229.768187,OK
20210108,3665,貿聯-KY,4085222,274.00,280.00,264.00,264.00,yearly_2021.zip,0.8557474391,234.474798,239.609283,225.917324,225.917324,OK
20210111,3665,貿聯-KY,2026116,266.50,271.50,263.00,267.50,yearly_2021.zip,0.8557474391,228.056693,232.335430,225.061576,228.912440,OK
20210112,3665,貿聯-KY,1728189,266.00,267.50,260.00,261.00,yearly_2021.zip,0.8557474391,227.628819,228.912440,222.494334,223.350082,OK
20210113,3665,貿聯-KY,938491,264.00,266.50,263.00,266.00,yearly_2021.zip,0.8557474391,225.917324,228.056693,225.061576,227.628819,OK
20210114,3665,貿聯-KY,4990464,268.50,282.00,268.00,274.00,yearly_2021.zip,0.8557474391,229.768187,241.320778,229.340314,234.474798,OK
20210115,3665,貿聯-KY,4788493,279.00,285.00,270.00,275.00,yearly_2021.zip,0.8557474391,238.753536,243.888020,231.051809,235.330546,OK
20210118,3665,貿聯-KY,5816484,280.00,288.00,271.50,281.00,yearly_2021.zip,0.8557474391,239.609283,246.455262,232.335430,240.465030,OK
20210119,3665,貿聯-KY,3110529,282.50,288.50,282.00,283.50,yearly_2021.zip,0.8557474391,241.748652,246.883136,241.320778,242.604399,OK
20210120,3665,貿聯-KY,2924527,285.50,286.00,275.00,278.50,yearly_2021.zip,0.8557474391,244.315894,244.743768,235.330546,238.325662,OK
20210121,3665,貿聯-KY,2492547,284.00,288.50,281.50,286.00,yearly_2021.zip,0.8557474391,243.032273,246.883136,240.892904,244.743768,OK
20210122,3665,貿聯-KY,5365681,289.00,305.00,287.00,298.00,yearly_2021.zip,0.8557474391,247.311010,261.002969,245.599515,255.012737,OK
20210125,3665,貿聯-KY,2321901,296.00,296.00,289.50,292.00,yearly_2021.zip,0.8557474391,253.301242,253.301242,247.738884,249.878252,OK
20210126,3665,貿聯-KY,5891916,295.00,307.00,294.00,298.50,yearly_2021.zip,0.8557474391,252.445495,262.714464,251.589747,255.440611,OK
20210127,3665,貿聯-KY,9536188,303.00,325.00,303.00,312.50,yearly_2021.zip,0.8557474391,259.291474,278.117918,259.291474,267.421075,OK
20210128,3665,貿聯-KY,5922295,301.00,315.00,298.00,306.00,yearly_2021.zip,0.8557474391,257.579979,269.560443,255.012737,261.858716,OK
20210129,3665,貿聯-KY,4078951,315.00,315.50,305.50,310.50,yearly_2021.zip,0.8557474391,269.560443,269.988317,261.430843,265.709580,OK
20210201,3665,貿聯-KY,4050471,314.50,314.50,294.50,295.00,yearly_2021.zip,0.8557474391,269.132570,269.132570,252.017621,252.445495,OK
20210202,3665,貿聯-KY,3460185,299.00,303.00,295.00,301.00,yearly_2021.zip,0.8557474391,255.868484,259.291474,252.445495,257.579979,OK
20210203,3665,貿聯-KY,2292706,305.00,307.50,298.50,300.00,yearly_2021.zip,0.8557474391,261.002969,263.142338,255.440611,256.724232,OK
20210204,3665,貿聯-KY,1469768,299.00,303.00,296.00,298.50,yearly_2021.zip,0.8557474391,255.868484,259.291474,253.301242,255.440611,OK
20210205,3665,貿聯-KY,1278767,299.00,300.50,295.00,295.00,yearly_2021.zip,0.8557474391,255.868484,257.152105,252.445495,252.445495,OK
20210217,3665,貿聯-KY,2529620,303.00,307.50,297.00,307.00,yearly_2021.zip,0.8557474391,259.291474,263.142338,254.156989,262.714464,OK
20210218,3665,貿聯-KY,2025459,307.00,314.50,303.00,312.50,yearly_2021.zip,0.8557474391,262.714464,269.132570,259.291474,267.421075,OK
20210219,3665,貿聯-KY,1789552,310.00,312.00,303.50,305.00,yearly_2021.zip,0.8557474391,265.281706,266.993201,259.719348,261.002969,OK
20210222,3665,貿聯-KY,1989078,306.50,308.50,303.00,306.00,yearly_2021.zip,0.8557474391,262.286590,263.998085,259.291474,261.858716,OK
20210223,3665,貿聯-KY,1213757,302.00,306.50,301.50,301.50,yearly_2021.zip,0.8557474391,258.435727,262.286590,258.007853,258.007853,OK
20210224,3665,貿聯-KY,1924893,301.00,307.00,298.50,300.50,yearly_2021.zip,0.8557474391,257.579979,262.714464,255.440611,257.152105,OK
20210225,3665,貿聯-KY,1413954,305.00,308.50,302.00,305.00,yearly_2021.zip,0.8557474391,261.002969,263.998085,258.435727,261.002969,OK
20210226,3665,貿聯-KY,1612657,299.00,301.00,296.00,298.00,yearly_2021.zip,0.8557474391,255.868484,257.579979,253.301242,255.012737,OK
20210302,3665,貿聯-KY,3268861,300.50,301.00,287.00,287.50,yearly_2021.zip,0.8557474391,257.152105,257.579979,245.599515,246.027389,OK
20210303,3665,貿聯-KY,3801511,285.50,288.50,274.00,278.00,yearly_2021.zip,0.8557474391,244.315894,246.883136,234.474798,237.897788,OK
20210304,3665,貿聯-KY,1557499,278.00,282.00,275.50,275.50,yearly_2021.zip,0.8557474391,237.897788,241.320778,235.758419,235.758419,OK
20210305,3665,貿聯-KY,2125685,273.50,284.00,272.00,280.00,yearly_2021.zip,0.8557474391,234.046925,243.032273,232.763303,239.609283,OK
20210308,3665,貿聯-KY,1327127,280.50,283.50,274.00,274.00,yearly_2021.zip,0.8557474391,240.037157,242.604399,234.474798,234.474798,OK
20210309,3665,貿聯-KY,1796039,272.00,274.50,268.00,270.50,yearly_2021.zip,0.8557474391,232.763303,234.902672,229.340314,231.479682,OK
20210310,3665,貿聯-KY,1851638,278.00,283.50,272.50,273.00,yearly_2021.zip,0.8557474391,237.897788,242.604399,233.191177,233.619051,OK
20210311,3665,貿聯-KY,944580,277.00,280.00,276.50,279.50,yearly_2021.zip,0.8557474391,237.042041,239.609283,236.614167,239.181409,OK
20210312,3665,貿聯-KY,1616527,282.50,283.00,274.50,276.50,yearly_2021.zip,0.8557474391,241.748652,242.176525,234.902672,236.614167,OK
20210315,3665,貿聯-KY,1044678,276.00,278.00,273.50,275.50,yearly_2021.zip,0.8557474391,236.186293,237.897788,234.046925,235.758419,OK
20210316,3665,貿聯-KY,1024583,277.00,281.00,277.00,278.00,yearly_2021.zip,0.8557474391,237.042041,240.465030,237.042041,237.897788,OK
20210317,3665,貿聯-KY,1314439,278.00,280.00,274.50,275.50,yearly_2021.zip,0.8557474391,237.897788,239.609283,234.902672,235.758419,OK
20210318,3665,貿聯-KY,1083784,279.00,280.00,276.00,280.00,yearly_2021.zip,0.8557474391,238.753536,239.609283,236.186293,239.609283,OK
20210319,3665,貿聯-KY,1301060,277.50,278.50,273.50,274.00,yearly_2021.zip,0.8557474391,237.469914,238.325662,234.046925,234.474798,OK
20210322,3665,貿聯-KY,1078353,274.00,274.50,268.00,270.00,yearly_2021.zip,0.8557474391,234.474798,234.902672,229.340314,231.051809,OK
20210323,3665,貿聯-KY,1284290,272.00,273.50,268.00,270.00,yearly_2021.zip,0.8557474391,232.763303,234.046925,229.340314,231.051809,OK
20210324,3665,貿聯-KY,995706,271.00,272.00,267.00,268.50,yearly_2021.zip,0.8557474391,231.907556,232.763303,228.484566,229.768187,OK
20210325,3665,貿聯-KY,2331934,271.00,271.00,263.50,263.50,yearly_2021.zip,0.8557474391,231.907556,231.907556,225.489450,225.489450,OK
20210326,3665,貿聯-KY,1623214,264.00,269.50,263.50,268.00,yearly_2021.zip,0.8557474391,225.917324,230.623935,225.489450,229.340314,OK
20210329,3665,貿聯-KY,1016509,268.50,270.00,267.00,269.00,yearly_2021.zip,0.8557474391,229.768187,231.051809,228.484566,230.196061,OK
20210330,3665,貿聯-KY,1150472,272.50,273.50,270.00,271.50,yearly_2021.zip,0.8557474391,233.191177,234.046925,231.051809,232.335430,OK
20210331,3665,貿聯-KY,1944206,272.50,273.50,266.00,266.00,yearly_2021.zip,0.8557474391,233.191177,234.046925,227.628819,227.628819,OK
20210401,3665,貿聯-KY,2124999,271.00,275.50,269.00,270.50,yearly_2021.zip,0.8557474391,231.907556,235.758419,230.196061,231.479682,OK
20210406,3665,貿聯-KY,1405738,273.00,274.00,270.50,273.50,yearly_2021.zip,0.8557474391,233.619051,234.474798,231.479682,234.046925,OK
20210407,3665,貿聯-KY,3243537,276.50,283.00,276.00,283.00,yearly_2021.zip,0.8557474391,236.614167,242.176525,236.186293,242.176525,OK
20210408,3665,貿聯-KY,1589226,282.50,284.00,280.00,284.00,yearly_2021.zip,0.8557474391,241.748652,243.032273,239.609283,243.032273,OK
20210409,3665,貿聯-KY,1697583,287.00,287.00,280.00,281.00,yearly_2021.zip,0.8557474391,245.599515,245.599515,239.609283,240.465030,OK
20210412,3665,貿聯-KY,988513,281.00,284.00,276.00,276.50,yearly_2021.zip,0.8557474391,240.465030,243.032273,236.186293,236.614167,OK
20210413,3665,貿聯-KY,1858093,276.50,279.00,269.00,269.50,yearly_2021.zip,0.8557474391,236.614167,238.753536,230.196061,230.623935,OK
20210414,3665,貿聯-KY,2400379,272.50,273.50,259.00,270.00,yearly_2021.zip,0.8557474391,233.191177,234.046925,221.638587,231.051809,OK
20210415,3665,貿聯-KY,1165926,269.50,271.00,266.00,267.00,yearly_2021.zip,0.8557474391,230.623935,231.907556,227.628819,228.484566,OK
20210416,3665,貿聯-KY,944269,268.00,270.50,266.50,269.50,yearly_2021.zip,0.8557474391,229.340314,231.479682,228.056693,230.623935,OK
20210419,3665,貿聯-KY,1093825,268.50,269.00,266.00,266.50,yearly_2021.zip,0.8557474391,229.768187,230.196061,227.628819,228.056693,OK
20210420,3665,貿聯-KY,1699388,266.00,269.00,265.00,266.00,yearly_2021.zip,0.8557474391,227.628819,230.196061,226.773071,227.628819,OK
20210421,3665,貿聯-KY,747012,268.00,269.50,267.00,268.00,yearly_2021.zip,0.8557474391,229.340314,230.623935,228.484566,229.340314,OK
20210422,3665,貿聯-KY,1213536,270.00,271.50,268.00,269.00,yearly_2021.zip,0.8557474391,231.051809,232.335430,229.340314,230.196061,OK
20210423,3665,貿聯-KY,927546,268.50,271.50,268.00,270.50,yearly_2021.zip,0.8557474391,229.768187,232.335430,229.340314,231.479682,OK
20210426,3665,貿聯-KY,576608,272.00,273.00,269.00,271.50,yearly_2021.zip,0.8557474391,232.763303,233.619051,230.196061,232.335430,OK
20210427,3665,貿聯-KY,543048,272.00,272.50,268.50,268.50,yearly_2021.zip,0.8557474391,232.763303,233.191177,229.768187,229.768187,OK
20210428,3665,貿聯-KY,1063165,268.50,269.50,264.00,264.50,yearly_2021.zip,0.8557474391,229.768187,230.623935,225.917324,226.345198,OK
20210429,3665,貿聯-KY,1591394,265.50,267.00,261.00,261.00,yearly_2021.zip,0.8557474391,227.200945,228.484566,223.350082,223.350082,OK
20210503,3665,貿聯-KY,745611,260.50,265.50,258.00,258.00,yearly_2021.zip,0.8557474391,222.922208,227.200945,220.782839,220.782839,OK
20210504,3665,貿聯-KY,1971236,260.00,260.00,241.50,251.00,yearly_2021.zip,0.8557474391,222.494334,222.494334,206.663007,214.792607,OK
20210505,3665,貿聯-KY,1094518,250.00,252.50,242.00,242.00,yearly_2021.zip,0.8557474391,213.936860,216.076228,207.090880,207.090880,OK
20210506,3665,貿聯-KY,1067465,248.00,255.00,247.50,252.00,yearly_2021.zip,0.8557474391,212.225365,218.215597,211.797491,215.648355,OK
20210507,3665,貿聯-KY,878845,254.50,263.50,252.50,262.00,yearly_2021.zip,0.8557474391,217.787723,225.489450,216.076228,224.205829,OK
20210510,3665,貿聯-KY,688638,260.50,261.00,254.00,255.00,yearly_2021.zip,0.8557474391,222.922208,223.350082,217.359850,218.215597,OK
20210511,3665,貿聯-KY,940072,250.00,252.00,243.00,244.50,yearly_2021.zip,0.8557474391,213.936860,215.648355,207.946628,209.230249,OK
20210512,3665,貿聯-KY,1182478,243.50,249.00,234.00,240.00,yearly_2021.zip,0.8557474391,208.374501,213.081112,200.244901,205.379385,OK
20210513,3665,貿聯-KY,825889,236.50,242.50,232.00,238.00,yearly_2021.zip,0.8557474391,202.384269,207.518754,198.533406,203.667891,OK
20210514,3665,貿聯-KY,1214418,242.00,245.00,237.00,237.00,yearly_2021.zip,0.8557474391,207.090880,209.658123,202.812143,202.812143,OK
20210517,3665,貿聯-KY,3643306,213.50,218.50,213.50,213.50,yearly_2021.zip,0.8557474391,182.702078,186.980815,182.702078,182.702078,OK
20210518,3665,貿聯-KY,4294942,218.00,218.00,206.00,214.50,yearly_2021.zip,0.8557474391,186.552942,186.552942,176.283972,183.557826,OK
20210519,3665,貿聯-KY,2422447,210.00,213.50,207.00,209.00,yearly_2021.zip,0.8557474391,179.706962,182.702078,177.139720,178.851215,OK
20210520,3665,貿聯-KY,2770838,212.50,218.50,210.00,215.50,yearly_2021.zip,0.8557474391,181.846331,186.980815,179.706962,184.413573,OK
20210521,3665,貿聯-KY,2132395,220.00,221.00,213.00,218.00,yearly_2021.zip,0.8557474391,188.264437,189.120184,182.274205,186.552942,OK
20210524,3665,貿聯-KY,3783345,216.00,239.50,215.00,235.00,yearly_2021.zip,0.8557474391,184.841447,204.951512,183.985699,201.100648,OK
20210525,3665,貿聯-KY,3618469,233.00,240.50,230.50,232.00,yearly_2021.zip,0.8557474391,199.389153,205.807259,197.249785,198.533406,OK
20210526,3665,貿聯-KY,1800072,233.00,238.00,232.00,233.00,yearly_2021.zip,0.8557474391,199.389153,203.667891,198.533406,199.389153,OK
20210527,3665,貿聯-KY,1407510,232.00,237.00,232.00,234.50,yearly_2021.zip,0.8557474391,198.533406,202.812143,198.533406,200.672774,OK
20210528,3665,貿聯-KY,1600779,238.00,242.00,236.50,241.00,yearly_2021.zip,0.8557474391,203.667891,207.090880,202.384269,206.235133,OK
20210531,3665,貿聯-KY,1016549,240.00,245.00,238.50,243.50,yearly_2021.zip,0.8557474391,205.379385,209.658123,204.095764,208.374501,OK
20210601,3665,貿聯-KY,702742,240.50,246.50,240.50,246.00,yearly_2021.zip,0.8557474391,205.807259,210.941744,205.807259,210.513870,OK
20210602,3665,貿聯-KY,973301,244.50,247.00,237.00,240.00,yearly_2021.zip,0.8557474391,209.230249,211.369617,202.812143,205.379385,OK
20210603,3665,貿聯-KY,862433,240.50,242.00,238.00,238.00,yearly_2021.zip,0.8557474391,205.807259,207.090880,203.667891,203.667891,OK
20210604,3665,貿聯-KY,918094,238.50,243.00,236.00,236.50,yearly_2021.zip,0.8557474391,204.095764,207.946628,201.956396,202.384269,OK
20210607,3665,貿聯-KY,752205,236.50,239.00,233.00,237.00,yearly_2021.zip,0.8557474391,202.384269,204.523638,199.389153,202.812143,OK
20210608,3665,貿聯-KY,1126649,236.00,238.50,231.50,231.50,yearly_2021.zip,0.8557474391,201.956396,204.095764,198.105532,198.105532,OK
20210609,3665,貿聯-KY,945382,231.50,237.50,230.50,235.00,yearly_2021.zip,0.8557474391,198.105532,203.240017,197.249785,201.100648,OK
20210610,3665,貿聯-KY,1163412,235.00,241.50,234.00,240.00,yearly_2021.zip,0.8557474391,201.100648,206.663007,200.244901,205.379385,OK
20210611,3665,貿聯-KY,733613,240.00,241.50,237.00,237.00,yearly_2021.zip,0.8557474391,205.379385,206.663007,202.812143,202.812143,OK
20210615,3665,貿聯-KY,380079,237.50,239.50,236.00,238.50,yearly_2021.zip,0.8557474391,203.240017,204.951512,201.956396,204.095764,OK
20210616,3665,貿聯-KY,509924,238.50,240.50,237.50,239.00,yearly_2021.zip,0.8557474391,204.095764,205.807259,203.240017,204.523638,OK
20210617,3665,貿聯-KY,937043,238.50,245.50,238.50,242.50,yearly_2021.zip,0.8557474391,204.095764,210.085996,204.095764,207.518754,OK
20210618,3665,貿聯-KY,1064923,242.00,248.00,241.50,245.50,yearly_2021.zip,0.8557474391,207.090880,212.225365,206.663007,210.085996,OK
20210621,3665,貿聯-KY,992674,242.50,245.50,240.50,245.00,yearly_2021.zip,0.8557474391,207.518754,210.085996,205.807259,209.658123,OK
20210622,3665,貿聯-KY,3295808,247.00,261.00,247.00,254.00,yearly_2021.zip,0.8557474391,211.369617,223.350082,211.369617,217.359850,OK
20210623,3665,貿聯-KY,5126889,258.00,276.50,258.00,273.50,yearly_2021.zip,0.8557474391,220.782839,236.614167,220.782839,234.046925,OK
20210624,3665,貿聯-KY,4009176,275.50,278.50,264.00,266.00,yearly_2021.zip,0.8557474391,235.758419,238.325662,225.917324,227.628819,OK
20210625,3665,貿聯-KY,1718732,267.00,272.00,264.00,264.00,yearly_2021.zip,0.8557474391,228.484566,232.763303,225.917324,225.917324,OK
20210628,3665,貿聯-KY,926265,265.00,267.00,262.50,265.00,yearly_2021.zip,0.8557474391,226.773071,228.484566,224.633703,226.773071,OK
20210629,3665,貿聯-KY,1146056,266.00,268.00,262.00,262.50,yearly_2021.zip,0.8557474391,227.628819,229.340314,224.205829,224.633703,OK
20210630,3665,貿聯-KY,1647904,262.50,265.00,258.00,259.00,yearly_2021.zip,0.8557474391,224.633703,226.773071,220.782839,221.638587,OK
20210701,3665,貿聯-KY,997966,261.00,261.00,252.00,252.50,yearly_2021.zip,0.8557474391,223.350082,223.350082,215.648355,216.076228,OK
20210702,3665,貿聯-KY,2199539,252.50,258.00,248.00,257.00,yearly_2021.zip,0.8557474391,216.076228,220.782839,212.225365,219.927092,OK
20210705,3665,貿聯-KY,1483475,259.50,261.00,253.00,259.00,yearly_2021.zip,0.8557474391,222.066460,223.350082,216.504102,221.638587,OK
20210706,3665,貿聯-KY,2395566,266.00,267.50,261.50,265.00,yearly_2021.zip,0.8557474391,227.628819,228.912440,223.777955,226.773071,OK
20210707,3665,貿聯-KY,3408843,263.00,272.50,263.00,272.00,yearly_2021.zip,0.8557474391,225.061576,233.191177,225.061576,232.763303,OK
20210708,3665,貿聯-KY,2447190,264.50,265.50,258.00,258.00,yearly_2021.zip,0.8817793819,233.230647,234.112426,227.499081,227.499081,OK
20210709,3665,貿聯-KY,984713,258.00,259.50,255.50,256.00,yearly_2021.zip,0.8817793819,227.499081,228.821750,225.294632,225.735522,OK
20210712,3665,貿聯-KY,873170,258.00,260.00,257.00,259.00,yearly_2021.zip,0.8817793819,227.499081,229.262639,226.617301,228.380860,OK
20210713,3665,貿聯-KY,1223319,262.00,263.00,255.00,255.00,yearly_2021.zip,0.8817793819,231.026198,231.907977,224.853742,224.853742,OK
20210714,3665,貿聯-KY,1192966,255.50,258.50,250.50,252.50,yearly_2021.zip,0.8817793819,225.294632,227.939970,220.885735,222.649294,OK
20210715,3665,貿聯-KY,752798,253.50,255.50,251.50,251.50,yearly_2021.zip,0.8817793819,223.531073,225.294632,221.767515,221.767515,OK
20210716,3665,貿聯-KY,714331,252.50,253.00,250.00,252.00,yearly_2021.zip,0.8817793819,222.649294,223.090184,220.444845,222.208404,OK
20210719,3665,貿聯-KY,803976,251.50,251.50,248.00,249.00,yearly_2021.zip,0.8817793819,221.767515,221.767515,218.681287,219.563066,OK
20210720,3665,貿聯-KY,1554808,247.00,247.00,239.00,239.00,yearly_2021.zip,0.8817793819,217.799507,217.799507,210.745272,210.745272,OK
20210721,3665,貿聯-KY,939813,240.00,245.50,240.00,242.00,yearly_2021.zip,0.8817793819,211.627052,216.476838,211.627052,213.390610,OK
20210722,3665,貿聯-KY,774968,242.50,246.50,242.50,245.00,yearly_2021.zip,0.8817793819,213.831500,217.358618,213.831500,216.035949,OK
20210723,3665,貿聯-KY,1034495,246.00,251.00,245.00,247.50,yearly_2021.zip,0.8817793819,216.917728,221.326625,216.035949,218.240397,OK
20210726,3665,貿聯-KY,1224316,252.00,258.00,251.00,254.00,yearly_2021.zip,0.8817793819,222.208404,227.499081,221.326625,223.971963,OK
20210727,3665,貿聯-KY,1458699,262.00,262.00,248.00,248.00,yearly_2021.zip,0.8817793819,231.026198,231.026198,218.681287,218.681287,OK
20210728,3665,貿聯-KY,842370,248.00,253.00,242.00,250.00,yearly_2021.zip,0.8817793819,218.681287,223.090184,213.390610,220.444845,OK
20210729,3665,貿聯-KY,671407,255.00,255.00,247.50,251.00,yearly_2021.zip,0.8817793819,224.853742,224.853742,218.240397,221.326625,OK
20210730,3665,貿聯-KY,1641966,254.50,259.50,253.50,257.00,yearly_2021.zip,0.8817793819,224.412853,228.821750,223.531073,226.617301,OK
20210802,3665,貿聯-KY,792903,259.50,259.50,253.50,256.00,yearly_2021.zip,0.8817793819,228.821750,228.821750,223.531073,225.735522,OK
20210803,3665,貿聯-KY,1465791,258.00,262.50,251.00,251.00,yearly_2021.zip,0.8817793819,227.499081,231.467088,221.326625,221.326625,OK
20210804,3665,貿聯-KY,577873,253.50,254.50,250.00,250.00,yearly_2021.zip,0.8817793819,223.531073,224.412853,220.444845,220.444845,OK
20210805,3665,貿聯-KY,480832,251.00,254.00,250.00,251.50,yearly_2021.zip,0.8817793819,221.326625,223.971963,220.444845,221.767515,OK
20210806,3665,貿聯-KY,401737,251.50,251.50,247.50,247.50,yearly_2021.zip,0.8817793819,221.767515,221.767515,218.240397,218.240397,OK
20210809,3665,貿聯-KY,349966,247.00,250.00,247.00,247.50,yearly_2021.zip,0.8817793819,217.799507,220.444845,217.799507,218.240397,OK
20210810,3665,貿聯-KY,470487,248.00,249.00,240.50,241.00,yearly_2021.zip,0.8817793819,218.681287,219.563066,212.067941,212.508831,OK
20210811,3665,貿聯-KY,549243,241.00,243.00,237.50,238.50,yearly_2021.zip,0.8817793819,212.508831,214.272390,209.422603,210.304383,OK
20210812,3665,貿聯-KY,384219,239.00,243.00,238.50,238.50,yearly_2021.zip,0.8817793819,210.745272,214.272390,210.304383,210.304383,OK
20210813,3665,貿聯-KY,425819,239.50,240.00,233.00,233.00,yearly_2021.zip,0.8817793819,211.186162,211.627052,205.454596,205.454596,OK
20210816,3665,貿聯-KY,683791,231.00,234.50,225.00,230.50,yearly_2021.zip,0.8817793819,203.691037,206.777265,198.400361,203.250148,OK
20210817,3665,貿聯-KY,1160275,231.00,231.50,216.50,218.00,yearly_2021.zip,0.8817793819,203.691037,204.131927,190.905236,192.227905,OK
20210818,3665,貿聯-KY,3341464,211.00,221.00,208.00,220.00,yearly_2021.zip,0.8817793819,186.055450,194.873243,183.410111,193.991464,OK
20210819,3665,貿聯-KY,1753157,218.00,220.50,210.00,216.50,yearly_2021.zip,0.8817793819,192.227905,194.432354,185.173670,190.905236,OK
20210820,3665,貿聯-KY,1575515,218.00,220.00,210.00,214.00,yearly_2021.zip,0.8817793819,192.227905,193.991464,185.173670,188.700788,OK
20210823,3665,貿聯-KY,1196880,216.50,222.00,213.00,217.00,yearly_2021.zip,0.8817793819,190.905236,195.755023,187.819008,191.346126,OK
20210824,3665,貿聯-KY,1474098,220.00,231.50,219.50,230.50,yearly_2021.zip,0.8817793819,193.991464,204.131927,193.550574,203.250148,OK
20210825,3665,貿聯-KY,866725,227.00,235.50,227.00,234.00,yearly_2021.zip,0.8817793819,200.163920,207.659044,200.163920,206.336375,OK
20210826,3665,貿聯-KY,1854353,233.00,233.00,221.00,221.50,yearly_2021.zip,0.8817793819,205.454596,205.454596,194.873243,195.314133,OK
20210827,3665,貿聯-KY,1025673,223.00,223.50,215.50,217.50,yearly_2021.zip,0.8817793819,196.636802,197.077692,190.023457,191.787016,OK
20210830,3665,貿聯-KY,787544,222.00,222.50,216.00,221.00,yearly_2021.zip,0.8817793819,195.755023,196.195912,190.464346,194.873243,OK
20210831,3665,貿聯-KY,1087329,223.00,228.50,221.00,227.50,yearly_2021.zip,0.8817793819,196.636802,201.486589,194.873243,200.604809,OK
20210901,3665,貿聯-KY,2005285,236.00,240.00,234.50,235.50,yearly_2021.zip,0.8817793819,208.099934,211.627052,206.777265,207.659044,OK
20210902,3665,貿聯-KY,1113048,237.00,237.00,231.00,235.50,yearly_2021.zip,0.8817793819,208.981714,208.981714,203.691037,207.659044,OK
20210903,3665,貿聯-KY,979868,238.00,242.00,235.00,236.50,yearly_2021.zip,0.8817793819,209.863493,213.390610,207.218155,208.540824,OK
20210906,3665,貿聯-KY,802215,236.50,237.00,231.00,231.00,yearly_2021.zip,0.8817793819,208.540824,208.981714,203.691037,203.691037,OK
20210907,3665,貿聯-KY,1038345,233.00,238.00,229.50,234.00,yearly_2021.zip,0.8817793819,205.454596,209.863493,202.368368,206.336375,OK
20210908,3665,貿聯-KY,2442589,235.00,243.00,235.00,239.50,yearly_2021.zip,0.8817793819,207.218155,214.272390,207.218155,211.186162,OK
20210909,3665,貿聯-KY,431785,238.00,239.50,235.00,238.00,yearly_2021.zip,0.8817793819,209.863493,211.186162,207.218155,209.863493,OK
20210910,3665,貿聯-KY,1158857,236.50,238.00,232.50,237.00,yearly_2021.zip,0.8817793819,208.540824,209.863493,205.013706,208.981714,OK
20210913,3665,貿聯-KY,368302,236.00,239.50,235.50,238.00,yearly_2021.zip,0.8817793819,208.099934,211.186162,207.659044,209.863493,OK
20210914,3665,貿聯-KY,1163759,238.50,243.00,238.00,238.00,yearly_2021.zip,0.8817793819,210.304383,214.272390,209.863493,209.863493,OK
20210915,3665,貿聯-KY,502634,239.50,240.00,232.00,238.00,yearly_2021.zip,0.8817793819,211.186162,211.627052,204.572817,209.863493,OK
20210916,3665,貿聯-KY,373193,239.50,241.50,239.00,240.00,yearly_2021.zip,0.8817793819,211.186162,212.949721,210.745272,211.627052,OK
20210917,3665,貿聯-KY,1710512,241.50,250.00,240.00,248.50,yearly_2021.zip,0.8817793819,212.949721,220.444845,211.627052,219.122176,OK
20210922,3665,貿聯-KY,824653,243.50,248.50,241.00,247.50,yearly_2021.zip,0.8817793819,214.713279,219.122176,212.508831,218.240397,OK
20210923,3665,貿聯-KY,585822,250.50,251.00,248.00,248.00,yearly_2021.zip,0.8817793819,220.885735,221.326625,218.681287,218.681287,OK
20210924,3665,貿聯-KY,673888,253.00,253.00,248.50,250.00,yearly_2021.zip,0.8817793819,223.090184,223.090184,219.122176,220.444845,OK
20210927,3665,貿聯-KY,710194,248.00,249.50,243.00,243.00,yearly_2021.zip,0.8817793819,218.681287,220.003956,214.272390,214.272390,OK
20210928,3665,貿聯-KY,1424979,240.50,241.00,229.00,229.50,yearly_2021.zip,0.8817793819,212.067941,212.508831,201.927478,202.368368,OK
20210929,3665,貿聯-KY,1566526,225.00,228.00,221.00,222.00,yearly_2021.zip,0.8817793819,198.400361,201.045699,194.873243,195.755023,OK
20210930,3665,貿聯-KY,829355,224.50,227.00,222.50,223.50,yearly_2021.zip,0.8817793819,197.959471,200.163920,196.195912,197.077692,OK
20211004,3665,貿聯-KY,1227047,245.50,245.50,245.50,245.50,yearly_2021.zip,0.8817793819,216.476838,216.476838,216.476838,216.476838,OK
20211005,3665,貿聯-KY,4144933,245.00,248.00,229.00,244.50,yearly_2021.zip,0.8817793819,216.035949,218.681287,201.927478,215.595059,OK
20211006,3665,貿聯-KY,1943222,248.00,252.00,243.50,247.50,yearly_2021.zip,0.8817793819,218.681287,222.208404,214.713279,218.240397,OK
20211007,3665,貿聯-KY,1926259,250.00,254.50,246.00,254.50,yearly_2021.zip,0.8817793819,220.444845,224.412853,216.917728,224.412853,OK
20211008,3665,貿聯-KY,1099460,256.00,258.00,252.50,255.50,yearly_2021.zip,0.8817793819,225.735522,227.499081,222.649294,225.294632,OK
20211012,3665,貿聯-KY,1013044,250.00,253.00,247.00,248.50,yearly_2021.zip,0.8817793819,220.444845,223.090184,217.799507,219.122176,OK
20211013,3665,貿聯-KY,1081184,251.50,254.00,246.00,253.00,yearly_2021.zip,0.8817793819,221.767515,223.971963,216.917728,223.090184,OK
20211014,3665,貿聯-KY,1422140,256.00,256.00,246.50,246.50,yearly_2021.zip,0.8817793819,225.735522,225.735522,217.358618,217.358618,OK
20211015,3665,貿聯-KY,4923014,250.00,267.00,250.00,264.00,yearly_2021.zip,0.8817793819,220.444845,235.435095,220.444845,232.789757,OK
20211018,3665,貿聯-KY,1748060,260.50,262.50,256.50,258.50,yearly_2021.zip,0.8817793819,229.703529,231.467088,226.176411,227.939970,OK
20211019,3665,貿聯-KY,1795413,258.50,266.00,257.50,259.50,yearly_2021.zip,0.8817793819,227.939970,234.553316,227.058191,228.821750,OK
20211020,3665,貿聯-KY,2373823,263.00,269.00,259.50,265.50,yearly_2021.zip,0.8817793819,231.907977,237.198654,228.821750,234.112426,OK
20211021,3665,貿聯-KY,1829741,264.50,264.50,258.00,258.00,yearly_2021.zip,0.8817793819,233.230647,233.230647,227.499081,227.499081,OK
20211022,3665,貿聯-KY,1309552,256.00,262.00,254.00,260.00,yearly_2021.zip,0.8817793819,225.735522,231.026198,223.971963,229.262639,OK
20211025,3665,貿聯-KY,2250708,260.00,268.50,259.50,265.00,yearly_2021.zip,0.8817793819,229.262639,236.757764,228.821750,233.671536,OK
20211026,3665,貿聯-KY,4024771,272.00,276.50,265.00,269.00,yearly_2021.zip,0.8817793819,239.843992,243.811999,233.671536,237.198654,OK
20211027,3665,貿聯-KY,2002674,266.00,268.50,260.50,263.50,yearly_2021.zip,0.8817793819,234.553316,236.757764,229.703529,232.348867,OK
20211028,3665,貿聯-KY,1392455,263.50,265.50,258.50,259.50,yearly_2021.zip,0.8817793819,232.348867,234.112426,227.939970,228.821750,OK
20211029,3665,貿聯-KY,1113633,263.00,264.50,256.50,256.50,yearly_2021.zip,0.8817793819,231.907977,233.230647,226.176411,226.176411,OK
20211101,3665,貿聯-KY,2231010,258.00,268.50,258.00,267.00,yearly_2021.zip,0.8817793819,227.499081,236.757764,227.499081,235.435095,OK
20211102,3665,貿聯-KY,1867323,269.50,269.50,261.00,262.00,yearly_2021.zip,0.8817793819,237.639543,237.639543,230.144419,231.026198,OK
20211103,3665,貿聯-KY,1350575,262.00,267.50,261.50,266.00,yearly_2021.zip,0.8817793819,231.026198,235.875985,230.585308,234.553316,OK
20211104,3665,貿聯-KY,2295233,267.00,274.00,266.00,266.00,yearly_2021.zip,0.8817793819,235.435095,241.607551,234.553316,234.553316,OK
20211105,3665,貿聯-KY,1200881,268.00,272.50,265.00,271.00,yearly_2021.zip,0.8817793819,236.316874,240.284882,233.671536,238.962212,OK
20211108,3665,貿聯-KY,1109168,270.00,275.00,266.50,266.50,yearly_2021.zip,0.8817793819,238.080433,242.489330,234.994205,234.994205,OK
20211109,3665,貿聯-KY,1345622,266.00,268.00,262.00,262.00,yearly_2021.zip,0.8817793819,234.553316,236.316874,231.026198,231.026198,OK
20211110,3665,貿聯-KY,1747232,260.50,262.50,256.00,260.00,yearly_2021.zip,0.8817793819,229.703529,231.467088,225.735522,229.262639,OK
20211111,3665,貿聯-KY,426179,257.00,261.00,257.00,257.50,yearly_2021.zip,0.8817793819,226.617301,230.144419,226.617301,227.058191,OK
20211112,3665,貿聯-KY,442058,261.50,262.00,257.50,257.50,yearly_2021.zip,0.8817793819,230.585308,231.026198,227.058191,227.058191,OK
20211115,3665,貿聯-KY,533154,262.00,262.00,259.00,259.50,yearly_2021.zip,0.8817793819,231.026198,231.026198,228.380860,228.821750,OK
20211116,3665,貿聯-KY,3834083,263.50,273.00,260.00,260.00,yearly_2021.zip,0.8817793819,232.348867,240.725771,229.262639,229.262639,OK
20211117,3665,貿聯-KY,1634165,263.00,268.50,262.00,262.00,yearly_2021.zip,0.8817793819,231.907977,236.757764,231.026198,231.026198,OK
20211118,3665,貿聯-KY,1508775,265.50,265.50,257.00,257.00,yearly_2021.zip,0.8817793819,234.112426,234.112426,226.617301,226.617301,OK
20211119,3665,貿聯-KY,1801677,253.00,258.50,253.00,253.50,yearly_2021.zip,0.8817793819,223.090184,227.939970,223.090184,223.531073,OK
20211122,3665,貿聯-KY,2448491,255.00,265.00,252.50,258.50,yearly_2021.zip,0.8817793819,224.853742,233.671536,222.649294,227.939970,OK
20211123,3665,貿聯-KY,1073420,257.00,259.00,256.50,258.50,yearly_2021.zip,0.8817793819,226.617301,228.380860,226.176411,227.939970,OK
20211124,3665,貿聯-KY,923831,256.50,264.00,256.00,262.50,yearly_2021.zip,0.8817793819,226.176411,232.789757,225.735522,231.467088,OK
20211125,3665,貿聯-KY,715300,266.00,266.00,257.50,257.50,yearly_2021.zip,0.8817793819,234.553316,234.553316,227.058191,227.058191,OK
20211126,3665,貿聯-KY,897751,257.50,258.50,253.00,256.00,yearly_2021.zip,0.8817793819,227.058191,227.939970,223.090184,225.735522,OK
20211129,3665,貿聯-KY,780937,249.50,255.50,247.00,253.00,yearly_2021.zip,0.8817793819,220.003956,225.294632,217.799507,223.090184,OK
20211130,3665,貿聯-KY,491253,256.00,258.50,253.50,258.50,yearly_2021.zip,0.8817793819,225.735522,227.939970,223.531073,227.939970,OK
20211201,3665,貿聯-KY,743549,255.50,256.00,251.00,255.00,yearly_2021.zip,0.8817793819,225.294632,225.735522,221.326625,224.853742,OK
20211202,3665,貿聯-KY,756876,253.50,256.00,250.00,250.00,yearly_2021.zip,0.8817793819,223.531073,225.735522,220.444845,220.444845,OK
20211203,3665,貿聯-KY,323194,253.00,253.00,250.50,250.50,yearly_2021.zip,0.8817793819,223.090184,223.090184,220.885735,220.885735,OK
20211206,3665,貿聯-KY,492183,250.50,254.00,248.50,248.50,yearly_2021.zip,0.8817793819,220.885735,223.971963,219.122176,219.122176,OK
20211207,3665,貿聯-KY,724374,255.00,255.00,253.00,253.50,yearly_2021.zip,0.8817793819,224.853742,224.853742,223.090184,223.531073,OK
20211208,3665,貿聯-KY,722741,254.00,255.50,252.50,253.50,yearly_2021.zip,0.8817793819,223.971963,225.294632,222.649294,223.531073,OK
20211209,3665,貿聯-KY,485013,255.00,256.50,253.50,255.50,yearly_2021.zip,0.8817793819,224.853742,226.176411,223.531073,225.294632,OK
20211210,3665,貿聯-KY,451045,255.00,255.00,251.00,253.00,yearly_2021.zip,0.8817793819,224.853742,224.853742,221.326625,223.090184,OK
20211213,3665,貿聯-KY,852529,250.50,255.00,247.50,247.50,yearly_2021.zip,0.8817793819,220.885735,224.853742,218.240397,218.240397,OK
20211214,3665,貿聯-KY,557645,247.50,247.50,244.00,245.00,yearly_2021.zip,0.8817793819,218.240397,218.240397,215.154169,216.035949,OK
20211215,3665,貿聯-KY,832153,245.00,246.50,241.50,241.50,yearly_2021.zip,0.8817793819,216.035949,217.358618,212.949721,212.949721,OK
20211216,3665,貿聯-KY,663298,243.00,246.00,242.00,243.00,yearly_2021.zip,0.8817793819,214.272390,216.917728,213.390610,214.272390,OK
20211217,3665,貿聯-KY,607396,241.00,243.00,240.00,242.00,yearly_2021.zip,0.8817793819,212.508831,214.272390,211.627052,213.390610,OK
20211220,3665,貿聯-KY,564446,241.00,246.50,240.00,245.50,yearly_2021.zip,0.8817793819,212.508831,217.358618,211.627052,216.476838,OK
20211221,3665,貿聯-KY,487303,246.50,249.00,244.00,248.00,yearly_2021.zip,0.8817793819,217.358618,219.563066,215.154169,218.681287,OK
20211222,3665,貿聯-KY,552310,249.50,252.00,247.00,251.00,yearly_2021.zip,0.8817793819,220.003956,222.208404,217.799507,221.326625,OK
20211223,3665,貿聯-KY,737907,252.50,253.50,251.00,252.50,yearly_2021.zip,0.8817793819,222.649294,223.531073,221.326625,222.649294,OK
20211224,3665,貿聯-KY,754345,254.00,255.00,253.50,254.00,yearly_2021.zip,0.8817793819,223.971963,224.853742,223.531073,223.971963,OK
20211227,3665,貿聯-KY,280192,255.50,255.50,253.00,255.50,yearly_2021.zip,0.8817793819,225.294632,225.294632,223.090184,225.294632,OK
20211228,3665,貿聯-KY,428909,255.50,256.00,254.00,255.00,yearly_2021.zip,0.8817793819,225.294632,225.735522,223.971963,224.853742,OK
20211229,3665,貿聯-KY,1049183,256.00,260.00,256.00,258.50,yearly_2021.zip,0.8817793819,225.735522,229.262639,225.735522,227.939970,OK
20211230,3665,貿聯-KY,506850,260.00,261.00,258.50,261.00,yearly_2021.zip,0.8817793819,229.262639,230.144419,227.939970,230.144419,OK
20220103,3665,貿聯-KY,1024227,263.00,265.50,262.00,263.50,yearly_2022.zip,0.8817793819,231.907977,234.112426,231.026198,232.348867,OK
20220104,3665,貿聯-KY,1517305,265.00,266.00,263.00,265.00,yearly_2022.zip,0.8817793819,233.671536,234.553316,231.907977,233.671536,OK
20220105,3665,貿聯-KY,1456702,265.00,267.50,261.00,262.00,yearly_2022.zip,0.8817793819,233.671536,235.875985,230.144419,231.026198,OK
20220106,3665,貿聯-KY,3881798,256.50,258.50,248.00,252.50,yearly_2022.zip,0.8817793819,226.176411,227.939970,218.681287,222.649294,OK
20220107,3665,貿聯-KY,1519339,252.00,257.00,251.50,253.50,yearly_2022.zip,0.8817793819,222.208404,226.617301,221.767515,223.531073,OK
20220110,3665,貿聯-KY,2569596,255.50,261.00,249.50,259.00,yearly_2022.zip,0.8817793819,225.294632,230.144419,220.003956,228.380860,OK
20220111,3665,貿聯-KY,1772487,255.00,262.00,255.00,261.50,yearly_2022.zip,0.8817793819,224.853742,231.026198,224.853742,230.585308,OK
20220112,3665,貿聯-KY,3449155,265.00,269.00,262.00,263.00,yearly_2022.zip,0.8817793819,233.671536,237.198654,231.026198,231.907977,OK
20220113,3665,貿聯-KY,1936417,263.00,264.00,254.00,254.00,yearly_2022.zip,0.8817793819,231.907977,232.789757,223.971963,223.971963,OK
20220114,3665,貿聯-KY,1938669,252.50,253.00,242.00,247.00,yearly_2022.zip,0.8817793819,222.649294,223.090184,213.390610,217.799507,OK
20220117,3665,貿聯-KY,1284846,252.00,252.00,247.00,250.00,yearly_2022.zip,0.8817793819,222.208404,222.208404,217.799507,220.444845,OK
20220118,3665,貿聯-KY,780119,248.50,255.00,246.00,252.00,yearly_2022.zip,0.8817793819,219.122176,224.853742,216.917728,222.208404,OK
20220119,3665,貿聯-KY,2930146,249.50,261.50,249.50,258.00,yearly_2022.zip,0.8817793819,220.003956,230.585308,220.003956,227.499081,OK
20220120,3665,貿聯-KY,3817908,253.00,262.00,250.50,261.50,yearly_2022.zip,0.8817793819,223.090184,231.026198,220.885735,230.585308,OK
20220121,3665,貿聯-KY,5068319,252.00,268.00,252.00,264.50,yearly_2022.zip,0.8817793819,222.208404,236.316874,222.208404,233.230647,OK
20220124,3665,貿聯-KY,7620503,266.50,277.50,264.00,277.50,yearly_2022.zip,0.8817793819,234.994205,244.693778,232.789757,244.693778,OK
20220125,3665,貿聯-KY,11949992,276.00,291.50,274.50,291.50,yearly_2022.zip,0.8817793819,243.371109,257.038690,242.048440,257.038690,OK
20220126,3665,貿聯-KY,9360599,291.00,297.00,284.50,295.00,yearly_2022.zip,0.8817793819,256.597800,261.888476,250.866234,260.124918,OK
20220207,3665,貿聯-KY,7071143,299.50,306.00,296.50,306.00,yearly_2022.zip,0.8817793819,264.092925,269.824491,261.447587,269.824491,OK
20220208,3665,貿聯-KY,10564395,308.00,317.50,295.00,306.50,yearly_2022.zip,0.8817793819,271.588050,279.964954,260.124918,270.265381,OK
20220209,3665,貿聯-KY,4625713,305.00,305.00,296.50,304.50,yearly_2022.zip,0.8817793819,268.942711,268.942711,261.447587,268.501822,OK
20220210,3665,貿聯-KY,4157994,300.00,303.50,290.00,292.00,yearly_2022.zip,0.8817793819,264.533815,267.620042,255.716021,257.479580,OK
20220211,3665,貿聯-KY,6827930,294.00,309.50,292.50,309.00,yearly_2022.zip,0.8817793819,259.243138,272.910719,257.920469,272.469829,OK
20220214,3665,貿聯-KY,4449496,303.00,306.00,296.00,296.50,yearly_2022.zip,0.8817793819,267.179153,269.824491,261.006697,261.447587,OK
20220215,3665,貿聯-KY,2859949,298.00,303.50,294.50,295.50,yearly_2022.zip,0.8817793819,262.770256,267.620042,259.684028,260.565807,OK
20220216,3665,貿聯-KY,2232984,302.00,303.50,293.50,294.50,yearly_2022.zip,0.8817793819,266.297373,267.620042,258.802249,259.684028,OK
20220217,3665,貿聯-KY,3241510,297.50,302.50,292.50,298.00,yearly_2022.zip,0.8817793819,262.329366,266.738263,257.920469,262.770256,OK
20220218,3665,貿聯-KY,5273903,292.00,296.00,283.00,283.50,yearly_2022.zip,0.8817793819,257.479580,261.006697,249.543565,249.984455,OK
20220221,3665,貿聯-KY,2256655,283.50,289.00,283.00,287.00,yearly_2022.zip,0.8817793819,249.984455,254.834241,249.543565,253.070683,OK
20220222,3665,貿聯-KY,2713840,286.00,287.00,276.00,280.00,yearly_2022.zip,0.8817793819,252.188903,253.070683,243.371109,246.898227,OK
20220223,3665,貿聯-KY,3325488,283.00,294.00,282.00,293.00,yearly_2022.zip,0.8817793819,249.543565,259.243138,248.661786,258.361359,OK
20220224,3665,貿聯-KY,2873815,289.00,296.00,287.00,292.50,yearly_2022.zip,0.8817793819,254.834241,261.006697,253.070683,257.920469,OK
20220225,3665,貿聯-KY,3618332,298.50,303.00,291.50,299.00,yearly_2022.zip,0.8817793819,263.211145,267.179153,257.038690,263.652035,OK
20220301,3665,貿聯-KY,2263554,296.50,303.00,296.00,296.50,yearly_2022.zip,0.8817793819,261.447587,267.179153,261.006697,261.447587,OK
20220302,3665,貿聯-KY,1728547,297.50,302.00,296.00,297.50,yearly_2022.zip,0.8817793819,262.329366,266.297373,261.006697,262.329366,OK
20220303,3665,貿聯-KY,3419489,299.00,299.50,284.00,289.00,yearly_2022.zip,0.8817793819,263.652035,264.092925,250.425344,254.834241,OK
20220304,3665,貿聯-KY,948591,290.00,293.50,287.00,291.00,yearly_2022.zip,0.8817793819,255.716021,258.802249,253.070683,256.597800,OK
20220307,3665,貿聯-KY,5575733,297.00,302.50,291.50,291.50,yearly_2022.zip,0.8817793819,261.888476,266.738263,257.038690,257.038690,OK
20220308,3665,貿聯-KY,4095898,289.50,292.50,273.00,281.00,yearly_2022.zip,0.8817793819,255.275131,257.920469,240.725771,247.780006,OK
20220309,3665,貿聯-KY,2589545,289.00,294.50,285.50,292.00,yearly_2022.zip,0.8817793819,254.834241,259.684028,251.748014,257.479580,OK
20220310,3665,貿聯-KY,6136739,299.50,317.00,295.50,309.00,yearly_2022.zip,0.8817793819,264.092925,279.524064,260.565807,272.469829,OK
20220311,3665,貿聯-KY,8165033,313.00,324.50,304.00,312.00,yearly_2022.zip,0.8817793819,275.996947,286.137409,268.060932,275.115167,OK
20220314,3665,貿聯-KY,2309923,310.00,311.00,301.00,304.50,yearly_2022.zip,0.8817793819,273.351608,274.233388,265.415594,268.501822,OK
20220315,3665,貿聯-KY,2717481,301.00,301.50,293.50,297.50,yearly_2022.zip,0.8817793819,265.415594,265.856484,258.802249,262.329366,OK
20220316,3665,貿聯-KY,2558119,300.00,310.00,295.50,309.50,yearly_2022.zip,0.8817793819,264.533815,273.351608,260.565807,272.910719,OK
20220317,3665,貿聯-KY,5188244,313.50,322.00,310.00,321.50,yearly_2022.zip,0.8817793819,276.437836,283.932961,273.351608,283.492071,OK
20220318,3665,貿聯-KY,2834967,326.00,326.50,314.00,318.00,yearly_2022.zip,0.8817793819,287.460078,287.900968,276.878726,280.405843,OK
20220321,3665,貿聯-KY,3691491,323.00,329.00,316.50,316.50,yearly_2022.zip,0.8817793819,284.814740,290.105417,279.083174,279.083174,OK
20220322,3665,貿聯-KY,3094148,319.50,325.00,316.00,320.00,yearly_2022.zip,0.8817793819,281.728513,286.578299,278.642285,282.169402,OK
20220323,3665,貿聯-KY,2929581,323.00,326.00,314.00,318.00,yearly_2022.zip,0.8817793819,284.814740,287.460078,276.878726,280.405843,OK
20220324,3665,貿聯-KY,1639581,319.00,322.00,315.00,321.50,yearly_2022.zip,0.8817793819,281.287623,283.932961,277.760505,283.492071,OK
20220325,3665,貿聯-KY,1568521,328.50,328.50,315.50,318.00,yearly_2022.zip,0.8817793819,289.664527,289.664527,278.201395,280.405843,OK
20220328,3665,貿聯-KY,5259892,312.00,314.00,290.50,294.00,yearly_2022.zip,0.8817793819,275.115167,276.878726,256.156910,259.243138,OK
20220329,3665,貿聯-KY,3998649,298.50,305.50,295.50,304.50,yearly_2022.zip,0.8817793819,263.211145,269.383601,260.565807,268.501822,OK
20220330,3665,貿聯-KY,2265613,307.00,313.00,305.00,309.50,yearly_2022.zip,0.8817793819,270.706270,275.996947,268.942711,272.910719,OK
20220331,3665,貿聯-KY,2462055,308.00,308.00,296.00,296.50,yearly_2022.zip,0.8817793819,271.588050,271.588050,261.006697,261.447587,OK
20220401,3665,貿聯-KY,1241365,290.50,299.50,290.50,299.50,yearly_2022.zip,0.8817793819,256.156910,264.092925,256.156910,264.092925,OK
20220406,3665,貿聯-KY,1404328,297.50,301.00,293.50,301.00,yearly_2022.zip,0.8817793819,262.329366,265.415594,258.802249,265.415594,OK
20220407,3665,貿聯-KY,1580704,300.00,301.00,297.00,299.50,yearly_2022.zip,0.8817793819,264.533815,265.415594,261.888476,264.092925,OK
20220408,3665,貿聯-KY,1120303,301.00,302.00,297.50,301.00,yearly_2022.zip,0.8817793819,265.415594,266.297373,262.329366,265.415594,OK
20220411,3665,貿聯-KY,2475223,300.00,300.00,285.00,287.50,yearly_2022.zip,0.8817793819,264.533815,264.533815,251.307124,253.511572,OK
20220412,3665,貿聯-KY,1983241,283.00,289.50,283.00,286.50,yearly_2022.zip,0.8817793819,249.543565,255.275131,249.543565,252.629793,OK
20220413,3665,貿聯-KY,2442513,286.00,298.00,286.00,298.00,yearly_2022.zip,0.8817793819,252.188903,262.770256,252.188903,262.770256,OK
20220414,3665,貿聯-KY,1091457,299.00,301.00,297.00,299.50,yearly_2022.zip,0.8817793819,263.652035,265.415594,261.888476,264.092925,OK
20220415,3665,貿聯-KY,1036373,298.00,300.50,292.50,299.00,yearly_2022.zip,0.8817793819,262.770256,264.974704,257.920469,263.652035,OK
20220418,3665,貿聯-KY,891037,300.00,303.50,298.00,300.00,yearly_2022.zip,0.8817793819,264.533815,267.620042,262.770256,264.533815,OK
20220419,3665,貿聯-KY,2239755,304.00,313.50,302.50,310.00,yearly_2022.zip,0.8817793819,268.060932,276.437836,266.738263,273.351608,OK
20220420,3665,貿聯-KY,1789806,315.00,318.50,312.00,315.00,yearly_2022.zip,0.8817793819,277.760505,280.846733,275.115167,277.760505,OK
20220421,3665,貿聯-KY,1155904,317.50,318.50,314.00,317.50,yearly_2022.zip,0.8817793819,279.964954,280.846733,276.878726,279.964954,OK
20220422,3665,貿聯-KY,2044938,315.50,320.50,307.50,308.50,yearly_2022.zip,0.8817793819,278.201395,282.610292,271.147160,272.028939,OK
20220425,3665,貿聯-KY,1175332,302.00,306.00,298.50,299.00,yearly_2022.zip,0.8817793819,266.297373,269.824491,263.211145,263.652035,OK
20220426,3665,貿聯-KY,973680,305.00,308.50,301.00,305.00,yearly_2022.zip,0.8817793819,268.942711,272.028939,265.415594,268.942711,OK
20220427,3665,貿聯-KY,1792003,295.00,298.50,288.00,294.50,yearly_2022.zip,0.8817793819,260.124918,263.211145,253.952462,259.684028,OK
20220428,3665,貿聯-KY,784807,297.50,299.00,294.00,294.00,yearly_2022.zip,0.8817793819,262.329366,263.652035,259.243138,259.243138,OK
20220429,3665,貿聯-KY,844813,297.50,305.00,297.50,300.50,yearly_2022.zip,0.8817793819,262.329366,268.942711,262.329366,264.974704,OK
20220503,3665,貿聯-KY,1037344,301.00,305.50,296.50,302.50,yearly_2022.zip,0.8817793819,265.415594,269.383601,261.447587,266.738263,OK
20220504,3665,貿聯-KY,1767594,307.50,315.00,306.00,313.00,yearly_2022.zip,0.8817793819,271.147160,277.760505,269.824491,275.996947,OK
20220505,3665,貿聯-KY,7630313,320.00,344.00,315.00,344.00,yearly_2022.zip,0.8817793819,282.169402,303.332107,277.760505,303.332107,OK
20220506,3665,貿聯-KY,4964300,331.50,340.50,330.00,335.00,yearly_2022.zip,0.8817793819,292.309865,300.245880,290.987196,295.396093,OK
20220509,3665,貿聯-KY,3076261,330.00,338.00,321.00,335.00,yearly_2022.zip,0.8817793819,290.987196,298.041431,283.051182,295.396093,OK
20220510,3665,貿聯-KY,5808535,326.00,328.00,310.00,318.50,yearly_2022.zip,0.8817793819,287.460078,289.223637,273.351608,280.846733,OK
20220511,3665,貿聯-KY,2414496,316.50,325.00,312.50,313.00,yearly_2022.zip,0.8817793819,279.083174,286.578299,275.556057,275.996947,OK
20220512,3665,貿聯-KY,1915328,312.50,315.50,308.50,310.00,yearly_2022.zip,0.8817793819,275.556057,278.201395,272.028939,273.351608,OK
20220513,3665,貿聯-KY,1362921,313.00,319.00,312.50,318.00,yearly_2022.zip,0.8817793819,275.996947,281.287623,275.556057,280.405843,OK
20220516,3665,貿聯-KY,4399944,324.00,327.50,300.00,303.50,yearly_2022.zip,0.8817793819,285.696520,288.782748,264.533815,267.620042,OK
20220517,3665,貿聯-KY,1828653,303.50,316.00,303.50,316.00,yearly_2022.zip,0.8817793819,267.620042,278.642285,267.620042,278.642285,OK
20220518,3665,貿聯-KY,1704782,316.00,318.50,311.50,312.00,yearly_2022.zip,0.8817793819,278.642285,280.846733,274.674277,275.115167,OK
20220519,3665,貿聯-KY,1237183,307.00,311.50,304.00,310.50,yearly_2022.zip,0.8817793819,270.706270,274.674277,268.060932,273.792498,OK
20220520,3665,貿聯-KY,751680,311.00,315.50,308.50,311.00,yearly_2022.zip,0.8817793819,274.233388,278.201395,272.028939,274.233388,OK
20220523,3665,貿聯-KY,1389438,313.00,319.50,310.00,316.50,yearly_2022.zip,0.8817793819,275.996947,281.728513,273.351608,279.083174,OK
20220524,3665,貿聯-KY,2624910,316.50,317.50,300.00,300.00,yearly_2022.zip,0.8817793819,279.083174,279.964954,264.533815,264.533815,OK
20220525,3665,貿聯-KY,1903244,300.00,303.00,295.00,300.00,yearly_2022.zip,0.8817793819,264.533815,267.179153,260.124918,264.533815,OK
20220526,3665,貿聯-KY,1305308,301.00,302.00,295.50,297.00,yearly_2022.zip,0.8817793819,265.415594,266.297373,260.565807,261.888476,OK
20220527,3665,貿聯-KY,1060902,303.00,307.00,301.00,304.50,yearly_2022.zip,0.8817793819,267.179153,270.706270,265.415594,268.501822,OK
20220530,3665,貿聯-KY,1509693,309.00,316.50,308.00,315.00,yearly_2022.zip,0.8817793819,272.469829,279.083174,271.588050,277.760505,OK
20220531,3665,貿聯-KY,1228504,318.00,319.00,311.50,311.50,yearly_2022.zip,0.8817793819,280.405843,281.287623,274.674277,274.674277,OK
20220601,3665,貿聯-KY,1919831,311.50,324.50,311.50,315.00,yearly_2022.zip,0.8817793819,274.674277,286.137409,274.674277,277.760505,OK
20220602,3665,貿聯-KY,3302979,312.50,313.00,301.00,301.00,yearly_2022.zip,0.8817793819,275.556057,275.996947,265.415594,265.415594,OK
20220606,3665,貿聯-KY,1700995,301.00,303.00,296.50,298.50,yearly_2022.zip,0.8817793819,265.415594,267.179153,261.447587,263.211145,OK
20220607,3665,貿聯-KY,4293796,307.50,316.00,303.00,313.50,yearly_2022.zip,0.8817793819,271.147160,278.642285,267.179153,276.437836,OK
20220608,3665,貿聯-KY,1883143,315.00,319.50,310.50,313.50,yearly_2022.zip,0.8817793819,277.760505,281.728513,273.792498,276.437836,OK
20220609,3665,貿聯-KY,823604,312.50,317.50,312.00,315.00,yearly_2022.zip,0.8817793819,275.556057,279.964954,275.115167,277.760505,OK
20220610,3665,貿聯-KY,1251133,315.00,317.50,312.00,316.00,yearly_2022.zip,0.8817793819,277.760505,279.964954,275.115167,278.642285,OK
20220613,3665,貿聯-KY,767540,309.00,311.50,307.00,309.00,yearly_2022.zip,0.8817793819,272.469829,274.674277,270.706270,272.469829,OK
20220614,3665,貿聯-KY,838658,308.50,310.00,303.00,309.00,yearly_2022.zip,0.8817793819,272.028939,273.351608,267.179153,272.469829,OK
20220615,3665,貿聯-KY,1277587,309.00,309.00,301.50,306.00,yearly_2022.zip,0.8817793819,272.469829,272.469829,265.856484,269.824491,OK
20220616,3665,貿聯-KY,1217772,310.00,314.00,301.00,301.00,yearly_2022.zip,0.8817793819,273.351608,276.878726,265.415594,265.415594,OK
20220617,3665,貿聯-KY,1766294,300.00,303.50,295.00,298.00,yearly_2022.zip,0.8817793819,264.533815,267.620042,260.124918,262.770256,OK
20220620,3665,貿聯-KY,2105512,302.00,302.00,283.50,283.50,yearly_2022.zip,0.8817793819,266.297373,266.297373,249.984455,249.984455,OK
20220621,3665,貿聯-KY,1286438,287.00,299.50,285.00,298.50,yearly_2022.zip,0.8817793819,253.070683,264.092925,251.307124,263.211145,OK
20220622,3665,貿聯-KY,1019193,300.00,300.50,292.50,294.00,yearly_2022.zip,0.8817793819,264.533815,264.974704,257.920469,259.243138,OK
20220623,3665,貿聯-KY,743736,297.50,301.50,290.50,293.50,yearly_2022.zip,0.8817793819,262.329366,265.856484,256.156910,258.802249,OK
20220624,3665,貿聯-KY,1566431,296.50,307.00,295.50,305.00,yearly_2022.zip,0.8817793819,261.447587,270.706270,260.565807,268.942711,OK
20220627,3665,貿聯-KY,1643187,309.00,315.00,306.00,312.00,yearly_2022.zip,0.8817793819,272.469829,277.760505,269.824491,275.115167,OK
20220628,3665,貿聯-KY,1033189,310.50,315.00,310.50,314.00,yearly_2022.zip,0.8817793819,273.792498,277.760505,273.792498,276.878726,OK
20220629,3665,貿聯-KY,1306527,313.50,313.50,303.00,306.50,yearly_2022.zip,0.8817793819,276.437836,276.437836,267.179153,270.265381,OK
20220630,3665,貿聯-KY,1516960,308.50,312.50,305.00,308.50,yearly_2022.zip,0.8817793819,272.028939,275.556057,268.942711,272.028939,OK
20220701,3665,貿聯-KY,1537275,307.50,308.50,291.00,291.00,yearly_2022.zip,0.8817793819,271.147160,272.028939,256.597800,256.597800,OK
20220704,3665,貿聯-KY,1223599,296.00,302.00,291.00,294.00,yearly_2022.zip,0.8817793819,261.006697,266.297373,256.597800,259.243138,OK
20220705,3665,貿聯-KY,1183433,299.50,300.00,289.00,297.50,yearly_2022.zip,0.8817793819,264.092925,264.533815,254.834241,262.329366,OK
20220706,3665,貿聯-KY,5033776,301.00,317.50,301.00,315.50,yearly_2022.zip,0.8817793819,265.415594,279.964954,265.415594,278.201395,OK
20220707,3665,貿聯-KY,5418283,311.00,330.00,309.50,329.00,yearly_2022.zip,0.8817793819,274.233388,290.987196,272.910719,290.105417,OK
20220708,3665,貿聯-KY,3193588,332.00,337.00,321.50,330.50,yearly_2022.zip,0.8817793819,292.750755,297.159652,283.492071,291.428086,OK
20220711,3665,貿聯-KY,1467714,330.00,330.00,321.50,326.00,yearly_2022.zip,0.8817793819,290.987196,290.987196,283.492071,287.460078,OK
20220712,3665,貿聯-KY,1669271,322.50,323.00,315.50,315.50,yearly_2022.zip,0.8817793819,284.373851,284.814740,278.201395,278.201395,OK
20220713,3665,貿聯-KY,1509880,324.00,325.50,315.50,315.50,yearly_2022.zip,0.8817793819,285.696520,287.019189,278.201395,278.201395,OK
20220714,3665,貿聯-KY,2624918,308.50,314.00,300.00,309.00,yearly_2022.zip,0.9090063551,280.428461,285.427996,272.701907,280.882964,OK
20220715,3665,貿聯-KY,2657792,312.50,320.50,303.50,320.00,yearly_2022.zip,0.9090063551,284.064486,291.336537,275.883429,290.882034,OK
20220718,3665,貿聯-KY,4302694,324.00,335.00,322.00,334.50,yearly_2022.zip,0.9090063551,294.518059,304.517129,292.700046,304.062626,OK
20220719,3665,貿聯-KY,3644471,328.00,330.00,311.00,315.00,yearly_2022.zip,0.9090063551,298.154084,299.972097,282.700976,286.337002,OK
20220720,3665,貿聯-KY,2855243,318.50,319.00,312.00,312.00,yearly_2022.zip,0.9090063551,289.518524,289.973027,283.609983,283.609983,OK
20220721,3665,貿聯-KY,1877735,313.00,317.00,312.50,314.00,yearly_2022.zip,0.9090063551,284.518989,288.155015,284.064486,285.427996,OK
20220722,3665,貿聯-KY,4658517,319.00,329.00,307.00,310.00,yearly_2022.zip,0.9090063551,289.973027,299.063091,279.064951,281.791970,OK
20220725,3665,貿聯-KY,881969,309.00,311.50,306.50,310.00,yearly_2022.zip,0.9090063551,280.882964,283.155480,278.610448,281.791970,OK
20220726,3665,貿聯-KY,1566927,310.00,310.00,301.50,301.50,yearly_2022.zip,0.9090063551,281.791970,281.791970,274.065416,274.065416,OK
20220727,3665,貿聯-KY,2764981,302.00,315.00,301.00,314.50,yearly_2022.zip,0.9090063551,274.519919,286.337002,273.610913,285.882499,OK
20220728,3665,貿聯-KY,2944835,316.50,322.00,310.50,312.50,yearly_2022.zip,0.9090063551,287.700511,292.700046,282.246473,284.064486,OK
20220729,3665,貿聯-KY,3184959,317.00,321.50,314.00,321.00,yearly_2022.zip,0.9090063551,288.155015,292.245543,285.427996,291.791040,OK
20220801,3665,貿聯-KY,1798615,321.00,321.00,310.00,311.50,yearly_2022.zip,0.9090063551,291.791040,291.791040,281.791970,283.155480,OK
20220802,3665,貿聯-KY,2060755,306.00,308.50,302.00,306.00,yearly_2022.zip,0.9090063551,278.155945,280.428461,274.519919,278.155945,OK
20220803,3665,貿聯-KY,1319520,305.50,307.50,301.50,302.50,yearly_2022.zip,0.9090063551,277.701441,279.519454,274.065416,274.974422,OK
20220804,3665,貿聯-KY,2558696,303.50,308.50,303.00,306.50,yearly_2022.zip,0.9090063551,275.883429,280.428461,275.428926,278.610448,OK
20220805,3665,貿聯-KY,2022943,308.00,316.00,306.50,315.00,yearly_2022.zip,0.9090063551,279.973957,287.246008,278.610448,286.337002,OK
20220808,3665,貿聯-KY,1632389,311.00,312.00,307.00,311.50,yearly_2022.zip,0.9090063551,282.700976,283.609983,279.064951,283.155480,OK
20220809,3665,貿聯-KY,1356787,312.00,316.50,309.50,316.00,yearly_2022.zip,0.9090063551,283.609983,287.700511,281.337467,287.246008,OK
20220810,3665,貿聯-KY,640712,312.50,316.00,312.50,315.50,yearly_2022.zip,0.9090063551,284.064486,287.246008,284.064486,286.791505,OK
20220811,3665,貿聯-KY,2339332,320.50,322.50,309.50,311.00,yearly_2022.zip,0.9090063551,291.336537,293.154550,281.337467,282.700976,OK
20220812,3665,貿聯-KY,1654106,309.00,315.00,307.00,307.00,yearly_2022.zip,0.9090063551,280.882964,286.337002,279.064951,279.064951,OK
20220815,3665,貿聯-KY,1123912,308.50,311.50,307.00,310.00,yearly_2022.zip,0.9090063551,280.428461,283.155480,279.064951,281.791970,OK
20220816,3665,貿聯-KY,1714577,310.50,315.00,309.00,314.50,yearly_2022.zip,0.9090063551,282.246473,286.337002,280.882964,285.882499,OK
20220817,3665,貿聯-KY,1085103,313.50,315.00,310.00,311.00,yearly_2022.zip,0.9090063551,284.973492,286.337002,281.791970,282.700976,OK
20220818,3665,貿聯-KY,1626872,309.50,312.00,304.50,306.00,yearly_2022.zip,0.9090063551,281.337467,283.609983,276.792435,278.155945,OK
20220819,3665,貿聯-KY,2196079,306.50,308.00,301.00,303.50,yearly_2022.zip,0.9090063551,278.610448,279.973957,273.610913,275.883429,OK
20220822,3665,貿聯-KY,1957306,301.00,302.50,296.00,296.50,yearly_2022.zip,0.9090063551,273.610913,274.974422,269.065881,269.520384,OK
20220823,3665,貿聯-KY,2095356,295.00,305.00,292.50,302.00,yearly_2022.zip,0.9090063551,268.156875,277.246938,265.884359,274.519919,OK
20220824,3665,貿聯-KY,2048171,304.00,309.50,299.00,299.50,yearly_2022.zip,0.9090063551,276.337932,281.337467,271.792900,272.247403,OK
20220825,3665,貿聯-KY,1424501,301.00,303.00,297.00,298.00,yearly_2022.zip,0.9090063551,273.610913,275.428926,269.974887,270.883894,OK
20220826,3665,貿聯-KY,1713343,299.00,302.50,297.50,300.50,yearly_2022.zip,0.9090063551,271.792900,274.974422,270.429391,273.156410,OK
20220829,3665,貿聯-KY,10921731,306.00,329.00,305.00,328.00,yearly_2022.zip,0.9090063551,278.155945,299.063091,277.246938,298.154084,OK
20220830,3665,貿聯-KY,12121761,332.00,345.00,328.50,340.50,yearly_2022.zip,0.9090063551,301.790110,313.607193,298.608588,309.516664,OK
20220831,3665,貿聯-KY,6138343,342.50,343.00,330.50,340.00,yearly_2022.zip,0.9090063551,311.334677,311.789180,300.426600,309.062161,OK
20220901,3665,貿聯-KY,2207427,335.00,339.50,333.00,335.50,yearly_2022.zip,0.9090063551,304.517129,308.607658,302.699116,304.971632,OK
20220902,3665,貿聯-KY,3438631,339.00,343.00,328.50,330.50,yearly_2022.zip,0.9090063551,308.153154,311.789180,298.608588,300.426600,OK
20220905,3665,貿聯-KY,2047196,334.00,334.00,321.00,323.00,yearly_2022.zip,0.9090063551,303.608123,303.608123,291.791040,293.609053,OK
20220906,3665,貿聯-KY,3248952,319.50,321.00,312.00,315.00,yearly_2022.zip,0.9090063551,290.427530,291.791040,283.609983,286.337002,OK
20220907,3665,貿聯-KY,2425908,311.00,311.00,303.00,303.50,yearly_2022.zip,0.9090063551,282.700976,282.700976,275.428926,275.883429,OK
20220908,3665,貿聯-KY,2632100,305.50,309.00,299.50,303.00,yearly_2022.zip,0.9090063551,277.701441,280.882964,272.247403,275.428926,OK
20220912,3665,貿聯-KY,1281929,309.00,311.00,305.00,305.50,yearly_2022.zip,0.9090063551,280.882964,282.700976,277.246938,277.701441,OK
20220913,3665,貿聯-KY,5902990,315.00,326.50,314.00,323.00,yearly_2022.zip,0.9090063551,286.337002,296.790575,285.427996,293.609053,OK
20220914,3665,貿聯-KY,2175967,316.00,323.00,316.00,321.50,yearly_2022.zip,0.9090063551,287.246008,293.609053,287.246008,292.245543,OK
20220915,3665,貿聯-KY,3546139,323.00,335.00,319.50,320.00,yearly_2022.zip,0.9090063551,293.609053,304.517129,290.427530,290.882034,OK
20220916,3665,貿聯-KY,2580777,321.00,328.50,317.00,318.00,yearly_2022.zip,0.9090063551,291.791040,298.608588,288.155015,289.064021,OK
20220919,3665,貿聯-KY,1833074,318.00,318.00,307.50,310.50,yearly_2022.zip,0.9090063551,289.064021,289.064021,279.519454,282.246473,OK
20220920,3665,貿聯-KY,2133777,314.00,316.00,308.00,310.00,yearly_2022.zip,0.9090063551,285.427996,287.246008,279.973957,281.791970,OK
20220921,3665,貿聯-KY,1963430,307.50,308.50,302.00,304.50,yearly_2022.zip,0.9090063551,279.519454,280.428461,274.519919,276.792435,OK
20220922,3665,貿聯-KY,2503469,302.00,312.50,301.00,312.50,yearly_2022.zip,0.9090063551,274.519919,284.064486,273.610913,284.064486,OK
20220923,3665,貿聯-KY,2851131,311.00,313.50,297.00,300.00,yearly_2022.zip,0.9090063551,282.700976,284.973492,269.974887,272.701907,OK
20220926,3665,貿聯-KY,2516481,296.00,296.50,283.50,286.00,yearly_2022.zip,0.9090063551,269.065881,269.520384,257.703302,259.975818,OK
20220927,3665,貿聯-KY,1969623,288.00,295.00,286.00,293.50,yearly_2022.zip,0.9090063551,261.793830,268.156875,259.975818,266.793365,OK
20220928,3665,貿聯-KY,2566501,293.50,295.00,277.00,277.00,yearly_2022.zip,0.9090063551,266.793365,268.156875,251.794760,251.794760,OK
20220929,3665,貿聯-KY,2104061,282.00,288.50,277.50,277.50,yearly_2022.zip,0.9090063551,256.339792,262.248333,252.249264,252.249264,OK
20220930,3665,貿聯-KY,2116396,272.00,280.50,268.50,280.50,yearly_2022.zip,0.9090063551,247.249729,254.976283,244.068206,254.976283,OK
20221003,3665,貿聯-KY,980324,275.00,281.00,275.00,275.50,yearly_2022.zip,0.9090063551,249.976748,255.430786,249.976748,250.431251,OK
20221004,3665,貿聯-KY,1499025,280.50,284.00,278.00,283.00,yearly_2022.zip,0.9090063551,254.976283,258.157805,252.703767,257.248798,OK
20221005,3665,貿聯-KY,1587780,289.00,289.50,284.00,285.50,yearly_2022.zip,0.9090063551,262.702837,263.157340,258.157805,259.521314,OK
20221006,3665,貿聯-KY,1288906,291.00,291.00,284.00,289.00,yearly_2022.zip,0.9090063551,264.520849,264.520849,258.157805,262.702837,OK
20221007,3665,貿聯-KY,1168532,286.50,290.00,285.50,287.00,yearly_2022.zip,0.9090063551,260.430321,263.611843,259.521314,260.884824,OK
20221011,3665,貿聯-KY,1805414,281.50,281.50,270.50,275.50,yearly_2022.zip,0.9090063551,255.885289,255.885289,245.886219,250.431251,OK
20221012,3665,貿聯-KY,1388121,277.00,282.00,271.00,281.50,yearly_2022.zip,0.9090063551,251.794760,256.339792,246.340722,255.885289,OK
20221013,3665,貿聯-KY,3023124,278.00,280.00,253.50,253.50,yearly_2022.zip,0.9090063551,252.703767,254.521779,230.433111,230.433111,OK
20221014,3665,貿聯-KY,5022600,261.00,263.00,252.50,253.50,yearly_2022.zip,0.9090063551,237.250659,239.068671,229.524105,230.433111,OK
20221017,3665,貿聯-KY,2934987,246.00,259.50,243.50,259.50,yearly_2022.zip,0.9090063551,223.615563,235.887149,221.343047,235.887149,OK
20221018,3665,貿聯-KY,1770603,263.00,266.00,259.00,264.50,yearly_2022.zip,0.9090063551,239.068671,241.795690,235.432646,240.432181,OK
20221019,3665,貿聯-KY,2673764,264.50,275.50,263.50,272.00,yearly_2022.zip,0.9090063551,240.432181,250.431251,239.523175,247.249729,OK
20221020,3665,貿聯-KY,2445245,265.00,266.00,259.00,265.00,yearly_2022.zip,0.9090063551,240.886684,241.795690,235.432646,240.886684,OK
20221021,3665,貿聯-KY,1042885,265.00,268.00,262.50,264.00,yearly_2022.zip,0.9090063551,240.886684,243.613703,238.614168,239.977678,OK
20221024,3665,貿聯-KY,1828654,270.00,277.50,270.00,273.00,yearly_2022.zip,0.9090063551,245.431716,252.249264,245.431716,248.158735,OK
20221025,3665,貿聯-KY,3071088,271.00,273.00,256.00,261.00,yearly_2022.zip,0.9090063551,246.340722,248.158735,232.705627,237.250659,OK
20221026,3665,貿聯-KY,3099010,259.50,261.00,246.00,246.50,yearly_2022.zip,0.9090063551,235.887149,237.250659,223.615563,224.070067,OK
20221027,3665,貿聯-KY,2851051,248.00,253.00,244.50,252.50,yearly_2022.zip,0.9090063551,225.433576,229.978608,222.252054,229.524105,OK
20221028,3665,貿聯-KY,2611166,248.50,250.00,239.00,242.00,yearly_2022.zip,0.9090063551,225.888079,227.251589,217.252519,219.979538,OK
20221031,3665,貿聯-KY,1595799,244.50,248.50,244.50,246.50,yearly_2022.zip,0.9090063551,222.252054,225.888079,222.252054,224.070067,OK
20221101,3665,貿聯-KY,1311585,248.00,253.00,246.00,250.00,yearly_2022.zip,0.9090063551,225.433576,229.978608,223.615563,227.251589,OK
20221102,3665,貿聯-KY,1244203,252.50,257.00,249.00,255.50,yearly_2022.zip,0.9090063551,229.524105,233.614633,226.342582,232.251124,OK
20221103,3665,貿聯-KY,673765,251.00,255.50,250.00,255.00,yearly_2022.zip,0.9090063551,228.160595,232.251124,227.251589,231.796621,OK
20221104,3665,貿聯-KY,1644314,254.50,261.50,253.50,260.00,yearly_2022.zip,0.9090063551,231.342117,237.705162,230.433111,236.341652,OK
20221107,3665,貿聯-KY,2484018,264.00,268.50,261.50,263.00,yearly_2022.zip,0.9090063551,239.977678,244.068206,237.705162,239.068671,OK
20221108,3665,貿聯-KY,1411849,265.00,268.00,263.00,263.00,yearly_2022.zip,0.9090063551,240.886684,243.613703,239.068671,239.068671,OK
20221109,3665,貿聯-KY,1123835,266.50,269.00,264.50,268.50,yearly_2022.zip,0.9090063551,242.250194,244.522710,240.432181,244.068206,OK
20221110,3665,貿聯-KY,1157487,265.00,268.00,262.50,266.00,yearly_2022.zip,0.9090063551,240.886684,243.613703,238.614168,241.795690,OK
20221111,3665,貿聯-KY,7983982,270.00,271.00,248.50,250.50,yearly_2022.zip,0.9090063551,245.431716,246.340722,225.888079,227.706092,OK
20221114,3665,貿聯-KY,6096562,250.50,256.00,243.00,253.50,yearly_2022.zip,0.9090063551,227.706092,232.705627,220.888544,230.433111,OK
20221115,3665,貿聯-KY,2803588,253.50,255.00,248.50,254.00,yearly_2022.zip,0.9090063551,230.433111,231.796621,225.888079,230.887614,OK
20221116,3665,貿聯-KY,3465741,253.00,255.50,251.00,253.00,yearly_2022.zip,0.9090063551,229.978608,232.251124,228.160595,229.978608,OK
20221117,3665,貿聯-KY,3547201,252.50,257.50,251.50,256.00,yearly_2022.zip,0.9090063551,229.524105,234.069136,228.615098,232.705627,OK
20221118,3665,貿聯-KY,4462788,254.50,262.50,251.50,252.00,yearly_2022.zip,0.9090063551,231.342117,238.614168,228.615098,229.069601,OK
20221121,3665,貿聯-KY,5343288,252.00,252.00,239.50,240.50,yearly_2022.zip,0.9090063551,229.069601,229.069601,217.707022,218.616028,OK
20221122,3665,貿聯-KY,3984936,240.50,244.00,237.00,244.00,yearly_2022.zip,0.9090063551,218.616028,221.797551,215.434506,221.797551,OK
20221123,3665,貿聯-KY,3678350,245.50,252.50,244.50,248.00,yearly_2022.zip,0.9090063551,223.161060,229.524105,222.252054,225.433576,OK
20221124,3665,貿聯-KY,2711218,254.00,256.50,252.00,253.00,yearly_2022.zip,0.9090063551,230.887614,233.160130,229.069601,229.978608,OK
20221125,3665,貿聯-KY,1448169,253.00,255.00,249.00,249.00,yearly_2022.zip,0.9090063551,229.978608,231.796621,226.342582,226.342582,OK
20221128,3665,貿聯-KY,1031352,247.50,253.00,246.00,251.00,yearly_2022.zip,0.9090063551,224.979073,229.978608,223.615563,228.160595,OK
20221129,3665,貿聯-KY,1984242,248.50,252.50,248.50,248.50,yearly_2022.zip,0.9090063551,225.888079,229.524105,225.888079,225.888079,OK
20221130,3665,貿聯-KY,1956237,248.00,252.00,248.00,250.50,yearly_2022.zip,0.9090063551,225.433576,229.069601,225.433576,227.706092,OK
20221201,3665,貿聯-KY,3425839,254.00,258.00,253.00,253.50,yearly_2022.zip,0.9090063551,230.887614,234.523640,229.978608,230.433111,OK
20221202,3665,貿聯-KY,5254566,254.00,266.00,254.00,259.50,yearly_2022.zip,0.9090063551,230.887614,241.795690,230.887614,235.887149,OK
20221205,3665,貿聯-KY,4112204,262.50,267.50,260.00,265.50,yearly_2022.zip,0.9090063551,238.614168,243.159200,236.341652,241.341187,OK
20221206,3665,貿聯-KY,5157092,266.00,270.00,263.50,265.50,yearly_2022.zip,0.9090063551,241.795690,245.431716,239.523175,241.341187,OK
20221207,3665,貿聯-KY,3345553,264.50,267.00,257.50,259.50,yearly_2022.zip,0.9090063551,240.432181,242.704697,234.069136,235.887149,OK
20221208,3665,貿聯-KY,1998314,259.00,259.50,257.00,258.50,yearly_2022.zip,0.9090063551,235.432646,235.887149,233.614633,234.978143,OK
20221209,3665,貿聯-KY,1473565,260.00,263.50,258.00,258.50,yearly_2022.zip,0.9090063551,236.341652,239.523175,234.523640,234.978143,OK
20221212,3665,貿聯-KY,1620246,259.00,263.00,258.50,263.00,yearly_2022.zip,0.9090063551,235.432646,239.068671,234.978143,239.068671,OK
20221213,3665,貿聯-KY,2159073,263.00,263.50,260.00,261.50,yearly_2022.zip,0.9090063551,239.068671,239.523175,236.341652,237.705162,OK
20221214,3665,貿聯-KY,1788534,262.00,265.50,261.50,262.50,yearly_2022.zip,0.9090063551,238.159665,241.341187,237.705162,238.614168,OK
20221215,3665,貿聯-KY,1970562,263.50,265.50,261.00,263.00,yearly_2022.zip,0.9090063551,239.523175,241.341187,237.250659,239.068671,OK
20221216,3665,貿聯-KY,3683357,260.00,261.50,255.50,255.50,yearly_2022.zip,0.9090063551,236.341652,237.705162,232.251124,232.251124,OK
20221219,3665,貿聯-KY,3330321,256.00,257.00,249.00,251.50,yearly_2022.zip,0.9090063551,232.705627,233.614633,226.342582,228.615098,OK
20221220,3665,貿聯-KY,3330687,251.50,252.00,241.50,247.00,yearly_2022.zip,0.9090063551,228.615098,229.069601,219.525035,224.524570,OK
20221221,3665,貿聯-KY,2554255,248.00,250.00,244.00,250.00,yearly_2022.zip,0.9090063551,225.433576,227.251589,221.797551,227.251589,OK
20221222,3665,貿聯-KY,3096020,252.50,257.00,251.00,257.00,yearly_2022.zip,0.9090063551,229.524105,233.614633,228.160595,233.614633,OK
20221223,3665,貿聯-KY,1391429,252.00,254.00,251.00,251.00,yearly_2022.zip,0.9090063551,229.069601,230.887614,228.160595,228.160595,OK
20221226,3665,貿聯-KY,754567,252.00,252.00,245.50,245.50,yearly_2022.zip,0.9090063551,229.069601,229.069601,223.161060,223.161060,OK
20221227,3665,貿聯-KY,523039,248.50,249.50,246.50,246.50,yearly_2022.zip,0.9090063551,225.888079,226.797086,224.070067,224.070067,OK
20221228,3665,貿聯-KY,1821233,243.00,244.00,237.50,237.50,yearly_2022.zip,0.9090063551,220.888544,221.797551,215.889009,215.889009,OK
20221229,3665,貿聯-KY,1488859,236.00,237.50,231.50,236.50,yearly_2022.zip,0.9090063551,214.525500,215.889009,210.434971,214.980003,OK
20221230,3665,貿聯-KY,1134868,243.00,243.00,236.50,236.50,yearly_2022.zip,0.9090063551,220.888544,220.888544,214.980003,214.980003,OK
20230103,3665,貿聯-KY,512429,236.50,240.00,236.50,239.00,yearly_2023.zip,0.9090063551,214.980003,218.161525,214.980003,217.252519,OK
20230104,3665,貿聯-KY,1133749,237.00,239.00,234.00,235.00,yearly_2023.zip,0.9090063551,215.434506,217.252519,212.707487,213.616493,OK
20230105,3665,貿聯-KY,1866677,237.50,243.00,237.50,241.00,yearly_2023.zip,0.9090063551,215.889009,220.888544,215.889009,219.070532,OK
20230106,3665,貿聯-KY,1632828,239.50,247.50,239.00,245.00,yearly_2023.zip,0.9090063551,217.707022,224.979073,217.252519,222.706557,OK
20230109,3665,貿聯-KY,1064400,248.50,249.00,243.50,244.00,yearly_2023.zip,0.9090063551,225.888079,226.342582,221.343047,221.797551,OK
20230110,3665,貿聯-KY,1494853,246.00,249.50,245.00,245.00,yearly_2023.zip,0.9090063551,223.615563,226.797086,222.706557,222.706557,OK
20230111,3665,貿聯-KY,2061585,245.50,246.50,241.50,242.00,yearly_2023.zip,0.9090063551,223.161060,224.070067,219.525035,219.979538,OK
20230112,3665,貿聯-KY,2779134,243.00,251.00,243.00,250.00,yearly_2023.zip,0.9090063551,220.888544,228.160595,220.888544,227.251589,OK
20230113,3665,貿聯-KY,2173467,251.00,252.00,246.00,247.00,yearly_2023.zip,0.9090063551,228.160595,229.069601,223.615563,224.524570,OK
20230116,3665,貿聯-KY,990061,247.50,251.00,247.50,248.00,yearly_2023.zip,0.9090063551,224.979073,228.160595,224.979073,225.433576,OK
20230117,3665,貿聯-KY,1582452,250.00,253.00,248.00,251.00,yearly_2023.zip,0.9090063551,227.251589,229.978608,225.433576,228.160595,OK
20230130,3665,貿聯-KY,7111239,264.00,271.50,261.50,266.00,yearly_2023.zip,0.9090063551,239.977678,246.795225,237.705162,241.795690,OK
20230131,3665,貿聯-KY,4070276,264.00,266.50,260.50,261.50,yearly_2023.zip,0.9090063551,239.977678,242.250194,236.796156,237.705162,OK
20230201,3665,貿聯-KY,3290738,264.00,269.00,261.50,263.50,yearly_2023.zip,0.9090063551,239.977678,244.522710,237.705162,239.523175,OK
20230202,3665,貿聯-KY,6183405,267.00,275.50,266.50,274.50,yearly_2023.zip,0.9090063551,242.704697,250.431251,242.250194,249.522244,OK
20230203,3665,貿聯-KY,2547317,272.00,272.50,269.50,272.00,yearly_2023.zip,0.9090063551,247.249729,247.704232,244.977213,247.249729,OK
20230206,3665,貿聯-KY,3335150,276.50,278.00,271.50,272.50,yearly_2023.zip,0.9090063551,251.340257,252.703767,246.795225,247.704232,OK
20230207,3665,貿聯-KY,1896211,273.00,275.00,271.50,271.50,yearly_2023.zip,0.9090063551,248.158735,249.976748,246.795225,246.795225,OK
20230208,3665,貿聯-KY,2294344,274.00,276.50,271.50,272.00,yearly_2023.zip,0.9090063551,249.067741,251.340257,246.795225,247.249729,OK
20230209,3665,貿聯-KY,4111895,272.50,274.50,265.50,265.50,yearly_2023.zip,0.9090063551,247.704232,249.522244,241.341187,241.341187,OK
20230210,3665,貿聯-KY,1795954,267.00,269.00,265.50,266.50,yearly_2023.zip,0.9090063551,242.704697,244.522710,241.341187,242.250194,OK
20230213,3665,貿聯-KY,710137,266.50,268.50,266.00,267.50,yearly_2023.zip,0.9090063551,242.250194,244.068206,241.795690,243.159200,OK
20230214,3665,貿聯-KY,1256579,269.00,271.50,268.50,271.00,yearly_2023.zip,0.9090063551,244.522710,246.795225,244.068206,246.340722,OK
20230215,3665,貿聯-KY,3571383,272.50,276.50,272.50,273.50,yearly_2023.zip,0.9090063551,247.704232,251.340257,247.704232,248.613238,OK
20230216,3665,貿聯-KY,5063940,278.00,283.50,277.50,280.50,yearly_2023.zip,0.9090063551,252.703767,257.703302,252.249264,254.976283,OK
20230217,3665,貿聯-KY,1925986,278.00,280.00,276.50,279.00,yearly_2023.zip,0.9090063551,252.703767,254.521779,251.340257,253.612773,OK
20230220,3665,貿聯-KY,5340730,286.00,291.00,281.00,281.00,yearly_2023.zip,0.9090063551,259.975818,264.520849,255.430786,255.430786,OK
20230221,3665,貿聯-KY,2049908,282.00,284.00,278.50,279.00,yearly_2023.zip,0.9090063551,256.339792,258.157805,253.158270,253.612773,OK
20230222,3665,貿聯-KY,2163628,276.50,279.00,273.00,274.00,yearly_2023.zip,0.9090063551,251.340257,253.612773,248.158735,249.067741,OK
20230223,3665,貿聯-KY,1856449,275.50,281.00,275.50,280.50,yearly_2023.zip,0.9090063551,250.431251,255.430786,250.431251,254.976283,OK
20230224,3665,貿聯-KY,1630892,280.50,283.00,276.00,277.00,yearly_2023.zip,0.9090063551,254.976283,257.248798,250.885754,251.794760,OK
20230301,3665,貿聯-KY,1002487,277.00,280.50,276.50,279.50,yearly_2023.zip,0.9090063551,251.794760,254.976283,251.340257,254.067276,OK
20230302,3665,貿聯-KY,2061827,279.50,283.00,279.50,283.00,yearly_2023.zip,0.9090063551,254.067276,257.248798,254.067276,257.248798,OK
20230303,3665,貿聯-KY,1090663,283.50,285.00,280.50,280.50,yearly_2023.zip,0.9090063551,257.703302,259.066811,254.976283,254.976283,OK
20230306,3665,貿聯-KY,2359427,283.50,288.00,281.50,287.50,yearly_2023.zip,0.9090063551,257.703302,261.793830,255.885289,261.339327,OK
20230307,3665,貿聯-KY,1500189,286.00,286.00,283.50,284.00,yearly_2023.zip,0.9090063551,259.975818,259.975818,257.703302,258.157805,OK
20230308,3665,貿聯-KY,1494150,283.00,284.50,281.00,282.00,yearly_2023.zip,0.9090063551,257.248798,258.612308,255.430786,256.339792,OK
20230309,3665,貿聯-KY,3077512,281.00,281.50,275.50,276.50,yearly_2023.zip,0.9090063551,255.430786,255.885289,250.431251,251.340257,OK
20230310,3665,貿聯-KY,1993240,273.00,276.50,270.00,271.50,yearly_2023.zip,0.9090063551,248.158735,251.340257,245.431716,246.795225,OK
20230313,3665,貿聯-KY,1534758,271.50,272.50,267.50,270.50,yearly_2023.zip,0.9090063551,246.795225,247.704232,243.159200,245.886219,OK
20230314,3665,貿聯-KY,797686,269.50,271.00,267.50,268.00,yearly_2023.zip,0.9090063551,244.977213,246.340722,243.159200,243.613703,OK
20230315,3665,貿聯-KY,761145,270.50,272.50,270.00,270.00,yearly_2023.zip,0.9090063551,245.886219,247.704232,245.431716,245.431716,OK
20230316,3665,貿聯-KY,1353111,268.50,270.00,262.00,263.50,yearly_2023.zip,0.9090063551,244.068206,245.431716,238.159665,239.523175,OK
20230317,3665,貿聯-KY,776248,266.50,271.00,266.50,268.00,yearly_2023.zip,0.9090063551,242.250194,246.340722,242.250194,243.613703,OK
20230320,3665,貿聯-KY,950711,270.00,275.00,269.50,273.00,yearly_2023.zip,0.9090063551,245.431716,249.976748,244.977213,248.158735,OK
20230321,3665,貿聯-KY,511543,275.50,277.00,272.50,272.50,yearly_2023.zip,0.9090063551,250.431251,251.794760,247.704232,247.704232,OK
20230322,3665,貿聯-KY,1207951,274.50,277.50,274.50,276.00,yearly_2023.zip,0.9090063551,249.522244,252.249264,249.522244,250.885754,OK
20230323,3665,貿聯-KY,545129,275.00,276.00,273.50,275.00,yearly_2023.zip,0.9090063551,249.976748,250.885754,248.613238,249.976748,OK
20230324,3665,貿聯-KY,798234,277.00,279.50,276.50,277.50,yearly_2023.zip,0.9090063551,251.794760,254.067276,251.340257,252.249264,OK
20230327,3665,貿聯-KY,814498,279.00,279.50,273.50,274.00,yearly_2023.zip,0.9090063551,253.612773,254.067276,248.613238,249.067741,OK
20230328,3665,貿聯-KY,1113732,274.00,275.00,269.00,269.00,yearly_2023.zip,0.9090063551,249.067741,249.976748,244.522710,244.522710,OK
20230329,3665,貿聯-KY,1232403,270.50,275.50,270.50,275.00,yearly_2023.zip,0.9090063551,245.886219,250.431251,245.886219,249.976748,OK
20230330,3665,貿聯-KY,1089367,276.00,279.00,276.00,278.00,yearly_2023.zip,0.9090063551,250.885754,253.612773,250.885754,252.703767,OK
20230331,3665,貿聯-KY,4592967,280.00,289.00,278.50,279.00,yearly_2023.zip,0.9090063551,254.521779,262.702837,253.158270,253.612773,OK
20230406,3665,貿聯-KY,2003659,276.00,276.00,270.00,271.00,yearly_2023.zip,0.9090063551,250.885754,250.885754,245.431716,246.340722,OK
20230407,3665,貿聯-KY,801527,271.50,274.50,271.00,272.00,yearly_2023.zip,0.9090063551,246.795225,249.522244,246.340722,247.249729,OK
20230410,3665,貿聯-KY,615182,274.50,275.00,270.50,274.50,yearly_2023.zip,0.9090063551,249.522244,249.976748,245.886219,249.522244,OK
20230411,3665,貿聯-KY,1898997,276.00,278.00,274.50,277.50,yearly_2023.zip,0.9090063551,250.885754,252.703767,249.522244,252.249264,OK
20230412,3665,貿聯-KY,1167739,278.50,282.00,277.50,278.50,yearly_2023.zip,0.9090063551,253.158270,256.339792,252.249264,253.158270,OK
20230413,3665,貿聯-KY,745056,280.00,280.50,277.00,277.00,yearly_2023.zip,0.9090063551,254.521779,254.976283,251.794760,251.794760,OK
20230414,3665,貿聯-KY,1090120,279.50,279.50,277.00,277.00,yearly_2023.zip,0.9090063551,254.067276,254.067276,251.794760,251.794760,OK
20230417,3665,貿聯-KY,1164735,277.50,277.50,272.00,272.50,yearly_2023.zip,0.9090063551,252.249264,252.249264,247.249729,247.704232,OK
20230418,3665,貿聯-KY,603014,274.00,275.50,272.00,272.50,yearly_2023.zip,0.9090063551,249.067741,250.431251,247.249729,247.704232,OK
20230419,3665,貿聯-KY,627892,274.00,275.00,272.50,273.00,yearly_2023.zip,0.9090063551,249.067741,249.976748,247.704232,248.158735,OK
20230420,3665,貿聯-KY,1290122,271.50,274.50,268.50,273.00,yearly_2023.zip,0.9090063551,246.795225,249.522244,244.068206,248.158735,OK
20230421,3665,貿聯-KY,1710975,273.50,273.50,262.50,263.00,yearly_2023.zip,0.9090063551,248.613238,248.613238,238.614168,239.068671,OK
20230424,3665,貿聯-KY,2247677,263.50,264.50,253.50,255.00,yearly_2023.zip,0.9090063551,239.523175,240.432181,230.433111,231.796621,OK
20230425,3665,貿聯-KY,1182108,256.50,258.50,250.00,250.50,yearly_2023.zip,0.9090063551,233.160130,234.978143,227.251589,227.706092,OK
20230426,3665,貿聯-KY,539341,252.00,256.00,251.00,255.50,yearly_2023.zip,0.9090063551,229.069601,232.705627,228.160595,232.251124,OK
20230427,3665,貿聯-KY,642919,258.00,262.00,256.00,260.00,yearly_2023.zip,0.9090063551,234.523640,238.159665,232.705627,236.341652,OK
20230428,3665,貿聯-KY,651304,265.00,265.00,261.00,263.00,yearly_2023.zip,0.9090063551,240.886684,240.886684,237.250659,239.068671,OK
20230502,3665,貿聯-KY,494546,263.50,265.50,261.00,261.00,yearly_2023.zip,0.9090063551,239.523175,241.341187,237.250659,237.250659,OK
20230503,3665,貿聯-KY,700198,261.00,262.00,254.50,258.50,yearly_2023.zip,0.9090063551,237.250659,238.159665,231.342117,234.978143,OK
20230504,3665,貿聯-KY,332338,258.50,259.50,256.00,257.50,yearly_2023.zip,0.9090063551,234.978143,235.887149,232.705627,234.069136,OK
20230505,3665,貿聯-KY,280513,258.50,260.00,258.00,258.00,yearly_2023.zip,0.9090063551,234.978143,236.341652,234.523640,234.523640,OK
20230508,3665,貿聯-KY,354322,259.50,261.50,259.00,260.00,yearly_2023.zip,0.9090063551,235.887149,237.705162,235.432646,236.341652,OK
20230509,3665,貿聯-KY,412673,260.00,260.00,255.50,257.00,yearly_2023.zip,0.9090063551,236.341652,236.341652,232.251124,233.614633,OK
20230510,3665,貿聯-KY,348715,258.00,259.50,256.50,257.50,yearly_2023.zip,0.9090063551,234.523640,235.887149,233.160130,234.069136,OK
20230511,3665,貿聯-KY,522627,258.00,259.00,255.00,257.50,yearly_2023.zip,0.9090063551,234.523640,235.432646,231.796621,234.069136,OK
20230512,3665,貿聯-KY,770192,257.50,261.50,257.50,258.50,yearly_2023.zip,0.9090063551,234.069136,237.705162,234.069136,234.978143,OK
20230515,3665,貿聯-KY,542058,258.00,258.00,252.50,254.50,yearly_2023.zip,0.9090063551,234.523640,234.523640,229.524105,231.342117,OK
20230516,3665,貿聯-KY,420672,256.50,260.50,256.00,259.50,yearly_2023.zip,0.9090063551,233.160130,236.796156,232.705627,235.887149,OK
20230517,3665,貿聯-KY,939141,258.00,262.50,257.50,261.50,yearly_2023.zip,0.9090063551,234.523640,238.614168,234.069136,237.705162,OK
20230518,3665,貿聯-KY,611838,263.50,264.00,261.00,262.00,yearly_2023.zip,0.9090063551,239.523175,239.977678,237.250659,238.159665,OK
20230519,3665,貿聯-KY,398021,263.50,264.00,261.00,261.00,yearly_2023.zip,0.9090063551,239.523175,239.977678,237.250659,237.250659,OK
20230522,3665,貿聯-KY,638992,260.00,265.00,259.50,265.00,yearly_2023.zip,0.9090063551,236.341652,240.886684,235.887149,240.886684,OK
20230523,3665,貿聯-KY,760160,265.00,269.00,265.00,266.00,yearly_2023.zip,0.9090063551,240.886684,244.522710,240.886684,241.795690,OK
20230524,3665,貿聯-KY,556039,267.00,268.00,264.00,267.50,yearly_2023.zip,0.9090063551,242.704697,243.613703,239.977678,243.159200,OK
20230526,3665,貿聯-KY,580921,267.50,268.50,266.50,267.00,yearly_2023.zip,0.9090063551,243.159200,244.068206,242.250194,242.704697,OK
20230529,3665,貿聯-KY,729923,268.50,271.00,268.50,270.50,yearly_2023.zip,0.9090063551,244.068206,246.340722,244.068206,245.886219,OK
20230530,3665,貿聯-KY,570116,271.50,271.50,268.50,268.50,yearly_2023.zip,0.9090063551,246.795225,246.795225,244.068206,244.068206,OK
20230531,3665,貿聯-KY,1922515,270.00,277.50,270.00,276.50,yearly_2023.zip,0.9090063551,245.431716,252.249264,245.431716,251.340257,OK
20230601,3665,貿聯-KY,722577,277.50,278.00,274.50,275.50,yearly_2023.zip,0.9090063551,252.249264,252.703767,249.522244,250.431251,OK
20230602,3665,貿聯-KY,1041291,275.50,276.50,271.50,272.00,yearly_2023.zip,0.9090063551,250.431251,251.340257,246.795225,247.249729,OK
20230605,3665,貿聯-KY,753885,273.00,275.00,271.00,271.00,yearly_2023.zip,0.9090063551,248.158735,249.976748,246.340722,246.340722,OK
20230606,3665,貿聯-KY,640222,270.00,272.00,268.50,269.50,yearly_2023.zip,0.9090063551,245.431716,247.249729,244.068206,244.977213,OK
20230607,3665,貿聯-KY,340886,269.50,272.50,269.50,272.50,yearly_2023.zip,0.9090063551,244.977213,247.704232,244.977213,247.704232,OK
20230608,3665,貿聯-KY,687311,272.50,275.00,271.00,275.00,yearly_2023.zip,0.9090063551,247.704232,249.976748,246.340722,249.976748,OK
20230609,3665,貿聯-KY,2338372,278.00,282.50,277.50,281.00,yearly_2023.zip,0.9090063551,252.703767,256.794295,252.249264,255.430786,OK
20230612,3665,貿聯-KY,4043666,284.00,293.50,282.50,289.50,yearly_2023.zip,0.9090063551,258.157805,266.793365,256.794295,263.157340,OK
20230613,3665,貿聯-KY,1955135,292.00,292.50,286.00,286.00,yearly_2023.zip,0.9090063551,265.429856,265.884359,259.975818,259.975818,OK
20230614,3665,貿聯-KY,1244209,286.50,290.50,284.50,285.50,yearly_2023.zip,0.9090063551,260.430321,264.066346,258.612308,259.521314,OK
20230615,3665,貿聯-KY,1468273,287.00,287.50,282.00,285.00,yearly_2023.zip,0.9090063551,260.884824,261.339327,256.339792,259.066811,OK
20230616,3665,貿聯-KY,1246479,286.50,288.50,281.50,281.50,yearly_2023.zip,0.9090063551,260.430321,262.248333,255.885289,255.885289,OK
20230619,3665,貿聯-KY,2601642,284.00,292.00,284.00,288.50,yearly_2023.zip,0.9090063551,258.157805,265.429856,258.157805,262.248333,OK
20230620,3665,貿聯-KY,2496969,291.00,296.00,289.50,292.50,yearly_2023.zip,0.9090063551,264.520849,269.065881,263.157340,265.884359,OK
20230621,3665,貿聯-KY,13827402,295.50,321.50,295.50,319.00,yearly_2023.zip,0.9090063551,268.611378,292.245543,268.611378,289.973027,OK
20230626,3665,貿聯-KY,5655416,313.00,318.50,307.50,316.00,yearly_2023.zip,0.9090063551,284.518989,289.518524,279.519454,287.246008,OK
20230627,3665,貿聯-KY,4160929,310.00,314.50,305.50,309.00,yearly_2023.zip,0.9090063551,281.791970,285.882499,277.701441,280.882964,OK
20230628,3665,貿聯-KY,4361328,312.00,313.00,301.00,301.00,yearly_2023.zip,0.9090063551,283.609983,284.518989,273.610913,273.610913,OK
20230629,3665,貿聯-KY,9325162,311.00,328.00,309.00,324.50,yearly_2023.zip,0.9090063551,282.700976,298.154084,280.882964,294.972562,OK
20230630,3665,貿聯-KY,5007201,319.00,326.50,316.50,322.00,yearly_2023.zip,0.9090063551,289.973027,296.790575,287.700511,292.700046,OK
20230703,3665,貿聯-KY,6776248,327.50,332.00,317.00,325.50,yearly_2023.zip,0.9090063551,297.699581,301.790110,288.155015,295.881569,OK
20230704,3665,貿聯-KY,6422850,334.50,340.00,325.50,327.00,yearly_2023.zip,0.9090063551,304.062626,309.062161,295.881569,297.245078,OK
20230705,3665,貿聯-KY,2580088,332.00,332.00,322.50,322.50,yearly_2023.zip,0.9090063551,301.790110,301.790110,293.154550,293.154550,OK
20230706,3665,貿聯-KY,2926485,320.00,325.50,318.00,320.00,yearly_2023.zip,0.9090063551,290.882034,295.881569,289.064021,290.882034,OK
20230707,3665,貿聯-KY,2293870,319.00,322.00,313.00,313.00,yearly_2023.zip,0.9090063551,289.973027,292.700046,284.518989,284.518989,OK
20230710,3665,貿聯-KY,1248884,313.00,318.00,311.50,312.00,yearly_2023.zip,0.9090063551,284.518989,289.064021,283.155480,283.609983,OK
20230711,3665,貿聯-KY,1499030,315.00,321.50,313.00,317.50,yearly_2023.zip,0.9090063551,286.337002,292.245543,284.518989,288.609518,OK
20230712,3665,貿聯-KY,1301546,319.50,322.00,314.00,316.00,yearly_2023.zip,0.9090063551,290.427530,292.700046,285.427996,287.246008,OK
20230713,3665,貿聯-KY,3071818,317.50,325.50,314.00,322.50,yearly_2023.zip,0.9090063551,288.609518,295.881569,285.427996,293.154550,OK
20230714,3665,貿聯-KY,3017461,329.50,331.00,323.00,326.00,yearly_2023.zip,0.9090063551,299.517594,300.881104,293.609053,296.336072,OK
20230717,3665,貿聯-KY,2357264,329.00,329.00,317.00,317.50,yearly_2023.zip,0.9090063551,299.063091,299.063091,288.155015,288.609518,OK
20230718,3665,貿聯-KY,1686280,320.50,320.50,313.00,315.00,yearly_2023.zip,0.9090063551,291.336537,291.336537,284.518989,286.337002,OK
20230719,3665,貿聯-KY,2844272,317.00,318.00,304.00,305.00,yearly_2023.zip,0.9090063551,288.155015,289.064021,276.337932,277.246938,OK
20230720,3665,貿聯-KY,2166931,305.00,310.00,303.00,307.50,yearly_2023.zip,0.9090063551,277.246938,281.791970,275.428926,279.519454,OK
20230721,3665,貿聯-KY,1538924,306.00,307.00,300.00,305.00,yearly_2023.zip,0.9090063551,278.155945,279.064951,272.701907,277.246938,OK
20230724,3665,貿聯-KY,1908186,305.50,312.00,301.50,309.50,yearly_2023.zip,0.9090063551,277.701441,283.609983,274.065416,281.337467,OK
20230725,3665,貿聯-KY,1662274,300.50,306.50,298.50,301.50,yearly_2023.zip,0.9480941798,284.902301,290.590866,283.006113,285.850395,OK
20230726,3665,貿聯-KY,998860,302.50,306.00,300.50,303.00,yearly_2023.zip,0.9480941798,286.798489,290.116819,284.902301,287.272536,OK
20230727,3665,貿聯-KY,1311640,303.00,308.50,301.50,306.00,yearly_2023.zip,0.9480941798,287.272536,292.487054,285.850395,290.116819,OK
20230728,3665,貿聯-KY,2686555,306.00,310.50,301.50,309.00,yearly_2023.zip,0.9480941798,290.116819,294.383243,285.850395,292.961102,OK
20230731,3665,貿聯-KY,2059715,310.00,310.00,302.50,302.50,yearly_2023.zip,0.9480941798,293.909196,293.909196,286.798489,286.798489,OK
20230801,3665,貿聯-KY,1433822,305.00,311.50,304.00,304.00,yearly_2023.zip,0.9480941798,289.168725,295.331337,288.220631,288.220631,OK
20230802,3665,貿聯-KY,1251050,306.00,309.00,297.50,298.50,yearly_2023.zip,0.9480941798,290.116819,292.961102,282.058018,283.006113,OK
20230804,3665,貿聯-KY,1868037,300.50,301.00,290.00,292.00,yearly_2023.zip,0.9480941798,284.902301,285.376348,274.947312,276.843501,OK
20230807,3665,貿聯-KY,528500,295.50,297.50,291.00,296.50,yearly_2023.zip,0.9480941798,280.161830,282.058018,275.895406,281.109924,OK
20230808,3665,貿聯-KY,493604,295.00,296.50,292.00,293.50,yearly_2023.zip,0.9480941798,279.687783,281.109924,276.843501,278.265642,OK
20230809,3665,貿聯-KY,2893920,292.00,293.50,282.50,284.00,yearly_2023.zip,0.9480941798,276.843501,278.265642,267.836606,269.258747,OK
20230810,3665,貿聯-KY,3495543,284.00,286.00,274.00,276.00,yearly_2023.zip,0.9480941798,269.258747,271.154935,259.777805,261.673994,OK
20230811,3665,貿聯-KY,2581391,281.00,281.00,270.00,271.00,yearly_2023.zip,0.9480941798,266.414465,266.414465,255.985429,256.933523,OK
20230814,3665,貿聯-KY,2164720,270.00,270.00,263.50,269.00,yearly_2023.zip,0.9480941798,255.985429,255.985429,249.822816,255.037334,OK
20230815,3665,貿聯-KY,1488039,267.00,270.00,266.00,267.00,yearly_2023.zip,0.9480941798,253.141146,255.985429,252.193052,253.141146,OK
20230816,3665,貿聯-KY,506133,267.00,271.00,266.00,269.50,yearly_2023.zip,0.9480941798,253.141146,256.933523,252.193052,255.511381,OK
20230817,3665,貿聯-KY,1178177,267.00,271.50,263.50,269.00,yearly_2023.zip,0.9480941798,253.141146,257.407570,249.822816,255.037334,OK
20230818,3665,貿聯-KY,1205728,268.00,271.00,263.00,264.00,yearly_2023.zip,0.9480941798,254.089240,256.933523,249.348769,250.296863,OK
20230821,3665,貿聯-KY,1155526,266.00,266.00,260.50,262.50,yearly_2023.zip,0.9480941798,252.193052,252.193052,246.978534,248.874722,OK
20230822,3665,貿聯-KY,1358937,268.50,268.50,261.50,263.00,yearly_2023.zip,0.9480941798,254.563287,254.563287,247.926628,249.348769,OK
20230823,3665,貿聯-KY,1451701,265.00,270.50,260.50,268.00,yearly_2023.zip,0.9480941798,251.244958,256.459476,246.978534,254.089240,OK
20230824,3665,貿聯-KY,1160015,268.00,272.50,266.50,271.00,yearly_2023.zip,0.9480941798,254.089240,258.355664,252.667099,256.933523,OK
20230825,3665,貿聯-KY,654241,266.50,271.00,266.50,267.00,yearly_2023.zip,0.9480941798,252.667099,256.933523,252.667099,253.141146,OK
20230828,3665,貿聯-KY,7126243,253.00,254.00,240.50,240.50,yearly_2023.zip,0.9480941798,239.867827,240.815922,228.016650,228.016650,OK
20230829,3665,貿聯-KY,3056920,240.00,245.00,234.00,243.00,yearly_2023.zip,0.9480941798,227.542603,232.283074,221.854038,230.386886,OK
20230830,3665,貿聯-KY,1875924,243.50,251.00,243.50,248.50,yearly_2023.zip,0.9480941798,230.860933,237.971639,230.860933,235.601404,OK
20230831,3665,貿聯-KY,938493,247.50,251.50,247.00,249.50,yearly_2023.zip,0.9480941798,234.653310,238.445686,234.179262,236.549498,OK
20230901,3665,貿聯-KY,1232109,251.00,256.50,250.00,254.00,yearly_2023.zip,0.9480941798,237.971639,243.186157,237.023545,240.815922,OK
20230904,3665,貿聯-KY,1022544,251.50,254.50,249.50,252.50,yearly_2023.zip,0.9480941798,238.445686,241.289969,236.549498,239.393780,OK
20230905,3665,貿聯-KY,877516,252.50,259.00,251.00,256.00,yearly_2023.zip,0.9480941798,239.393780,245.556393,237.971639,242.712110,OK
20230906,3665,貿聯-KY,1084852,256.00,257.00,250.50,252.00,yearly_2023.zip,0.9480941798,242.712110,243.660204,237.497592,238.919733,OK
20230907,3665,貿聯-KY,592048,250.00,254.50,250.00,252.00,yearly_2023.zip,0.9480941798,237.023545,241.289969,237.023545,238.919733,OK
20230908,3665,貿聯-KY,913575,250.00,252.50,249.00,251.50,yearly_2023.zip,0.9480941798,237.023545,239.393780,236.075451,238.445686,OK
20230911,3665,貿聯-KY,896616,250.50,251.00,246.50,248.50,yearly_2023.zip,0.9480941798,237.497592,237.971639,233.705215,235.601404,OK
20230912,3665,貿聯-KY,845730,252.00,254.50,251.00,254.50,yearly_2023.zip,0.9480941798,238.919733,241.289969,237.971639,241.289969,OK
20230913,3665,貿聯-KY,2676651,254.50,266.50,254.50,258.50,yearly_2023.zip,0.9480941798,241.289969,252.667099,241.289969,245.082345,OK
20230914,3665,貿聯-KY,761725,259.50,262.00,258.00,258.50,yearly_2023.zip,0.9480941798,246.030440,248.400675,244.608298,245.082345,OK
20230915,3665,貿聯-KY,752554,260.50,263.00,258.00,260.00,yearly_2023.zip,0.9480941798,246.978534,249.348769,244.608298,246.504487,OK
20230918,3665,貿聯-KY,732391,257.50,259.50,255.50,259.50,yearly_2023.zip,0.9480941798,244.134251,246.030440,242.238063,246.030440,OK
20230919,3665,貿聯-KY,445994,259.00,259.50,257.00,259.50,yearly_2023.zip,0.9480941798,245.556393,246.030440,243.660204,246.030440,OK
20230920,3665,貿聯-KY,3943250,260.50,275.00,258.50,274.00,yearly_2023.zip,0.9480941798,246.978534,260.725899,245.082345,259.777805,OK
20230921,3665,貿聯-KY,2301313,271.00,274.00,265.50,268.00,yearly_2023.zip,0.9480941798,256.933523,259.777805,251.719005,254.089240,OK
20230922,3665,貿聯-KY,2006959,265.50,276.00,265.00,273.50,yearly_2023.zip,0.9480941798,251.719005,261.673994,251.244958,259.303758,OK
20230925,3665,貿聯-KY,820133,273.00,275.50,271.50,274.00,yearly_2023.zip,0.9480941798,258.829711,261.199947,257.407570,259.777805,OK
20230926,3665,貿聯-KY,909106,274.00,274.00,267.00,273.00,yearly_2023.zip,0.9480941798,259.777805,259.777805,253.141146,258.829711,OK
20230927,3665,貿聯-KY,668961,272.50,272.50,267.50,269.50,yearly_2023.zip,0.9480941798,258.355664,258.355664,253.615193,255.511381,OK
20230928,3665,貿聯-KY,595949,270.00,271.00,267.00,270.00,yearly_2023.zip,0.9480941798,255.985429,256.933523,253.141146,255.985429,OK
20231002,3665,貿聯-KY,1219756,268.50,269.50,266.50,268.00,yearly_2023.zip,0.9480941798,254.563287,255.511381,252.667099,254.089240,OK
20231003,3665,貿聯-KY,539681,268.00,272.50,267.50,268.00,yearly_2023.zip,0.9480941798,254.089240,258.355664,253.615193,254.089240,OK
20231004,3665,貿聯-KY,597330,266.50,270.50,264.00,270.50,yearly_2023.zip,0.9480941798,252.667099,256.459476,250.296863,256.459476,OK
20231005,3665,貿聯-KY,675368,271.50,272.00,266.00,266.00,yearly_2023.zip,0.9480941798,257.407570,257.881617,252.193052,252.193052,OK
20231006,3665,貿聯-KY,1397127,266.00,266.00,257.00,260.00,yearly_2023.zip,0.9480941798,252.193052,252.193052,243.660204,246.504487,OK
20231011,3665,貿聯-KY,996387,260.00,262.00,254.00,256.50,yearly_2023.zip,0.9480941798,246.504487,248.400675,240.815922,243.186157,OK
20231012,3665,貿聯-KY,540311,258.50,260.50,254.50,260.00,yearly_2023.zip,0.9480941798,245.082345,246.978534,241.289969,246.504487,OK
20231013,3665,貿聯-KY,618989,256.50,258.50,255.00,255.50,yearly_2023.zip,0.9480941798,243.186157,245.082345,241.764016,242.238063,OK
20231016,3665,貿聯-KY,443010,253.00,259.00,253.00,257.00,yearly_2023.zip,0.9480941798,239.867827,245.556393,239.867827,243.660204,OK
20231017,3665,貿聯-KY,1579843,261.00,269.00,259.50,268.00,yearly_2023.zip,0.9480941798,247.452581,255.037334,246.030440,254.089240,OK
20231018,3665,貿聯-KY,1025863,270.00,270.00,263.50,264.50,yearly_2023.zip,0.9480941798,255.985429,255.985429,249.822816,250.770911,OK
20231019,3665,貿聯-KY,1118582,264.00,272.50,263.50,265.00,yearly_2023.zip,0.9480941798,250.296863,258.355664,249.822816,251.244958,OK
20231020,3665,貿聯-KY,992267,260.00,261.00,256.00,258.50,yearly_2023.zip,0.9480941798,246.504487,247.452581,242.712110,245.082345,OK
20231023,3665,貿聯-KY,449640,256.50,263.50,256.50,259.00,yearly_2023.zip,0.9480941798,243.186157,249.822816,243.186157,245.556393,OK
20231024,3665,貿聯-KY,555159,263.50,266.00,258.00,265.50,yearly_2023.zip,0.9480941798,249.822816,252.193052,244.608298,251.719005,OK
20231025,3665,貿聯-KY,376587,266.00,266.50,261.50,261.50,yearly_2023.zip,0.9480941798,252.193052,252.667099,247.926628,247.926628,OK
20231026,3665,貿聯-KY,488909,259.00,264.50,258.00,258.00,yearly_2023.zip,0.9480941798,245.556393,250.770911,244.608298,244.608298,OK
20231027,3665,貿聯-KY,391300,261.00,264.00,257.50,257.50,yearly_2023.zip,0.9480941798,247.452581,250.296863,244.134251,244.134251,OK
20231030,3665,貿聯-KY,1041383,259.00,260.00,256.00,258.00,yearly_2023.zip,0.9480941798,245.556393,246.504487,242.712110,244.608298,OK
20231031,3665,貿聯-KY,1043480,259.00,259.00,250.50,251.50,yearly_2023.zip,0.9480941798,245.556393,245.556393,237.497592,238.445686,OK
20231101,3665,貿聯-KY,400405,251.50,253.00,248.50,251.50,yearly_2023.zip,0.9480941798,238.445686,239.867827,235.601404,238.445686,OK
20231102,3665,貿聯-KY,302044,254.00,256.00,253.00,254.00,yearly_2023.zip,0.9480941798,240.815922,242.712110,239.867827,240.815922,OK
20231103,3665,貿聯-KY,484274,255.00,257.00,250.50,250.50,yearly_2023.zip,0.9480941798,241.764016,243.660204,237.497592,237.497592,OK
20231106,3665,貿聯-KY,456296,252.50,257.00,252.00,256.00,yearly_2023.zip,0.9480941798,239.393780,243.660204,238.919733,242.712110,OK
20231107,3665,貿聯-KY,262716,257.00,258.50,254.50,257.00,yearly_2023.zip,0.9480941798,243.660204,245.082345,241.289969,243.660204,OK
20231108,3665,貿聯-KY,622349,258.50,263.50,258.00,263.50,yearly_2023.zip,0.9480941798,245.082345,249.822816,244.608298,249.822816,OK
20231109,3665,貿聯-KY,515895,263.50,263.50,259.50,261.00,yearly_2023.zip,0.9480941798,249.822816,249.822816,246.030440,247.452581,OK
20231110,3665,貿聯-KY,475352,259.00,262.00,255.00,257.00,yearly_2023.zip,0.9480941798,245.556393,248.400675,241.764016,243.660204,OK
20231113,3665,貿聯-KY,756655,256.00,258.00,253.00,254.00,yearly_2023.zip,0.9480941798,242.712110,244.608298,239.867827,240.815922,OK
20231114,3665,貿聯-KY,274839,252.50,256.50,252.50,255.00,yearly_2023.zip,0.9480941798,239.393780,243.186157,239.393780,241.764016,OK
20231115,3665,貿聯-KY,594826,258.00,261.00,257.00,259.50,yearly_2023.zip,0.9480941798,244.608298,247.452581,243.660204,246.030440,OK
20231116,3665,貿聯-KY,407408,261.00,262.00,258.50,260.00,yearly_2023.zip,0.9480941798,247.452581,248.400675,245.082345,246.504487,OK
20231117,3665,貿聯-KY,390941,260.00,263.00,259.50,262.00,yearly_2023.zip,0.9480941798,246.504487,249.348769,246.030440,248.400675,OK
20231120,3665,貿聯-KY,387389,262.00,264.00,258.00,261.00,yearly_2023.zip,0.9480941798,248.400675,250.296863,244.608298,247.452581,OK
20231121,3665,貿聯-KY,1655894,263.50,267.50,259.00,266.50,yearly_2023.zip,0.9480941798,249.822816,253.615193,245.556393,252.667099,OK
20231122,3665,貿聯-KY,2653478,267.50,270.00,266.00,270.00,yearly_2023.zip,0.9480941798,253.615193,255.985429,252.193052,255.985429,OK
20231123,3665,貿聯-KY,1792599,270.00,273.00,269.00,270.50,yearly_2023.zip,0.9480941798,255.985429,258.829711,255.037334,256.459476,OK
20231124,3665,貿聯-KY,1262323,270.50,271.50,264.50,266.50,yearly_2023.zip,0.9480941798,256.459476,257.407570,250.770911,252.667099,OK
20231127,3665,貿聯-KY,525678,267.00,267.00,263.00,264.50,yearly_2023.zip,0.9480941798,253.141146,253.141146,249.348769,250.770911,OK
20231128,3665,貿聯-KY,310141,265.50,266.00,264.50,266.00,yearly_2023.zip,0.9480941798,251.719005,252.193052,250.770911,252.193052,OK
20231129,3665,貿聯-KY,584997,267.00,269.00,265.50,266.50,yearly_2023.zip,0.9480941798,253.141146,255.037334,251.719005,252.667099,OK
20231130,3665,貿聯-KY,1215083,268.00,268.50,263.50,264.00,yearly_2023.zip,0.9480941798,254.089240,254.563287,249.822816,250.296863,OK
20231201,3665,貿聯-KY,1918447,266.00,274.00,264.50,272.00,yearly_2023.zip,0.9480941798,252.193052,259.777805,250.770911,257.881617,OK
20231204,3665,貿聯-KY,2289138,276.00,279.00,274.50,276.00,yearly_2023.zip,0.9480941798,261.673994,264.518276,260.251852,261.673994,OK
20231205,3665,貿聯-KY,856774,275.00,275.00,270.50,271.00,yearly_2023.zip,0.9480941798,260.725899,260.725899,256.459476,256.933523,OK
20231206,3665,貿聯-KY,709454,271.00,272.00,268.00,270.50,yearly_2023.zip,0.9480941798,256.933523,257.881617,254.089240,256.459476,OK
20231207,3665,貿聯-KY,430499,271.00,274.50,269.00,269.00,yearly_2023.zip,0.9480941798,256.933523,260.251852,255.037334,255.037334,OK
20231208,3665,貿聯-KY,623122,271.00,272.00,266.50,266.50,yearly_2023.zip,0.9480941798,256.933523,257.881617,252.667099,252.667099,OK
20231211,3665,貿聯-KY,623252,269.00,273.00,268.50,271.50,yearly_2023.zip,0.9480941798,255.037334,258.829711,254.563287,257.407570,OK
20231212,3665,貿聯-KY,388657,272.00,272.50,268.00,269.00,yearly_2023.zip,0.9480941798,257.881617,258.355664,254.089240,255.037334,OK
20231213,3665,貿聯-KY,818849,269.00,270.50,264.00,264.50,yearly_2023.zip,0.9480941798,255.037334,256.459476,250.296863,250.770911,OK
20231214,3665,貿聯-KY,781359,267.00,269.50,265.00,267.50,yearly_2023.zip,0.9480941798,253.141146,255.511381,251.244958,253.615193,OK
20231215,3665,貿聯-KY,1555096,269.50,275.00,269.00,272.00,yearly_2023.zip,0.9480941798,255.511381,260.725899,255.037334,257.881617,OK
20231218,3665,貿聯-KY,665857,271.50,271.50,266.50,266.50,yearly_2023.zip,0.9480941798,257.407570,257.407570,252.667099,252.667099,OK
20231219,3665,貿聯-KY,511355,268.50,268.50,264.00,264.00,yearly_2023.zip,0.9480941798,254.563287,254.563287,250.296863,250.296863,OK
20231220,3665,貿聯-KY,438610,266.00,267.00,264.50,264.50,yearly_2023.zip,0.9480941798,252.193052,253.141146,250.770911,250.770911,OK
20231221,3665,貿聯-KY,898594,263.00,263.50,260.00,260.00,yearly_2023.zip,0.9480941798,249.348769,249.822816,246.504487,246.504487,OK
20231222,3665,貿聯-KY,680305,262.00,262.00,258.00,258.00,yearly_2023.zip,0.9480941798,248.400675,248.400675,244.608298,244.608298,OK
20231225,3665,貿聯-KY,326081,260.50,262.50,258.50,260.00,yearly_2023.zip,0.9480941798,246.978534,248.874722,245.082345,246.504487,OK
20231226,3665,貿聯-KY,326116,261.00,262.50,260.00,262.50,yearly_2023.zip,0.9480941798,247.452581,248.874722,246.504487,248.874722,OK
20231227,3665,貿聯-KY,470780,263.00,265.50,263.00,265.00,yearly_2023.zip,0.9480941798,249.348769,251.719005,249.348769,251.244958,OK
20231228,3665,貿聯-KY,278272,265.00,266.00,263.50,265.50,yearly_2023.zip,0.9480941798,251.244958,252.193052,249.822816,251.719005,OK
20231229,3665,貿聯-KY,396767,266.50,268.50,266.50,267.00,yearly_2023.zip,0.9480941798,252.667099,254.563287,252.667099,253.141146,OK
20240102,3665,貿聯-KY,387851,267.00,268.00,263.50,265.00,yearly_2024.zip,0.9480941798,253.141146,254.089240,249.822816,251.244958,OK
20240103,3665,貿聯-KY,258189,263.00,265.00,262.00,262.50,yearly_2024.zip,0.9480941798,249.348769,251.244958,248.400675,248.874722,OK
20240104,3665,貿聯-KY,409491,262.00,264.00,259.00,259.00,yearly_2024.zip,0.9480941798,248.400675,250.296863,245.556393,245.556393,OK
20240105,3665,貿聯-KY,668894,259.00,259.00,256.00,256.00,yearly_2024.zip,0.9480941798,245.556393,245.556393,242.712110,242.712110,OK
20240108,3665,貿聯-KY,739131,255.00,257.00,252.00,252.00,yearly_2024.zip,0.9480941798,241.764016,243.660204,238.919733,238.919733,OK
20240109,3665,貿聯-KY,633258,253.00,256.00,252.00,254.00,yearly_2024.zip,0.9480941798,239.867827,242.712110,238.919733,240.815922,OK
20240110,3665,貿聯-KY,1007765,253.50,253.50,247.50,249.00,yearly_2024.zip,0.9480941798,240.341875,240.341875,234.653310,236.075451,OK
20240111,3665,貿聯-KY,1069326,250.00,250.00,245.50,246.50,yearly_2024.zip,0.9480941798,237.023545,237.023545,232.757121,233.705215,OK
20240112,3665,貿聯-KY,850792,246.50,246.50,243.50,246.50,yearly_2024.zip,0.9480941798,233.705215,233.705215,230.860933,233.705215,OK
20240115,3665,貿聯-KY,474097,247.50,247.50,245.00,245.50,yearly_2024.zip,0.9480941798,234.653310,234.653310,232.283074,232.757121,OK
20240116,3665,貿聯-KY,716347,245.50,247.00,244.00,244.00,yearly_2024.zip,0.9480941798,232.757121,234.179262,231.334980,231.334980,OK
20240117,3665,貿聯-KY,603449,244.00,246.50,240.00,241.00,yearly_2024.zip,0.9480941798,231.334980,233.705215,227.542603,228.490697,OK
20240118,3665,貿聯-KY,957516,241.50,241.50,236.50,240.00,yearly_2024.zip,0.9480941798,228.964744,228.964744,224.224274,227.542603,OK
20240119,3665,貿聯-KY,922878,240.00,241.50,238.00,240.00,yearly_2024.zip,0.9480941798,227.542603,228.964744,225.646415,227.542603,OK
20240122,3665,貿聯-KY,956062,240.50,242.50,240.00,240.50,yearly_2024.zip,0.9480941798,228.016650,229.912839,227.542603,228.016650,OK
20240123,3665,貿聯-KY,1248679,244.00,248.00,242.50,245.50,yearly_2024.zip,0.9480941798,231.334980,235.127357,229.912839,232.757121,OK
20240124,3665,貿聯-KY,393673,246.00,247.50,245.00,245.50,yearly_2024.zip,0.9480941798,233.231168,234.653310,232.283074,232.757121,OK
20240125,3665,貿聯-KY,435909,245.50,245.50,242.00,242.00,yearly_2024.zip,0.9480941798,232.757121,232.757121,229.438792,229.438792,OK
20240126,3665,貿聯-KY,4443442,241.00,243.50,230.00,232.50,yearly_2024.zip,0.9480941798,228.490697,230.860933,218.061661,220.431897,OK
20240129,3665,貿聯-KY,920589,235.00,237.00,233.00,235.50,yearly_2024.zip,0.9480941798,222.802132,224.698321,220.905944,223.276179,OK
20240130,3665,貿聯-KY,638158,238.50,239.00,234.50,235.00,yearly_2024.zip,0.9480941798,226.120462,226.594509,222.328085,222.802132,OK
20240131,3665,貿聯-KY,1344476,236.00,236.50,231.00,231.00,yearly_2024.zip,0.9480941798,223.750226,224.224274,219.009756,219.009756,OK
20240201,3665,貿聯-KY,539632,233.50,234.50,232.00,233.00,yearly_2024.zip,0.9480941798,221.379991,222.328085,219.957850,220.905944,OK
20240202,3665,貿聯-KY,532946,233.00,235.00,232.00,232.50,yearly_2024.zip,0.9480941798,220.905944,222.802132,219.957850,220.431897,OK
20240205,3665,貿聯-KY,2269731,231.50,231.50,222.50,228.50,yearly_2024.zip,0.9480941798,219.483803,219.483803,210.950955,216.639520,OK
20240215,3665,貿聯-KY,1419484,229.50,234.00,227.50,232.50,yearly_2024.zip,0.9480941798,217.587614,221.854038,215.691426,220.431897,OK
20240216,3665,貿聯-KY,1258768,234.00,238.00,231.50,237.00,yearly_2024.zip,0.9480941798,221.854038,225.646415,219.483803,224.698321,OK
20240219,3665,貿聯-KY,2502017,239.00,247.50,237.50,245.50,yearly_2024.zip,0.9480941798,226.594509,234.653310,225.172368,232.757121,OK
20240220,3665,貿聯-KY,1300475,246.00,246.50,242.50,244.50,yearly_2024.zip,0.9480941798,233.231168,233.705215,229.912839,231.809027,OK
20240221,3665,貿聯-KY,754182,244.50,244.50,241.00,243.00,yearly_2024.zip,0.9480941798,231.809027,231.809027,228.490697,230.386886,OK
20240222,3665,貿聯-KY,856636,246.50,246.50,243.00,243.50,yearly_2024.zip,0.9480941798,233.705215,233.705215,230.386886,230.860933,OK
20240223,3665,貿聯-KY,1393412,245.50,247.50,242.50,244.00,yearly_2024.zip,0.9480941798,232.757121,234.653310,229.912839,231.334980,OK
20240226,3665,貿聯-KY,1784325,243.50,245.50,239.00,241.00,yearly_2024.zip,0.9480941798,230.860933,232.757121,226.594509,228.490697,OK
20240227,3665,貿聯-KY,1178870,243.50,245.50,239.00,241.00,yearly_2024.zip,0.9480941798,230.860933,232.757121,226.594509,228.490697,OK
20240229,3665,貿聯-KY,1242143,244.50,247.00,240.00,242.50,yearly_2024.zip,0.9480941798,231.809027,234.179262,227.542603,229.912839,OK
20240301,3665,貿聯-KY,1382299,243.50,243.50,236.00,238.50,yearly_2024.zip,0.9480941798,230.860933,230.860933,223.750226,226.120462,OK
20240304,3665,貿聯-KY,3136324,244.00,252.50,244.00,247.50,yearly_2024.zip,0.9480941798,231.334980,239.393780,231.334980,234.653310,OK
20240305,3665,貿聯-KY,1089714,247.50,250.00,244.00,249.00,yearly_2024.zip,0.9480941798,234.653310,237.023545,231.334980,236.075451,OK
20240306,3665,貿聯-KY,740441,251.00,251.00,248.00,248.00,yearly_2024.zip,0.9480941798,237.971639,237.971639,235.127357,235.127357,OK
20240307,3665,貿聯-KY,902110,248.50,249.00,242.50,243.00,yearly_2024.zip,0.9480941798,235.601404,236.075451,229.912839,230.386886,OK
20240308,3665,貿聯-KY,691341,245.00,246.50,241.50,243.00,yearly_2024.zip,0.9480941798,232.283074,233.705215,228.964744,230.386886,OK
20240311,3665,貿聯-KY,1789143,248.50,251.50,239.50,240.50,yearly_2024.zip,0.9480941798,235.601404,238.445686,227.068556,228.016650,OK
20240312,3665,貿聯-KY,1067635,243.00,246.50,241.50,244.50,yearly_2024.zip,0.9480941798,230.386886,233.705215,228.964744,231.809027,OK
20240313,3665,貿聯-KY,708214,244.00,246.50,243.00,244.50,yearly_2024.zip,0.9480941798,231.334980,233.705215,230.386886,231.809027,OK
20240314,3665,貿聯-KY,685484,244.00,245.50,241.00,244.50,yearly_2024.zip,0.9480941798,231.334980,232.757121,228.490697,231.809027,OK
20240315,3665,貿聯-KY,639708,244.50,247.00,243.00,245.00,yearly_2024.zip,0.9480941798,231.809027,234.179262,230.386886,232.283074,OK
20240318,3665,貿聯-KY,555726,247.50,248.50,244.00,245.50,yearly_2024.zip,0.9480941798,234.653310,235.601404,231.334980,232.757121,OK
20240319,3665,貿聯-KY,1412650,247.00,253.50,246.50,252.50,yearly_2024.zip,0.9480941798,234.179262,240.341875,233.705215,239.393780,OK
20240320,3665,貿聯-KY,1040254,254.50,258.00,251.50,253.50,yearly_2024.zip,0.9480941798,241.289969,244.608298,238.445686,240.341875,OK
20240321,3665,貿聯-KY,1993653,255.50,259.50,254.00,258.00,yearly_2024.zip,0.9480941798,242.238063,246.030440,240.815922,244.608298,OK
20240322,3665,貿聯-KY,2201803,258.00,263.50,257.00,262.50,yearly_2024.zip,0.9480941798,244.608298,249.822816,243.660204,248.874722,OK
20240325,3665,貿聯-KY,1202255,262.50,263.50,258.50,260.50,yearly_2024.zip,0.9480941798,248.874722,249.822816,245.082345,246.978534,OK
20240326,3665,貿聯-KY,1697556,259.00,260.50,253.50,256.00,yearly_2024.zip,0.9480941798,245.556393,246.978534,240.341875,242.712110,OK
20240327,3665,貿聯-KY,905082,257.00,259.00,251.00,252.00,yearly_2024.zip,0.9480941798,243.660204,245.556393,237.971639,238.919733,OK
20240328,3665,貿聯-KY,944585,253.00,259.50,253.00,257.00,yearly_2024.zip,0.9480941798,239.867827,246.030440,239.867827,243.660204,OK
20240329,3665,貿聯-KY,801675,256.00,259.00,256.00,259.00,yearly_2024.zip,0.9480941798,242.712110,245.556393,242.712110,245.556393,OK
20240401,3665,貿聯-KY,995896,256.00,257.00,251.50,254.00,yearly_2024.zip,0.9480941798,242.712110,243.660204,238.445686,240.815922,OK
20240402,3665,貿聯-KY,633846,256.00,258.00,250.50,256.50,yearly_2024.zip,0.9480941798,242.712110,244.608298,237.497592,243.186157,OK
20240403,3665,貿聯-KY,404940,254.50,259.00,254.00,256.50,yearly_2024.zip,0.9480941798,241.289969,245.556393,240.815922,243.186157,OK
20240408,3665,貿聯-KY,658732,259.00,259.00,253.00,255.00,yearly_2024.zip,0.9480941798,245.556393,245.556393,239.867827,241.764016,OK
20240409,3665,貿聯-KY,535079,253.50,256.50,252.50,254.00,yearly_2024.zip,0.9480941798,240.341875,243.186157,239.393780,240.815922,OK
20240410,3665,貿聯-KY,671173,255.50,259.50,254.50,255.50,yearly_2024.zip,0.9480941798,242.238063,246.030440,241.289969,242.238063,OK
20240411,3665,貿聯-KY,627801,254.50,254.50,250.50,250.50,yearly_2024.zip,0.9480941798,241.289969,241.289969,237.497592,237.497592,OK
20240412,3665,貿聯-KY,698784,250.50,251.00,247.50,247.50,yearly_2024.zip,0.9480941798,237.497592,237.971639,234.653310,234.653310,OK
20240415,3665,貿聯-KY,1705253,247.00,252.00,243.00,243.00,yearly_2024.zip,0.9480941798,234.179262,238.919733,230.386886,230.386886,OK
20240416,3665,貿聯-KY,2130749,241.00,241.00,231.50,233.00,yearly_2024.zip,0.9480941798,228.490697,228.490697,219.483803,220.905944,OK
20240417,3665,貿聯-KY,1877650,234.00,237.00,232.50,235.50,yearly_2024.zip,0.9480941798,221.854038,224.698321,220.431897,223.276179,OK
20240418,3665,貿聯-KY,1358816,235.50,237.00,232.50,233.50,yearly_2024.zip,0.9480941798,223.276179,224.698321,220.431897,221.379991,OK
20240419,3665,貿聯-KY,1460696,231.00,232.50,223.00,226.50,yearly_2024.zip,0.9480941798,219.009756,220.431897,211.425002,214.743332,OK
20240422,3665,貿聯-KY,1410231,225.00,228.00,224.00,226.00,yearly_2024.zip,0.9480941798,213.321190,216.165473,212.373096,214.269285,OK
20240423,3665,貿聯-KY,1022927,227.50,228.50,224.50,227.00,yearly_2024.zip,0.9480941798,215.691426,216.639520,212.847143,215.217379,OK
20240424,3665,貿聯-KY,1439038,232.00,235.50,227.50,235.50,yearly_2024.zip,0.9480941798,219.957850,223.276179,215.691426,223.276179,OK
20240425,3665,貿聯-KY,463223,233.00,237.00,233.00,233.50,yearly_2024.zip,0.9480941798,220.905944,224.698321,220.905944,221.379991,OK
20240426,3665,貿聯-KY,1154015,235.00,235.00,231.00,232.00,yearly_2024.zip,0.9480941798,222.802132,222.802132,219.009756,219.957850,OK
20240429,3665,貿聯-KY,1007618,232.00,232.50,229.50,231.00,yearly_2024.zip,0.9480941798,219.957850,220.431897,217.587614,219.009756,OK
20240430,3665,貿聯-KY,1262213,236.00,237.50,230.50,230.50,yearly_2024.zip,0.9480941798,223.750226,225.172368,218.535708,218.535708,OK
20240502,3665,貿聯-KY,1192359,230.00,230.00,226.00,226.00,yearly_2024.zip,0.9480941798,218.061661,218.061661,214.269285,214.269285,OK
20240503,3665,貿聯-KY,1496617,227.50,229.00,225.00,225.00,yearly_2024.zip,0.9480941798,215.691426,217.113567,213.321190,213.321190,OK
20240506,3665,貿聯-KY,806348,225.50,229.50,225.00,227.00,yearly_2024.zip,0.9480941798,213.795238,217.587614,213.321190,215.217379,OK
20240507,3665,貿聯-KY,823758,229.00,230.50,227.00,228.50,yearly_2024.zip,0.9480941798,217.113567,218.535708,215.217379,216.639520,OK
20240508,3665,貿聯-KY,533628,228.00,230.00,227.00,229.00,yearly_2024.zip,0.9480941798,216.165473,218.061661,215.217379,217.113567,OK
20240509,3665,貿聯-KY,837279,229.00,230.50,224.00,224.00,yearly_2024.zip,0.9480941798,217.113567,218.535708,212.373096,212.373096,OK
20240510,3665,貿聯-KY,500977,226.00,228.50,224.50,228.00,yearly_2024.zip,0.9480941798,214.269285,216.639520,212.847143,216.165473,OK
20240513,3665,貿聯-KY,484538,228.50,231.00,228.00,230.00,yearly_2024.zip,0.9480941798,216.639520,219.009756,216.165473,218.061661,OK
20240514,3665,貿聯-KY,611475,230.50,233.00,230.50,232.50,yearly_2024.zip,0.9480941798,218.535708,220.905944,218.535708,220.431897,OK
20240515,3665,貿聯-KY,1251791,235.50,236.00,233.00,233.00,yearly_2024.zip,0.9480941798,223.276179,223.750226,220.905944,220.905944,OK
20240516,3665,貿聯-KY,1088944,234.00,235.00,230.00,232.00,yearly_2024.zip,0.9480941798,221.854038,222.802132,218.061661,219.957850,OK
20240517,3665,貿聯-KY,2975254,231.50,245.00,231.50,240.50,yearly_2024.zip,0.9480941798,219.483803,232.283074,219.483803,228.016650,OK
20240520,3665,貿聯-KY,1689052,243.50,247.00,241.00,241.00,yearly_2024.zip,0.9480941798,230.860933,234.179262,228.490697,228.490697,OK
20240521,3665,貿聯-KY,5262262,244.00,263.00,242.00,259.00,yearly_2024.zip,0.9480941798,231.334980,249.348769,229.438792,245.556393,OK
20240522,3665,貿聯-KY,4128217,258.00,262.00,253.50,260.00,yearly_2024.zip,0.9480941798,244.608298,248.400675,240.341875,246.504487,OK
20240523,3665,貿聯-KY,4307511,260.00,269.00,256.00,266.00,yearly_2024.zip,0.9480941798,246.504487,255.037334,242.712110,252.193052,OK
20240524,3665,貿聯-KY,2435391,265.50,269.50,263.00,263.50,yearly_2024.zip,0.9480941798,251.719005,255.511381,249.348769,249.822816,OK
20240527,3665,貿聯-KY,1770879,267.00,268.50,263.00,264.00,yearly_2024.zip,0.9480941798,253.141146,254.563287,249.348769,250.296863,OK
20240528,3665,貿聯-KY,4718231,265.00,269.50,258.50,266.00,yearly_2024.zip,0.9480941798,251.244958,255.511381,245.082345,252.193052,OK
20240529,3665,貿聯-KY,2379146,264.50,264.50,257.50,261.50,yearly_2024.zip,0.9480941798,250.770911,250.770911,244.134251,247.926628,OK
20240530,3665,貿聯-KY,4009619,260.00,272.00,259.50,268.00,yearly_2024.zip,0.9480941798,246.504487,257.881617,246.030440,254.089240,OK
20240531,3665,貿聯-KY,9737228,269.00,281.00,265.00,277.00,yearly_2024.zip,0.9480941798,255.037334,266.414465,251.244958,262.622088,OK
20240603,3665,貿聯-KY,3694821,281.00,281.00,268.50,277.00,yearly_2024.zip,0.9480941798,266.414465,266.414465,254.563287,262.622088,OK
20240604,3665,貿聯-KY,5512333,278.00,289.00,277.00,287.00,yearly_2024.zip,0.9480941798,263.570182,273.999218,262.622088,272.103030,OK
20240605,3665,貿聯-KY,5461268,289.50,292.00,279.00,285.50,yearly_2024.zip,0.9480941798,274.473265,276.843501,264.518276,270.680888,OK
20240606,3665,貿聯-KY,3565128,285.50,285.50,273.00,275.50,yearly_2024.zip,0.9480941798,270.680888,270.680888,258.829711,261.199947,OK
20240607,3665,貿聯-KY,5486231,276.50,292.00,273.50,288.00,yearly_2024.zip,0.9480941798,262.148041,276.843501,259.303758,273.051124,OK
20240611,3665,貿聯-KY,9886723,292.50,301.00,291.00,291.00,yearly_2024.zip,0.9480941798,277.317548,285.376348,275.895406,275.895406,OK
20240612,3665,貿聯-KY,5818599,291.00,291.00,278.00,283.00,yearly_2024.zip,0.9480941798,275.895406,275.895406,263.570182,268.310653,OK
20240613,3665,貿聯-KY,9649325,293.00,311.00,291.00,304.00,yearly_2024.zip,0.9480941798,277.791595,294.857290,275.895406,288.220631,OK
20240614,3665,貿聯-KY,9716247,312.00,330.00,304.00,323.50,yearly_2024.zip,0.9480941798,295.805384,312.871079,288.220631,306.708467,OK
20240617,3665,貿聯-KY,9868049,330.00,352.00,322.00,351.00,yearly_2024.zip,0.9480941798,312.871079,333.729151,305.286326,332.781057,OK
20240618,3665,貿聯-KY,8738582,350.00,350.00,325.00,333.50,yearly_2024.zip,0.9480941798,331.832963,331.832963,308.130608,316.189409,OK
20240619,3665,貿聯-KY,12652705,345.00,357.00,338.00,341.00,yearly_2024.zip,0.9480941798,327.092492,338.469622,320.455833,323.300115,OK
20240620,3665,貿聯-KY,6426999,336.00,341.00,330.50,340.00,yearly_2024.zip,0.9480941798,318.559644,323.300115,313.345126,322.352021,OK
20240621,3665,貿聯-KY,7917586,335.50,339.00,327.50,332.00,yearly_2024.zip,0.9480941798,318.085597,321.403927,310.500844,314.767268,OK
20240624,3665,貿聯-KY,4145310,335.00,336.50,330.00,330.00,yearly_2024.zip,0.9480941798,317.611550,319.033692,312.871079,312.871079,OK
20240625,3665,貿聯-KY,7210505,332.50,340.00,320.00,338.00,yearly_2024.zip,0.9480941798,315.241315,322.352021,303.390138,320.455833,OK
20240626,3665,貿聯-KY,14598039,346.00,370.50,342.00,360.50,yearly_2024.zip,0.9480941798,328.040586,351.268894,324.248210,341.787952,OK
20240627,3665,貿聯-KY,6314289,357.50,365.50,355.00,360.00,yearly_2024.zip,0.9480941798,338.943669,346.528423,336.573434,341.313905,OK
20240628,3665,貿聯-KY,7068802,380.00,388.00,371.50,374.00,yearly_2024.zip,0.9480941798,360.275788,367.860542,352.216988,354.587223,OK
20240701,3665,貿聯-KY,3275665,376.50,378.00,364.00,365.50,yearly_2024.zip,0.9480941798,356.957459,358.379600,345.106281,346.528423,OK
20240702,3665,貿聯-KY,4087543,366.00,377.50,365.50,367.00,yearly_2024.zip,0.9480941798,347.002470,357.905553,346.528423,347.950564,OK
20240703,3665,貿聯-KY,9307548,372.50,395.00,372.50,388.50,yearly_2024.zip,0.9480941798,353.165082,374.497201,353.165082,368.334589,OK
20240704,3665,貿聯-KY,4224945,392.50,392.50,383.00,383.50,yearly_2024.zip,0.9480941798,372.126966,372.126966,363.120071,363.594118,OK
20240705,3665,貿聯-KY,3937601,384.00,388.50,380.50,385.00,yearly_2024.zip,0.9480941798,364.068165,368.334589,360.749835,365.016259,OK
20240708,3665,貿聯-KY,3696901,380.50,387.00,373.00,383.50,yearly_2024.zip,0.9480941798,360.749835,366.912448,353.639129,363.594118,OK
20240709,3665,貿聯-KY,3769090,384.50,385.00,373.50,379.00,yearly_2024.zip,0.9480941798,364.542212,365.016259,354.113176,359.327694,OK
20240710,3665,貿聯-KY,3260398,380.50,388.00,379.00,386.00,yearly_2024.zip,0.9480941798,360.749835,367.860542,359.327694,365.964353,OK
20240711,3665,貿聯-KY,7791556,390.00,408.50,384.50,402.00,yearly_2024.zip,0.9480941798,369.756730,387.296472,364.542212,381.133860,OK
20240712,3665,貿聯-KY,4564590,389.00,397.00,386.00,386.00,yearly_2024.zip,0.9480941798,368.808636,376.393389,365.964353,365.964353,OK
20240715,3665,貿聯-KY,7610124,397.00,424.50,390.00,420.00,yearly_2024.zip,0.9480941798,376.393389,402.465979,369.756730,398.199556,OK
20240716,3665,貿聯-KY,2953198,413.50,422.50,409.50,411.50,yearly_2024.zip,0.9480941798,392.036943,400.569791,388.244567,390.140755,OK
20240717,3665,貿聯-KY,5966595,411.00,411.00,388.00,389.00,yearly_2024.zip,0.9480941798,389.666708,389.666708,367.860542,368.808636,OK
20240718,3665,貿聯-KY,6149514,376.00,392.50,374.50,390.00,yearly_2024.zip,0.9480941798,356.483412,372.126966,355.061270,369.756730,OK
20240719,3665,貿聯-KY,6372379,389.50,406.00,384.50,392.00,yearly_2024.zip,0.9480941798,369.282683,384.926237,364.542212,371.652918,OK
20240722,3665,貿聯-KY,3078829,389.50,399.00,378.50,388.00,yearly_2024.zip,0.9480941798,369.282683,378.289578,358.853647,367.860542,OK
20240723,3665,貿聯-KY,4983378,397.00,405.00,395.00,397.50,yearly_2024.zip,0.9700452027,385.107945,392.868307,383.167855,385.592968,OK
20240726,3665,貿聯-KY,6011839,370.00,392.00,370.00,382.00,yearly_2024.zip,0.9700452027,358.916725,380.257719,358.916725,370.557267,OK
20240729,3665,貿聯-KY,3150704,386.00,396.50,378.50,378.50,yearly_2024.zip,0.9700452027,374.437448,384.622923,367.162109,367.162109,OK
20240730,3665,貿聯-KY,3802312,381.00,395.00,378.50,391.50,yearly_2024.zip,0.9700452027,369.587222,383.167855,367.162109,379.772697,OK
20240731,3665,貿聯-KY,2676832,386.00,391.00,379.00,379.00,yearly_2024.zip,0.9700452027,374.437448,379.287674,367.647132,367.647132,OK
20240801,3665,貿聯-KY,7994723,390.00,416.50,390.00,415.00,yearly_2024.zip,0.9700452027,378.317629,404.023827,378.317629,402.568759,OK
20240802,3665,貿聯-KY,7087834,393.00,406.00,378.00,378.00,yearly_2024.zip,0.9700452027,381.227765,393.838352,366.677087,366.677087,OK
20240805,3665,貿聯-KY,4938186,352.50,360.00,340.50,346.00,yearly_2024.zip,0.9700452027,341.940934,349.216273,330.300392,335.635640,OK
20240806,3665,貿聯-KY,5539944,373.00,378.00,338.00,356.00,yearly_2024.zip,0.9700452027,361.826861,366.677087,327.875279,345.336092,OK
20240807,3665,貿聯-KY,4825776,360.50,379.50,359.00,371.50,yearly_2024.zip,0.9700452027,349.701296,368.132154,348.246228,360.371793,OK
20240808,3665,貿聯-KY,2902320,364.00,372.00,360.00,367.00,yearly_2024.zip,0.9700452027,353.096454,360.856815,349.216273,356.006589,OK
20240809,3665,貿聯-KY,4117289,378.00,393.00,378.00,383.50,yearly_2024.zip,0.9700452027,366.677087,381.227765,366.677087,372.012335,OK
20240812,3665,貿聯-KY,1816095,383.50,390.00,380.00,386.00,yearly_2024.zip,0.9700452027,372.012335,378.317629,368.617177,374.437448,OK
20240813,3665,貿聯-KY,1625372,388.00,390.50,381.00,388.50,yearly_2024.zip,0.9700452027,376.377539,378.802652,369.587222,376.862561,OK
20240814,3665,貿聯-KY,1847716,396.00,397.50,387.00,391.00,yearly_2024.zip,0.9700452027,384.137900,385.592968,375.407493,379.287674,OK
20240815,3665,貿聯-KY,1479970,388.00,396.50,382.50,383.50,yearly_2024.zip,0.9700452027,376.377539,384.622923,371.042290,372.012335,OK
20240816,3665,貿聯-KY,5105761,388.50,410.00,386.50,404.50,yearly_2024.zip,0.9700452027,376.862561,397.718533,374.922471,392.383285,OK
20240819,3665,貿聯-KY,5198887,408.50,424.00,405.00,420.50,yearly_2024.zip,0.9700452027,396.263465,411.299166,392.868307,407.904008,OK
20240820,3665,貿聯-KY,5571765,427.00,443.50,422.00,425.50,yearly_2024.zip,0.9700452027,414.209302,430.215047,409.359076,412.754234,OK
20240821,3665,貿聯-KY,2222243,422.00,427.00,417.00,417.00,yearly_2024.zip,0.9700452027,409.359076,414.209302,404.508850,404.508850,OK
20240822,3665,貿聯-KY,3532955,418.00,434.50,413.00,424.00,yearly_2024.zip,0.9700452027,405.478895,421.484641,400.628669,411.299166,OK
20240823,3665,貿聯-KY,4148760,417.50,439.00,417.50,429.50,yearly_2024.zip,0.9700452027,404.993872,425.849844,404.993872,416.634415,OK
20240826,3665,貿聯-KY,4350708,439.00,446.50,427.00,431.50,yearly_2024.zip,0.9700452027,425.849844,433.125183,414.209302,418.574505,OK
20240827,3665,貿聯-KY,11768214,441.50,472.50,419.50,469.50,yearly_2024.zip,0.9700452027,428.274957,458.346358,406.933963,455.436223,OK
20240828,3665,貿聯-KY,6764980,477.00,477.50,447.00,451.00,yearly_2024.zip,0.9700452027,462.711562,463.196584,433.610206,437.490386,OK
20240829,3665,貿聯-KY,6980880,444.00,446.00,431.00,441.50,yearly_2024.zip,0.9700452027,430.700070,432.640160,418.089482,428.274957,OK
20240830,3665,貿聯-KY,3577018,443.00,455.50,437.50,455.50,yearly_2024.zip,0.9700452027,429.730025,441.855590,424.394776,441.855590,OK
20240902,3665,貿聯-KY,3367053,454.50,454.50,437.50,438.50,yearly_2024.zip,0.9700452027,440.885545,440.885545,424.394776,425.364821,OK
20240903,3665,貿聯-KY,3514744,445.00,448.50,432.00,433.00,yearly_2024.zip,0.9700452027,431.670115,435.065273,419.059528,420.029573,OK
20240904,3665,貿聯-KY,5182568,407.00,423.50,399.50,416.00,yearly_2024.zip,0.9700452027,394.808398,410.814143,387.533058,403.538804,OK
20240905,3665,貿聯-KY,4633522,419.00,421.00,408.50,412.00,yearly_2024.zip,0.9700452027,406.448940,408.389030,396.263465,399.658624,OK
20240906,3665,貿聯-KY,2652213,410.50,424.00,400.50,420.00,yearly_2024.zip,0.9700452027,398.203556,411.299166,388.503104,407.418985,OK
20240909,3665,貿聯-KY,2430575,409.00,418.00,405.00,413.00,yearly_2024.zip,0.9700452027,396.748488,405.478895,392.868307,400.628669,OK
20240910,3665,貿聯-KY,2855572,416.00,417.50,394.00,397.50,yearly_2024.zip,0.9700452027,403.538804,404.993872,382.197810,385.592968,OK
20240911,3665,貿聯-KY,3380919,410.00,417.00,398.50,401.50,yearly_2024.zip,0.9700452027,397.718533,404.508850,386.563013,389.473149,OK
20240912,3665,貿聯-KY,5358762,413.50,431.00,413.50,421.00,yearly_2024.zip,0.9700452027,401.113691,418.089482,401.113691,408.389030,OK
20240913,3665,貿聯-KY,2196039,420.00,424.00,411.50,412.50,yearly_2024.zip,0.9700452027,407.418985,411.299166,399.173601,400.143646,OK
20240916,3665,貿聯-KY,1719936,413.00,416.50,403.00,413.00,yearly_2024.zip,0.9700452027,400.628669,404.023827,390.928217,400.628669,OK
20240918,3665,貿聯-KY,1430338,410.50,423.00,408.00,409.50,yearly_2024.zip,0.9700452027,398.203556,410.329121,395.778443,397.233511,OK
20240919,3665,貿聯-KY,1445931,412.50,421.00,410.00,416.50,yearly_2024.zip,0.9700452027,400.143646,408.389030,397.718533,404.023827,OK
20240920,3665,貿聯-KY,6333651,421.00,442.00,417.00,435.00,yearly_2024.zip,0.9700452027,408.389030,428.759980,404.508850,421.969663,OK
20240923,3665,貿聯-KY,4678795,440.00,454.00,436.50,451.00,yearly_2024.zip,0.9700452027,426.819889,440.400522,423.424731,437.490386,OK
20240924,3665,貿聯-KY,6874597,448.00,477.00,447.50,461.00,yearly_2024.zip,0.9700452027,434.580251,462.711562,434.095228,447.190838,OK
20240925,3665,貿聯-KY,4480564,469.00,470.00,450.00,460.00,yearly_2024.zip,0.9700452027,454.951200,455.921245,436.520341,446.220793,OK
20240926,3665,貿聯-KY,2511744,460.00,470.00,456.50,463.00,yearly_2024.zip,0.9700452027,446.220793,455.921245,442.825635,449.130929,OK
20240927,3665,貿聯-KY,3392538,466.50,479.00,460.00,463.50,yearly_2024.zip,0.9700452027,452.526087,464.651652,446.220793,449.615951,OK
20240930,3665,貿聯-KY,2500732,461.00,474.00,457.00,461.00,yearly_2024.zip,0.9700452027,447.190838,459.801426,443.310658,447.190838,OK
20241001,3665,貿聯-KY,4105007,467.50,479.00,451.50,479.00,yearly_2024.zip,0.9700452027,453.496132,464.651652,437.975409,464.651652,OK
20241004,3665,貿聯-KY,6632538,473.50,473.50,431.50,431.50,yearly_2024.zip,0.9700452027,459.316403,459.316403,418.574505,418.574505,OK
20241007,3665,貿聯-KY,4579810,436.00,459.00,436.00,455.00,yearly_2024.zip,0.9700452027,422.939708,445.250748,422.939708,441.370567,OK
20241008,3665,貿聯-KY,2519713,452.00,454.50,437.50,444.50,yearly_2024.zip,0.9700452027,438.460432,440.885545,424.394776,431.185093,OK
20241009,3665,貿聯-KY,3351871,445.00,448.00,433.50,444.00,yearly_2024.zip,0.9700452027,431.670115,434.580251,420.514595,430.700070,OK
20241011,3665,貿聯-KY,2185451,444.00,459.50,444.00,456.00,yearly_2024.zip,0.9700452027,430.700070,445.735771,430.700070,442.340612,OK
20241014,3665,貿聯-KY,2211269,456.00,457.50,442.50,457.50,yearly_2024.zip,0.9700452027,442.340612,443.795680,429.245002,443.795680,OK
20241015,3665,貿聯-KY,2462230,456.50,475.00,456.50,467.00,yearly_2024.zip,0.9700452027,442.825635,460.771471,442.825635,453.011110,OK
20241016,3665,貿聯-KY,3077589,466.50,472.00,454.00,467.50,yearly_2024.zip,0.9700452027,452.526087,457.861336,440.400522,453.496132,OK
20241017,3665,貿聯-KY,2023652,470.50,473.50,458.00,465.00,yearly_2024.zip,0.9700452027,456.406268,459.316403,444.280703,451.071019,OK
20241018,3665,貿聯-KY,3462236,470.00,484.50,460.50,471.00,yearly_2024.zip,0.9700452027,455.921245,469.986901,446.705816,456.891290,OK
20241021,3665,貿聯-KY,3250592,476.00,484.00,468.50,480.00,yearly_2024.zip,0.9700452027,461.741517,469.501878,454.466177,465.621697,OK
20241022,3665,貿聯-KY,5416863,490.00,510.00,483.50,495.00,yearly_2024.zip,0.9700452027,475.322149,494.723053,469.016856,480.172375,OK
20241023,3665,貿聯-KY,2259896,499.00,501.00,486.50,488.50,yearly_2024.zip,0.9700452027,484.052556,485.992647,471.926991,473.867082,OK
20241024,3665,貿聯-KY,3583058,500.00,507.00,476.50,476.50,yearly_2024.zip,0.9700452027,485.022601,491.812918,462.226539,462.226539,OK
20241025,3665,貿聯-KY,3640886,490.00,494.00,466.00,469.50,yearly_2024.zip,0.9700452027,475.322149,479.202330,452.041064,455.436223,OK
20241028,3665,貿聯-KY,2632477,473.00,481.00,452.00,470.00,yearly_2024.zip,0.9700452027,458.831381,466.591743,438.460432,455.921245,OK
20241029,3665,貿聯-KY,2353056,467.00,469.00,451.00,452.00,yearly_2024.zip,0.9700452027,453.011110,454.951200,437.490386,438.460432,OK
20241030,3665,貿聯-KY,2434251,453.50,478.00,452.00,471.50,yearly_2024.zip,0.9700452027,439.915499,463.681607,438.460432,457.376313,OK
20241101,3665,貿聯-KY,1908072,460.50,481.00,460.50,469.00,yearly_2024.zip,0.9700452027,446.705816,466.591743,446.705816,454.951200,OK
20241104,3665,貿聯-KY,2679948,473.50,485.00,467.50,481.00,yearly_2024.zip,0.9700452027,459.316403,470.471923,453.496132,466.591743,OK
20241105,3665,貿聯-KY,1302684,481.00,489.50,479.50,483.00,yearly_2024.zip,0.9700452027,466.591743,474.837127,465.136675,468.531833,OK
20241106,3665,貿聯-KY,2278487,493.00,495.00,483.50,489.50,yearly_2024.zip,0.9700452027,478.232285,480.172375,469.016856,474.837127,OK
20241107,3665,貿聯-KY,4410005,490.00,508.00,490.00,494.00,yearly_2024.zip,0.9700452027,475.322149,492.782963,475.322149,479.202330,OK
20241108,3665,貿聯-KY,5347231,542.00,542.00,515.00,521.00,yearly_2024.zip,0.9700452027,525.764500,525.764500,499.573279,505.393551,OK
20241111,3665,貿聯-KY,7104447,537.00,573.00,526.00,573.00,yearly_2024.zip,0.9700452027,520.914274,555.835901,510.243777,555.835901,OK
20241112,3665,貿聯-KY,8607950,582.00,594.00,564.00,571.00,yearly_2024.zip,0.9700452027,564.566308,576.206850,547.105494,553.895811,OK
20241113,3665,貿聯-KY,3319346,573.00,579.00,562.00,566.00,yearly_2024.zip,0.9700452027,555.835901,561.656172,545.165404,549.045585,OK
20241114,3665,貿聯-KY,3273030,574.00,579.00,568.00,574.00,yearly_2024.zip,0.9700452027,556.805946,561.656172,550.985675,556.805946,OK
20241115,3665,貿聯-KY,7463020,565.00,600.00,548.00,596.00,yearly_2024.zip,0.9700452027,548.075540,582.027122,531.584771,578.146941,OK
20241118,3665,貿聯-KY,5097704,596.00,596.00,561.00,561.00,yearly_2024.zip,0.9700452027,578.146941,578.146941,544.195359,544.195359,OK
20241119,3665,貿聯-KY,4693234,573.00,606.00,563.00,601.00,yearly_2024.zip,0.9700452027,555.835901,587.847393,546.135449,582.997167,OK
20241120,3665,貿聯-KY,4501599,596.00,615.00,585.00,599.00,yearly_2024.zip,0.9700452027,578.146941,596.577800,567.476444,581.057076,OK
20241121,3665,貿聯-KY,5445718,599.00,653.00,594.00,642.00,yearly_2024.zip,0.9700452027,581.057076,633.439517,576.206850,622.769020,OK
20241122,3665,貿聯-KY,4232821,644.00,661.00,628.00,633.00,yearly_2024.zip,0.9700452027,624.709111,641.199879,609.188387,614.038613,OK
20241125,3665,貿聯-KY,2324731,642.00,642.00,623.00,628.00,yearly_2024.zip,0.9700452027,622.769020,622.769020,604.338161,609.188387,OK
20241126,3665,貿聯-KY,2696703,622.00,632.00,607.00,620.00,yearly_2024.zip,0.9700452027,603.368116,613.068568,588.817438,601.428026,OK
20241127,3665,貿聯-KY,2667213,620.00,638.00,618.00,619.00,yearly_2024.zip,0.9700452027,601.428026,618.888839,599.487935,600.457980,OK
20241128,3665,貿聯-KY,3814043,623.00,628.00,594.00,604.00,yearly_2024.zip,0.9700452027,604.338161,609.188387,576.206850,585.907302,OK
20241129,3665,貿聯-KY,5523237,602.00,658.00,601.00,647.00,yearly_2024.zip,0.9700452027,583.967212,638.289743,582.997167,627.619246,OK
20241202,3665,貿聯-KY,4227193,650.00,675.00,642.00,657.00,yearly_2024.zip,0.9700452027,630.529382,654.780512,622.769020,637.319698,OK
20241203,3665,貿聯-KY,4924441,682.00,705.00,662.00,673.00,yearly_2024.zip,0.9700452027,661.570828,683.881868,642.169924,652.840421,OK
20241204,3665,貿聯-KY,6655449,694.00,735.00,682.00,729.00,yearly_2024.zip,0.9700452027,673.211371,712.983224,661.570828,707.162953,OK
20241205,3665,貿聯-KY,4048305,722.00,728.00,703.00,721.00,yearly_2024.zip,0.9700452027,700.372636,706.192908,681.941778,699.402591,OK
20241206,3665,貿聯-KY,3155345,730.00,738.00,705.00,710.00,yearly_2024.zip,0.9700452027,708.132998,715.893360,683.881868,688.732094,OK
20241209,3665,貿聯-KY,2662084,718.00,724.00,697.00,704.00,yearly_2024.zip,0.9700452027,696.492456,702.312727,676.121506,682.911823,OK
20241210,3665,貿聯-KY,4864063,693.00,703.00,663.00,682.00,yearly_2024.zip,0.9700452027,672.241325,681.941778,643.139969,661.570828,OK
20241211,3665,貿聯-KY,3903914,670.00,693.00,665.00,686.00,yearly_2024.zip,0.9700452027,649.930286,672.241325,645.080060,665.451009,OK
20241212,3665,貿聯-KY,3725224,697.00,708.00,689.00,696.00,yearly_2024.zip,0.9700452027,676.121506,686.792004,668.361145,675.151461,OK
20241213,3665,貿聯-KY,3018131,691.00,714.00,686.00,703.00,yearly_2024.zip,0.9700452027,670.301235,692.612275,665.451009,681.941778,OK
20241216,3665,貿聯-KY,5241401,710.00,734.00,671.00,682.00,yearly_2024.zip,0.9700452027,688.732094,712.013179,650.900331,661.570828,OK
20241217,3665,貿聯-KY,3168968,686.00,688.00,669.00,676.00,yearly_2024.zip,0.9700452027,665.451009,667.391099,648.960241,655.750557,OK
20241218,3665,貿聯-KY,9528929,663.00,665.00,609.00,609.00,yearly_2024.zip,0.9700452027,643.139969,645.080060,590.757528,590.757528,OK
20241219,3665,貿聯-KY,7581510,609.00,631.00,606.00,631.00,yearly_2024.zip,0.9700452027,590.757528,612.098523,587.847393,612.098523,OK
20241220,3665,貿聯-KY,3519224,628.00,643.00,616.00,620.00,yearly_2024.zip,0.9700452027,609.188387,623.739065,597.547845,601.428026,OK
20241223,3665,貿聯-KY,2048926,623.00,629.00,612.00,613.00,yearly_2024.zip,0.9700452027,604.338161,610.158433,593.667664,594.637709,OK
20241224,3665,貿聯-KY,2579923,616.00,623.00,601.00,601.00,yearly_2024.zip,0.9700452027,597.547845,604.338161,582.997167,582.997167,OK
20241225,3665,貿聯-KY,3268174,612.00,617.00,591.00,591.00,yearly_2024.zip,0.9700452027,593.667664,598.517890,573.296715,573.296715,OK
20241226,3665,貿聯-KY,1797297,599.00,609.00,591.00,602.00,yearly_2024.zip,0.9700452027,581.057076,590.757528,573.296715,583.967212,OK
20241227,3665,貿聯-KY,1951509,602.00,615.00,598.00,601.00,yearly_2024.zip,0.9700452027,583.967212,596.577800,580.087031,582.997167,OK
20241230,3665,貿聯-KY,1872305,603.00,612.00,591.00,602.00,yearly_2024.zip,0.9700452027,584.937257,593.667664,573.296715,583.967212,OK
20241231,3665,貿聯-KY,2943129,600.00,624.00,594.00,612.00,yearly_2024.zip,0.9700452027,582.027122,605.308207,576.206850,593.667664,OK
20250102,3665,貿聯-KY,5168114,610.00,635.00,599.00,605.00,yearly_2025.zip,0.9700452027,591.727574,615.978704,581.057076,586.877348,OK
20250103,3665,貿聯-KY,3512896,612.00,622.00,601.00,605.00,yearly_2025.zip,0.9700452027,593.667664,603.368116,582.997167,586.877348,OK
20250106,3665,貿聯-KY,3246750,614.00,631.00,606.00,628.00,yearly_2025.zip,0.9700452027,595.607754,612.098523,587.847393,609.188387,OK
20250107,3665,貿聯-KY,3390846,636.00,647.00,625.00,625.00,yearly_2025.zip,0.9700452027,616.948749,627.619246,606.278252,606.278252,OK
20250108,3665,貿聯-KY,3009879,624.00,646.00,622.00,640.00,yearly_2025.zip,0.9700452027,605.308207,626.649201,603.368116,620.828930,OK
20250109,3665,貿聯-KY,4367758,640.00,661.00,637.00,643.00,yearly_2025.zip,0.9700452027,620.828930,641.199879,617.918794,623.739065,OK
20250110,3665,貿聯-KY,3485684,640.00,656.00,612.00,620.00,yearly_2025.zip,0.9700452027,620.828930,636.349653,593.667664,601.428026,OK
20250113,3665,貿聯-KY,4832051,619.00,619.00,578.00,593.00,yearly_2025.zip,0.9700452027,600.457980,600.457980,560.686127,575.236805,OK
20250114,3665,貿聯-KY,2567674,600.00,600.00,578.00,584.00,yearly_2025.zip,0.9700452027,582.027122,582.027122,560.686127,566.506398,OK
20250115,3665,貿聯-KY,7890695,586.00,588.00,535.00,542.00,yearly_2025.zip,0.9700452027,568.446489,570.386579,518.974183,525.764500,OK
20250116,3665,貿聯-KY,3609426,554.00,563.00,544.00,556.00,yearly_2025.zip,0.9700452027,537.405042,546.135449,527.704590,539.345133,OK
20250117,3665,貿聯-KY,5166770,550.00,569.00,540.00,561.00,yearly_2025.zip,0.9700452027,533.524862,551.955720,523.824409,544.195359,OK
20250120,3665,貿聯-KY,4529705,570.00,617.00,569.00,617.00,yearly_2025.zip,0.9700452027,552.925766,598.517890,551.955720,598.517890,OK
20250121,3665,貿聯-KY,4952748,617.00,628.00,601.00,612.00,yearly_2025.zip,0.9700452027,598.517890,609.188387,582.997167,593.667664,OK
20250122,3665,貿聯-KY,4285416,620.00,642.00,618.00,637.00,yearly_2025.zip,0.9700452027,601.428026,622.769020,599.487935,617.918794,OK
20250203,3665,貿聯-KY,6061977,576.00,590.00,574.00,583.00,yearly_2025.zip,0.9700452027,558.746037,572.326670,556.805946,565.536353,OK
20250204,3665,貿聯-KY,5060546,592.00,611.00,571.00,571.00,yearly_2025.zip,0.9700452027,574.266760,592.697619,553.895811,553.895811,OK
20250205,3665,貿聯-KY,2715622,578.00,607.00,576.00,600.00,yearly_2025.zip,0.9700452027,560.686127,588.817438,558.746037,582.027122,OK
20250207,3665,貿聯-KY,3246374,628.00,648.00,620.00,646.00,yearly_2025.zip,0.9700452027,609.188387,628.589291,601.428026,626.649201,OK
20250210,3665,貿聯-KY,4030523,648.00,659.00,640.00,656.00,yearly_2025.zip,0.9700452027,628.589291,639.259789,620.828930,636.349653,OK
20250211,3665,貿聯-KY,7513456,661.00,706.00,657.00,706.00,yearly_2025.zip,0.9700452027,641.199879,684.851913,637.319698,684.851913,OK
20250212,3665,貿聯-KY,4557547,710.00,724.00,688.00,699.00,yearly_2025.zip,0.9700452027,688.732094,702.312727,667.391099,678.061597,OK
20250213,3665,貿聯-KY,2388014,705.00,713.00,691.00,693.00,yearly_2025.zip,0.9700452027,683.881868,691.642230,670.301235,672.241325,OK
20250214,3665,貿聯-KY,2731690,700.00,708.00,687.00,698.00,yearly_2025.zip,0.9700452027,679.031642,686.792004,666.421054,677.091552,OK
20250217,3665,貿聯-KY,4373607,698.00,703.00,651.00,658.00,yearly_2025.zip,0.9700452027,677.091552,681.941778,631.499427,638.289743,OK
20250218,3665,貿聯-KY,3999410,664.00,688.00,664.00,686.00,yearly_2025.zip,0.9700452027,644.110015,667.391099,644.110015,665.451009,OK
20250219,3665,貿聯-KY,2317952,676.00,693.00,673.00,682.00,yearly_2025.zip,0.9700452027,655.750557,672.241325,652.840421,661.570828,OK
20250220,3665,貿聯-KY,3538484,686.00,702.00,676.00,694.00,yearly_2025.zip,0.9700452027,665.451009,680.971732,655.750557,673.211371,OK
20250221,3665,貿聯-KY,2023518,690.00,695.00,677.00,692.00,yearly_2025.zip,0.9700452027,669.331190,674.181416,656.720602,671.271280,OK
20250224,3665,貿聯-KY,4729905,685.00,685.00,651.00,654.00,yearly_2025.zip,0.9700452027,664.480964,664.480964,631.499427,634.409563,OK
20250225,3665,貿聯-KY,2807674,644.00,654.00,633.00,634.00,yearly_2025.zip,0.9700452027,624.709111,634.409563,614.038613,615.008659,OK
20250226,3665,貿聯-KY,3160707,625.00,638.00,621.00,628.00,yearly_2025.zip,0.9700452027,606.278252,618.888839,602.398071,609.188387,OK
20250227,3665,貿聯-KY,4562120,628.00,633.00,592.00,595.00,yearly_2025.zip,0.9700452027,609.188387,614.038613,574.266760,577.176896,OK
20250303,3665,貿聯-KY,1851054,590.00,599.00,585.00,591.00,yearly_2025.zip,0.9700452027,572.326670,581.057076,567.476444,573.296715,OK
20250304,3665,貿聯-KY,2456454,578.00,593.00,571.00,586.00,yearly_2025.zip,0.9700452027,560.686127,575.236805,553.895811,568.446489,OK
20250305,3665,貿聯-KY,3589339,600.00,616.00,597.00,602.00,yearly_2025.zip,0.9700452027,582.027122,597.547845,579.116986,583.967212,OK
20250306,3665,貿聯-KY,4105745,600.00,605.00,580.00,600.00,yearly_2025.zip,0.9700452027,582.027122,586.877348,562.626218,582.027122,OK
20250307,3665,貿聯-KY,4037364,596.00,605.00,567.00,568.00,yearly_2025.zip,0.9700452027,578.146941,586.877348,550.015630,550.985675,OK
20250310,3665,貿聯-KY,2867676,585.00,596.00,575.00,584.00,yearly_2025.zip,0.9700452027,567.476444,578.146941,557.775992,566.506398,OK
20250311,3665,貿聯-KY,4363144,557.00,561.00,533.00,541.00,yearly_2025.zip,0.9700452027,540.315178,544.195359,517.034093,524.794455,OK
20250312,3665,貿聯-KY,3324211,550.00,552.00,528.00,531.00,yearly_2025.zip,0.9700452027,533.524862,535.464952,512.183867,515.094003,OK
20250313,3665,貿聯-KY,4127836,549.00,563.00,538.00,539.00,yearly_2025.zip,0.9700452027,532.554816,546.135449,521.884319,522.854364,OK
20250314,3665,貿聯-KY,1632131,541.00,548.00,528.00,539.00,yearly_2025.zip,0.9700452027,524.794455,531.584771,512.183867,522.854364,OK
20250317,3665,貿聯-KY,3659566,547.00,564.00,542.00,558.00,yearly_2025.zip,0.9700452027,530.614726,547.105494,525.764500,541.285223,OK
20250318,3665,貿聯-KY,4970233,568.00,583.00,559.00,579.00,yearly_2025.zip,0.9700452027,550.985675,565.536353,542.255268,561.656172,OK
20250319,3665,貿聯-KY,3153365,575.00,575.00,550.00,560.00,yearly_2025.zip,0.9700452027,557.775992,557.775992,533.524862,543.225314,OK
20250320,3665,貿聯-KY,1561551,570.00,572.00,556.00,559.00,yearly_2025.zip,0.9700452027,552.925766,554.865856,539.345133,542.255268,OK
20250321,3665,貿聯-KY,4819886,564.00,601.00,557.00,599.00,yearly_2025.zip,0.9700452027,547.105494,582.997167,540.315178,581.057076,OK
20250324,3665,貿聯-KY,3836830,600.00,604.00,580.00,580.00,yearly_2025.zip,0.9700452027,582.027122,585.907302,562.626218,562.626218,OK
20250325,3665,貿聯-KY,4487231,598.00,603.00,583.00,588.00,yearly_2025.zip,0.9700452027,580.087031,584.937257,565.536353,570.386579,OK
20250326,3665,貿聯-KY,1401922,597.00,597.00,580.00,580.00,yearly_2025.zip,0.9700452027,579.116986,579.116986,562.626218,562.626218,OK
20250327,3665,貿聯-KY,2088451,564.00,565.00,552.00,552.00,yearly_2025.zip,0.9700452027,547.105494,548.075540,535.464952,535.464952,OK
20250328,3665,貿聯-KY,2095679,551.00,564.00,540.00,542.00,yearly_2025.zip,0.9700452027,534.494907,547.105494,523.824409,525.764500,OK
20250331,3665,貿聯-KY,3035857,515.00,529.00,502.00,504.00,yearly_2025.zip,0.9700452027,499.573279,513.153912,486.962692,488.902782,OK
20250401,3665,貿聯-KY,2038510,511.00,527.00,503.00,525.00,yearly_2025.zip,0.9700452027,495.693099,511.213822,487.932737,509.273731,OK
20250402,3665,貿聯-KY,1611337,520.00,525.00,506.00,514.00,yearly_2025.zip,0.9700452027,504.423505,509.273731,490.842873,498.603234,OK
20250407,3665,貿聯-KY,138144,463.00,463.00,463.00,463.00,yearly_2025.zip,0.9700452027,449.130929,449.130929,449.130929,449.130929,OK
20250408,3665,貿聯-KY,1193533,417.00,417.00,417.00,417.00,yearly_2025.zip,0.9700452027,404.508850,404.508850,404.508850,404.508850,OK
20250409,3665,貿聯-KY,5436949,380.50,405.50,375.50,375.50,yearly_2025.zip,0.9700452027,369.102200,393.353330,364.251974,364.251974,OK
20250410,3665,貿聯-KY,1207456,413.00,413.00,413.00,413.00,yearly_2025.zip,0.9700452027,400.628669,400.628669,400.628669,400.628669,OK
20250411,3665,貿聯-KY,7023920,381.00,454.00,381.00,454.00,yearly_2025.zip,0.9700452027,369.587222,440.400522,369.587222,440.400522,OK
20250414,3665,貿聯-KY,5510163,476.00,490.00,461.00,484.00,yearly_2025.zip,0.9700452027,461.741517,475.322149,447.190838,469.501878,OK
20250415,3665,貿聯-KY,3702736,486.50,509.00,478.00,506.00,yearly_2025.zip,0.9700452027,471.926991,493.753008,463.681607,490.842873,OK
20250416,3665,貿聯-KY,2433342,496.00,512.00,486.00,486.00,yearly_2025.zip,0.9700452027,481.142421,496.663144,471.441969,471.441969,OK
20250417,3665,貿聯-KY,3234700,475.00,505.00,475.00,496.50,yearly_2025.zip,0.9700452027,460.771471,489.872827,460.771471,481.627443,OK
20250418,3665,貿聯-KY,4397128,499.00,523.00,494.00,517.00,yearly_2025.zip,0.9700452027,484.052556,507.333641,479.202330,501.513370,OK
20250421,3665,貿聯-KY,3851135,512.00,513.00,483.00,483.00,yearly_2025.zip,0.9700452027,496.663144,497.633189,468.531833,468.531833,OK
20250422,3665,貿聯-KY,3288170,475.00,507.00,472.00,481.50,yearly_2025.zip,0.9700452027,460.771471,491.812918,457.861336,467.076765,OK
20250423,3665,貿聯-KY,4001402,504.00,527.00,500.00,511.00,yearly_2025.zip,0.9700452027,488.902782,511.213822,485.022601,495.693099,OK
20250424,3665,貿聯-KY,5913491,518.00,543.00,515.00,532.00,yearly_2025.zip,0.9700452027,502.483415,526.734545,499.573279,516.064048,OK
20250425,3665,貿聯-KY,4129907,545.00,553.00,538.00,540.00,yearly_2025.zip,0.9700452027,528.674635,536.434997,521.884319,523.824409,OK
20250428,3665,貿聯-KY,2695602,549.00,551.00,530.00,535.00,yearly_2025.zip,0.9700452027,532.554816,534.494907,514.123957,518.974183,OK
20250429,3665,貿聯-KY,1366540,533.00,542.00,531.00,536.00,yearly_2025.zip,0.9700452027,517.034093,525.764500,515.094003,519.944229,OK
20250430,3665,貿聯-KY,1958927,539.00,551.00,533.00,537.00,yearly_2025.zip,0.9700452027,522.854364,534.494907,517.034093,520.914274,OK
20250502,3665,貿聯-KY,5062764,551.00,590.00,550.00,590.00,yearly_2025.zip,0.9700452027,534.494907,572.326670,533.524862,572.326670,OK
20250505,3665,貿聯-KY,5734685,593.00,613.00,578.00,603.00,yearly_2025.zip,0.9700452027,575.236805,594.637709,560.686127,584.937257,OK
20250506,3665,貿聯-KY,4566603,592.00,618.00,590.00,597.00,yearly_2025.zip,0.9700452027,574.266760,599.487935,572.326670,579.116986,OK
20250507,3665,貿聯-KY,2563708,601.00,603.00,581.00,589.00,yearly_2025.zip,0.9700452027,582.997167,584.937257,563.596263,571.356624,OK
20250508,3665,貿聯-KY,2481007,598.00,605.00,592.00,605.00,yearly_2025.zip,0.9700452027,580.087031,586.877348,574.266760,586.877348,OK
20250509,3665,貿聯-KY,3908565,608.00,621.00,598.00,614.00,yearly_2025.zip,0.9700452027,589.787483,602.398071,580.087031,595.607754,OK
20250512,3665,貿聯-KY,2061073,622.00,624.00,608.00,612.00,yearly_2025.zip,0.9700452027,603.368116,605.308207,589.787483,593.667664,OK
20250513,3665,貿聯-KY,2756012,626.00,631.00,608.00,612.00,yearly_2025.zip,0.9700452027,607.248297,612.098523,589.787483,593.667664,OK
20250514,3665,貿聯-KY,6580657,620.00,653.00,613.00,643.00,yearly_2025.zip,0.9700452027,601.428026,633.439517,594.637709,623.739065,OK
20250515,3665,貿聯-KY,5256389,626.00,627.00,609.00,615.00,yearly_2025.zip,0.9700452027,607.248297,608.218342,590.757528,596.577800,OK
20250516,3665,貿聯-KY,2489013,610.00,622.00,608.00,621.00,yearly_2025.zip,0.9700452027,591.727574,603.368116,589.787483,602.398071,OK
20250519,3665,貿聯-KY,3171168,621.00,626.00,597.00,598.00,yearly_2025.zip,0.9700452027,602.398071,607.248297,579.116986,580.087031,OK
20250520,3665,貿聯-KY,2587524,610.00,614.00,598.00,600.00,yearly_2025.zip,0.9700452027,591.727574,595.607754,580.087031,582.027122,OK
20250521,3665,貿聯-KY,4548154,604.00,620.00,595.00,617.00,yearly_2025.zip,0.9700452027,585.907302,601.428026,577.176896,598.517890,OK
20250522,3665,貿聯-KY,5130388,613.00,632.00,608.00,617.00,yearly_2025.zip,0.9700452027,594.637709,613.068568,589.787483,598.517890,OK
20250523,3665,貿聯-KY,3954630,625.00,636.00,621.00,625.00,yearly_2025.zip,0.9700452027,606.278252,616.948749,602.398071,606.278252,OK
20250526,3665,貿聯-KY,4566269,626.00,645.00,617.00,630.00,yearly_2025.zip,0.9700452027,607.248297,625.679156,598.517890,611.128478,OK
20250527,3665,貿聯-KY,2241236,627.00,634.00,621.00,622.00,yearly_2025.zip,0.9700452027,608.218342,615.008659,602.398071,603.368116,OK
20250528,3665,貿聯-KY,2549671,632.00,635.00,613.00,617.00,yearly_2025.zip,0.9700452027,613.068568,615.978704,594.637709,598.517890,OK
20250529,3665,貿聯-KY,5667931,627.00,650.00,626.00,645.00,yearly_2025.zip,0.9700452027,608.218342,630.529382,607.248297,625.679156,OK
20250602,3665,貿聯-KY,2992053,633.00,650.00,629.00,638.00,yearly_2025.zip,0.9700452027,614.038613,630.529382,610.158433,618.888839,OK
20250603,3665,貿聯-KY,10281663,660.00,688.00,649.00,649.00,yearly_2025.zip,0.9700452027,640.229834,667.391099,629.559337,629.559337,OK
20250604,3665,貿聯-KY,6171236,663.00,678.00,630.00,630.00,yearly_2025.zip,0.9700452027,643.139969,657.690647,611.128478,611.128478,OK
20250605,3665,貿聯-KY,2679684,637.00,647.00,628.00,643.00,yearly_2025.zip,0.9700452027,617.918794,627.619246,609.188387,623.739065,OK
20250606,3665,貿聯-KY,5638337,630.00,633.00,611.00,617.00,yearly_2025.zip,0.9700452027,611.128478,614.038613,592.697619,598.517890,OK
20250609,3665,貿聯-KY,2876617,629.00,635.00,618.00,624.00,yearly_2025.zip,0.9700452027,610.158433,615.978704,599.487935,605.308207,OK
20250610,3665,貿聯-KY,4846571,630.00,659.00,628.00,655.00,yearly_2025.zip,0.9700452027,611.128478,639.259789,609.188387,635.379608,OK
20250611,3665,貿聯-KY,6039541,660.00,685.00,657.00,668.00,yearly_2025.zip,0.9700452027,640.229834,664.480964,637.319698,647.990195,OK
20250612,3665,貿聯-KY,4857778,663.00,697.00,663.00,692.00,yearly_2025.zip,0.9700452027,643.139969,676.121506,643.139969,671.271280,OK
20250613,3665,貿聯-KY,13504971,695.00,756.00,687.00,752.00,yearly_2025.zip,0.9700452027,674.181416,733.354173,666.421054,729.473992,OK
20250616,3665,貿聯-KY,5750126,739.00,769.00,738.00,766.00,yearly_2025.zip,0.9700452027,716.863405,745.964761,715.893360,743.054625,OK
20250617,3665,貿聯-KY,6029672,775.00,796.00,768.00,781.00,yearly_2025.zip,0.9700452027,751.785032,772.155981,744.994716,757.605303,OK
20250618,3665,貿聯-KY,6358924,773.00,800.00,773.00,785.00,yearly_2025.zip,0.9700452027,749.844942,776.036162,749.844942,761.485484,OK
20250619,3665,貿聯-KY,4757605,784.00,792.00,762.00,770.00,yearly_2025.zip,0.9700452027,760.515439,768.275801,739.174444,746.934806,OK
20250620,3665,貿聯-KY,4903245,770.00,775.00,743.00,765.00,yearly_2025.zip,0.9700452027,746.934806,751.785032,720.743586,742.084580,OK
20250623,3665,貿聯-KY,4844599,754.00,793.00,754.00,784.00,yearly_2025.zip,0.9700452027,731.414083,769.245846,731.414083,760.515439,OK
20250624,3665,貿聯-KY,5494859,804.00,820.00,790.00,797.00,yearly_2025.zip,0.9700452027,779.916343,795.437066,766.335710,773.126027,OK
20250625,3665,貿聯-KY,3958065,810.00,817.00,791.00,810.00,yearly_2025.zip,0.9700452027,785.736614,792.526931,767.305755,785.736614,OK
20250626,3665,貿聯-KY,3892948,815.00,816.00,782.00,803.00,yearly_2025.zip,0.9700452027,790.586840,791.556885,758.575349,778.946298,OK
20250627,3665,貿聯-KY,2078159,815.00,816.00,799.00,809.00,yearly_2025.zip,0.9700452027,790.586840,791.556885,775.066117,784.766569,OK
20250630,3665,貿聯-KY,5474490,815.00,858.00,814.00,848.00,yearly_2025.zip,0.9700452027,790.586840,832.298784,789.616795,822.598332,OK
20250701,3665,貿聯-KY,4442312,844.00,874.00,843.00,848.00,yearly_2025.zip,0.9700452027,818.718151,847.819507,817.748106,822.598332,OK
20250702,3665,貿聯-KY,3618139,841.00,858.00,829.00,835.00,yearly_2025.zip,0.9700452027,815.808016,832.298784,804.167473,809.987744,OK
20250703,3665,貿聯-KY,3426168,846.00,873.00,830.00,868.00,yearly_2025.zip,0.9700452027,820.658242,846.849462,805.137518,841.999236,OK
20250704,3665,貿聯-KY,4314151,864.00,901.00,861.00,886.00,yearly_2025.zip,0.9700452027,838.119055,874.010728,835.208920,859.460050,OK
20250707,3665,貿聯-KY,4082046,879.00,892.00,860.00,861.00,yearly_2025.zip,0.9700452027,852.669733,865.280321,834.238874,835.208920,OK
20250708,3665,貿聯-KY,3791252,855.00,883.00,848.00,879.00,yearly_2025.zip,0.9700452027,829.388648,856.549914,822.598332,852.669733,OK
20250709,3665,貿聯-KY,6909388,876.00,936.00,876.00,934.00,yearly_2025.zip,0.9700452027,849.759598,907.962310,849.759598,906.022219,OK
20250710,3665,貿聯-KY,4583064,922.00,927.00,900.00,911.00,yearly_2025.zip,0.9700452027,894.381677,899.231903,873.040682,883.711180,OK
20250711,3665,貿聯-KY,4225107,911.00,919.00,888.00,896.00,yearly_2025.zip,0.9700452027,883.711180,891.471541,861.400140,869.160502,OK
20250714,3665,貿聯-KY,3303602,905.00,914.00,872.00,874.00,yearly_2025.zip,0.9700452027,877.890908,886.621315,845.879417,847.819507,OK
20250715,3665,貿聯-KY,2706702,888.00,895.00,871.00,885.00,yearly_2025.zip,0.9700452027,861.400140,868.190456,844.909372,858.490004,OK
20250716,3665,貿聯-KY,2950721,894.00,906.00,881.00,882.00,yearly_2025.zip,0.9700452027,867.220411,878.860954,854.609824,855.579869,OK
20250717,3665,貿聯-KY,4112114,878.00,888.00,855.00,862.00,yearly_2025.zip,0.9914478873,870.491245,880.405724,847.687944,854.628079,OK
20250718,3665,貿聯-KY,4416950,874.00,895.00,864.00,871.00,yearly_2025.zip,0.9914478873,866.525454,887.345859,856.610975,863.551110,OK
20250721,3665,貿聯-KY,2639643,874.00,876.00,854.00,868.00,yearly_2025.zip,0.9914478873,866.525454,868.508349,846.696496,860.576766,OK
20250722,3665,貿聯-KY,5581930,869.00,878.00,811.00,818.00,yearly_2025.zip,0.9914478873,861.568214,870.491245,804.064237,811.004372,OK
20250723,3665,貿聯-KY,4428950,832.00,838.00,808.00,826.00,yearly_2025.zip,0.9914478873,824.884642,830.833330,801.089893,818.935955,OK
20250724,3665,貿聯-KY,3731054,836.00,865.00,832.00,850.00,yearly_2025.zip,0.9914478873,828.850434,857.602423,824.884642,842.730704,OK
20250725,3665,貿聯-KY,3110271,851.00,851.00,821.00,833.00,yearly_2025.zip,0.9914478873,843.722152,843.722152,813.978715,825.876090,OK
20250728,3665,貿聯-KY,4662778,833.00,883.00,833.00,876.00,yearly_2025.zip,0.9914478873,825.876090,875.448484,825.876090,868.508349,OK
20250729,3665,貿聯-KY,3756018,885.00,893.00,870.00,888.00,yearly_2025.zip,0.9914478873,877.431380,885.362963,862.559662,880.405724,OK
20250730,3665,貿聯-KY,2866296,891.00,900.00,866.00,878.00,yearly_2025.zip,0.9914478873,883.380068,892.303099,858.593870,870.491245,OK
20250731,3665,貿聯-KY,4048720,888.00,916.00,888.00,911.00,yearly_2025.zip,0.9914478873,880.405724,908.166265,880.405724,903.209025,OK
20250801,3665,貿聯-KY,2720444,896.00,911.00,892.00,895.00,yearly_2025.zip,0.9914478873,888.337307,903.209025,884.371515,887.345859,OK
20250804,3665,貿聯-KY,3907489,885.00,885.00,849.00,850.00,yearly_2025.zip,0.9914478873,877.431380,877.431380,841.739256,842.730704,OK
20250805,3665,貿聯-KY,3085987,872.00,887.00,871.00,885.00,yearly_2025.zip,0.9914478873,864.542558,879.414276,863.551110,877.431380,OK
20250806,3665,貿聯-KY,3516606,885.00,894.00,863.00,878.00,yearly_2025.zip,0.9914478873,877.431380,886.354411,855.619527,870.491245,OK
20250807,3665,貿聯-KY,5506641,896.00,932.00,890.00,930.00,yearly_2025.zip,0.9914478873,888.337307,924.029431,882.388620,922.046535,OK
20250808,3665,貿聯-KY,5357725,936.00,978.00,931.00,973.00,yearly_2025.zip,0.9914478873,927.995223,969.636034,923.037983,964.678794,OK
20250811,3665,貿聯-KY,3841631,973.00,983.00,936.00,981.00,yearly_2025.zip,0.9914478873,964.678794,974.593273,927.995223,972.610377,OK
20250812,3665,貿聯-KY,3902898,985.00,989.00,954.00,964.00,yearly_2025.zip,0.9914478873,976.576169,980.541961,945.841284,955.755763,OK
20250813,3665,貿聯-KY,5247675,980.00,1010.00,967.00,989.00,yearly_2025.zip,0.9914478873,971.618930,1001.362366,958.730107,980.541961,OK
20250814,3665,貿聯-KY,2702789,999.00,1005.00,984.00,989.00,yearly_2025.zip,0.9914478873,990.456439,996.405127,975.584721,980.541961,OK
20250815,3665,貿聯-KY,3284759,989.00,1005.00,980.00,985.00,yearly_2025.zip,0.9914478873,980.541961,996.405127,971.618930,976.576169,OK
20250818,3665,貿聯-KY,4719851,981.00,990.00,954.00,977.00,yearly_2025.zip,0.9914478873,972.610377,981.533408,945.841284,968.644586,OK
20250819,3665,貿聯-KY,4581001,985.00,996.00,943.00,944.00,yearly_2025.zip,0.9914478873,976.576169,987.482096,934.935358,935.926806,OK
20250820,3665,貿聯-KY,4821994,935.00,976.00,925.00,925.00,yearly_2025.zip,0.9914478873,927.003775,967.653138,917.089296,917.089296,OK
20250821,3665,貿聯-KY,7888567,972.00,1000.00,960.00,977.00,yearly_2025.zip,0.9914478873,963.687346,991.447887,951.789972,968.644586,OK
20250822,3665,貿聯-KY,5234111,985.00,992.00,939.00,942.00,yearly_2025.zip,0.9914478873,976.576169,983.516304,930.969566,933.943910,OK
20250825,3665,貿聯-KY,5083059,968.00,979.00,929.00,929.00,yearly_2025.zip,0.9914478873,959.721555,970.627482,921.055087,921.055087,OK
20250826,3665,貿聯-KY,4006111,939.00,941.00,912.00,935.00,yearly_2025.zip,0.9914478873,930.969566,932.952462,904.200473,927.003775,OK
20250827,3665,貿聯-KY,5014553,940.00,967.00,930.00,961.00,yearly_2025.zip,0.9914478873,931.961014,958.730107,922.046535,952.781420,OK
20250828,3665,貿聯-KY,5767146,959.00,1005.00,957.00,981.00,yearly_2025.zip,0.9914478873,950.798524,996.405127,948.815628,972.610377,OK
20250829,3665,貿聯-KY,7010395,1000.00,1075.00,995.00,1075.00,yearly_2025.zip,0.9914478873,991.447887,1065.806479,986.490648,1065.806479,OK
20250901,3665,貿聯-KY,6212785,1045.00,1055.00,968.00,976.00,yearly_2025.zip,0.9914478873,1036.063042,1045.977521,959.721555,967.653138,OK
20250902,3665,貿聯-KY,4703381,980.00,982.00,946.00,959.00,yearly_2025.zip,0.9914478873,971.618930,973.601825,937.909701,950.798524,OK
20250903,3665,貿聯-KY,3072643,965.00,985.00,958.00,967.00,yearly_2025.zip,0.9914478873,956.747211,976.576169,949.807076,958.730107,OK
20250904,3665,貿聯-KY,8311736,1005.00,1060.00,998.00,1060.00,yearly_2025.zip,0.9914478873,996.405127,1050.934761,989.464992,1050.934761,OK
20250905,3665,貿聯-KY,6145247,1085.00,1100.00,1040.00,1075.00,yearly_2025.zip,0.9914478873,1075.720958,1090.592676,1031.105803,1065.806479,OK
20250908,3665,貿聯-KY,2147597,1070.00,1090.00,1055.00,1085.00,yearly_2025.zip,0.9914478873,1060.849239,1080.678197,1045.977521,1075.720958,OK
20250909,3665,貿聯-KY,3072461,1110.00,1120.00,1070.00,1090.00,yearly_2025.zip,0.9914478873,1100.507155,1110.421634,1060.849239,1080.678197,OK
20250910,3665,貿聯-KY,2925689,1100.00,1160.00,1100.00,1135.00,yearly_2025.zip,0.9914478873,1090.592676,1150.079549,1090.592676,1125.293352,OK
20250911,3665,貿聯-KY,2791275,1170.00,1185.00,1120.00,1125.00,yearly_2025.zip,0.9914478873,1159.994028,1174.865746,1110.421634,1115.378873,OK
20250912,3665,貿聯-KY,2435811,1120.00,1140.00,1080.00,1100.00,yearly_2025.zip,0.9914478873,1110.421634,1130.250592,1070.763718,1090.592676,OK
20250915,3665,貿聯-KY,2718872,1120.00,1130.00,1085.00,1095.00,yearly_2025.zip,0.9914478873,1110.421634,1120.336113,1075.720958,1085.635437,OK
20250916,3665,貿聯-KY,4765601,1080.00,1160.00,1075.00,1115.00,yearly_2025.zip,0.9914478873,1070.763718,1150.079549,1065.806479,1105.464394,OK
20250917,3665,貿聯-KY,1884503,1110.00,1120.00,1090.00,1100.00,yearly_2025.zip,0.9914478873,1100.507155,1110.421634,1080.678197,1090.592676,OK
20250918,3665,貿聯-KY,1464774,1110.00,1135.00,1100.00,1125.00,yearly_2025.zip,0.9914478873,1100.507155,1125.293352,1090.592676,1115.378873,OK
20250919,3665,貿聯-KY,4609066,1140.00,1145.00,1095.00,1115.00,yearly_2025.zip,0.9914478873,1130.250592,1135.207831,1085.635437,1105.464394,OK
20250922,3665,貿聯-KY,1228286,1115.00,1125.00,1100.00,1120.00,yearly_2025.zip,0.9914478873,1105.464394,1115.378873,1090.592676,1110.421634,OK
20250923,3665,貿聯-KY,2281366,1135.00,1145.00,1085.00,1085.00,yearly_2025.zip,0.9914478873,1125.293352,1135.207831,1075.720958,1075.720958,OK
20250924,3665,貿聯-KY,1390764,1095.00,1110.00,1065.00,1095.00,yearly_2025.zip,0.9914478873,1085.635437,1100.507155,1055.892000,1085.635437,OK
20250925,3665,貿聯-KY,4378722,1085.00,1110.00,997.00,998.00,yearly_2025.zip,0.9914478873,1075.720958,1100.507155,988.473544,989.464992,OK
20250926,3665,貿聯-KY,2753445,981.00,997.00,971.00,984.00,yearly_2025.zip,0.9914478873,972.610377,988.473544,962.695899,975.584721,OK
20250930,3665,貿聯-KY,2752503,1000.00,1040.00,992.00,1030.00,yearly_2025.zip,0.9914478873,991.447887,1031.105803,983.516304,1021.191324,OK
20251001,3665,貿聯-KY,1658620,1035.00,1050.00,1020.00,1040.00,yearly_2025.zip,0.9914478873,1026.148563,1041.020282,1011.276845,1031.105803,OK
20251002,3665,貿聯-KY,1872972,1060.00,1060.00,1015.00,1025.00,yearly_2025.zip,0.9914478873,1050.934761,1050.934761,1006.319606,1016.234084,OK
20251003,3665,貿聯-KY,2841434,1035.00,1095.00,1025.00,1060.00,yearly_2025.zip,0.9914478873,1026.148563,1085.635437,1016.234084,1050.934761,OK
20251007,3665,貿聯-KY,2374162,1095.00,1105.00,1005.00,1030.00,yearly_2025.zip,0.9914478873,1085.635437,1095.549915,996.405127,1021.191324,OK
20251008,3665,貿聯-KY,2834799,1010.00,1065.00,1000.00,1055.00,yearly_2025.zip,0.9914478873,1001.362366,1055.892000,991.447887,1045.977521,OK
20251009,3665,貿聯-KY,3210909,1080.00,1115.00,1080.00,1105.00,yearly_2025.zip,0.9914478873,1070.763718,1105.464394,1070.763718,1095.549915,OK
20251013,3665,貿聯-KY,2711844,1070.00,1120.00,1065.00,1095.00,yearly_2025.zip,0.9914478873,1060.849239,1110.421634,1055.892000,1085.635437,OK
20251014,3665,貿聯-KY,6050203,1155.00,1200.00,1115.00,1125.00,yearly_2025.zip,0.9914478873,1145.122310,1189.737465,1105.464394,1115.378873,OK
20251015,3665,貿聯-KY,5604386,1145.00,1200.00,1105.00,1185.00,yearly_2025.zip,0.9914478873,1135.207831,1189.737465,1095.549915,1174.865746,OK
20251016,3665,貿聯-KY,3835479,1195.00,1245.00,1175.00,1220.00,yearly_2025.zip,0.9914478873,1184.780225,1234.352620,1164.951268,1209.566423,OK
20251017,3665,貿聯-KY,5865227,1220.00,1315.00,1215.00,1295.00,yearly_2025.zip,0.9914478873,1209.566423,1303.753972,1204.609183,1283.925014,OK
20251020,3665,貿聯-KY,3093266,1295.00,1320.00,1265.00,1290.00,yearly_2025.zip,0.9914478873,1283.925014,1308.711211,1254.181577,1278.967775,OK
20251021,3665,貿聯-KY,2624783,1300.00,1320.00,1280.00,1290.00,yearly_2025.zip,0.9914478873,1288.882253,1308.711211,1269.053296,1278.967775,OK
20251022,3665,貿聯-KY,4967146,1300.00,1385.00,1300.00,1320.00,yearly_2025.zip,0.9914478873,1288.882253,1373.155324,1288.882253,1308.711211,OK
20251023,3665,貿聯-KY,2322840,1300.00,1345.00,1290.00,1330.00,yearly_2025.zip,0.9914478873,1288.882253,1333.497408,1278.967775,1318.625690,OK
20251027,3665,貿聯-KY,2747797,1395.00,1410.00,1360.00,1370.00,yearly_2025.zip,0.9914478873,1383.069803,1397.941521,1348.369127,1358.283606,OK
20251028,3665,貿聯-KY,3296297,1395.00,1460.00,1395.00,1445.00,yearly_2025.zip,0.9914478873,1383.069803,1447.513915,1383.069803,1432.642197,OK
20251029,3665,貿聯-KY,2490384,1455.00,1460.00,1400.00,1460.00,yearly_2025.zip,0.9914478873,1442.556676,1447.513915,1388.027042,1447.513915,OK
20251030,3665,貿聯-KY,3056106,1445.00,1455.00,1385.00,1400.00,yearly_2025.zip,0.9914478873,1432.642197,1442.556676,1373.155324,1388.027042,OK
20251031,3665,貿聯-KY,1862848,1410.00,1415.00,1380.00,1395.00,yearly_2025.zip,0.9914478873,1397.941521,1402.898761,1368.198084,1383.069803,OK
20251103,3665,貿聯-KY,2935174,1395.00,1460.00,1390.00,1455.00,yearly_2025.zip,0.9914478873,1383.069803,1447.513915,1378.112563,1442.556676,OK
20251104,3665,貿聯-KY,2836857,1460.00,1475.00,1370.00,1380.00,yearly_2025.zip,0.9914478873,1447.513915,1462.385634,1358.283606,1368.198084,OK
20251105,3665,貿聯-KY,3542319,1325.00,1380.00,1305.00,1375.00,yearly_2025.zip,0.9914478873,1313.668451,1368.198084,1293.839493,1363.240845,OK
20251106,3665,貿聯-KY,2518821,1405.00,1415.00,1365.00,1370.00,yearly_2025.zip,0.9914478873,1392.984282,1402.898761,1353.326366,1358.283606,OK
20251107,3665,貿聯-KY,2982006,1340.00,1420.00,1320.00,1415.00,yearly_2025.zip,0.9914478873,1328.540169,1407.856000,1308.711211,1402.898761,OK
20251110,3665,貿聯-KY,4251598,1480.00,1550.00,1465.00,1535.00,yearly_2025.zip,0.9914478873,1467.342873,1536.744225,1452.471155,1521.872507,OK
20251111,3665,貿聯-KY,4057257,1540.00,1620.00,1530.00,1550.00,yearly_2025.zip,0.9914478873,1526.829746,1606.145577,1516.915268,1536.744225,OK
20251112,3665,貿聯-KY,3324510,1555.00,1600.00,1500.00,1500.00,yearly_2025.zip,0.9914478873,1541.701465,1586.316620,1487.171831,1487.171831,OK
20251113,3665,貿聯-KY,3653026,1500.00,1615.00,1500.00,1605.00,yearly_2025.zip,0.9914478873,1487.171831,1601.188338,1487.171831,1591.273859,OK
20251114,3665,貿聯-KY,3842078,1535.00,1570.00,1490.00,1520.00,yearly_2025.zip,0.9914478873,1521.872507,1556.573183,1477.257352,1507.000789,OK
20251117,3665,貿聯-KY,3635466,1560.00,1665.00,1555.00,1625.00,yearly_2025.zip,0.9914478873,1546.658704,1650.760732,1541.701465,1611.102817,OK
20251118,3665,貿聯-KY,3910623,1570.00,1660.00,1535.00,1570.00,yearly_2025.zip,0.9914478873,1556.573183,1645.803493,1521.872507,1556.573183,OK
20251119,3665,貿聯-KY,3077767,1560.00,1630.00,1540.00,1580.00,yearly_2025.zip,0.9914478873,1546.658704,1616.060056,1526.829746,1566.487662,OK
20251120,3665,貿聯-KY,3199793,1680.00,1730.00,1665.00,1680.00,yearly_2025.zip,0.9914478873,1665.632451,1715.204845,1650.760732,1665.632451,OK
20251121,3665,貿聯-KY,3843320,1590.00,1645.00,1560.00,1605.00,yearly_2025.zip,0.9914478873,1576.402141,1630.931775,1546.658704,1591.273859,OK
20251124,3665,貿聯-KY,18371964,1660.00,1660.00,1530.00,1560.00,yearly_2025.zip,0.9914478873,1645.803493,1645.803493,1516.915268,1546.658704,OK
20251125,3665,貿聯-KY,9397198,1605.00,1630.00,1430.00,1545.00,yearly_2025.zip,0.9914478873,1591.273859,1616.060056,1417.770479,1531.786986,OK
20251126,3665,貿聯-KY,5740524,1550.00,1560.00,1480.00,1500.00,yearly_2025.zip,0.9914478873,1536.744225,1546.658704,1467.342873,1487.171831,OK
20251127,3665,貿聯-KY,4911686,1530.00,1610.00,1520.00,1540.00,yearly_2025.zip,0.9914478873,1516.915268,1596.231099,1507.000789,1526.829746,OK
20251128,3665,貿聯-KY,3987016,1580.00,1620.00,1565.00,1610.00,yearly_2025.zip,0.9914478873,1566.487662,1606.145577,1551.615944,1596.231099,OK
20251201,3665,貿聯-KY,2995344,1610.00,1640.00,1580.00,1600.00,yearly_2025.zip,0.9914478873,1596.231099,1625.974535,1566.487662,1586.316620,OK
20251202,3665,貿聯-KY,7156759,1710.00,1740.00,1535.00,1535.00,yearly_2025.zip,0.9914478873,1695.375887,1725.119324,1521.872507,1521.872507,OK
20251203,3665,貿聯-KY,3610533,1555.00,1580.00,1510.00,1525.00,yearly_2025.zip,0.9914478873,1541.701465,1566.487662,1497.086310,1511.958028,OK
20251204,3665,貿聯-KY,3901514,1545.00,1585.00,1515.00,1530.00,yearly_2025.zip,0.9914478873,1531.786986,1571.444901,1502.043549,1516.915268,OK
20251205,3665,貿聯-KY,1918326,1535.00,1540.00,1500.00,1525.00,yearly_2025.zip,0.9914478873,1521.872507,1526.829746,1487.171831,1511.958028,OK
20251208,3665,貿聯-KY,2280922,1530.00,1555.00,1500.00,1515.00,yearly_2025.zip,0.9914478873,1516.915268,1541.701465,1487.171831,1502.043549,OK
20251209,3665,貿聯-KY,3841127,1520.00,1565.00,1460.00,1470.00,yearly_2025.zip,0.9914478873,1507.000789,1551.615944,1447.513915,1457.428394,OK
20251210,3665,貿聯-KY,3207205,1480.00,1540.00,1470.00,1525.00,yearly_2025.zip,0.9914478873,1467.342873,1526.829746,1457.428394,1511.958028,OK
20251211,3665,貿聯-KY,2741880,1540.00,1565.00,1525.00,1535.00,yearly_2025.zip,0.9914478873,1526.829746,1551.615944,1511.958028,1521.872507,OK
20251212,3665,貿聯-KY,1858161,1550.00,1580.00,1530.00,1535.00,yearly_2025.zip,0.9914478873,1536.744225,1566.487662,1516.915268,1521.872507,OK
20251215,3665,貿聯-KY,2819175,1490.00,1510.00,1475.00,1475.00,yearly_2025.zip,0.9914478873,1477.257352,1497.086310,1462.385634,1462.385634,OK
20251216,3665,貿聯-KY,3965251,1455.00,1475.00,1410.00,1440.00,yearly_2025.zip,0.9914478873,1442.556676,1462.385634,1397.941521,1427.684958,OK
20251217,3665,貿聯-KY,1799975,1465.00,1470.00,1430.00,1435.00,yearly_2025.zip,0.9914478873,1452.471155,1457.428394,1417.770479,1422.727718,OK
20251218,3665,貿聯-KY,2470924,1430.00,1465.00,1425.00,1440.00,yearly_2025.zip,0.9914478873,1417.770479,1452.471155,1412.813239,1427.684958,OK
20251219,3665,貿聯-KY,8162912,1455.00,1480.00,1415.00,1440.00,yearly_2025.zip,0.9914478873,1442.556676,1467.342873,1402.898761,1427.684958,OK
20251222,3665,貿聯-KY,2659490,1460.00,1495.00,1440.00,1475.00,yearly_2025.zip,0.9914478873,1447.513915,1482.214592,1427.684958,1462.385634,OK
20251223,3665,貿聯-KY,1671269,1490.00,1490.00,1450.00,1460.00,yearly_2025.zip,0.9914478873,1477.257352,1477.257352,1437.599437,1447.513915,OK
20251224,3665,貿聯-KY,3547704,1480.00,1560.00,1480.00,1550.00,yearly_2025.zip,0.9914478873,1467.342873,1546.658704,1467.342873,1536.744225,OK
20251226,3665,貿聯-KY,1926230,1565.00,1570.00,1530.00,1545.00,yearly_2025.zip,0.9914478873,1551.615944,1556.573183,1516.915268,1531.786986,OK
20251229,3665,貿聯-KY,2312229,1555.00,1555.00,1490.00,1505.00,yearly_2025.zip,0.9914478873,1541.701465,1541.701465,1477.257352,1492.129070,OK
20251230,3665,貿聯-KY,1095245,1505.00,1520.00,1490.00,1505.00,yearly_2025.zip,0.9914478873,1492.129070,1507.000789,1477.257352,1492.129070,OK
20251231,3665,貿聯-KY,1981302,1510.00,1550.00,1500.00,1520.00,yearly_2025.zip,0.9914478873,1497.086310,1536.744225,1487.171831,1507.000789,OK
20260102,3665,貿聯-KY,2346102,1525.00,1570.00,1510.00,1525.00,weekly_2026_W01.zip,0.9914478873,1511.958028,1556.573183,1497.086310,1511.958028,OK
20260105,3665,貿聯-KY,3216890,1540.00,1590.00,1525.00,1575.00,weekly_2026_W02.zip,0.9914478873,1526.829746,1576.402141,1511.958028,1561.530422,OK
20260106,3665,貿聯-KY,3549142,1595.00,1640.00,1520.00,1575.00,weekly_2026_W02.zip,0.9914478873,1581.359380,1625.974535,1507.000789,1561.530422,OK
20260107,3665,貿聯-KY,7886165,1585.00,1595.00,1420.00,1430.00,weekly_2026_W02.zip,0.9914478873,1571.444901,1581.359380,1407.856000,1417.770479,OK
20260108,3665,貿聯-KY,4936606,1435.00,1475.00,1385.00,1410.00,weekly_2026_W02.zip,0.9914478873,1422.727718,1462.385634,1373.155324,1397.941521,OK
20260109,3665,貿聯-KY,3161947,1410.00,1475.00,1410.00,1425.00,weekly_2026_W02.zip,0.9914478873,1397.941521,1462.385634,1397.941521,1412.813239,OK
20260112,3665,貿聯-KY,2527551,1450.00,1450.00,1380.00,1395.00,weekly_2026_W03.zip,0.9914478873,1437.599437,1437.599437,1368.198084,1383.069803,OK
20260113,3665,貿聯-KY,1817114,1415.00,1440.00,1405.00,1420.00,weekly_2026_W03.zip,0.9914478873,1402.898761,1427.684958,1392.984282,1407.856000,OK
20260114,3665,貿聯-KY,3040312,1435.00,1500.00,1430.00,1495.00,weekly_2026_W03.zip,0.9914478873,1422.727718,1487.171831,1417.770479,1482.214592,OK
20260115,3665,貿聯-KY,1866109,1495.00,1525.00,1450.00,1470.00,weekly_2026_W03.zip,0.9914478873,1482.214592,1511.958028,1437.599437,1457.428394,OK
20260116,3665,貿聯-KY,3737952,1495.00,1495.00,1385.00,1400.00,weekly_2026_W03.zip,0.9914478873,1482.214592,1482.214592,1373.155324,1388.027042,OK
20260119,3665,貿聯-KY,5049560,1380.00,1400.00,1310.00,1315.00,weekly_2026_W04.zip,0.9914478873,1368.198084,1388.027042,1298.796732,1303.753972,OK
20260120,3665,貿聯-KY,2286555,1315.00,1355.00,1310.00,1340.00,weekly_2026_W04.zip,0.9914478873,1303.753972,1343.411887,1298.796732,1328.540169,OK
20260121,3665,貿聯-KY,3821730,1330.00,1330.00,1275.00,1300.00,weekly_2026_W04.zip,0.9914478873,1318.625690,1318.625690,1264.096056,1288.882253,OK
20260122,3665,貿聯-KY,4681219,1330.00,1420.00,1285.00,1420.00,weekly_2026_W04.zip,0.9914478873,1318.625690,1407.856000,1274.010535,1407.856000,OK
20260123,3665,貿聯-KY,3310345,1425.00,1440.00,1365.00,1390.00,weekly_2026_W04.zip,0.9914478873,1412.813239,1427.684958,1353.326366,1378.112563,OK
20260126,3665,貿聯-KY,1925319,1395.00,1435.00,1385.00,1430.00,weekly_2026_W05.zip,0.9914478873,1383.069803,1422.727718,1373.155324,1417.770479,OK
20260127,3665,貿聯-KY,2174291,1440.00,1460.00,1420.00,1420.00,weekly_2026_W05.zip,0.9914478873,1427.684958,1447.513915,1407.856000,1407.856000,OK
20260128,3665,貿聯-KY,1738108,1435.00,1455.00,1415.00,1440.00,weekly_2026_W05.zip,0.9914478873,1422.727718,1442.556676,1402.898761,1427.684958,OK
20260129,3665,貿聯-KY,3901808,1455.00,1475.00,1350.00,1365.00,weekly_2026_W05.zip,0.9914478873,1442.556676,1462.385634,1338.454648,1353.326366,OK
20260130,3665,貿聯-KY,4140150,1365.00,1370.00,1280.00,1300.00,weekly_2026_W05.zip,0.9914478873,1353.326366,1358.283606,1269.053296,1288.882253,OK
20260202,3665,貿聯-KY,2715843,1270.00,1355.00,1270.00,1325.00,weekly_2026_W06.zip,0.9914478873,1259.138817,1343.411887,1259.138817,1313.668451,OK
20260203,3665,貿聯-KY,3698095,1365.00,1425.00,1345.00,1410.00,weekly_2026_W06.zip,0.9914478873,1353.326366,1412.813239,1333.497408,1397.941521,OK
20260204,3665,貿聯-KY,3552020,1400.00,1410.00,1315.00,1340.00,weekly_2026_W06.zip,0.9914478873,1388.027042,1397.941521,1303.753972,1328.540169,OK
20260205,3665,貿聯-KY,3767966,1315.00,1320.00,1250.00,1260.00,weekly_2026_W06.zip,0.9914478873,1303.753972,1308.711211,1239.309859,1249.224338,OK
20260206,3665,貿聯-KY,4883757,1265.00,1315.00,1245.00,1285.00,weekly_2026_W06.zip,0.9914478873,1254.181577,1303.753972,1234.352620,1274.010535,OK
20260209,3665,貿聯-KY,3897651,1350.00,1365.00,1255.00,1255.00,weekly_2026_W07.zip,0.9914478873,1338.454648,1353.326366,1244.267099,1244.267099,OK
20260210,3665,貿聯-KY,2952078,1345.00,1380.00,1345.00,1380.00,weekly_2026_W07.zip,0.9914478873,1333.497408,1368.198084,1333.497408,1368.198084,OK
20260211,3665,貿聯-KY,7166486,1390.00,1460.00,1355.00,1365.00,weekly_2026_W07.zip,0.9914478873,1378.112563,1447.513915,1343.411887,1353.326366,OK
20260223,3665,貿聯-KY,5183148,1375.00,1385.00,1285.00,1290.00,weekly_2026_W09.zip,0.9914478873,1363.240845,1373.155324,1274.010535,1278.967775,OK
20260224,3665,貿聯-KY,3935045,1290.00,1315.00,1285.00,1295.00,weekly_2026_W09.zip,0.9914478873,1278.967775,1303.753972,1274.010535,1283.925014,OK
20260225,3665,貿聯-KY,5819147,1325.00,1365.00,1295.00,1345.00,weekly_2026_W09.zip,0.9914478873,1313.668451,1353.326366,1283.925014,1333.497408,OK
20260226,3665,貿聯-KY,5632601,1390.00,1440.00,1375.00,1410.00,weekly_2026_W09.zip,0.9914478873,1378.112563,1427.684958,1363.240845,1397.941521,OK
20260302,3665,貿聯-KY,6222750,1380.00,1540.00,1370.00,1505.00,weekly_2026_W10.zip,0.9914478873,1368.198084,1526.829746,1358.283606,1492.129070,OK
20260303,3665,貿聯-KY,11188315,1640.00,1655.00,1595.00,1645.00,weekly_2026_W10.zip,0.9914478873,1625.974535,1640.846253,1581.359380,1630.931775,OK
20260304,3665,貿聯-KY,7665313,1580.00,1630.00,1545.00,1610.00,weekly_2026_W10.zip,0.9914478873,1566.487662,1616.060056,1531.786986,1596.231099,OK
20260305,3665,貿聯-KY,6533492,1745.00,1770.00,1690.00,1725.00,weekly_2026_W10.zip,0.9914478873,1730.076563,1754.862761,1675.546930,1710.247606,OK
20260306,3665,貿聯-KY,4644045,1735.00,1785.00,1710.00,1770.00,weekly_2026_W10.zip,0.9914478873,1720.162084,1769.734479,1695.375887,1754.862761,OK
20260309,3665,貿聯-KY,1066927,1595.00,1595.00,1595.00,1595.00,weekly_2026_W11.zip,0.9914478873,1581.359380,1581.359380,1581.359380,1581.359380,OK
20260310,3665,貿聯-KY,8917592,1605.00,1615.00,1490.00,1565.00,weekly_2026_W11.zip,0.9914478873,1591.273859,1601.188338,1477.257352,1551.615944,OK
20260311,3665,貿聯-KY,3686279,1600.00,1685.00,1590.00,1655.00,weekly_2026_W11.zip,0.9914478873,1586.316620,1670.589690,1576.402141,1640.846253,OK
20260312,3665,貿聯-KY,3153825,1635.00,1655.00,1590.00,1635.00,weekly_2026_W11.zip,0.9914478873,1621.017296,1640.846253,1576.402141,1621.017296,OK
20260313,3665,貿聯-KY,3091233,1590.00,1620.00,1560.00,1590.00,weekly_2026_W11.zip,0.9914478873,1576.402141,1606.145577,1546.658704,1576.402141,OK
20260316,3665,貿聯-KY,5050854,1625.00,1675.00,1590.00,1645.00,weekly_2026_W12.zip,0.9914478873,1611.102817,1660.675211,1576.402141,1630.931775,OK
20260317,3665,貿聯-KY,4265843,1715.00,1770.00,1670.00,1740.00,weekly_2026_W12.zip,0.9914478873,1700.333127,1754.862761,1655.717972,1725.119324,OK
20260318,3665,貿聯-KY,4173946,1730.00,1760.00,1675.00,1690.00,weekly_2026_W12.zip,0.9914478873,1715.204845,1744.948282,1660.675211,1675.546930,OK
20260319,3665,貿聯-KY,4771017,1715.00,1745.00,1690.00,1720.00,weekly_2026_W12.zip,0.9914478873,1700.333127,1730.076563,1675.546930,1705.290366,OK
20260320,3665,貿聯-KY,9965833,1760.00,1835.00,1720.00,1825.00,weekly_2026_W12.zip,0.9914478873,1744.948282,1819.306873,1705.290366,1809.392394,OK
20260323,3665,貿聯-KY,3317461,1755.00,1810.00,1700.00,1770.00,weekly_2026_W13.zip,0.9914478873,1739.991042,1794.520676,1685.461408,1754.862761,OK
20260324,3665,貿聯-KY,2637197,1830.00,1840.00,1710.00,1730.00,weekly_2026_W13.zip,0.9914478873,1814.349634,1824.264113,1695.375887,1715.204845,OK
20260325,3665,貿聯-KY,4309048,1770.00,1840.00,1735.00,1805.00,weekly_2026_W13.zip,0.9914478873,1754.862761,1824.264113,1720.162084,1789.563437,OK
20260326,3665,貿聯-KY,3437183,1850.00,1930.00,1810.00,1815.00,weekly_2026_W13.zip,0.9914478873,1834.178592,1913.494422,1794.520676,1799.477915,OK
20260327,3665,貿聯-KY,2600079,1790.00,1905.00,1765.00,1860.00,weekly_2026_W13.zip,0.9914478873,1774.691718,1888.708225,1749.905521,1844.093070,OK
20260330,3665,貿聯-KY,2378953,1775.00,1895.00,1775.00,1880.00,weekly_2026_W14.zip,0.9914478873,1759.820000,1878.793746,1759.820000,1863.922028,OK
20260331,3665,貿聯-KY,3854731,1865.00,1865.00,1725.00,1740.00,weekly_2026_W14.zip,0.9914478873,1849.050310,1849.050310,1710.247606,1725.119324,OK
20260401,3665,貿聯-KY,2718701,1865.00,1910.00,1860.00,1910.00,weekly_2026_W14.zip,0.9914478873,1849.050310,1893.665465,1844.093070,1893.665465,OK
20260402,3665,貿聯-KY,4922718,1980.00,2075.00,1900.00,1915.00,weekly_2026_W14.zip,0.9914478873,1963.066817,2057.254366,1883.750986,1898.622704,OK
20260407,3665,貿聯-KY,2812049,2015.00,2070.00,1980.00,1990.00,weekly_2026_W15.zip,0.9914478873,1997.767493,2052.297127,1963.066817,1972.981296,OK
20260408,3665,貿聯-KY,2700249,2100.00,2105.00,1995.00,2015.00,weekly_2026_W15.zip,0.9914478873,2082.040563,2086.997803,1977.938535,1997.767493,OK
20260409,3665,貿聯-KY,3770175,2010.00,2165.00,1995.00,2130.00,weekly_2026_W15.zip,0.9914478873,1992.810253,2146.484676,1977.938535,2111.784000,OK
20260410,3665,貿聯-KY,2355912,2200.00,2225.00,2115.00,2200.00,weekly_2026_W15.zip,0.9914478873,2181.185352,2205.971549,2096.912282,2181.185352,OK
20260413,3665,貿聯-KY,1991121,2200.00,2235.00,2165.00,2225.00,weekly_2026_W16.zip,0.9914478873,2181.185352,2215.886028,2146.484676,2205.971549,OK
20260414,3665,貿聯-KY,2970579,2345.00,2380.00,2250.00,2295.00,weekly_2026_W16.zip,0.9914478873,2324.945296,2359.645972,2230.757746,2275.372901,OK
20260415,3665,貿聯-KY,2474167,2330.00,2410.00,2300.00,2350.00,weekly_2026_W16.zip,0.9914478873,2310.073577,2389.389408,2280.330141,2329.902535,OK
20260416,3665,貿聯-KY,2756549,2430.00,2490.00,2385.00,2395.00,weekly_2026_W16.zip,0.9914478873,2409.218366,2468.705239,2364.603211,2374.517690,OK
20260417,3665,貿聯-KY,2330543,2405.00,2475.00,2335.00,2365.00,weekly_2026_W16.zip,0.9914478873,2384.432169,2453.833521,2315.030817,2344.774253,OK
20260420,3665,貿聯-KY,2601327,2395.00,2515.00,2365.00,2460.00,weekly_2026_W17.zip,0.9914478873,2374.517690,2493.491437,2344.774253,2438.961803,OK
20260421,3665,貿聯-KY,2722946,2570.00,2600.00,2400.00,2425.00,weekly_2026_W17.zip,0.9914478873,2548.021070,2577.764507,2379.474930,2404.261127,OK
20260422,3665,貿聯-KY,3292244,2465.00,2560.00,2435.00,2555.00,weekly_2026_W17.zip,0.9914478873,2443.919042,2538.106591,2414.175606,2533.149352,OK
20260423,3665,貿聯-KY,6727175,2785.00,2810.00,2590.00,2755.00,weekly_2026_W17.zip,0.9914478873,2761.182366,2785.968563,2567.850028,2731.438930,OK
20260424,3665,貿聯-KY,3511772,2800.00,2910.00,2720.00,2765.00,weekly_2026_W17.zip,0.9914478873,2776.054084,2885.113352,2696.738253,2741.353408,OK
20260427,3665,貿聯-KY,3100898,2820.00,2820.00,2630.00,2630.00,weekly_2026_W18.zip,0.9914478873,2795.883042,2795.883042,2607.507944,2607.507944,OK
20260428,3665,貿聯-KY,2406516,2660.00,2745.00,2605.00,2630.00,weekly_2026_W18.zip,0.9914478873,2637.251380,2721.524451,2582.721746,2607.507944,OK
20260429,3665,貿聯-KY,2748760,2620.00,2820.00,2605.00,2780.00,weekly_2026_W18.zip,0.9914478873,2597.593465,2795.883042,2582.721746,2756.225127,OK
20260430,3665,貿聯-KY,2725883,2760.00,2815.00,2715.00,2770.00,weekly_2026_W18.zip,0.9914478873,2736.396169,2790.925803,2691.781014,2746.310648,OK
20260504,3665,貿聯-KY,2964568,2950.00,2970.00,2860.00,2940.00,weekly_2026_W19.zip,0.9914478873,2924.771268,2944.600225,2835.540958,2914.856789,OK
20260505,3665,貿聯-KY,2106864,2945.00,2950.00,2825.00,2875.00,weekly_2026_W19.zip,0.9914478873,2919.814028,2924.771268,2800.840282,2850.412676,OK
20260506,3665,貿聯-KY,6251547,2885.00,2885.00,2590.00,2745.00,weekly_2026_W19.zip,0.9914478873,2860.327155,2860.327155,2567.850028,2721.524451,OK
20260507,3665,貿聯-KY,2547615,2770.00,2810.00,2690.00,2780.00,weekly_2026_W19.zip,0.9914478873,2746.310648,2785.968563,2666.994817,2756.225127,OK
20260508,3665,貿聯-KY,1930030,2760.00,2800.00,2710.00,2750.00,weekly_2026_W19.zip,0.9914478873,2736.396169,2776.054084,2686.823775,2726.481690,OK
20260511,3665,貿聯-KY,2750212,2650.00,2925.00,2645.00,2905.00,weekly_2026_W20.zip,0.9914478873,2627.336901,2899.985070,2622.379662,2880.156113,OK
20260512,3665,貿聯-KY,3445090,3000.00,3010.00,2775.00,2775.00,weekly_2026_W20.zip,0.9914478873,2974.343662,2984.258141,2751.267887,2751.267887,OK
20260513,3665,貿聯-KY,1079450,2500.00,2500.00,2500.00,2500.00,weekly_2026_W20.zip,0.9914478873,2478.619718,2478.619718,2478.619718,2478.619718,OK
20260514,3665,貿聯-KY,5373818,2250.00,2300.00,2250.00,2250.00,weekly_2026_W20.zip,0.9914478873,2230.757746,2280.330141,2230.757746,2230.757746,OK
20260515,3665,貿聯-KY,10273858,2335.00,2335.00,2060.00,2095.00,weekly_2026_W20.zip,0.9914478873,2315.030817,2315.030817,2042.382648,2077.083324,OK
20260518,3665,貿聯-KY,5228017,2070.00,2085.00,1990.00,2025.00,weekly_2026_W21.zip,0.9914478873,2052.297127,2067.168845,1972.981296,2007.681972,OK
20260519,3665,貿聯-KY,3675024,2060.00,2065.00,1940.00,1990.00,weekly_2026_W21.zip,0.9914478873,2042.382648,2047.339887,1923.408901,1972.981296,OK
20260520,3665,貿聯-KY,2215075,1970.00,2000.00,1860.00,1965.00,weekly_2026_W21.zip,0.9914478873,1953.152338,1982.895775,1844.093070,1948.195099,OK
20260521,3665,貿聯-KY,2520061,2030.00,2160.00,2030.00,2155.00,weekly_2026_W21.zip,0.9914478873,2012.639211,2141.527437,2012.639211,2136.570197,OK
20260522,3665,貿聯-KY,2291246,2255.00,2270.00,2200.00,2225.00,weekly_2026_W21.zip,0.9914478873,2235.714986,2250.586704,2181.185352,2205.971549,OK
20260525,3665,貿聯-KY,2036304,2340.00,2430.00,2340.00,2385.00,weekly_2026_W22.zip,0.9914478873,2319.988056,2409.218366,2319.988056,2364.603211,OK
20260526,3665,貿聯-KY,1437122,2410.00,2415.00,2250.00,2265.00,weekly_2026_W22.zip,0.9914478873,2389.389408,2394.346648,2230.757746,2245.629465,OK
20260527,3665,貿聯-KY,2487948,2310.00,2335.00,2115.00,2115.00,weekly_2026_W22.zip,0.9914478873,2290.244620,2315.030817,2096.912282,2096.912282,OK
20260529,3665,貿聯-KY,2705900,2315.00,2315.00,2085.00,2085.00,weekly_2026_W22.zip,0.9914478873,2295.201859,2295.201859,2067.168845,2067.168845,OK
20260601,3665,貿聯-KY,1512799,2150.00,2180.00,2095.00,2120.00,weekly_2026_W23.zip,0.9914478873,2131.612958,2161.356394,2077.083324,2101.869521,OK
20260602,3665,貿聯-KY,1907710,2110.00,2200.00,2095.00,2195.00,weekly_2026_W23.zip,0.9914478873,2091.955042,2181.185352,2077.083324,2176.228113,OK
20260603,3665,貿聯-KY,4884440,2345.00,2385.00,2265.00,2305.00,weekly_2026_W23.zip,0.9914478873,2324.945296,2364.603211,2245.629465,2285.287380,OK
20260604,3665,貿聯-KY,3373217,2265.00,2275.00,2130.00,2155.00,weekly_2026_W23.zip,0.9914478873,2245.629465,2255.543944,2111.784000,2136.570197,OK
20260605,3665,貿聯-KY,2745937,2120.00,2260.00,2120.00,2200.00,weekly_2026_W23.zip,0.9914478873,2101.869521,2240.672225,2101.869521,2181.185352,OK
20260608,3665,貿聯-KY,3401208,1980.00,2120.00,1980.00,2095.00,weekly_2026_W24.zip,0.9914478873,1963.066817,2101.869521,1963.066817,2077.083324,OK
20260609,3665,貿聯-KY,2520543,2120.00,2180.00,2090.00,2155.00,weekly_2026_W24.zip,0.9914478873,2101.869521,2161.356394,2072.126084,2136.570197,OK
20260611,3665,貿聯-KY,5944676,2230.00,2280.00,2005.00,2160.00,weekly_2026_W24.zip,0.9914478873,2210.928789,2260.501183,1987.853014,2141.527437,OK
20260612,3665,貿聯-KY,4177566,2300.00,2350.00,2235.00,2310.00,weekly_2026_W24.zip,0.9914478873,2280.330141,2329.902535,2215.886028,2290.244620,OK
20260615,3665,貿聯-KY,3103163,2420.00,2425.00,2250.00,2265.00,weekly_2026_W25.zip,0.9914478873,2399.303887,2404.261127,2230.757746,2245.629465,OK
20260616,3665,貿聯-KY,3023358,2265.00,2275.00,2110.00,2120.00,weekly_2026_W25.zip,0.9914478873,2245.629465,2255.543944,2091.955042,2101.869521,OK
20260617,3665,貿聯-KY,3227891,2145.00,2150.00,2060.00,2090.00,weekly_2026_W25.zip,0.9914478873,2126.655718,2131.612958,2042.382648,2072.126084,OK
20260618,3665,貿聯-KY,7002236,2140.00,2140.00,2080.00,2100.00,weekly_2026_W25.zip,0.9914478873,2121.698479,2121.698479,2062.211606,2082.040563,OK
20260622,3665,貿聯-KY,5482246,2115.00,2115.00,1970.00,1990.00,weekly_2026_W26.zip,0.9914478873,2096.912282,2096.912282,1953.152338,1972.981296,OK
20260623,3665,貿聯-KY,1956043,1990.00,2025.00,1980.00,2000.00,weekly_2026_W26.zip,0.9914478873,1972.981296,2007.681972,1963.066817,1982.895775,OK
20260624,3665,貿聯-KY,3470666,1995.00,2075.00,1940.00,2005.00,weekly_2026_W26.zip,0.9914478873,1977.938535,2057.254366,1923.408901,1987.853014,OK
20260625,3665,貿聯-KY,2565586,2020.00,2045.00,1920.00,1920.00,weekly_2026_W26.zip,0.9914478873,2002.724732,2027.510930,1903.579944,1903.579944,OK
20260626,3665,貿聯-KY,2960359,1900.00,1960.00,1850.00,1855.00,weekly_2026_W26.zip,0.9914478873,1883.750986,1943.237859,1834.178592,1839.135831,OK
20260629,3665,貿聯-KY,1592882,1855.00,1915.00,1820.00,1880.00,weekly_2026_W27.zip,0.9914478873,1839.135831,1898.622704,1804.435155,1863.922028,OK
20260630,3665,貿聯-KY,1237586,1900.00,1950.00,1885.00,1915.00,weekly_2026_W27.zip,0.9914478873,1883.750986,1933.323380,1868.879268,1898.622704,OK
20260701,3665,貿聯-KY,2148320,1965.00,2040.00,1950.00,2010.00,weekly_2026_W27.zip,0.9914478873,1948.195099,2022.553690,1933.323380,1992.810253,OK
20260702,3665,貿聯-KY,1437765,1975.00,2040.00,1945.00,2040.00,weekly_2026_W27.zip,0.9914478873,1958.109577,2022.553690,1928.366141,2022.553690,OK
20260703,3665,貿聯-KY,2176508,1985.00,2015.00,1940.00,1995.00,weekly_2026_W27.zip,0.9914478873,1968.024056,1997.767493,1923.408901,1977.938535,OK
20260706,3665,貿聯-KY,2067057,1995.00,1995.00,1910.00,1945.00,weekly_2026_W28.zip,0.9914478873,1977.938535,1977.938535,1893.665465,1928.366141,OK
20260707,3665,貿聯-KY,4686875,2020.00,2130.00,1975.00,1980.00,weekly_2026_W28.zip,0.9914478873,2002.724732,2111.784000,1958.109577,1963.066817,OK
20260708,3665,貿聯-KY,3599849,1995.00,1995.00,1830.00,1900.00,weekly_2026_W28.zip,0.9914478873,1977.938535,1977.938535,1814.349634,1883.750986,OK
20260709,3665,貿聯-KY,1576338,1905.00,1910.00,1865.00,1865.00,weekly_2026_W28.zip,0.9914478873,1888.708225,1893.665465,1849.050310,1849.050310,OK
20260713,3665,貿聯-KY,1503926,1865.00,1910.00,1830.00,1865.00,weekly_2026_W29.zip,0.9914478873,1849.050310,1893.665465,1814.349634,1849.050310,OK
20260714,3665,貿聯-KY,2794369,1865.00,1880.00,1725.00,1775.00,weekly_2026_W29.zip,0.9914478873,1849.050310,1863.922028,1710.247606,1759.820000,OK
20260715,3665,貿聯-KY,3243903,1805.00,1915.00,1790.00,1910.00,weekly_2026_W29.zip,1.0000000000,1805.000000,1915.000000,1790.000000,1910.000000,OK
20260716,3665,貿聯-KY,2808783,1890.00,1985.00,1815.00,1955.00,weekly_2026_W29.zip,1.0000000000,1890.000000,1985.000000,1815.000000,1955.000000,OK
20260717,3665,貿聯-KY,3375931,1855.00,1915.00,1765.00,1765.00,weekly_2026_W29.zip,1.0000000000,1855.000000,1915.000000,1765.000000,1765.000000,OK
20260720,3665,貿聯-KY,3398243,1800.00,1860.00,1685.00,1820.00,weekly_2026_W30.zip,1.0000000000,1800.000000,1860.000000,1685.000000,1820.000000,OK
20260721,3665,貿聯-KY,2566105,1850.00,2000.00,1825.00,2000.00,weekly_2026_W30.zip,1.0000000000,1850.000000,2000.000000,1825.000000,2000.000000,OK
20260722,3665,貿聯-KY,4993122,2060.00,2195.00,2040.00,2115.00,weekly_2026_W30.zip,1.0000000000,2060.000000,2195.000000,2040.000000,2115.000000,OK
20260723,3665,貿聯-KY,6321225,2120.00,2325.00,2105.00,2285.00,weekly_2026_W30.zip,1.0000000000,2120.000000,2325.000000,2105.000000,2285.000000,OK
20260724,3665,貿聯-KY,3300080,2235.00,2350.00,2190.00,2205.00,weekly_2026_W30.zip,1.0000000000,2235.000000,2350.000000,2190.000000,2205.000000,OK
20260727,3665,貿聯-KY,2117505,2225.00,2225.00,2075.00,2150.00,weekly_2026_W31.zip,1.0000000000,2225.000000,2225.000000,2075.000000,2150.000000,OK
20260728,3665,貿聯-KY,3941252,2060.00,2280.00,2055.00,2215.00,weekly_2026_W31.zip,1.0000000000,2060.000000,2280.000000,2055.000000,2215.000000,OK
20260729,3665,貿聯-KY,4293972,2230.00,2275.00,1995.00,2090.00,weekly_2026_W31.zip,1.0000000000,2230.000000,2275.000000,1995.000000,2090.000000,OK
20260730,3665,貿聯-KY,4316971,2070.00,2125.00,1885.00,1910.00,weekly_2026_W31.zip,1.0000000000,2070.000000,2125.000000,1885.000000,1910.000000,OK
20260731,3665,貿聯-KY,2430263,2100.00,2100.00,2035.00,2100.00,weekly_2026_W31.zip,1.0000000000,2100.000000,2100.000000,2035.000000,2100.000000,OK
20260803,3665,貿聯-KY,4972466,2100.00,2300.00,2060.00,2095.00,weekly_2026_W32.zip,1.0000000000,2100.000000,2300.000000,2060.000000,2095.000000,OK
20260804,3665,貿聯-KY,3964720,2105.00,2300.00,2105.00,2300.00,weekly_2026_W32.zip,1.0000000000,2105.000000,2300.000000,2105.000000,2300.000000,OK
20260805,3665,貿聯-KY,3940517,2400.00,2450.00,2330.00,2355.00,weekly_2026_W32.zip,1.0000000000,2400.000000,2450.000000,2330.000000,2355.000000,OK
20260806,3665,貿聯-KY,4902790,2405.00,2555.00,2370.00,2370.00,weekly_2026_W32.zip,1.0000000000,2405.000000,2555.000000,2370.000000,2370.000000,OK
20260807,3665,貿聯-KY,5516384,2300.00,2300.00,2185.00,2200.00,weekly_2026_W32.zip,1.0000000000,2300.000000,2300.000000,2185.000000,2200.000000,OK
20260810,3665,貿聯-KY,4361567,2190.00,2300.00,2115.00,2190.00,weekly_2026_W33.zip,1.0000000000,2190.000000,2300.000000,2115.000000,2190.000000,OK
20260811,3665,貿聯-KY,3555430,2145.00,2205.00,2070.00,2200.00,weekly_2026_W33.zip,1.0000000000,2145.000000,2205.000000,2070.000000,2200.000000,OK
20260812,3665,貿聯-KY,2983890,2195.00,2195.00,2130.00,2155.00,weekly_2026_W33.zip,1.0000000000,2195.000000,2195.000000,2130.000000,2155.000000,OK
20260813,3665,貿聯-KY,2695004,2180.00,2275.00,2165.00,2205.00,weekly_2026_W33.zip,1.0000000000,2180.000000,2275.000000,2165.000000,2205.000000,OK
20260814,3665,貿聯-KY,1633275,2235.00,2245.00,2180.00,2200.00,weekly_2026_W33.zip,1.0000000000,2235.000000,2245.000000,2180.000000,2200.000000,OK
20260817,3665,貿聯-KY,1878863,2185.00,2185.00,2095.00,2135.00,weekly_2026_W34.zip,1.0000000000,2185.000000,2185.000000,2095.000000,2135.000000,OK
