date,code,name,volume,open,high,low,close,source_asset,cumulative_factor,adj_open,adj_high,adj_low,adj_close,adj_qa
20180102,4916,事欣科,384100,35.35,35.65,35.20,35.55,yearly_2018.zip,0.7799610309,27.571622,27.805611,27.454628,27.727615,OK
20180103,4916,事欣科,709113,35.55,36.15,35.55,36.00,yearly_2018.zip,0.7799610309,27.727615,28.195591,27.727615,28.078597,OK
20180104,4916,事欣科,478000,36.20,36.20,35.65,35.70,yearly_2018.zip,0.7799610309,28.234589,28.234589,27.805611,27.844609,OK
20180105,4916,事欣科,1677926,35.80,36.65,35.80,36.50,yearly_2018.zip,0.7799610309,27.922605,28.585572,27.922605,28.468578,OK
20180108,4916,事欣科,837381,36.60,36.65,35.80,35.80,yearly_2018.zip,0.7799610309,28.546574,28.585572,27.922605,27.922605,OK
20180109,4916,事欣科,416220,36.00,36.10,35.55,35.55,yearly_2018.zip,0.7799610309,28.078597,28.156593,27.727615,27.727615,OK
20180110,4916,事欣科,669755,36.20,36.20,35.05,35.05,yearly_2018.zip,0.7799610309,28.234589,28.234589,27.337634,27.337634,OK
20180111,4916,事欣科,275742,35.20,35.40,35.00,35.20,yearly_2018.zip,0.7799610309,27.454628,27.610620,27.298636,27.454628,OK
20180112,4916,事欣科,265600,35.60,35.60,35.20,35.40,yearly_2018.zip,0.7799610309,27.766613,27.766613,27.454628,27.610620,OK
20180115,4916,事欣科,283258,35.45,35.50,35.20,35.20,yearly_2018.zip,0.7799610309,27.649619,27.688617,27.454628,27.454628,OK
20180116,4916,事欣科,238800,35.40,35.75,35.20,35.50,yearly_2018.zip,0.7799610309,27.610620,27.883607,27.454628,27.688617,OK
20180117,4916,事欣科,1070300,35.90,36.50,35.70,36.00,yearly_2018.zip,0.7799610309,28.000601,28.468578,27.844609,28.078597,OK
20180118,4916,事欣科,502001,36.25,36.30,35.60,35.70,yearly_2018.zip,0.7799610309,28.273587,28.312585,27.766613,27.844609,OK
20180119,4916,事欣科,508701,35.75,35.75,35.20,35.20,yearly_2018.zip,0.7799610309,27.883607,27.883607,27.454628,27.454628,OK
20180122,4916,事欣科,629201,35.20,35.30,34.95,35.15,yearly_2018.zip,0.7799610309,27.454628,27.532624,27.259638,27.415630,OK
20180123,4916,事欣科,421300,35.30,35.60,35.00,35.40,yearly_2018.zip,0.7799610309,27.532624,27.766613,27.298636,27.610620,OK
20180124,4916,事欣科,375232,35.50,35.50,35.05,35.05,yearly_2018.zip,0.7799610309,27.688617,27.688617,27.337634,27.337634,OK
20180125,4916,事欣科,590300,35.10,35.25,34.80,34.80,yearly_2018.zip,0.7799610309,27.376632,27.493626,27.142644,27.142644,OK
20180126,4916,事欣科,239815,34.75,35.15,34.65,35.00,yearly_2018.zip,0.7799610309,27.103646,27.415630,27.025650,27.298636,OK
20180129,4916,事欣科,480200,35.10,35.30,34.35,34.40,yearly_2018.zip,0.7799610309,27.376632,27.532624,26.791661,26.830659,OK
20180130,4916,事欣科,480153,34.40,34.50,33.90,33.90,yearly_2018.zip,0.7799610309,26.830659,26.908656,26.440679,26.440679,OK
20180131,4916,事欣科,279844,33.80,34.40,33.75,34.00,yearly_2018.zip,0.7799610309,26.362683,26.830659,26.323685,26.518675,OK
20180201,4916,事欣科,461677,34.50,35.20,34.20,34.75,yearly_2018.zip,0.7799610309,26.908656,27.454628,26.674667,27.103646,OK
20180202,4916,事欣科,2130900,35.50,36.05,35.00,35.00,yearly_2018.zip,0.7799610309,27.688617,28.117595,27.298636,27.298636,OK
20180205,4916,事欣科,481644,34.30,34.65,33.80,34.65,yearly_2018.zip,0.7799610309,26.752663,27.025650,26.362683,27.025650,OK
20180206,4916,事欣科,1209205,33.75,33.80,31.35,31.90,yearly_2018.zip,0.7799610309,26.323685,26.362683,24.451778,24.880757,OK
20180207,4916,事欣科,459904,32.40,33.00,32.40,33.00,yearly_2018.zip,0.7799610309,25.270737,25.738714,25.270737,25.738714,OK
20180208,4916,事欣科,374685,33.60,33.60,33.20,33.20,yearly_2018.zip,0.7799610309,26.206691,26.206691,25.894706,25.894706,OK
20180209,4916,事欣科,748501,31.15,32.60,31.10,31.90,yearly_2018.zip,0.7799610309,24.295786,25.426730,24.256788,24.880757,OK
20180212,4916,事欣科,298910,32.55,32.55,31.85,31.90,yearly_2018.zip,0.7799610309,25.387732,25.387732,24.841759,24.880757,OK
20180221,4916,事欣科,310492,32.50,33.00,32.50,32.50,yearly_2018.zip,0.7799610309,25.348734,25.738714,25.348734,25.348734,OK
20180222,4916,事欣科,394300,32.70,33.45,32.60,33.15,yearly_2018.zip,0.7799610309,25.504726,26.089696,25.426730,25.855708,OK
20180223,4916,事欣科,386264,33.20,33.90,33.20,33.60,yearly_2018.zip,0.7799610309,25.894706,26.440679,25.894706,26.206691,OK
20180226,4916,事欣科,238731,33.65,34.00,33.40,33.50,yearly_2018.zip,0.7799610309,26.245689,26.518675,26.050698,26.128695,OK
20180227,4916,事欣科,197764,33.60,33.70,33.10,33.15,yearly_2018.zip,0.7799610309,26.206691,26.284687,25.816710,25.855708,OK
20180301,4916,事欣科,166300,33.00,33.65,33.00,33.60,yearly_2018.zip,0.7799610309,25.738714,26.245689,25.738714,26.206691,OK
20180302,4916,事欣科,260101,33.55,33.95,33.50,33.80,yearly_2018.zip,0.7799610309,26.167693,26.479677,26.128695,26.362683,OK
20180305,4916,事欣科,193536,33.65,33.95,33.35,33.35,yearly_2018.zip,0.7799610309,26.245689,26.479677,26.011700,26.011700,OK
20180306,4916,事欣科,196553,33.45,33.45,33.20,33.20,yearly_2018.zip,0.7799610309,26.089696,26.089696,25.894706,25.894706,OK
20180307,4916,事欣科,786600,33.45,34.50,33.40,34.40,yearly_2018.zip,0.7799610309,26.089696,26.908656,26.050698,26.830659,OK
20180308,4916,事欣科,572238,34.95,34.95,33.90,33.90,yearly_2018.zip,0.7799610309,27.259638,27.259638,26.440679,26.440679,OK
20180309,4916,事欣科,1099650,34.80,35.20,34.40,34.60,yearly_2018.zip,0.7799610309,27.142644,27.454628,26.830659,26.986652,OK
20180312,4916,事欣科,2955600,36.00,37.10,35.40,35.45,yearly_2018.zip,0.7799610309,28.078597,28.936554,27.610620,27.649619,OK
20180313,4916,事欣科,751700,35.45,35.70,35.30,35.35,yearly_2018.zip,0.7799610309,27.649619,27.844609,27.532624,27.571622,OK
20180314,4916,事欣科,656244,35.35,36.35,35.35,35.55,yearly_2018.zip,0.7799610309,27.571622,28.351583,27.571622,27.727615,OK
20180315,4916,事欣科,333683,35.65,35.90,35.35,35.35,yearly_2018.zip,0.7799610309,27.805611,28.000601,27.571622,27.571622,OK
20180316,4916,事欣科,449178,35.45,35.55,34.90,35.00,yearly_2018.zip,0.7799610309,27.649619,27.727615,27.220640,27.298636,OK
20180319,4916,事欣科,697186,35.20,36.20,35.15,35.50,yearly_2018.zip,0.7799610309,27.454628,28.234589,27.415630,27.688617,OK
20180320,4916,事欣科,357515,35.40,35.50,34.85,35.15,yearly_2018.zip,0.7799610309,27.610620,27.688617,27.181642,27.415630,OK
20180321,4916,事欣科,217975,35.50,35.50,35.05,35.05,yearly_2018.zip,0.7799610309,27.688617,27.688617,27.337634,27.337634,OK
20180322,4916,事欣科,576100,35.20,35.65,34.40,34.45,yearly_2018.zip,0.7799610309,27.454628,27.805611,26.830659,26.869658,OK
20180323,4916,事欣科,741991,33.50,34.50,33.20,34.35,yearly_2018.zip,0.7799610309,26.128695,26.908656,25.894706,26.791661,OK
20180326,4916,事欣科,358600,34.80,34.80,33.75,34.20,yearly_2018.zip,0.7799610309,27.142644,27.142644,26.323685,26.674667,OK
20180327,4916,事欣科,463689,34.30,34.60,34.00,34.10,yearly_2018.zip,0.7799610309,26.752663,26.986652,26.518675,26.596671,OK
20180328,4916,事欣科,239521,34.05,34.10,33.70,33.75,yearly_2018.zip,0.7799610309,26.557673,26.596671,26.284687,26.323685,OK
20180329,4916,事欣科,301157,33.85,33.95,33.35,33.55,yearly_2018.zip,0.7799610309,26.401681,26.479677,26.011700,26.167693,OK
20180330,4916,事欣科,172349,33.70,33.90,33.60,33.65,yearly_2018.zip,0.7799610309,26.284687,26.440679,26.206691,26.245689,OK
20180331,4916,事欣科,151600,33.80,33.80,33.40,33.40,yearly_2018.zip,0.7799610309,26.362683,26.362683,26.050698,26.050698,OK
20180402,4916,事欣科,131709,33.40,33.70,33.30,33.55,yearly_2018.zip,0.7799610309,26.050698,26.284687,25.972702,26.167693,OK
20180403,4916,事欣科,258126,33.50,33.95,33.30,33.70,yearly_2018.zip,0.7799610309,26.128695,26.479677,25.972702,26.284687,OK
20180409,4916,事欣科,406530,33.85,34.30,33.85,34.10,yearly_2018.zip,0.7799610309,26.401681,26.752663,26.401681,26.596671,OK
20180410,4916,事欣科,764464,34.45,35.10,34.30,34.90,yearly_2018.zip,0.7799610309,26.869658,27.376632,26.752663,27.220640,OK
20180411,4916,事欣科,3211198,37.60,38.35,37.60,38.35,yearly_2018.zip,0.7799610309,29.326535,29.911506,29.326535,29.911506,OK
20180412,4916,事欣科,9145232,39.80,39.85,37.50,37.65,yearly_2018.zip,0.7799610309,31.042449,31.081447,29.248539,29.365533,OK
20180413,4916,事欣科,2525149,37.40,37.65,36.25,36.25,yearly_2018.zip,0.7799610309,29.170543,29.365533,28.273587,28.273587,OK
20180416,4916,事欣科,760198,36.10,36.80,36.00,36.05,yearly_2018.zip,0.7799610309,28.156593,28.702566,28.078597,28.117595,OK
20180417,4916,事欣科,3429498,37.00,38.40,36.10,36.10,yearly_2018.zip,0.7799610309,28.858558,29.950504,28.156593,28.156593,OK
20180418,4916,事欣科,1222346,36.20,37.50,35.95,36.50,yearly_2018.zip,0.7799610309,28.234589,29.248539,28.039599,28.468578,OK
20180419,4916,事欣科,878500,36.80,37.35,36.35,36.35,yearly_2018.zip,0.7799610309,28.702566,29.131545,28.351583,28.351583,OK
20180420,4916,事欣科,641871,36.50,36.75,36.10,36.40,yearly_2018.zip,0.7799610309,28.468578,28.663568,28.156593,28.390582,OK
20180423,4916,事欣科,1044800,36.50,36.60,35.20,35.20,yearly_2018.zip,0.7799610309,28.468578,28.546574,27.454628,27.454628,OK
20180424,4916,事欣科,761392,35.50,35.50,34.30,34.30,yearly_2018.zip,0.7799610309,27.688617,27.688617,26.752663,26.752663,OK
20180425,4916,事欣科,461056,33.60,34.80,33.60,34.40,yearly_2018.zip,0.7799610309,26.206691,27.142644,26.206691,26.830659,OK
20180426,4916,事欣科,776128,35.00,35.00,33.30,33.40,yearly_2018.zip,0.7799610309,27.298636,27.298636,25.972702,26.050698,OK
20180427,4916,事欣科,296601,33.80,34.00,33.40,33.90,yearly_2018.zip,0.7799610309,26.362683,26.518675,26.050698,26.440679,OK
20180430,4916,事欣科,755164,34.00,35.00,33.65,34.85,yearly_2018.zip,0.7799610309,26.518675,27.298636,26.245689,27.181642,OK
20180502,4916,事欣科,1730189,35.75,36.30,35.30,35.65,yearly_2018.zip,0.7799610309,27.883607,28.312585,27.532624,27.805611,OK
20180503,4916,事欣科,1076910,36.10,36.30,35.50,36.15,yearly_2018.zip,0.7799610309,28.156593,28.312585,27.688617,28.195591,OK
20180504,4916,事欣科,597700,36.40,36.50,35.65,36.05,yearly_2018.zip,0.7799610309,28.390582,28.468578,27.805611,28.117595,OK
20180507,4916,事欣科,980100,36.80,36.80,36.20,36.40,yearly_2018.zip,0.7799610309,28.702566,28.702566,28.234589,28.390582,OK
20180508,4916,事欣科,870200,36.50,36.95,36.40,36.55,yearly_2018.zip,0.7799610309,28.468578,28.819560,28.390582,28.507576,OK
20180509,4916,事欣科,1403439,37.45,37.50,36.10,36.10,yearly_2018.zip,0.7799610309,29.209541,29.248539,28.156593,28.156593,OK
20180510,4916,事欣科,603748,36.50,36.60,35.85,36.05,yearly_2018.zip,0.7799610309,28.468578,28.546574,27.961603,28.117595,OK
20180511,4916,事欣科,743321,36.15,36.15,35.30,35.45,yearly_2018.zip,0.7799610309,28.195591,28.195591,27.532624,27.649619,OK
20180514,4916,事欣科,1928404,35.25,37.80,35.25,37.20,yearly_2018.zip,0.7799610309,27.493626,29.482527,27.493626,29.014550,OK
20180515,4916,事欣科,5368703,39.00,39.40,36.55,36.55,yearly_2018.zip,0.7799610309,30.418480,30.730465,28.507576,28.507576,OK
20180516,4916,事欣科,923300,36.40,36.90,36.00,36.00,yearly_2018.zip,0.7799610309,28.390582,28.780562,28.078597,28.078597,OK
20180517,4916,事欣科,481400,36.30,36.35,36.00,36.00,yearly_2018.zip,0.7799610309,28.312585,28.351583,28.078597,28.078597,OK
20180518,4916,事欣科,1517400,36.30,37.70,36.30,36.60,yearly_2018.zip,0.7799610309,28.312585,29.404531,28.312585,28.546574,OK
20180521,4916,事欣科,583100,36.60,37.05,36.30,36.60,yearly_2018.zip,0.7799610309,28.546574,28.897556,28.312585,28.546574,OK
20180522,4916,事欣科,466639,36.95,36.95,36.40,36.40,yearly_2018.zip,0.7799610309,28.819560,28.819560,28.390582,28.390582,OK
20180523,4916,事欣科,686600,36.60,36.60,35.85,35.85,yearly_2018.zip,0.7799610309,28.546574,28.546574,27.961603,27.961603,OK
20180524,4916,事欣科,332501,36.35,36.35,35.85,35.90,yearly_2018.zip,0.7799610309,28.351583,28.351583,27.961603,28.000601,OK
20180525,4916,事欣科,525900,36.00,36.60,36.00,36.40,yearly_2018.zip,0.7799610309,28.078597,28.546574,28.078597,28.390582,OK
20180528,4916,事欣科,677101,36.80,37.10,36.45,36.50,yearly_2018.zip,0.7799610309,28.702566,28.936554,28.429580,28.468578,OK
20180529,4916,事欣科,4022271,36.75,38.70,36.40,37.95,yearly_2018.zip,0.7799610309,28.663568,30.184492,28.390582,29.599521,OK
20180530,4916,事欣科,1872509,38.00,38.00,37.00,37.90,yearly_2018.zip,0.7799610309,29.638519,29.638519,28.858558,29.560523,OK
20180531,4916,事欣科,4220502,39.00,39.80,37.80,37.80,yearly_2018.zip,0.7799610309,30.418480,31.042449,29.482527,29.482527,OK
20180601,4916,事欣科,993503,38.00,38.35,37.25,37.35,yearly_2018.zip,0.7799610309,29.638519,29.911506,29.053548,29.131545,OK
20180604,4916,事欣科,557200,37.40,37.90,37.35,37.50,yearly_2018.zip,0.7799610309,29.170543,29.560523,29.131545,29.248539,OK
20180605,4916,事欣科,635360,37.65,37.75,37.00,37.00,yearly_2018.zip,0.7799610309,29.365533,29.443529,28.858558,28.858558,OK
20180606,4916,事欣科,518718,37.20,37.55,37.00,37.40,yearly_2018.zip,0.7799610309,29.014550,29.287537,28.858558,29.170543,OK
20180607,4916,事欣科,1889501,37.70,38.80,37.30,38.70,yearly_2018.zip,0.7799610309,29.404531,30.262488,29.092546,30.184492,OK
20180608,4916,事欣科,3623738,38.60,40.15,38.50,38.55,yearly_2018.zip,0.7799610309,30.106496,31.315435,30.028500,30.067498,OK
20180611,4916,事欣科,4231985,38.60,40.10,38.55,39.20,yearly_2018.zip,0.7799610309,30.106496,31.276437,30.067498,30.574472,OK
20180612,4916,事欣科,3860701,39.95,41.00,38.85,38.95,yearly_2018.zip,0.7799610309,31.159443,31.978402,30.301486,30.379482,OK
20180613,4916,事欣科,1608900,39.35,39.45,38.15,38.40,yearly_2018.zip,0.7799610309,30.691467,30.769463,29.755513,29.950504,OK
20180614,4916,事欣科,730799,38.60,39.20,38.15,38.25,yearly_2018.zip,0.7799610309,30.106496,30.574472,29.755513,29.833509,OK
20180615,4916,事欣科,546200,38.80,38.95,38.20,38.30,yearly_2018.zip,0.7799610309,30.262488,30.379482,29.794511,29.872507,OK
20180619,4916,事欣科,826705,38.35,38.80,37.70,37.70,yearly_2018.zip,0.7799610309,29.911506,30.262488,29.404531,29.404531,OK
20180620,4916,事欣科,1055607,37.60,38.30,36.10,36.85,yearly_2018.zip,0.7799610309,29.326535,29.872507,28.156593,28.741564,OK
20180621,4916,事欣科,354376,37.05,37.75,37.05,37.50,yearly_2018.zip,0.7799610309,28.897556,29.443529,28.897556,29.248539,OK
20180622,4916,事欣科,579900,37.50,38.00,37.10,37.75,yearly_2018.zip,0.7799610309,29.248539,29.638519,28.936554,29.443529,OK
20180625,4916,事欣科,638501,37.80,37.80,36.60,36.70,yearly_2018.zip,0.7799610309,29.482527,29.482527,28.546574,28.624570,OK
20180626,4916,事欣科,1088802,36.80,37.10,35.75,35.90,yearly_2018.zip,0.7799610309,28.702566,28.936554,27.883607,28.000601,OK
20180627,4916,事欣科,472041,36.10,36.55,35.90,36.00,yearly_2018.zip,0.7799610309,28.156593,28.507576,28.000601,28.078597,OK
20180628,4916,事欣科,478700,36.40,36.40,35.50,35.70,yearly_2018.zip,0.7799610309,28.390582,28.390582,27.688617,27.844609,OK
20180629,4916,事欣科,390450,36.10,36.45,35.80,36.45,yearly_2018.zip,0.7799610309,28.156593,28.429580,27.922605,28.429580,OK
20180702,4916,事欣科,250553,36.90,36.90,36.30,36.35,yearly_2018.zip,0.7799610309,28.780562,28.780562,28.312585,28.351583,OK
20180703,4916,事欣科,567200,36.80,36.80,35.30,35.40,yearly_2018.zip,0.7799610309,28.702566,28.702566,27.532624,27.610620,OK
20180704,4916,事欣科,492001,35.40,35.80,34.80,35.00,yearly_2018.zip,0.7799610309,27.610620,27.922605,27.142644,27.298636,OK
20180705,4916,事欣科,497001,35.20,35.30,33.85,34.05,yearly_2018.zip,0.7799610309,27.454628,27.532624,26.401681,26.557673,OK
20180706,4916,事欣科,542202,34.05,34.75,33.40,34.60,yearly_2018.zip,0.7799610309,26.557673,27.103646,26.050698,26.986652,OK
20180709,4916,事欣科,278031,34.70,34.90,34.35,34.60,yearly_2018.zip,0.7799610309,27.064648,27.220640,26.791661,26.986652,OK
20180710,4916,事欣科,243101,34.75,35.45,34.75,35.45,yearly_2018.zip,0.7799610309,27.103646,27.649619,27.103646,27.649619,OK
20180711,4916,事欣科,434001,35.95,35.95,35.60,35.60,yearly_2018.zip,0.7799610309,28.039599,28.039599,27.766613,27.766613,OK
20180712,4916,事欣科,513464,35.70,36.50,35.70,36.05,yearly_2018.zip,0.7799610309,27.844609,28.468578,27.844609,28.117595,OK
20180713,4916,事欣科,239303,36.30,36.55,36.10,36.10,yearly_2018.zip,0.7799610309,28.312585,28.507576,28.156593,28.156593,OK
20180716,4916,事欣科,267101,36.75,36.75,35.85,36.00,yearly_2018.zip,0.7799610309,28.663568,28.663568,27.961603,28.078597,OK
20180717,4916,事欣科,286105,36.35,36.35,35.30,35.40,yearly_2018.zip,0.7799610309,28.351583,28.351583,27.532624,27.610620,OK
20180718,4916,事欣科,290401,35.40,35.65,34.80,35.00,yearly_2018.zip,0.7799610309,27.610620,27.805611,27.142644,27.298636,OK
20180719,4916,事欣科,129427,35.00,35.30,34.90,35.00,yearly_2018.zip,0.7799610309,27.298636,27.532624,27.220640,27.298636,OK
20180720,4916,事欣科,193900,35.10,35.10,34.70,34.70,yearly_2018.zip,0.7799610309,27.376632,27.376632,27.064648,27.064648,OK
20180723,4916,事欣科,290200,34.95,35.10,34.15,34.20,yearly_2018.zip,0.7799610309,27.259638,27.376632,26.635669,26.674667,OK
20180724,4916,事欣科,321300,34.25,35.25,34.20,35.10,yearly_2018.zip,0.7799610309,26.713665,27.493626,26.674667,27.376632,OK
20180725,4916,事欣科,181200,35.00,35.10,34.75,34.90,yearly_2018.zip,0.7799610309,27.298636,27.376632,27.103646,27.220640,OK
20180726,4916,事欣科,189715,35.20,35.20,34.75,34.85,yearly_2018.zip,0.7799610309,27.454628,27.454628,27.103646,27.181642,OK
20180727,4916,事欣科,133830,34.90,35.15,34.85,35.15,yearly_2018.zip,0.7799610309,27.220640,27.415630,27.181642,27.415630,OK
20180730,4916,事欣科,206700,35.25,35.30,34.60,35.00,yearly_2018.zip,0.7799610309,27.493626,27.532624,26.986652,27.298636,OK
20180731,4916,事欣科,134220,35.00,35.40,34.65,35.00,yearly_2018.zip,0.7799610309,27.298636,27.610620,27.025650,27.298636,OK
20180801,4916,事欣科,156500,35.05,35.30,34.90,34.90,yearly_2018.zip,0.7799610309,27.337634,27.532624,27.220640,27.220640,OK
20180802,4916,事欣科,167600,34.90,35.10,34.60,34.60,yearly_2018.zip,0.7799610309,27.220640,27.376632,26.986652,26.986652,OK
20180803,4916,事欣科,255002,34.70,35.50,34.45,34.60,yearly_2018.zip,0.7799610309,27.064648,27.688617,26.869658,26.986652,OK
20180806,4916,事欣科,257904,34.60,35.30,34.55,35.20,yearly_2018.zip,0.7799610309,26.986652,27.532624,26.947654,27.454628,OK
20180807,4916,事欣科,474484,35.35,36.10,35.25,35.60,yearly_2018.zip,0.7799610309,27.571622,28.156593,27.493626,27.766613,OK
20180808,4916,事欣科,267300,35.75,35.85,35.50,35.70,yearly_2018.zip,0.7799610309,27.883607,27.961603,27.688617,27.844609,OK
20180809,4916,事欣科,319508,35.50,35.90,35.10,35.25,yearly_2018.zip,0.7799610309,27.688617,28.000601,27.376632,27.493626,OK
20180810,4916,事欣科,180700,35.25,35.35,35.10,35.10,yearly_2018.zip,0.7799610309,27.493626,27.571622,27.376632,27.376632,OK
20180813,4916,事欣科,482700,35.00,35.00,33.50,34.00,yearly_2018.zip,0.7799610309,27.298636,27.298636,26.128695,26.518675,OK
20180814,4916,事欣科,491103,34.05,35.00,34.05,34.90,yearly_2018.zip,0.7799610309,26.557673,27.298636,26.557673,27.220640,OK
20180815,4916,事欣科,2259203,35.80,36.45,35.30,35.35,yearly_2018.zip,0.7799610309,27.922605,28.429580,27.532624,27.571622,OK
20180816,4916,事欣科,620023,34.35,34.70,34.15,34.20,yearly_2018.zip,0.8024337148,27.563598,27.844450,27.403111,27.443233,OK
20180817,4916,事欣科,487500,34.90,34.90,34.30,34.30,yearly_2018.zip,0.8024337148,28.004937,28.004937,27.523476,27.523476,OK
20180820,4916,事欣科,267400,34.35,34.80,34.15,34.30,yearly_2018.zip,0.8024337148,27.563598,27.924693,27.403111,27.523476,OK
20180821,4916,事欣科,496100,34.85,35.50,34.45,35.50,yearly_2018.zip,0.8024337148,27.964815,28.486397,27.643841,28.486397,OK
20180822,4916,事欣科,2509020,35.95,37.25,35.80,35.90,yearly_2018.zip,0.8024337148,28.847492,29.890656,28.727127,28.807370,OK
20180823,4916,事欣科,2129221,36.45,37.20,36.35,36.45,yearly_2018.zip,0.8024337148,29.248709,29.850534,29.168466,29.248709,OK
20180824,4916,事欣科,786520,36.75,37.00,35.60,35.90,yearly_2018.zip,0.8024337148,29.489439,29.690047,28.566640,28.807370,OK
20180827,4916,事欣科,499235,36.20,36.25,35.50,36.00,yearly_2018.zip,0.8024337148,29.048100,29.088222,28.486397,28.887614,OK
20180828,4916,事欣科,703700,36.00,36.50,35.80,36.10,yearly_2018.zip,0.8024337148,28.887614,29.288831,28.727127,28.967857,OK
20180829,4916,事欣科,555200,36.15,36.70,36.10,36.10,yearly_2018.zip,0.8024337148,29.007979,29.449317,28.967857,28.967857,OK
20180830,4916,事欣科,434100,36.45,36.55,35.65,35.75,yearly_2018.zip,0.8024337148,29.248709,29.328952,28.606762,28.687005,OK
20180831,4916,事欣科,272101,35.70,36.00,35.50,35.95,yearly_2018.zip,0.8024337148,28.646884,28.887614,28.486397,28.847492,OK
20180903,4916,事欣科,358602,36.00,36.30,35.40,35.55,yearly_2018.zip,0.8024337148,28.887614,29.128344,28.406154,28.526519,OK
20180904,4916,事欣科,161215,35.60,35.70,35.45,35.50,yearly_2018.zip,0.8024337148,28.566640,28.646884,28.446275,28.486397,OK
20180905,4916,事欣科,283000,35.60,35.95,35.40,35.40,yearly_2018.zip,0.8024337148,28.566640,28.847492,28.406154,28.406154,OK
20180906,4916,事欣科,371340,35.40,35.70,35.10,35.10,yearly_2018.zip,0.8024337148,28.406154,28.646884,28.165423,28.165423,OK
20180907,4916,事欣科,685885,35.30,35.30,33.50,33.95,yearly_2018.zip,0.8024337148,28.325910,28.325910,26.881529,27.242625,OK
20180910,4916,事欣科,629646,33.60,33.75,32.25,32.50,yearly_2018.zip,0.8024337148,26.961773,27.082138,25.878487,26.079096,OK
20180911,4916,事欣科,313100,32.50,33.35,32.50,33.35,yearly_2018.zip,0.8024337148,26.079096,26.761164,26.079096,26.761164,OK
20180912,4916,事欣科,238100,33.85,33.95,33.05,33.35,yearly_2018.zip,0.8024337148,27.162381,27.242625,26.520434,26.761164,OK
20180913,4916,事欣科,98432,33.25,33.80,33.25,33.60,yearly_2018.zip,0.8024337148,26.680921,27.122260,26.680921,26.961773,OK
20180914,4916,事欣科,186100,33.60,33.95,33.50,33.80,yearly_2018.zip,0.8024337148,26.961773,27.242625,26.881529,27.122260,OK
20180917,4916,事欣科,160402,33.80,33.80,33.25,33.35,yearly_2018.zip,0.8024337148,27.122260,27.122260,26.680921,26.761164,OK
20180918,4916,事欣科,348305,33.30,33.30,32.80,32.85,yearly_2018.zip,0.8024337148,26.721043,26.721043,26.319826,26.359948,OK
20180919,4916,事欣科,130200,33.05,33.25,33.00,33.00,yearly_2018.zip,0.8024337148,26.520434,26.680921,26.480313,26.480313,OK
20180920,4916,事欣科,145421,33.35,33.35,32.70,32.75,yearly_2018.zip,0.8024337148,26.761164,26.761164,26.239582,26.279704,OK
20180921,4916,事欣科,186600,33.00,33.20,32.60,32.85,yearly_2018.zip,0.8024337148,26.480313,26.640799,26.159339,26.359948,OK
20180925,4916,事欣科,134637,33.00,33.35,32.90,33.30,yearly_2018.zip,0.8024337148,26.480313,26.761164,26.400069,26.721043,OK
20180926,4916,事欣科,106700,33.50,33.50,33.20,33.25,yearly_2018.zip,0.8024337148,26.881529,26.881529,26.640799,26.680921,OK
20180927,4916,事欣科,167500,33.25,33.45,33.20,33.25,yearly_2018.zip,0.8024337148,26.680921,26.841408,26.640799,26.680921,OK
20180928,4916,事欣科,161299,33.05,33.25,33.00,33.05,yearly_2018.zip,0.8024337148,26.520434,26.680921,26.480313,26.520434,OK
20181001,4916,事欣科,162200,33.00,33.25,32.85,33.20,yearly_2018.zip,0.8024337148,26.480313,26.680921,26.359948,26.640799,OK
20181002,4916,事欣科,104200,33.10,33.20,33.00,33.00,yearly_2018.zip,0.8024337148,26.560556,26.640799,26.480313,26.480313,OK
20181003,4916,事欣科,446023,33.20,33.95,33.20,33.40,yearly_2018.zip,0.8024337148,26.640799,27.242625,26.640799,26.801286,OK
20181004,4916,事欣科,185528,33.40,33.40,32.80,33.00,yearly_2018.zip,0.8024337148,26.801286,26.801286,26.319826,26.480313,OK
20181005,4916,事欣科,719400,32.95,32.95,30.55,31.05,yearly_2018.zip,0.8024337148,26.440191,26.440191,24.514350,24.915567,OK
20181008,4916,事欣科,324727,30.60,31.75,30.60,31.30,yearly_2018.zip,0.8024337148,24.554472,25.477270,24.554472,25.116175,OK
20181009,4916,事欣科,204228,31.40,31.50,30.85,30.95,yearly_2018.zip,0.8024337148,25.196419,25.276662,24.755080,24.835323,OK
20181011,4916,事欣科,1323249,27.90,28.90,27.90,27.90,yearly_2018.zip,0.8024337148,22.387901,23.190334,22.387901,22.387901,OK
20181012,4916,事欣科,394300,27.90,28.70,27.25,28.30,yearly_2018.zip,0.8024337148,22.387901,23.029848,21.866319,22.708874,OK
20181015,4916,事欣科,176303,28.30,28.60,28.00,28.15,yearly_2018.zip,0.8024337148,22.708874,22.949604,22.468144,22.588509,OK
20181016,4916,事欣科,260600,27.50,28.40,27.50,28.05,yearly_2018.zip,0.8024337148,22.066927,22.789118,22.066927,22.508266,OK
20181017,4916,事欣科,266478,28.50,28.65,28.05,28.05,yearly_2018.zip,0.8024337148,22.869361,22.989726,22.508266,22.508266,OK
20181018,4916,事欣科,77230,28.00,28.10,27.90,28.10,yearly_2018.zip,0.8024337148,22.468144,22.548387,22.387901,22.548387,OK
20181019,4916,事欣科,502600,27.70,28.20,26.95,27.90,yearly_2018.zip,0.8024337148,22.227414,22.628631,21.625589,22.387901,OK
20181022,4916,事欣科,107604,27.60,28.30,27.40,28.05,yearly_2018.zip,0.8024337148,22.147171,22.708874,21.986684,22.508266,OK
20181023,4916,事欣科,252201,28.05,28.05,27.25,27.90,yearly_2018.zip,0.8024337148,22.508266,22.508266,21.866319,22.387901,OK
20181024,4916,事欣科,241500,27.85,27.85,27.20,27.70,yearly_2018.zip,0.8024337148,22.347779,22.347779,21.826197,22.227414,OK
20181025,4916,事欣科,781276,26.85,26.85,25.80,26.80,yearly_2018.zip,0.8024337148,21.545345,21.545345,20.702790,21.505224,OK
20181026,4916,事欣科,659001,26.90,27.00,25.65,27.00,yearly_2018.zip,0.8024337148,21.585467,21.665710,20.582425,21.665710,OK
20181029,4916,事欣科,215095,26.70,27.20,26.50,26.50,yearly_2018.zip,0.8024337148,21.424980,21.826197,21.264493,21.264493,OK
20181030,4916,事欣科,400806,27.30,27.30,26.70,27.00,yearly_2018.zip,0.8024337148,21.906440,21.906440,21.424980,21.665710,OK
20181031,4916,事欣科,299100,27.25,27.95,27.25,27.90,yearly_2018.zip,0.8024337148,21.866319,22.428022,21.866319,22.387901,OK
20181101,4916,事欣科,271100,28.10,28.60,28.00,28.15,yearly_2018.zip,0.8024337148,22.548387,22.949604,22.468144,22.588509,OK
20181102,4916,事欣科,341600,28.25,28.80,28.25,28.40,yearly_2018.zip,0.8024337148,22.668752,23.110091,22.668752,22.789118,OK
20181105,4916,事欣科,120100,28.10,28.75,28.00,28.15,yearly_2018.zip,0.8024337148,22.548387,23.069969,22.468144,22.588509,OK
20181106,4916,事欣科,326007,28.15,28.95,28.10,28.50,yearly_2018.zip,0.8024337148,22.588509,23.230456,22.548387,22.869361,OK
20181107,4916,事欣科,214500,28.80,29.40,28.50,29.00,yearly_2018.zip,0.8024337148,23.110091,23.591551,22.869361,23.270578,OK
20181108,4916,事欣科,156005,29.05,29.80,28.90,28.90,yearly_2018.zip,0.8024337148,23.310699,23.912525,23.190334,23.190334,OK
20181109,4916,事欣科,162005,28.90,29.00,28.50,28.60,yearly_2018.zip,0.8024337148,23.190334,23.270578,22.869361,22.949604,OK
20181112,4916,事欣科,128101,28.40,29.50,28.40,29.15,yearly_2018.zip,0.8024337148,22.789118,23.671795,22.789118,23.390943,OK
20181113,4916,事欣科,1383101,29.70,30.40,29.45,30.00,yearly_2018.zip,0.8024337148,23.832281,24.393985,23.631673,24.073011,OK
20181114,4916,事欣科,456000,30.05,30.25,29.55,29.65,yearly_2018.zip,0.8024337148,24.113133,24.273620,23.711916,23.792160,OK
20181115,4916,事欣科,238100,30.10,30.10,29.70,29.85,yearly_2018.zip,0.8024337148,24.153255,24.153255,23.832281,23.952646,OK
20181116,4916,事欣科,312002,30.00,30.05,29.40,29.45,yearly_2018.zip,0.8024337148,24.073011,24.113133,23.591551,23.631673,OK
20181119,4916,事欣科,160303,29.50,29.90,29.50,29.90,yearly_2018.zip,0.8024337148,23.671795,23.992768,23.671795,23.992768,OK
20181120,4916,事欣科,149100,29.90,30.05,29.60,29.75,yearly_2018.zip,0.8024337148,23.992768,24.113133,23.752038,23.872403,OK
20181121,4916,事欣科,182100,29.75,30.30,29.50,29.70,yearly_2018.zip,0.8024337148,23.872403,24.313742,23.671795,23.832281,OK
20181122,4916,事欣科,262500,29.95,30.20,29.40,29.50,yearly_2018.zip,0.8024337148,24.032890,24.233498,23.591551,23.671795,OK
20181123,4916,事欣科,182500,29.40,29.50,29.05,29.50,yearly_2018.zip,0.8024337148,23.591551,23.671795,23.310699,23.671795,OK
20181126,4916,事欣科,89500,29.55,29.85,29.55,29.55,yearly_2018.zip,0.8024337148,23.711916,23.952646,23.711916,23.711916,OK
20181127,4916,事欣科,235900,29.90,30.25,29.85,30.00,yearly_2018.zip,0.8024337148,23.992768,24.273620,23.952646,24.073011,OK
20181128,4916,事欣科,250355,30.25,30.30,29.90,30.15,yearly_2018.zip,0.8024337148,24.273620,24.313742,23.992768,24.193377,OK
20181129,4916,事欣科,295051,30.25,30.80,30.25,30.35,yearly_2018.zip,0.8024337148,24.273620,24.714958,24.273620,24.353863,OK
20181130,4916,事欣科,163917,30.55,30.70,30.35,30.70,yearly_2018.zip,0.8024337148,24.514350,24.634715,24.353863,24.634715,OK
20181203,4916,事欣科,422801,31.00,31.70,31.00,31.45,yearly_2018.zip,0.8024337148,24.875445,25.437149,24.875445,25.236540,OK
20181204,4916,事欣科,208777,31.75,31.75,31.00,31.05,yearly_2018.zip,0.8024337148,25.477270,25.477270,24.875445,24.915567,OK
20181205,4916,事欣科,138395,30.25,30.70,30.25,30.45,yearly_2018.zip,0.8024337148,24.273620,24.634715,24.273620,24.434107,OK
20181206,4916,事欣科,285012,30.25,30.35,29.30,29.30,yearly_2018.zip,0.8024337148,24.273620,24.353863,23.511308,23.511308,OK
20181207,4916,事欣科,85200,29.35,29.75,29.35,29.75,yearly_2018.zip,0.8024337148,23.551430,23.872403,23.551430,23.872403,OK
20181210,4916,事欣科,106488,29.40,29.95,29.40,29.95,yearly_2018.zip,0.8024337148,23.591551,24.032890,23.591551,24.032890,OK
20181211,4916,事欣科,69751,30.00,30.25,30.00,30.10,yearly_2018.zip,0.8024337148,24.073011,24.273620,24.073011,24.153255,OK
20181212,4916,事欣科,105300,30.30,30.30,30.10,30.25,yearly_2018.zip,0.8024337148,24.313742,24.313742,24.153255,24.273620,OK
20181213,4916,事欣科,147200,30.25,30.50,30.20,30.30,yearly_2018.zip,0.8024337148,24.273620,24.474228,24.233498,24.313742,OK
20181214,4916,事欣科,63001,30.30,30.60,30.00,30.00,yearly_2018.zip,0.8024337148,24.313742,24.554472,24.073011,24.073011,OK
20181217,4916,事欣科,102150,30.00,30.50,29.65,29.65,yearly_2018.zip,0.8024337148,24.073011,24.474228,23.792160,23.792160,OK
20181218,4916,事欣科,92016,29.65,29.85,29.25,29.30,yearly_2018.zip,0.8024337148,23.792160,23.952646,23.471186,23.511308,OK
20181219,4916,事欣科,53512,29.70,29.70,29.20,29.20,yearly_2018.zip,0.8024337148,23.832281,23.832281,23.431064,23.431064,OK
20181220,4916,事欣科,144501,29.00,29.55,28.60,28.60,yearly_2018.zip,0.8024337148,23.270578,23.711916,22.949604,22.949604,OK
20181221,4916,事欣科,108197,29.20,29.20,28.35,28.70,yearly_2018.zip,0.8024337148,23.431064,23.431064,22.748996,23.029848,OK
20181222,4916,事欣科,49200,28.50,29.10,28.50,29.00,yearly_2018.zip,0.8024337148,22.869361,23.350821,22.869361,23.270578,OK
20181224,4916,事欣科,65200,29.10,29.50,28.95,29.30,yearly_2018.zip,0.8024337148,23.350821,23.671795,23.230456,23.511308,OK
20181225,4916,事欣科,62007,29.00,29.40,28.80,29.00,yearly_2018.zip,0.8024337148,23.270578,23.591551,23.110091,23.270578,OK
20181226,4916,事欣科,88400,29.40,29.40,28.50,28.50,yearly_2018.zip,0.8024337148,23.591551,23.591551,22.869361,22.869361,OK
20181227,4916,事欣科,155501,29.15,29.15,28.55,28.65,yearly_2018.zip,0.8024337148,23.390943,23.390943,22.909483,22.989726,OK
20181228,4916,事欣科,128600,28.55,29.35,28.55,29.20,yearly_2018.zip,0.8024337148,22.909483,23.551430,22.909483,23.431064,OK
20190102,4916,事欣科,44014,29.30,29.30,28.90,28.90,yearly_2019.zip,0.8024337148,23.511308,23.511308,23.190334,23.190334,OK
20190103,4916,事欣科,103100,28.90,28.95,28.65,28.75,yearly_2019.zip,0.8024337148,23.190334,23.230456,22.989726,23.069969,OK
20190104,4916,事欣科,168104,28.35,28.35,27.85,28.15,yearly_2019.zip,0.8024337148,22.748996,22.748996,22.347779,22.588509,OK
20190107,4916,事欣科,80200,28.45,28.60,28.20,28.45,yearly_2019.zip,0.8024337148,22.829239,22.949604,22.628631,22.829239,OK
20190108,4916,事欣科,71918,28.55,28.65,28.45,28.50,yearly_2019.zip,0.8024337148,22.909483,22.989726,22.829239,22.869361,OK
20190109,4916,事欣科,105206,28.90,29.00,28.60,29.00,yearly_2019.zip,0.8024337148,23.190334,23.270578,22.949604,23.270578,OK
20190110,4916,事欣科,1254460,30.30,30.95,29.90,30.40,yearly_2019.zip,0.8024337148,24.313742,24.835323,23.992768,24.393985,OK
20190111,4916,事欣科,266407,30.55,30.65,30.10,30.40,yearly_2019.zip,0.8024337148,24.514350,24.594593,24.153255,24.393985,OK
20190114,4916,事欣科,158077,30.65,30.70,30.35,30.60,yearly_2019.zip,0.8024337148,24.594593,24.634715,24.353863,24.554472,OK
20190115,4916,事欣科,268597,30.70,30.75,30.30,30.75,yearly_2019.zip,0.8024337148,24.634715,24.674837,24.313742,24.674837,OK
20190116,4916,事欣科,562166,30.80,31.65,30.55,31.60,yearly_2019.zip,0.8024337148,24.714958,25.397027,24.514350,25.356905,OK
20190117,4916,事欣科,807100,31.95,32.40,30.95,30.95,yearly_2019.zip,0.8024337148,25.637757,25.998852,24.835323,24.835323,OK
20190118,4916,事欣科,153835,31.30,31.55,31.00,31.20,yearly_2019.zip,0.8024337148,25.116175,25.316784,24.875445,25.035932,OK
20190121,4916,事欣科,140400,31.50,31.50,31.05,31.10,yearly_2019.zip,0.8024337148,25.276662,25.276662,24.915567,24.955689,OK
20190122,4916,事欣科,93012,30.90,31.30,30.75,30.80,yearly_2019.zip,0.8024337148,24.795202,25.116175,24.674837,24.714958,OK
20190123,4916,事欣科,82400,30.60,30.95,30.60,30.85,yearly_2019.zip,0.8024337148,24.554472,24.835323,24.554472,24.755080,OK
20190124,4916,事欣科,128800,30.85,31.25,30.85,31.05,yearly_2019.zip,0.8024337148,24.755080,25.076054,24.755080,24.915567,OK
20190125,4916,事欣科,157399,31.20,31.35,31.00,31.00,yearly_2019.zip,0.8024337148,25.035932,25.156297,24.875445,24.875445,OK
20190128,4916,事欣科,206134,31.15,31.45,31.15,31.25,yearly_2019.zip,0.8024337148,24.995810,25.236540,24.995810,25.076054,OK
20190129,4916,事欣科,237038,31.20,31.20,30.65,31.00,yearly_2019.zip,0.8024337148,25.035932,25.035932,24.594593,24.875445,OK
20190130,4916,事欣科,170411,31.30,31.30,31.00,31.20,yearly_2019.zip,0.8024337148,25.116175,25.116175,24.875445,25.035932,OK
20190211,4916,事欣科,225500,31.50,31.65,31.30,31.60,yearly_2019.zip,0.8024337148,25.276662,25.397027,25.116175,25.356905,OK
20190212,4916,事欣科,163137,31.55,31.70,31.35,31.65,yearly_2019.zip,0.8024337148,25.316784,25.437149,25.156297,25.397027,OK
20190213,4916,事欣科,569644,31.60,32.70,31.55,32.55,yearly_2019.zip,0.8024337148,25.356905,26.239582,25.316784,26.119217,OK
20190214,4916,事欣科,240301,32.30,32.30,31.90,31.90,yearly_2019.zip,0.8024337148,25.918609,25.918609,25.597636,25.597636,OK
20190215,4916,事欣科,204245,31.80,31.90,31.45,31.45,yearly_2019.zip,0.8024337148,25.517392,25.597636,25.236540,25.236540,OK
20190218,4916,事欣科,199660,31.45,31.45,31.20,31.30,yearly_2019.zip,0.8024337148,25.236540,25.236540,25.035932,25.116175,OK
20190219,4916,事欣科,106503,31.30,31.65,31.30,31.50,yearly_2019.zip,0.8024337148,25.116175,25.397027,25.116175,25.276662,OK
20190220,4916,事欣科,288148,31.70,32.15,31.70,31.85,yearly_2019.zip,0.8024337148,25.437149,25.798244,25.437149,25.557514,OK
20190221,4916,事欣科,118401,32.00,32.05,31.70,31.90,yearly_2019.zip,0.8024337148,25.677879,25.718001,25.437149,25.597636,OK
20190222,4916,事欣科,171353,32.00,32.00,31.50,31.50,yearly_2019.zip,0.8024337148,25.677879,25.677879,25.276662,25.276662,OK
20190225,4916,事欣科,227553,31.95,32.10,31.60,32.10,yearly_2019.zip,0.8024337148,25.637757,25.758122,25.356905,25.758122,OK
20190226,4916,事欣科,146700,32.20,32.45,31.85,31.90,yearly_2019.zip,0.8024337148,25.838366,26.038974,25.557514,25.597636,OK
20190227,4916,事欣科,200300,32.20,32.20,31.80,32.00,yearly_2019.zip,0.8024337148,25.838366,25.838366,25.517392,25.677879,OK
20190304,4916,事欣科,858445,32.10,32.80,32.00,32.60,yearly_2019.zip,0.8024337148,25.758122,26.319826,25.677879,26.159339,OK
20190305,4916,事欣科,208527,32.55,32.80,32.30,32.40,yearly_2019.zip,0.8024337148,26.119217,26.319826,25.918609,25.998852,OK
20190306,4916,事欣科,887578,32.85,33.60,32.75,32.90,yearly_2019.zip,0.8024337148,26.359948,26.961773,26.279704,26.400069,OK
20190307,4916,事欣科,1194147,32.40,33.45,32.40,32.75,yearly_2019.zip,0.8024337148,25.998852,26.841408,25.998852,26.279704,OK
20190308,4916,事欣科,468000,32.75,33.15,32.30,33.00,yearly_2019.zip,0.8024337148,26.279704,26.600678,25.918609,26.480313,OK
20190311,4916,事欣科,1293215,33.20,34.65,33.20,34.50,yearly_2019.zip,0.8024337148,26.640799,27.804328,26.640799,27.683963,OK
20190312,4916,事欣科,1715503,35.15,35.50,34.70,34.95,yearly_2019.zip,0.8024337148,28.205545,28.486397,27.844450,28.045058,OK
20190313,4916,事欣科,476976,35.05,35.20,34.45,34.70,yearly_2019.zip,0.8024337148,28.125302,28.245667,27.643841,27.844450,OK
20190314,4916,事欣科,757867,34.80,35.45,34.70,35.10,yearly_2019.zip,0.8024337148,27.924693,28.446275,27.844450,28.165423,OK
20190315,4916,事欣科,2944845,37.80,37.80,36.40,36.90,yearly_2019.zip,0.8024337148,30.331994,30.331994,29.208587,29.609804,OK
20190318,4916,事欣科,1027800,37.50,37.70,36.90,36.90,yearly_2019.zip,0.8024337148,30.091264,30.251751,29.609804,29.609804,OK
20190319,4916,事欣科,519634,37.20,37.20,36.20,36.60,yearly_2019.zip,0.8024337148,29.850534,29.850534,29.048100,29.369074,OK
20190320,4916,事欣科,732443,36.95,37.35,36.65,36.75,yearly_2019.zip,0.8024337148,29.649926,29.970899,29.409196,29.489439,OK
20190321,4916,事欣科,610440,37.00,37.15,36.75,36.80,yearly_2019.zip,0.8024337148,29.690047,29.810413,29.489439,29.529561,OK
20190322,4916,事欣科,727045,37.20,37.25,36.45,36.45,yearly_2019.zip,0.8024337148,29.850534,29.890656,29.248709,29.248709,OK
20190325,4916,事欣科,620402,36.45,36.45,35.60,35.75,yearly_2019.zip,0.8024337148,29.248709,29.248709,28.566640,28.687005,OK
20190326,4916,事欣科,414800,36.20,36.40,35.95,36.10,yearly_2019.zip,0.8024337148,29.048100,29.208587,28.847492,28.967857,OK
20190327,4916,事欣科,485353,36.30,36.60,36.10,36.35,yearly_2019.zip,0.8024337148,29.128344,29.369074,28.967857,29.168466,OK
20190328,4916,事欣科,561095,36.55,37.20,36.50,36.65,yearly_2019.zip,0.8024337148,29.328952,29.850534,29.288831,29.409196,OK
20190329,4916,事欣科,934062,36.80,37.60,36.70,37.20,yearly_2019.zip,0.8024337148,29.529561,30.171508,29.449317,29.850534,OK
20190401,4916,事欣科,543630,37.60,37.65,36.70,36.80,yearly_2019.zip,0.8024337148,30.171508,30.211629,29.449317,29.529561,OK
20190402,4916,事欣科,489228,36.80,37.00,36.30,36.50,yearly_2019.zip,0.8024337148,29.529561,29.690047,29.128344,29.288831,OK
20190403,4916,事欣科,242127,36.30,36.75,36.30,36.65,yearly_2019.zip,0.8024337148,29.128344,29.489439,29.128344,29.409196,OK
20190408,4916,事欣科,487785,36.90,37.20,36.75,37.15,yearly_2019.zip,0.8024337148,29.609804,29.850534,29.489439,29.810413,OK
20190409,4916,事欣科,395557,37.40,37.45,37.15,37.25,yearly_2019.zip,0.8024337148,30.011021,30.051143,29.810413,29.890656,OK
20190410,4916,事欣科,982201,36.90,36.90,36.15,36.20,yearly_2019.zip,0.8024337148,29.609804,29.609804,29.007979,29.048100,OK
20190411,4916,事欣科,682360,36.20,36.20,35.40,35.45,yearly_2019.zip,0.8024337148,29.048100,29.048100,28.406154,28.446275,OK
20190412,4916,事欣科,227760,35.70,36.05,35.55,35.90,yearly_2019.zip,0.8024337148,28.646884,28.927735,28.526519,28.807370,OK
20190415,4916,事欣科,634506,36.05,37.25,36.05,37.00,yearly_2019.zip,0.8024337148,28.927735,29.890656,28.927735,29.690047,OK
20190416,4916,事欣科,592611,37.00,37.00,36.20,36.60,yearly_2019.zip,0.8024337148,29.690047,29.690047,29.048100,29.369074,OK
20190417,4916,事欣科,2289591,39.00,39.00,37.50,37.60,yearly_2019.zip,0.8024337148,31.294915,31.294915,30.091264,30.171508,OK
20190418,4916,事欣科,1989134,37.60,38.30,37.00,37.00,yearly_2019.zip,0.8024337148,30.171508,30.733211,29.690047,29.690047,OK
20190419,4916,事欣科,382607,37.70,37.75,37.00,37.10,yearly_2019.zip,0.8024337148,30.251751,30.291873,29.690047,29.770291,OK
20190422,4916,事欣科,310257,37.10,37.55,37.10,37.15,yearly_2019.zip,0.8024337148,29.770291,30.131386,29.770291,29.810413,OK
20190423,4916,事欣科,702951,37.45,37.50,36.35,36.40,yearly_2019.zip,0.8024337148,30.051143,30.091264,29.168466,29.208587,OK
20190424,4916,事欣科,282501,36.40,36.80,36.35,36.45,yearly_2019.zip,0.8024337148,29.208587,29.529561,29.168466,29.248709,OK
20190425,4916,事欣科,199412,36.45,36.70,36.35,36.35,yearly_2019.zip,0.8024337148,29.248709,29.449317,29.168466,29.168466,OK
20190426,4916,事欣科,161163,36.35,36.40,36.05,36.35,yearly_2019.zip,0.8024337148,29.168466,29.208587,28.927735,29.168466,OK
20190429,4916,事欣科,217344,36.40,36.60,35.85,35.90,yearly_2019.zip,0.8024337148,29.208587,29.369074,28.767249,28.807370,OK
20190430,4916,事欣科,255700,35.90,36.40,35.70,36.40,yearly_2019.zip,0.8024337148,28.807370,29.208587,28.646884,29.208587,OK
20190502,4916,事欣科,501503,36.40,37.15,36.40,37.15,yearly_2019.zip,0.8024337148,29.208587,29.810413,29.208587,29.810413,OK
20190503,4916,事欣科,282000,37.20,37.25,37.00,37.15,yearly_2019.zip,0.8024337148,29.850534,29.890656,29.690047,29.810413,OK
20190506,4916,事欣科,738101,37.45,37.45,36.75,36.75,yearly_2019.zip,0.8024337148,30.051143,30.051143,29.489439,29.489439,OK
20190507,4916,事欣科,357002,36.95,37.15,36.80,37.10,yearly_2019.zip,0.8024337148,29.649926,29.810413,29.529561,29.770291,OK
20190508,4916,事欣科,371067,36.65,36.95,36.50,36.90,yearly_2019.zip,0.8024337148,29.409196,29.649926,29.288831,29.609804,OK
20190509,4916,事欣科,463857,36.70,36.70,35.75,35.75,yearly_2019.zip,0.8024337148,29.449317,29.449317,28.687005,28.687005,OK
20190510,4916,事欣科,443101,36.15,36.50,35.45,35.50,yearly_2019.zip,0.8024337148,29.007979,29.288831,28.446275,28.486397,OK
20190513,4916,事欣科,935136,35.80,36.10,35.15,35.70,yearly_2019.zip,0.8024337148,28.727127,28.967857,28.205545,28.646884,OK
20190514,4916,事欣科,763203,36.00,36.40,35.30,36.40,yearly_2019.zip,0.8024337148,28.887614,29.208587,28.325910,29.208587,OK
20190515,4916,事欣科,360303,36.55,36.85,36.30,36.50,yearly_2019.zip,0.8024337148,29.328952,29.569682,29.128344,29.288831,OK
20190516,4916,事欣科,364500,36.60,36.60,36.00,36.05,yearly_2019.zip,0.8024337148,29.369074,29.369074,28.887614,28.927735,OK
20190517,4916,事欣科,382300,36.20,36.20,35.20,35.35,yearly_2019.zip,0.8024337148,29.048100,29.048100,28.245667,28.366032,OK
20190520,4916,事欣科,346002,35.35,35.50,35.00,35.00,yearly_2019.zip,0.8024337148,28.366032,28.486397,28.085180,28.085180,OK
20190521,4916,事欣科,317054,35.00,35.80,35.00,35.80,yearly_2019.zip,0.8024337148,28.085180,28.727127,28.085180,28.727127,OK
20190522,4916,事欣科,286105,35.95,36.30,35.80,35.80,yearly_2019.zip,0.8024337148,28.847492,29.128344,28.727127,28.727127,OK
20190523,4916,事欣科,211401,35.80,35.90,35.55,35.90,yearly_2019.zip,0.8024337148,28.727127,28.807370,28.526519,28.807370,OK
20190524,4916,事欣科,132901,35.95,35.95,35.70,35.70,yearly_2019.zip,0.8024337148,28.847492,28.847492,28.646884,28.646884,OK
20190527,4916,事欣科,154200,35.90,36.30,35.85,35.90,yearly_2019.zip,0.8024337148,28.807370,29.128344,28.767249,28.807370,OK
20190528,4916,事欣科,90210,36.05,36.20,35.80,36.20,yearly_2019.zip,0.8024337148,28.927735,29.048100,28.727127,29.048100,OK
20190529,4916,事欣科,234202,36.00,36.15,35.75,35.90,yearly_2019.zip,0.8024337148,28.887614,29.007979,28.687005,28.807370,OK
20190530,4916,事欣科,656429,36.35,37.00,36.15,37.00,yearly_2019.zip,0.8024337148,29.168466,29.690047,29.007979,29.690047,OK
20190531,4916,事欣科,1479350,36.85,36.90,35.30,35.65,yearly_2019.zip,0.8024337148,29.569682,29.609804,28.325910,28.606762,OK
20190603,4916,事欣科,1351853,35.20,35.20,33.65,34.40,yearly_2019.zip,0.8024337148,28.245667,28.245667,27.001895,27.603720,OK
20190604,4916,事欣科,224100,34.40,34.65,34.20,34.50,yearly_2019.zip,0.8024337148,27.603720,27.804328,27.443233,27.683963,OK
20190605,4916,事欣科,375539,34.90,35.00,34.65,34.85,yearly_2019.zip,0.8024337148,28.004937,28.085180,27.804328,27.964815,OK
20190606,4916,事欣科,142268,34.70,34.80,34.50,34.55,yearly_2019.zip,0.8024337148,27.844450,27.924693,27.683963,27.724085,OK
20190610,4916,事欣科,480674,35.50,36.30,35.50,35.85,yearly_2019.zip,0.8024337148,28.486397,29.128344,28.486397,28.767249,OK
20190611,4916,事欣科,168139,35.85,35.85,35.50,35.55,yearly_2019.zip,0.8024337148,28.767249,28.767249,28.486397,28.526519,OK
20190612,4916,事欣科,116100,35.55,35.80,35.40,35.55,yearly_2019.zip,0.8024337148,28.526519,28.727127,28.406154,28.526519,OK
20190613,4916,事欣科,179603,35.60,35.75,35.40,35.40,yearly_2019.zip,0.8024337148,28.566640,28.687005,28.406154,28.406154,OK
20190614,4916,事欣科,99201,35.40,35.75,35.40,35.45,yearly_2019.zip,0.8024337148,28.406154,28.687005,28.406154,28.446275,OK
20190617,4916,事欣科,175370,35.75,36.00,35.55,35.90,yearly_2019.zip,0.8024337148,28.687005,28.887614,28.526519,28.807370,OK
20190618,4916,事欣科,110976,36.10,36.20,35.75,35.75,yearly_2019.zip,0.8024337148,28.967857,29.048100,28.687005,28.687005,OK
20190619,4916,事欣科,157201,36.15,36.20,35.85,36.00,yearly_2019.zip,0.8024337148,29.007979,29.048100,28.767249,28.887614,OK
20190620,4916,事欣科,282653,36.20,36.40,36.15,36.20,yearly_2019.zip,0.8024337148,29.048100,29.208587,29.007979,29.048100,OK
20190621,4916,事欣科,161317,36.20,36.45,36.10,36.10,yearly_2019.zip,0.8024337148,29.048100,29.248709,28.967857,28.967857,OK
20190624,4916,事欣科,112230,36.30,36.30,36.05,36.15,yearly_2019.zip,0.8024337148,29.128344,29.128344,28.927735,29.007979,OK
20190625,4916,事欣科,216762,36.15,36.15,35.75,35.85,yearly_2019.zip,0.8024337148,29.007979,29.007979,28.687005,28.767249,OK
20190626,4916,事欣科,93177,35.75,35.95,35.75,35.80,yearly_2019.zip,0.8024337148,28.687005,28.847492,28.687005,28.727127,OK
20190627,4916,事欣科,98369,35.75,36.15,35.75,35.90,yearly_2019.zip,0.8024337148,28.687005,29.007979,28.687005,28.807370,OK
20190628,4916,事欣科,197106,35.90,35.90,35.60,35.70,yearly_2019.zip,0.8024337148,28.807370,28.807370,28.566640,28.646884,OK
20190701,4916,事欣科,283503,36.00,36.15,35.85,36.05,yearly_2019.zip,0.8024337148,28.887614,29.007979,28.767249,28.927735,OK
20190702,4916,事欣科,359315,36.10,36.35,36.00,36.25,yearly_2019.zip,0.8024337148,28.967857,29.168466,28.887614,29.088222,OK
20190703,4916,事欣科,454200,36.35,36.35,36.10,36.15,yearly_2019.zip,0.8024337148,29.168466,29.168466,28.967857,29.007979,OK
20190704,4916,事欣科,424473,34.00,34.40,33.90,34.25,yearly_2019.zip,0.8615378316,29.292286,29.636901,29.206132,29.507671,OK
20190705,4916,事欣科,161754,34.50,34.50,34.15,34.25,yearly_2019.zip,0.8615378316,29.723055,29.723055,29.421517,29.507671,OK
20190708,4916,事欣科,231550,34.30,34.45,33.80,33.80,yearly_2019.zip,0.8615378316,29.550748,29.679978,29.119979,29.119979,OK
20190709,4916,事欣科,161200,33.70,34.05,33.60,33.80,yearly_2019.zip,0.8615378316,29.033825,29.335363,28.947671,29.119979,OK
20190710,4916,事欣科,154700,33.90,34.20,33.90,34.15,yearly_2019.zip,0.8615378316,29.206132,29.464594,29.206132,29.421517,OK
20190711,4916,事欣科,248880,34.15,34.20,33.95,34.05,yearly_2019.zip,0.8615378316,29.421517,29.464594,29.249209,29.335363,OK
20190712,4916,事欣科,120844,34.00,34.30,34.00,34.10,yearly_2019.zip,0.8615378316,29.292286,29.550748,29.292286,29.378440,OK
20190715,4916,事欣科,238366,33.80,34.10,33.80,34.00,yearly_2019.zip,0.8615378316,29.119979,29.378440,29.119979,29.292286,OK
20190716,4916,事欣科,152035,34.20,34.25,34.00,34.00,yearly_2019.zip,0.8615378316,29.464594,29.507671,29.292286,29.292286,OK
20190717,4916,事欣科,239298,34.00,34.20,34.00,34.05,yearly_2019.zip,0.8615378316,29.292286,29.464594,29.292286,29.335363,OK
20190718,4916,事欣科,130001,34.05,34.20,33.90,33.90,yearly_2019.zip,0.8615378316,29.335363,29.464594,29.206132,29.206132,OK
20190719,4916,事欣科,459300,33.90,34.50,33.90,34.20,yearly_2019.zip,0.8615378316,29.206132,29.723055,29.206132,29.464594,OK
20190722,4916,事欣科,219100,34.10,34.20,33.85,33.90,yearly_2019.zip,0.8615378316,29.378440,29.464594,29.163056,29.206132,OK
20190723,4916,事欣科,113000,34.00,34.00,33.80,33.85,yearly_2019.zip,0.8615378316,29.292286,29.292286,29.119979,29.163056,OK
20190724,4916,事欣科,221044,34.00,34.20,34.00,34.10,yearly_2019.zip,0.8615378316,29.292286,29.464594,29.292286,29.378440,OK
20190725,4916,事欣科,331507,34.10,34.60,34.10,34.50,yearly_2019.zip,0.8615378316,29.378440,29.809209,29.378440,29.723055,OK
20190726,4916,事欣科,221200,34.55,34.65,34.30,34.60,yearly_2019.zip,0.8615378316,29.766132,29.852286,29.550748,29.809209,OK
20190729,4916,事欣科,557410,35.20,35.20,34.85,35.05,yearly_2019.zip,0.8615378316,30.326132,30.326132,30.024593,30.196901,OK
20190730,4916,事欣科,297111,35.05,35.15,34.30,34.40,yearly_2019.zip,0.8615378316,30.196901,30.283055,29.550748,29.636901,OK
20190731,4916,事欣科,106034,34.30,34.60,34.20,34.40,yearly_2019.zip,0.8615378316,29.550748,29.809209,29.464594,29.636901,OK
20190801,4916,事欣科,179078,34.10,34.25,33.80,34.00,yearly_2019.zip,0.8615378316,29.378440,29.507671,29.119979,29.292286,OK
20190802,4916,事欣科,446001,33.70,33.70,33.00,33.00,yearly_2019.zip,0.8615378316,29.033825,29.033825,28.430748,28.430748,OK
20190805,4916,事欣科,178001,33.00,33.00,32.35,32.45,yearly_2019.zip,0.8615378316,28.430748,28.430748,27.870749,27.956903,OK
20190806,4916,事欣科,422304,30.00,31.85,30.00,31.65,yearly_2019.zip,0.8615378316,25.846135,27.439980,25.846135,27.267672,OK
20190807,4916,事欣科,163811,31.70,32.20,31.65,31.80,yearly_2019.zip,0.8615378316,27.310749,27.741518,27.267672,27.396903,OK
20190808,4916,事欣科,203502,31.75,33.00,31.70,32.80,yearly_2019.zip,0.8615378316,27.353826,28.430748,27.310749,28.258441,OK
20190812,4916,事欣科,159750,32.60,33.20,32.60,33.15,yearly_2019.zip,0.8615378316,28.086133,28.603056,28.086133,28.559979,OK
20190813,4916,事欣科,159617,33.15,33.15,32.70,32.90,yearly_2019.zip,0.8615378316,28.559979,28.559979,28.172287,28.344595,OK
20190814,4916,事欣科,477000,32.00,32.80,31.90,32.00,yearly_2019.zip,0.8615378316,27.569211,28.258441,27.483057,27.569211,OK
20190815,4916,事欣科,165003,31.50,31.75,31.15,31.60,yearly_2019.zip,0.8615378316,27.138442,27.353826,26.836903,27.224595,OK
20190816,4916,事欣科,107085,31.85,32.35,31.85,32.35,yearly_2019.zip,0.8615378316,27.439980,27.870749,27.439980,27.870749,OK
20190819,4916,事欣科,117100,32.30,32.95,32.30,32.35,yearly_2019.zip,0.8615378316,27.827672,28.387672,27.827672,27.870749,OK
20190820,4916,事欣科,144600,32.75,33.00,32.50,32.75,yearly_2019.zip,0.8615378316,28.215364,28.430748,27.999980,28.215364,OK
20190821,4916,事欣科,1064600,33.70,35.00,33.70,34.00,yearly_2019.zip,0.8615378316,29.033825,30.153824,29.033825,29.292286,OK
20190822,4916,事欣科,317450,34.15,34.40,33.35,33.55,yearly_2019.zip,0.8615378316,29.421517,29.636901,28.732287,28.904594,OK
20190823,4916,事欣科,317301,33.55,33.75,33.05,33.50,yearly_2019.zip,0.8615378316,28.904594,29.076902,28.473825,28.861517,OK
20190826,4916,事欣科,214087,33.30,33.30,32.80,32.90,yearly_2019.zip,0.8615378316,28.689210,28.689210,28.258441,28.344595,OK
20190827,4916,事欣科,158005,33.25,33.65,32.95,32.95,yearly_2019.zip,0.8615378316,28.646133,28.990748,28.387672,28.387672,OK
20190828,4916,事欣科,111606,33.15,33.20,32.80,33.00,yearly_2019.zip,0.8615378316,28.559979,28.603056,28.258441,28.430748,OK
20190829,4916,事欣科,120400,32.85,33.00,32.75,33.00,yearly_2019.zip,0.8615378316,28.301518,28.430748,28.215364,28.430748,OK
20190830,4916,事欣科,202519,33.05,33.30,32.95,33.05,yearly_2019.zip,0.8615378316,28.473825,28.689210,28.387672,28.473825,OK
20190902,4916,事欣科,166711,33.00,33.30,33.00,33.00,yearly_2019.zip,0.8615378316,28.430748,28.689210,28.430748,28.430748,OK
20190903,4916,事欣科,102223,33.15,33.20,32.80,33.10,yearly_2019.zip,0.8615378316,28.559979,28.603056,28.258441,28.516902,OK
20190904,4916,事欣科,150201,33.10,33.20,32.90,33.20,yearly_2019.zip,0.8615378316,28.516902,28.603056,28.344595,28.603056,OK
20190905,4916,事欣科,187618,33.30,33.35,33.15,33.25,yearly_2019.zip,0.8615378316,28.689210,28.732287,28.559979,28.646133,OK
20190906,4916,事欣科,176864,33.35,33.40,33.10,33.35,yearly_2019.zip,0.8615378316,28.732287,28.775364,28.516902,28.732287,OK
20190909,4916,事欣科,63101,33.45,33.45,33.05,33.05,yearly_2019.zip,0.8615378316,28.818440,28.818440,28.473825,28.473825,OK
20190910,4916,事欣科,103010,33.30,33.30,32.60,32.75,yearly_2019.zip,0.8615378316,28.689210,28.689210,28.086133,28.215364,OK
20190911,4916,事欣科,246222,32.85,33.65,32.85,33.50,yearly_2019.zip,0.8615378316,28.301518,28.990748,28.301518,28.861517,OK
20190912,4916,事欣科,119220,33.70,33.70,33.25,33.35,yearly_2019.zip,0.8615378316,29.033825,29.033825,28.646133,28.732287,OK
20190916,4916,事欣科,222004,33.35,33.35,32.70,32.80,yearly_2019.zip,0.8615378316,28.732287,28.732287,28.172287,28.258441,OK
20190917,4916,事欣科,78202,32.80,33.00,32.75,32.85,yearly_2019.zip,0.8615378316,28.258441,28.430748,28.215364,28.301518,OK
20190918,4916,事欣科,63683,33.00,33.30,33.00,33.10,yearly_2019.zip,0.8615378316,28.430748,28.689210,28.430748,28.516902,OK
20190919,4916,事欣科,93301,33.35,33.35,33.10,33.15,yearly_2019.zip,0.8615378316,28.732287,28.732287,28.516902,28.559979,OK
20190920,4916,事欣科,80100,33.15,33.25,33.00,33.05,yearly_2019.zip,0.8615378316,28.559979,28.646133,28.430748,28.473825,OK
20190923,4916,事欣科,111301,32.95,33.25,32.85,33.00,yearly_2019.zip,0.8615378316,28.387672,28.646133,28.301518,28.430748,OK
20190924,4916,事欣科,105200,33.00,33.15,32.90,33.10,yearly_2019.zip,0.8615378316,28.430748,28.559979,28.344595,28.516902,OK
20190925,4916,事欣科,1014102,33.15,33.80,32.85,33.60,yearly_2019.zip,0.8615378316,28.559979,29.119979,28.301518,28.947671,OK
20190926,4916,事欣科,232507,33.90,33.95,33.35,33.35,yearly_2019.zip,0.8615378316,29.206132,29.249209,28.732287,28.732287,OK
20190927,4916,事欣科,218001,33.40,33.40,32.80,32.85,yearly_2019.zip,0.8615378316,28.775364,28.775364,28.258441,28.301518,OK
20191001,4916,事欣科,67000,33.65,33.65,33.10,33.10,yearly_2019.zip,0.8615378316,28.990748,28.990748,28.516902,28.516902,OK
20191002,4916,事欣科,109676,32.85,33.30,32.85,33.30,yearly_2019.zip,0.8615378316,28.301518,28.689210,28.301518,28.689210,OK
20191003,4916,事欣科,133007,32.90,33.60,32.90,33.45,yearly_2019.zip,0.8615378316,28.344595,28.947671,28.344595,28.818440,OK
20191004,4916,事欣科,195700,33.70,33.75,33.25,33.65,yearly_2019.zip,0.8615378316,29.033825,29.076902,28.646133,28.990748,OK
20191007,4916,事欣科,918704,33.85,34.80,33.85,34.75,yearly_2019.zip,0.8615378316,29.163056,29.981517,29.163056,29.938440,OK
20191008,4916,事欣科,435480,35.45,35.45,34.25,34.35,yearly_2019.zip,0.8615378316,30.541516,30.541516,29.507671,29.593825,OK
20191009,4916,事欣科,918362,35.10,35.10,34.80,35.05,yearly_2019.zip,0.8615378316,30.239978,30.239978,29.981517,30.196901,OK
20191014,4916,事欣科,477518,35.25,35.75,34.85,35.00,yearly_2019.zip,0.8615378316,30.369209,30.799977,30.024593,30.153824,OK
20191015,4916,事欣科,394552,35.00,35.30,34.75,35.30,yearly_2019.zip,0.8615378316,30.153824,30.412285,29.938440,30.412285,OK
20191016,4916,事欣科,285490,35.35,35.50,35.15,35.20,yearly_2019.zip,0.8615378316,30.455362,30.584593,30.283055,30.326132,OK
20191017,4916,事欣科,248541,34.90,35.50,34.90,35.35,yearly_2019.zip,0.8615378316,30.067670,30.584593,30.067670,30.455362,OK
20191018,4916,事欣科,169356,35.35,35.50,35.15,35.40,yearly_2019.zip,0.8615378316,30.455362,30.584593,30.283055,30.498439,OK
20191021,4916,事欣科,259501,35.35,35.40,35.10,35.10,yearly_2019.zip,0.8615378316,30.455362,30.498439,30.239978,30.239978,OK
20191022,4916,事欣科,186351,35.25,35.30,34.80,34.90,yearly_2019.zip,0.8615378316,30.369209,30.412285,29.981517,30.067670,OK
20191023,4916,事欣科,236102,34.90,35.05,34.65,34.85,yearly_2019.zip,0.8615378316,30.067670,30.196901,29.852286,30.024593,OK
20191024,4916,事欣科,163783,34.90,35.05,34.70,34.85,yearly_2019.zip,0.8615378316,30.067670,30.196901,29.895363,30.024593,OK
20191025,4916,事欣科,211531,34.95,35.20,34.90,35.05,yearly_2019.zip,0.8615378316,30.110747,30.326132,30.067670,30.196901,OK
20191028,4916,事欣科,928690,35.15,36.20,35.15,35.90,yearly_2019.zip,0.8615378316,30.283055,31.187670,30.283055,30.929208,OK
20191029,4916,事欣科,416419,36.25,36.25,35.45,35.50,yearly_2019.zip,0.8615378316,31.230746,31.230746,30.541516,30.584593,OK
20191030,4916,事欣科,214024,35.45,35.70,35.35,35.65,yearly_2019.zip,0.8615378316,30.541516,30.756901,30.455362,30.713824,OK
20191031,4916,事欣科,345282,35.55,36.10,35.30,35.50,yearly_2019.zip,0.8615378316,30.627670,31.101516,30.412285,30.584593,OK
20191101,4916,事欣科,143406,35.50,35.70,35.35,35.65,yearly_2019.zip,0.8615378316,30.584593,30.756901,30.455362,30.713824,OK
20191104,4916,事欣科,560125,35.75,36.35,35.65,36.25,yearly_2019.zip,0.8615378316,30.799977,31.316900,30.713824,31.230746,OK
20191105,4916,事欣科,287500,36.35,36.40,35.85,35.95,yearly_2019.zip,0.8615378316,31.316900,31.359977,30.886131,30.972285,OK
20191106,4916,事欣科,326700,36.20,36.35,35.70,35.85,yearly_2019.zip,0.8615378316,31.187670,31.316900,30.756901,30.886131,OK
20191107,4916,事欣科,390452,36.05,36.30,35.85,36.25,yearly_2019.zip,0.8615378316,31.058439,31.273823,30.886131,31.230746,OK
20191108,4916,事欣科,321101,36.40,36.40,35.90,36.00,yearly_2019.zip,0.8615378316,31.359977,31.359977,30.929208,31.015362,OK
20191111,4916,事欣科,473048,36.10,36.10,35.10,35.35,yearly_2019.zip,0.8615378316,31.101516,31.101516,30.239978,30.455362,OK
20191112,4916,事欣科,730401,35.35,36.35,35.35,36.35,yearly_2019.zip,0.8615378316,30.455362,31.316900,30.455362,31.316900,OK
20191113,4916,事欣科,3143535,35.60,35.60,34.00,34.15,yearly_2019.zip,0.8615378316,30.670747,30.670747,29.292286,29.421517,OK
20191114,4916,事欣科,729449,34.50,34.50,33.50,33.80,yearly_2019.zip,0.8615378316,29.723055,29.723055,28.861517,29.119979,OK
20191115,4916,事欣科,429980,33.90,34.10,33.60,33.70,yearly_2019.zip,0.8615378316,29.206132,29.378440,28.947671,29.033825,OK
20191118,4916,事欣科,420001,34.05,34.05,33.45,33.80,yearly_2019.zip,0.8615378316,29.335363,29.335363,28.818440,29.119979,OK
20191119,4916,事欣科,568599,33.85,34.00,33.65,33.75,yearly_2019.zip,0.8615378316,29.163056,29.292286,28.990748,29.076902,OK
20191120,4916,事欣科,355501,33.90,33.90,33.60,33.75,yearly_2019.zip,0.8615378316,29.206132,29.206132,28.947671,29.076902,OK
20191121,4916,事欣科,341001,33.75,33.85,33.55,33.65,yearly_2019.zip,0.8615378316,29.076902,29.163056,28.904594,28.990748,OK
20191122,4916,事欣科,425800,33.55,33.80,33.40,33.40,yearly_2019.zip,0.8615378316,28.904594,29.119979,28.775364,28.775364,OK
20191125,4916,事欣科,296001,33.75,34.00,33.40,34.00,yearly_2019.zip,0.8615378316,29.076902,29.292286,28.775364,29.292286,OK
20191126,4916,事欣科,557568,34.15,34.45,34.10,34.20,yearly_2019.zip,0.8615378316,29.421517,29.679978,29.378440,29.464594,OK
20191127,4916,事欣科,701621,34.30,34.80,34.30,34.60,yearly_2019.zip,0.8615378316,29.550748,29.981517,29.550748,29.809209,OK
20191128,4916,事欣科,181409,34.80,34.80,34.25,34.35,yearly_2019.zip,0.8615378316,29.981517,29.981517,29.507671,29.593825,OK
20191129,4916,事欣科,239356,34.50,34.50,34.00,34.00,yearly_2019.zip,0.8615378316,29.723055,29.723055,29.292286,29.292286,OK
20191202,4916,事欣科,225128,34.00,34.05,33.70,33.75,yearly_2019.zip,0.8615378316,29.292286,29.335363,29.033825,29.076902,OK
20191203,4916,事欣科,137200,33.70,33.80,33.70,33.80,yearly_2019.zip,0.8615378316,29.033825,29.119979,29.033825,29.119979,OK
20191204,4916,事欣科,132300,33.95,33.95,33.60,33.65,yearly_2019.zip,0.8615378316,29.249209,29.249209,28.947671,28.990748,OK
20191205,4916,事欣科,195100,33.70,34.10,33.70,33.75,yearly_2019.zip,0.8615378316,29.033825,29.378440,29.033825,29.076902,OK
20191206,4916,事欣科,89829,33.80,33.95,33.75,33.90,yearly_2019.zip,0.8615378316,29.119979,29.249209,29.076902,29.206132,OK
20191209,4916,事欣科,180702,34.00,34.10,33.70,33.95,yearly_2019.zip,0.8615378316,29.292286,29.378440,29.033825,29.249209,OK
20191210,4916,事欣科,261290,34.20,34.20,33.95,34.10,yearly_2019.zip,0.8615378316,29.464594,29.464594,29.249209,29.378440,OK
20191211,4916,事欣科,253700,34.10,34.25,33.85,34.00,yearly_2019.zip,0.8615378316,29.378440,29.507671,29.163056,29.292286,OK
20191212,4916,事欣科,327731,34.10,34.10,33.80,33.80,yearly_2019.zip,0.8615378316,29.378440,29.378440,29.119979,29.119979,OK
20191213,4916,事欣科,543100,34.00,34.40,33.80,33.80,yearly_2019.zip,0.8615378316,29.292286,29.636901,29.119979,29.119979,OK
20191216,4916,事欣科,146303,34.00,34.05,33.75,33.85,yearly_2019.zip,0.8615378316,29.292286,29.335363,29.076902,29.163056,OK
20191217,4916,事欣科,280903,33.85,34.00,33.80,33.80,yearly_2019.zip,0.8615378316,29.163056,29.292286,29.119979,29.119979,OK
20191218,4916,事欣科,190250,34.00,34.00,33.75,33.90,yearly_2019.zip,0.8615378316,29.292286,29.292286,29.076902,29.206132,OK
20191219,4916,事欣科,191200,33.95,34.00,33.70,33.75,yearly_2019.zip,0.8615378316,29.249209,29.292286,29.033825,29.076902,OK
20191220,4916,事欣科,294915,33.80,34.20,33.70,34.15,yearly_2019.zip,0.8615378316,29.119979,29.464594,29.033825,29.421517,OK
20191223,4916,事欣科,548299,34.15,34.60,34.15,34.45,yearly_2019.zip,0.8615378316,29.421517,29.809209,29.421517,29.679978,OK
20191224,4916,事欣科,334209,34.55,34.65,34.15,34.25,yearly_2019.zip,0.8615378316,29.766132,29.852286,29.421517,29.507671,OK
20191225,4916,事欣科,102201,34.60,34.60,34.20,34.30,yearly_2019.zip,0.8615378316,29.809209,29.809209,29.464594,29.550748,OK
20191226,4916,事欣科,205407,34.40,34.45,33.90,34.05,yearly_2019.zip,0.8615378316,29.636901,29.679978,29.206132,29.335363,OK
20191227,4916,事欣科,234091,34.25,34.25,33.95,34.10,yearly_2019.zip,0.8615378316,29.507671,29.507671,29.249209,29.378440,OK
20191230,4916,事欣科,257706,34.05,34.15,33.85,33.85,yearly_2019.zip,0.8615378316,29.335363,29.421517,29.163056,29.163056,OK
20191231,4916,事欣科,165421,33.85,34.10,33.85,34.05,yearly_2019.zip,0.8615378316,29.163056,29.378440,29.163056,29.335363,OK
20200102,4916,事欣科,254232,34.10,34.40,34.10,34.30,yearly_2020.zip,0.8615378316,29.378440,29.636901,29.378440,29.550748,OK
20200103,4916,事欣科,319484,34.30,34.40,34.05,34.10,yearly_2020.zip,0.8615378316,29.550748,29.636901,29.335363,29.378440,OK
20200106,4916,事欣科,286529,33.95,34.00,33.55,33.55,yearly_2020.zip,0.8615378316,29.249209,29.292286,28.904594,28.904594,OK
20200107,4916,事欣科,363900,33.60,33.75,33.20,33.25,yearly_2020.zip,0.8615378316,28.947671,29.076902,28.603056,28.646133,OK
20200108,4916,事欣科,373004,33.25,33.25,32.30,32.35,yearly_2020.zip,0.8615378316,28.646133,28.646133,27.827672,27.870749,OK
20200109,4916,事欣科,107000,32.75,32.90,32.55,32.75,yearly_2020.zip,0.8615378316,28.215364,28.344595,28.043056,28.215364,OK
20200110,4916,事欣科,88602,33.15,33.15,32.75,32.90,yearly_2020.zip,0.8615378316,28.559979,28.559979,28.215364,28.344595,OK
20200113,4916,事欣科,228501,32.90,33.00,32.70,32.90,yearly_2020.zip,0.8615378316,28.344595,28.430748,28.172287,28.344595,OK
20200114,4916,事欣科,146250,32.70,33.15,32.70,33.00,yearly_2020.zip,0.8615378316,28.172287,28.559979,28.172287,28.430748,OK
20200115,4916,事欣科,128001,32.95,33.10,32.85,32.85,yearly_2020.zip,0.8615378316,28.387672,28.516902,28.301518,28.301518,OK
20200116,4916,事欣科,108502,32.95,33.00,32.80,32.90,yearly_2020.zip,0.8615378316,28.387672,28.430748,28.258441,28.344595,OK
20200117,4916,事欣科,165064,33.25,33.25,32.90,33.05,yearly_2020.zip,0.8615378316,28.646133,28.646133,28.344595,28.473825,OK
20200120,4916,事欣科,108100,33.10,33.15,32.90,32.95,yearly_2020.zip,0.8615378316,28.516902,28.559979,28.344595,28.387672,OK
20200130,4916,事欣科,556161,30.25,31.00,29.75,30.00,yearly_2020.zip,0.8615378316,26.061519,26.707673,25.630750,25.846135,OK
20200131,4916,事欣科,299302,29.80,30.40,29.75,30.30,yearly_2020.zip,0.8615378316,25.673827,26.190750,25.630750,26.104596,OK
20200203,4916,事欣科,473596,28.10,29.00,28.05,28.85,yearly_2020.zip,0.8615378316,24.209213,24.984597,24.166136,24.855366,OK
20200204,4916,事欣科,208001,28.90,29.55,28.90,29.40,yearly_2020.zip,0.8615378316,24.898443,25.458443,24.898443,25.329212,OK
20200205,4916,事欣科,392201,29.75,30.35,29.45,30.00,yearly_2020.zip,0.8615378316,25.630750,26.147673,25.372289,25.846135,OK
20200206,4916,事欣科,204007,30.35,30.55,30.30,30.45,yearly_2020.zip,0.8615378316,26.147673,26.319981,26.104596,26.233827,OK
20200207,4916,事欣科,227090,30.35,30.35,29.60,29.80,yearly_2020.zip,0.8615378316,26.147673,26.147673,25.501520,25.673827,OK
20200210,4916,事欣科,112900,29.50,29.70,29.30,29.55,yearly_2020.zip,0.8615378316,25.415366,25.587674,25.243058,25.458443,OK
20200211,4916,事欣科,318024,28.90,29.50,28.90,29.20,yearly_2020.zip,0.8615378316,24.898443,25.415366,24.898443,25.156905,OK
20200212,4916,事欣科,215301,29.30,29.60,29.25,29.55,yearly_2020.zip,0.8615378316,25.243058,25.501520,25.199982,25.458443,OK
20200213,4916,事欣科,219100,29.75,29.95,29.45,29.50,yearly_2020.zip,0.8615378316,25.630750,25.803058,25.372289,25.415366,OK
20200214,4916,事欣科,163101,29.35,29.65,29.35,29.60,yearly_2020.zip,0.8615378316,25.286135,25.544597,25.286135,25.501520,OK
20200217,4916,事欣科,191503,29.45,29.45,29.25,29.30,yearly_2020.zip,0.8615378316,25.372289,25.372289,25.199982,25.243058,OK
20200218,4916,事欣科,171899,29.30,29.30,29.00,29.20,yearly_2020.zip,0.8615378316,25.243058,25.243058,24.984597,25.156905,OK
20200219,4916,事欣科,203443,29.20,29.80,29.20,29.70,yearly_2020.zip,0.8615378316,25.156905,25.673827,25.156905,25.587674,OK
20200220,4916,事欣科,158816,29.90,29.90,29.45,29.65,yearly_2020.zip,0.8615378316,25.759981,25.759981,25.372289,25.544597,OK
20200221,4916,事欣科,117018,29.60,29.70,29.40,29.45,yearly_2020.zip,0.8615378316,25.501520,25.587674,25.329212,25.372289,OK
20200224,4916,事欣科,233039,29.30,29.40,29.10,29.20,yearly_2020.zip,0.8615378316,25.243058,25.329212,25.070751,25.156905,OK
20200225,4916,事欣科,147200,28.85,29.00,28.60,28.90,yearly_2020.zip,0.8615378316,24.855366,24.984597,24.639982,24.898443,OK
20200226,4916,事欣科,155400,28.80,29.35,28.55,28.85,yearly_2020.zip,0.8615378316,24.812290,25.286135,24.596905,24.855366,OK
20200227,4916,事欣科,275222,29.05,29.05,28.50,28.50,yearly_2020.zip,0.8615378316,25.027674,25.027674,24.553828,24.553828,OK
20200302,4916,事欣科,302408,28.10,28.75,27.90,28.20,yearly_2020.zip,0.8615378316,24.209213,24.769213,24.036906,24.295367,OK
20200303,4916,事欣科,199240,28.60,28.90,28.60,28.70,yearly_2020.zip,0.8615378316,24.639982,24.898443,24.639982,24.726136,OK
20200304,4916,事欣科,78278,28.90,28.90,28.50,28.55,yearly_2020.zip,0.8615378316,24.898443,24.898443,24.553828,24.596905,OK
20200305,4916,事欣科,246201,28.80,29.15,28.65,28.95,yearly_2020.zip,0.8615378316,24.812290,25.113828,24.683059,24.941520,OK
20200306,4916,事欣科,109017,28.95,28.95,28.65,28.80,yearly_2020.zip,0.8615378316,24.941520,24.941520,24.683059,24.812290,OK
20200309,4916,事欣科,2299709,29.50,30.70,29.25,29.70,yearly_2020.zip,0.8615378316,25.415366,26.449211,25.199982,25.587674,OK
20200310,4916,事欣科,749601,29.20,30.50,29.20,30.15,yearly_2020.zip,0.8615378316,25.156905,26.276904,25.156905,25.975366,OK
20200311,4916,事欣科,351310,30.35,30.45,29.50,29.70,yearly_2020.zip,0.8615378316,26.147673,26.233827,25.415366,25.587674,OK
20200312,4916,事欣科,516105,29.90,29.90,28.65,28.70,yearly_2020.zip,0.8615378316,25.759981,25.759981,24.683059,24.726136,OK
20200313,4916,事欣科,1679372,26.70,26.90,25.85,26.15,yearly_2020.zip,0.8615378316,23.003060,23.175368,22.270753,22.529214,OK
20200316,4916,事欣科,830322,26.60,26.65,24.85,25.10,yearly_2020.zip,0.8615378316,22.916906,22.959983,21.409215,21.624600,OK
20200317,4916,事欣科,740937,24.00,24.55,23.00,23.60,yearly_2020.zip,0.8615378316,20.676908,21.150754,19.815370,20.332293,OK
20200318,4916,事欣科,549015,23.10,23.60,22.65,22.65,yearly_2020.zip,0.8615378316,19.901524,20.332293,19.513832,19.513832,OK
20200319,4916,事欣科,1168186,21.00,22.15,20.40,20.40,yearly_2020.zip,0.8615378316,18.092294,19.083063,17.575372,17.575372,OK
20200320,4916,事欣科,542100,21.00,21.75,21.00,21.70,yearly_2020.zip,0.8615378316,18.092294,18.738448,18.092294,18.695371,OK
20200323,4916,事欣科,249905,21.00,21.25,20.70,20.90,yearly_2020.zip,0.8615378316,18.092294,18.307679,17.833833,18.006141,OK
20200324,4916,事欣科,363205,21.30,22.00,21.30,21.80,yearly_2020.zip,0.8615378316,18.350756,18.953832,18.350756,18.781525,OK
20200325,4916,事欣科,422201,22.80,23.25,22.60,23.00,yearly_2020.zip,0.8615378316,19.643063,20.030755,19.470755,19.815370,OK
20200326,4916,事欣科,255119,23.20,23.60,22.60,23.60,yearly_2020.zip,0.8615378316,19.987678,20.332293,19.470755,20.332293,OK
20200327,4916,事欣科,441422,24.20,24.50,23.45,23.70,yearly_2020.zip,0.8615378316,20.849216,21.107677,20.203062,20.418447,OK
20200330,4916,事欣科,435046,23.10,23.75,22.20,23.75,yearly_2020.zip,0.8615378316,19.901524,20.461524,19.126140,20.461524,OK
20200331,4916,事欣科,503000,24.15,24.50,23.80,24.00,yearly_2020.zip,0.8615378316,20.806139,21.107677,20.504600,20.676908,OK
20200401,4916,事欣科,424100,24.10,24.90,24.00,24.55,yearly_2020.zip,0.8615378316,20.763062,21.452292,20.676908,21.150754,OK
20200406,4916,事欣科,375211,24.90,24.90,24.10,24.50,yearly_2020.zip,0.8615378316,21.452292,21.452292,20.763062,21.107677,OK
20200407,4916,事欣科,397010,24.75,25.05,24.65,24.80,yearly_2020.zip,0.8615378316,21.323061,21.581523,21.236908,21.366138,OK
20200408,4916,事欣科,484011,24.85,25.50,24.70,25.50,yearly_2020.zip,0.8615378316,21.409215,21.969215,21.279984,21.969215,OK
20200409,4916,事欣科,404006,25.85,26.10,25.45,25.75,yearly_2020.zip,0.8615378316,22.270753,22.486137,21.926138,22.184599,OK
20200410,4916,事欣科,346296,25.95,25.95,25.30,25.60,yearly_2020.zip,0.8615378316,22.356907,22.356907,21.796907,22.055368,OK
20200413,4916,事欣科,215200,25.75,25.75,25.30,25.55,yearly_2020.zip,0.8615378316,22.184599,22.184599,21.796907,22.012292,OK
20200414,4916,事欣科,401301,25.60,26.05,25.60,26.00,yearly_2020.zip,0.8615378316,22.055368,22.443061,22.055368,22.399984,OK
20200415,4916,事欣科,1767600,26.85,27.35,26.40,26.50,yearly_2020.zip,0.8615378316,23.132291,23.563060,22.744599,22.830753,OK
20200416,4916,事欣科,484223,26.30,26.70,26.10,26.60,yearly_2020.zip,0.8615378316,22.658445,23.003060,22.486137,22.916906,OK
20200417,4916,事欣科,737400,26.85,27.00,26.40,26.45,yearly_2020.zip,0.8615378316,23.132291,23.261521,22.744599,22.787676,OK
20200420,4916,事欣科,388101,26.60,26.75,26.25,26.70,yearly_2020.zip,0.8615378316,22.916906,23.046137,22.615368,23.003060,OK
20200421,4916,事欣科,619002,26.55,26.70,26.00,26.00,yearly_2020.zip,0.8615378316,22.873829,23.003060,22.399984,22.399984,OK
20200422,4916,事欣科,300537,25.80,26.40,25.30,26.20,yearly_2020.zip,0.8615378316,22.227676,22.744599,21.796907,22.572291,OK
20200423,4916,事欣科,247138,26.50,26.80,26.20,26.30,yearly_2020.zip,0.8615378316,22.830753,23.089214,22.572291,22.658445,OK
20200424,4916,事欣科,232300,26.30,26.40,26.10,26.20,yearly_2020.zip,0.8615378316,22.658445,22.744599,22.486137,22.572291,OK
20200427,4916,事欣科,522101,26.30,26.80,26.20,26.60,yearly_2020.zip,0.8615378316,22.658445,23.089214,22.572291,22.916906,OK
20200428,4916,事欣科,302101,26.95,26.95,26.65,26.70,yearly_2020.zip,0.8615378316,23.218445,23.218445,22.959983,23.003060,OK
20200429,4916,事欣科,397100,26.70,26.90,26.70,26.80,yearly_2020.zip,0.8615378316,23.003060,23.175368,23.003060,23.089214,OK
20200430,4916,事欣科,643294,26.95,27.10,26.85,27.10,yearly_2020.zip,0.8615378316,23.218445,23.347675,23.132291,23.347675,OK
20200504,4916,事欣科,429245,26.65,26.75,26.50,26.65,yearly_2020.zip,0.8615378316,22.959983,23.046137,22.830753,22.959983,OK
20200505,4916,事欣科,258301,26.70,26.95,26.65,26.80,yearly_2020.zip,0.8615378316,23.003060,23.218445,22.959983,23.089214,OK
20200506,4916,事欣科,518101,26.90,27.35,26.80,27.15,yearly_2020.zip,0.8615378316,23.175368,23.563060,23.089214,23.390752,OK
20200507,4916,事欣科,407672,27.15,27.20,26.80,27.20,yearly_2020.zip,0.8615378316,23.390752,23.433829,23.089214,23.433829,OK
20200508,4916,事欣科,479802,27.30,27.55,27.15,27.20,yearly_2020.zip,0.8615378316,23.519983,23.735367,23.390752,23.433829,OK
20200511,4916,事欣科,658301,26.95,26.95,26.75,26.85,yearly_2020.zip,0.8615378316,23.218445,23.218445,23.046137,23.132291,OK
20200512,4916,事欣科,368801,26.85,26.85,26.50,26.60,yearly_2020.zip,0.8615378316,23.132291,23.132291,22.830753,22.916906,OK
20200513,4916,事欣科,450400,26.35,26.90,26.15,26.80,yearly_2020.zip,0.8615378316,22.701522,23.175368,22.529214,23.089214,OK
20200514,4916,事欣科,291966,26.80,26.80,26.35,26.50,yearly_2020.zip,0.8615378316,23.089214,23.089214,22.701522,22.830753,OK
20200515,4916,事欣科,386720,26.60,26.60,26.00,26.30,yearly_2020.zip,0.8615378316,22.916906,22.916906,22.399984,22.658445,OK
20200518,4916,事欣科,161200,26.20,26.35,26.10,26.15,yearly_2020.zip,0.8615378316,22.572291,22.701522,22.486137,22.529214,OK
20200519,4916,事欣科,339617,26.30,26.70,26.30,26.50,yearly_2020.zip,0.8615378316,22.658445,23.003060,22.658445,22.830753,OK
20200520,4916,事欣科,159000,26.80,26.80,26.55,26.70,yearly_2020.zip,0.8615378316,23.089214,23.089214,22.873829,23.003060,OK
20200521,4916,事欣科,591300,26.95,27.25,26.80,27.05,yearly_2020.zip,0.8615378316,23.218445,23.476906,23.089214,23.304598,OK
20200522,4916,事欣科,403100,27.00,27.05,26.60,26.70,yearly_2020.zip,0.8615378316,23.261521,23.304598,22.916906,23.003060,OK
20200525,4916,事欣科,193830,26.70,27.00,26.50,26.85,yearly_2020.zip,0.8615378316,23.003060,23.261521,22.830753,23.132291,OK
20200526,4916,事欣科,232101,27.00,27.20,26.90,26.95,yearly_2020.zip,0.8615378316,23.261521,23.433829,23.175368,23.218445,OK
20200527,4916,事欣科,1937259,27.00,28.70,27.00,28.30,yearly_2020.zip,0.8615378316,23.261521,24.726136,23.261521,24.381521,OK
20200528,4916,事欣科,1144610,28.70,28.70,27.20,27.25,yearly_2020.zip,0.8615378316,24.726136,24.726136,23.433829,23.476906,OK
20200529,4916,事欣科,310003,27.30,27.45,27.05,27.30,yearly_2020.zip,0.8615378316,23.519983,23.649213,23.304598,23.519983,OK
20200601,4916,事欣科,207801,27.45,27.65,27.30,27.55,yearly_2020.zip,0.8615378316,23.649213,23.821521,23.519983,23.735367,OK
20200602,4916,事欣科,310353,27.55,27.85,27.55,27.65,yearly_2020.zip,0.8615378316,23.735367,23.993829,23.735367,23.821521,OK
20200603,4916,事欣科,499250,27.95,28.10,27.80,27.90,yearly_2020.zip,0.8615378316,24.079982,24.209213,23.950752,24.036906,OK
20200604,4916,事欣科,514500,28.15,28.25,27.90,28.05,yearly_2020.zip,0.8615378316,24.252290,24.338444,24.036906,24.166136,OK
20200605,4916,事欣科,730800,28.05,28.55,28.05,28.55,yearly_2020.zip,0.8615378316,24.166136,24.596905,24.166136,24.596905,OK
20200608,4916,事欣科,969607,28.90,29.05,28.40,28.55,yearly_2020.zip,0.8615378316,24.898443,25.027674,24.467674,24.596905,OK
20200609,4916,事欣科,318403,28.60,28.60,28.20,28.40,yearly_2020.zip,0.8615378316,24.639982,24.639982,24.295367,24.467674,OK
20200610,4916,事欣科,315253,28.40,28.40,28.10,28.25,yearly_2020.zip,0.8615378316,24.467674,24.467674,24.209213,24.338444,OK
20200611,4916,事欣科,834451,28.15,28.15,27.25,27.25,yearly_2020.zip,0.8615378316,24.252290,24.252290,23.476906,23.476906,OK
20200612,4916,事欣科,419250,26.70,27.10,26.20,27.00,yearly_2020.zip,0.8615378316,23.003060,23.347675,22.572291,23.261521,OK
20200615,4916,事欣科,187504,27.00,27.35,27.00,27.15,yearly_2020.zip,0.8615378316,23.261521,23.563060,23.261521,23.390752,OK
20200616,4916,事欣科,203128,27.35,27.70,27.25,27.70,yearly_2020.zip,0.8615378316,23.563060,23.864598,23.476906,23.864598,OK
20200617,4916,事欣科,166040,27.80,27.95,27.60,27.85,yearly_2020.zip,0.8615378316,23.950752,24.079982,23.778444,23.993829,OK
20200618,4916,事欣科,190401,27.85,28.00,27.85,27.90,yearly_2020.zip,0.8615378316,23.993829,24.123059,23.993829,24.036906,OK
20200619,4916,事欣科,260700,27.95,28.30,27.95,28.05,yearly_2020.zip,0.8615378316,24.079982,24.381521,24.079982,24.166136,OK
20200622,4916,事欣科,352049,28.25,28.30,27.95,28.05,yearly_2020.zip,0.8615378316,24.338444,24.381521,24.079982,24.166136,OK
20200623,4916,事欣科,258202,28.45,28.45,27.80,27.85,yearly_2020.zip,0.8615378316,24.510751,24.510751,23.950752,23.993829,OK
20200624,4916,事欣科,346318,27.90,28.00,27.75,28.00,yearly_2020.zip,0.8615378316,24.036906,24.123059,23.907675,24.123059,OK
20200629,4916,事欣科,241201,28.00,28.00,27.60,27.80,yearly_2020.zip,0.8615378316,24.123059,24.123059,23.778444,23.950752,OK
20200630,4916,事欣科,478759,28.05,28.10,27.95,28.10,yearly_2020.zip,0.8615378316,24.166136,24.209213,24.079982,24.209213,OK
20200701,4916,事欣科,823501,28.10,28.30,28.00,28.25,yearly_2020.zip,0.8615378316,24.209213,24.381521,24.123059,24.338444,OK
20200702,4916,事欣科,522700,26.30,26.50,26.25,26.35,yearly_2020.zip,0.9271788093,24.384803,24.570238,24.338444,24.431162,OK
20200703,4916,事欣科,512100,26.45,26.45,25.95,25.95,yearly_2020.zip,0.9271788093,24.523880,24.523880,24.060290,24.060290,OK
20200706,4916,事欣科,542878,25.95,26.00,25.65,25.80,yearly_2020.zip,0.9271788093,24.060290,24.106649,23.782136,23.921213,OK
20200707,4916,事欣科,588551,25.90,25.90,24.25,25.20,yearly_2020.zip,0.9271788093,24.013931,24.013931,22.484086,23.364906,OK
20200708,4916,事欣科,553901,25.20,25.20,24.80,25.00,yearly_2020.zip,0.9271788093,23.364906,23.364906,22.994034,23.179470,OK
20200709,4916,事欣科,626100,25.05,25.85,25.00,25.55,yearly_2020.zip,0.9271788093,23.225829,23.967572,23.179470,23.689419,OK
20200710,4916,事欣科,815024,25.10,25.15,24.50,24.65,yearly_2020.zip,0.9271788093,23.272188,23.318547,22.715881,22.854958,OK
20200713,4916,事欣科,374522,24.75,24.85,24.15,24.25,yearly_2020.zip,0.9271788093,22.947676,23.040393,22.391368,22.484086,OK
20200714,4916,事欣科,313300,24.20,24.25,24.00,24.05,yearly_2020.zip,0.9271788093,22.437727,22.484086,22.252291,22.298650,OK
20200715,4916,事欣科,251500,24.40,24.40,24.15,24.30,yearly_2020.zip,0.9271788093,22.623163,22.623163,22.391368,22.530445,OK
20200716,4916,事欣科,157632,24.45,24.50,24.25,24.30,yearly_2020.zip,0.9271788093,22.669522,22.715881,22.484086,22.530445,OK
20200717,4916,事欣科,160900,24.35,24.40,24.15,24.20,yearly_2020.zip,0.9271788093,22.576804,22.623163,22.391368,22.437727,OK
20200720,4916,事欣科,261335,24.10,24.15,23.80,23.80,yearly_2020.zip,0.9271788093,22.345009,22.391368,22.066856,22.066856,OK
20200721,4916,事欣科,141500,23.90,24.15,23.85,23.85,yearly_2020.zip,0.9271788093,22.159574,22.391368,22.113215,22.113215,OK
20200722,4916,事欣科,110607,24.10,24.10,23.90,23.90,yearly_2020.zip,0.9271788093,22.345009,22.345009,22.159574,22.159574,OK
20200723,4916,事欣科,96001,23.90,24.10,23.90,24.10,yearly_2020.zip,0.9271788093,22.159574,22.345009,22.159574,22.345009,OK
20200724,4916,事欣科,180300,24.10,24.10,23.55,23.70,yearly_2020.zip,0.9271788093,22.345009,22.345009,21.835061,21.974138,OK
20200727,4916,事欣科,271500,23.65,23.65,22.50,22.65,yearly_2020.zip,0.9271788093,21.927779,21.927779,20.861523,21.000600,OK
20200728,4916,事欣科,480200,22.60,22.60,21.90,22.30,yearly_2020.zip,0.9271788093,20.954241,20.954241,20.305216,20.676087,OK
20200729,4916,事欣科,498775,22.00,23.20,22.00,23.20,yearly_2020.zip,0.9271788093,20.397934,21.510548,20.397934,21.510548,OK
20200730,4916,事欣科,297906,23.30,23.70,23.10,23.50,yearly_2020.zip,0.9271788093,21.603266,21.974138,21.417830,21.788702,OK
20200731,4916,事欣科,64295,23.80,23.80,23.25,23.55,yearly_2020.zip,0.9271788093,22.066856,22.066856,21.556907,21.835061,OK
20200803,4916,事欣科,194200,23.40,23.60,22.80,23.10,yearly_2020.zip,0.9271788093,21.695984,21.881420,21.139677,21.417830,OK
20200804,4916,事欣科,250100,23.20,23.75,23.00,23.10,yearly_2020.zip,0.9271788093,21.510548,22.020497,21.325113,21.417830,OK
20200805,4916,事欣科,185500,23.10,23.20,22.85,22.90,yearly_2020.zip,0.9271788093,21.417830,21.510548,21.186036,21.232395,OK
20200806,4916,事欣科,300100,23.00,23.10,22.70,22.80,yearly_2020.zip,0.9271788093,21.325113,21.417830,21.046959,21.139677,OK
20200807,4916,事欣科,351400,22.80,22.90,22.45,22.50,yearly_2020.zip,0.9271788093,21.139677,21.232395,20.815164,20.861523,OK
20200810,4916,事欣科,1084140,21.90,21.90,20.95,21.20,yearly_2020.zip,0.9271788093,20.305216,20.305216,19.424396,19.656191,OK
20200811,4916,事欣科,533000,20.95,21.05,20.55,20.85,yearly_2020.zip,0.9271788093,19.424396,19.517114,19.053525,19.331678,OK
20200812,4916,事欣科,203206,20.90,21.30,20.90,21.10,yearly_2020.zip,0.9271788093,19.378037,19.748909,19.378037,19.563473,OK
20200813,4916,事欣科,278500,21.15,21.25,20.75,20.80,yearly_2020.zip,0.9271788093,19.609832,19.702550,19.238960,19.285319,OK
20200814,4916,事欣科,183801,20.55,21.05,20.55,21.00,yearly_2020.zip,0.9271788093,19.053525,19.517114,19.053525,19.470755,OK
20200817,4916,事欣科,169900,21.00,21.25,20.80,21.20,yearly_2020.zip,0.9271788093,19.470755,19.702550,19.285319,19.656191,OK
20200818,4916,事欣科,504800,21.60,22.25,21.35,22.25,yearly_2020.zip,0.9271788093,20.027062,20.629729,19.795268,20.629729,OK
20200819,4916,事欣科,300200,22.40,22.60,21.60,21.85,yearly_2020.zip,0.9271788093,20.768805,20.954241,20.027062,20.258857,OK
20200820,4916,事欣科,388101,21.85,21.85,20.55,20.90,yearly_2020.zip,0.9271788093,20.258857,20.258857,19.053525,19.378037,OK
20200821,4916,事欣科,178641,21.00,21.50,20.95,21.20,yearly_2020.zip,0.9271788093,19.470755,19.934344,19.424396,19.656191,OK
20200824,4916,事欣科,149330,21.30,21.30,20.80,20.85,yearly_2020.zip,0.9271788093,19.748909,19.748909,19.285319,19.331678,OK
20200825,4916,事欣科,102300,20.85,21.25,20.85,21.15,yearly_2020.zip,0.9271788093,19.331678,19.702550,19.331678,19.609832,OK
20200826,4916,事欣科,159202,21.20,21.60,21.20,21.50,yearly_2020.zip,0.9271788093,19.656191,20.027062,19.656191,19.934344,OK
20200827,4916,事欣科,125501,21.60,21.70,21.20,21.20,yearly_2020.zip,0.9271788093,20.027062,20.119780,19.656191,19.656191,OK
20200828,4916,事欣科,52001,21.25,21.30,21.15,21.30,yearly_2020.zip,0.9271788093,19.702550,19.748909,19.609832,19.748909,OK
20200831,4916,事欣科,216301,21.30,22.10,21.30,21.80,yearly_2020.zip,0.9271788093,19.748909,20.490652,19.748909,20.212498,OK
20200901,4916,事欣科,131304,21.90,22.10,21.80,21.85,yearly_2020.zip,0.9271788093,20.305216,20.490652,20.212498,20.258857,OK
20200902,4916,事欣科,136100,21.90,22.20,21.60,21.70,yearly_2020.zip,0.9271788093,20.305216,20.583370,20.027062,20.119780,OK
20200903,4916,事欣科,204300,21.75,21.85,21.60,21.60,yearly_2020.zip,0.9271788093,20.166139,20.258857,20.027062,20.027062,OK
20200904,4916,事欣科,161601,21.50,21.80,21.30,21.60,yearly_2020.zip,0.9271788093,19.934344,20.212498,19.748909,20.027062,OK
20200907,4916,事欣科,149101,21.65,21.90,21.40,21.55,yearly_2020.zip,0.9271788093,20.073421,20.305216,19.841627,19.980703,OK
20200908,4916,事欣科,137502,21.60,21.75,21.50,21.60,yearly_2020.zip,0.9271788093,20.027062,20.166139,19.934344,20.027062,OK
20200909,4916,事欣科,115201,21.50,21.55,21.35,21.50,yearly_2020.zip,0.9271788093,19.934344,19.980703,19.795268,19.934344,OK
20200910,4916,事欣科,149101,21.50,21.70,21.40,21.45,yearly_2020.zip,0.9271788093,19.934344,20.119780,19.841627,19.887985,OK
20200911,4916,事欣科,206001,21.40,21.40,20.95,21.00,yearly_2020.zip,0.9271788093,19.841627,19.841627,19.424396,19.470755,OK
20200914,4916,事欣科,141201,21.00,21.20,21.00,21.10,yearly_2020.zip,0.9271788093,19.470755,19.656191,19.470755,19.563473,OK
20200915,4916,事欣科,119620,21.25,21.25,21.00,21.05,yearly_2020.zip,0.9271788093,19.702550,19.702550,19.470755,19.517114,OK
20200916,4916,事欣科,91202,21.00,21.20,21.00,21.05,yearly_2020.zip,0.9271788093,19.470755,19.656191,19.470755,19.517114,OK
20200917,4916,事欣科,62101,21.00,21.25,21.00,21.20,yearly_2020.zip,0.9271788093,19.470755,19.702550,19.470755,19.656191,OK
20200918,4916,事欣科,114200,21.20,21.40,21.20,21.30,yearly_2020.zip,0.9271788093,19.656191,19.841627,19.656191,19.748909,OK
20200921,4916,事欣科,199300,21.50,21.50,21.20,21.20,yearly_2020.zip,0.9271788093,19.934344,19.934344,19.656191,19.656191,OK
20200922,4916,事欣科,132092,21.15,21.20,20.90,21.00,yearly_2020.zip,0.9271788093,19.609832,19.656191,19.378037,19.470755,OK
20200923,4916,事欣科,103097,21.10,21.10,20.80,20.80,yearly_2020.zip,0.9271788093,19.563473,19.563473,19.285319,19.285319,OK
20200924,4916,事欣科,200769,20.80,20.80,20.35,20.45,yearly_2020.zip,0.9271788093,19.285319,19.285319,18.868089,18.960807,OK
20200925,4916,事欣科,164536,20.40,20.50,20.05,20.15,yearly_2020.zip,0.9271788093,18.914448,19.007166,18.589935,18.682653,OK
20200928,4916,事欣科,55305,20.15,20.40,20.15,20.20,yearly_2020.zip,0.9271788093,18.682653,18.914448,18.682653,18.729012,OK
20200929,4916,事欣科,53200,20.55,20.55,20.15,20.20,yearly_2020.zip,0.9271788093,19.053525,19.053525,18.682653,18.729012,OK
20200930,4916,事欣科,17002,20.25,20.50,20.25,20.30,yearly_2020.zip,0.9271788093,18.775371,19.007166,18.775371,18.821730,OK
20201005,4916,事欣科,85002,20.30,20.30,20.15,20.20,yearly_2020.zip,0.9271788093,18.821730,18.821730,18.682653,18.729012,OK
20201006,4916,事欣科,137101,20.20,20.25,20.10,20.15,yearly_2020.zip,0.9271788093,18.729012,18.775371,18.636294,18.682653,OK
20201007,4916,事欣科,126497,20.15,20.15,20.05,20.15,yearly_2020.zip,0.9271788093,18.682653,18.682653,18.589935,18.682653,OK
20201008,4916,事欣科,94400,20.20,20.50,20.20,20.30,yearly_2020.zip,0.9271788093,18.729012,19.007166,18.729012,18.821730,OK
20201012,4916,事欣科,194002,20.70,20.85,20.40,20.80,yearly_2020.zip,0.9271788093,19.192601,19.331678,18.914448,19.285319,OK
20201013,4916,事欣科,332152,21.10,21.70,20.80,21.70,yearly_2020.zip,0.9271788093,19.563473,20.119780,19.285319,20.119780,OK
20201014,4916,事欣科,289200,21.95,22.00,21.50,21.75,yearly_2020.zip,0.9271788093,20.351575,20.397934,19.934344,20.166139,OK
20201015,4916,事欣科,141200,21.70,21.75,21.25,21.45,yearly_2020.zip,0.9271788093,20.119780,20.166139,19.702550,19.887985,OK
20201016,4916,事欣科,87100,21.45,21.50,21.20,21.20,yearly_2020.zip,0.9271788093,19.887985,19.934344,19.656191,19.656191,OK
20201019,4916,事欣科,59955,21.25,21.35,21.10,21.35,yearly_2020.zip,0.9271788093,19.702550,19.795268,19.563473,19.795268,OK
20201020,4916,事欣科,47300,21.35,21.45,21.30,21.40,yearly_2020.zip,0.9271788093,19.795268,19.887985,19.748909,19.841627,OK
20201021,4916,事欣科,65002,21.40,21.40,21.10,21.30,yearly_2020.zip,0.9271788093,19.841627,19.841627,19.563473,19.748909,OK
20201022,4916,事欣科,53300,21.30,21.30,21.05,21.05,yearly_2020.zip,0.9271788093,19.748909,19.748909,19.517114,19.517114,OK
20201023,4916,事欣科,64564,21.15,21.20,20.90,21.05,yearly_2020.zip,0.9271788093,19.609832,19.656191,19.378037,19.517114,OK
20201026,4916,事欣科,120010,21.40,21.45,20.90,21.10,yearly_2020.zip,0.9271788093,19.841627,19.887985,19.378037,19.563473,OK
20201027,4916,事欣科,128148,21.10,21.40,21.05,21.30,yearly_2020.zip,0.9271788093,19.563473,19.841627,19.517114,19.748909,OK
20201028,4916,事欣科,200078,21.30,21.75,21.30,21.60,yearly_2020.zip,0.9271788093,19.748909,20.166139,19.748909,20.027062,OK
20201029,4916,事欣科,112641,21.50,21.50,20.85,21.35,yearly_2020.zip,0.9271788093,19.934344,19.934344,19.331678,19.795268,OK
20201030,4916,事欣科,94008,21.35,21.40,21.00,21.00,yearly_2020.zip,0.9271788093,19.795268,19.841627,19.470755,19.470755,OK
20201102,4916,事欣科,82007,21.35,21.35,20.90,21.00,yearly_2020.zip,0.9271788093,19.795268,19.795268,19.378037,19.470755,OK
20201103,4916,事欣科,99100,21.35,21.35,21.15,21.25,yearly_2020.zip,0.9271788093,19.795268,19.795268,19.609832,19.702550,OK
20201104,4916,事欣科,69104,21.25,21.40,21.20,21.30,yearly_2020.zip,0.9271788093,19.702550,19.841627,19.656191,19.748909,OK
20201105,4916,事欣科,96304,21.30,21.30,21.15,21.15,yearly_2020.zip,0.9271788093,19.748909,19.748909,19.609832,19.609832,OK
20201106,4916,事欣科,57224,21.20,21.20,21.05,21.10,yearly_2020.zip,0.9271788093,19.656191,19.656191,19.517114,19.563473,OK
20201109,4916,事欣科,165879,21.35,21.35,21.00,21.10,yearly_2020.zip,0.9271788093,19.795268,19.795268,19.470755,19.563473,OK
20201110,4916,事欣科,207272,21.30,21.60,21.30,21.35,yearly_2020.zip,0.9271788093,19.748909,20.027062,19.748909,19.795268,OK
20201111,4916,事欣科,184205,21.35,21.35,21.15,21.30,yearly_2020.zip,0.9271788093,19.795268,19.795268,19.609832,19.748909,OK
20201112,4916,事欣科,95206,21.35,21.35,21.20,21.20,yearly_2020.zip,0.9271788093,19.795268,19.795268,19.656191,19.656191,OK
20201113,4916,事欣科,165214,21.00,21.20,21.00,21.05,yearly_2020.zip,0.9271788093,19.470755,19.656191,19.470755,19.517114,OK
20201116,4916,事欣科,258702,21.10,21.30,20.90,21.30,yearly_2020.zip,0.9271788093,19.563473,19.748909,19.378037,19.748909,OK
20201117,4916,事欣科,1362252,23.00,23.40,22.80,23.40,yearly_2020.zip,0.9271788093,21.325113,21.695984,21.139677,21.695984,OK
20201118,4916,事欣科,6084813,23.80,25.50,23.70,25.10,yearly_2020.zip,0.9271788093,22.066856,23.643060,21.974138,23.272188,OK
20201119,4916,事欣科,1167433,24.50,25.05,24.40,24.60,yearly_2020.zip,0.9271788093,22.715881,23.225829,22.623163,22.808599,OK
20201120,4916,事欣科,1065614,24.60,25.45,24.20,25.35,yearly_2020.zip,0.9271788093,22.808599,23.596701,22.437727,23.503983,OK
20201123,4916,事欣科,2577718,26.20,27.00,25.80,25.80,yearly_2020.zip,0.9271788093,24.292085,25.033828,23.921213,23.921213,OK
20201124,4916,事欣科,1048412,25.70,26.35,25.70,25.80,yearly_2020.zip,0.9271788093,23.828495,24.431162,23.828495,23.921213,OK
20201125,4916,事欣科,705988,26.05,26.10,25.00,25.25,yearly_2020.zip,0.9271788093,24.153008,24.199367,23.179470,23.411265,OK
20201126,4916,事欣科,441045,25.30,25.45,24.70,25.05,yearly_2020.zip,0.9271788093,23.457624,23.596701,22.901317,23.225829,OK
20201127,4916,事欣科,399087,25.20,25.50,24.80,25.35,yearly_2020.zip,0.9271788093,23.364906,23.643060,22.994034,23.503983,OK
20201130,4916,事欣科,439782,25.30,26.00,25.05,25.10,yearly_2020.zip,0.9271788093,23.457624,24.106649,23.225829,23.272188,OK
20201201,4916,事欣科,294731,25.20,25.20,24.80,24.85,yearly_2020.zip,0.9271788093,23.364906,23.364906,22.994034,23.040393,OK
20201202,4916,事欣科,216252,25.00,25.00,24.70,24.75,yearly_2020.zip,0.9271788093,23.179470,23.179470,22.901317,22.947676,OK
20201203,4916,事欣科,336555,24.85,25.50,24.75,25.00,yearly_2020.zip,0.9271788093,23.040393,23.643060,22.947676,23.179470,OK
20201204,4916,事欣科,336437,25.35,25.35,24.60,24.60,yearly_2020.zip,0.9271788093,23.503983,23.503983,22.808599,22.808599,OK
20201207,4916,事欣科,7296410,25.45,27.05,25.40,27.05,yearly_2020.zip,0.9271788093,23.596701,25.080187,23.550342,25.080187,OK
20201208,4916,事欣科,3301611,27.20,27.90,26.50,26.90,yearly_2020.zip,0.9271788093,25.219264,25.868289,24.570238,24.941110,OK
20201209,4916,事欣科,1124623,26.95,27.25,26.10,26.30,yearly_2020.zip,0.9271788093,24.987469,25.265623,24.199367,24.384803,OK
20201210,4916,事欣科,629218,26.20,26.90,26.00,26.25,yearly_2020.zip,0.9271788093,24.292085,24.941110,24.106649,24.338444,OK
20201211,4916,事欣科,1072159,26.30,26.55,24.90,25.10,yearly_2020.zip,0.9271788093,24.384803,24.616597,23.086752,23.272188,OK
20201214,4916,事欣科,325627,24.90,25.90,24.80,25.55,yearly_2020.zip,0.9271788093,23.086752,24.013931,22.994034,23.689419,OK
20201215,4916,事欣科,398271,25.80,25.80,24.80,24.90,yearly_2020.zip,0.9271788093,23.921213,23.921213,22.994034,23.086752,OK
20201216,4916,事欣科,235316,25.55,25.55,25.00,25.10,yearly_2020.zip,0.9271788093,23.689419,23.689419,23.179470,23.272188,OK
20201217,4916,事欣科,229296,25.10,25.30,24.80,24.90,yearly_2020.zip,0.9271788093,23.272188,23.457624,22.994034,23.086752,OK
20201218,4916,事欣科,161546,25.00,25.10,24.90,25.00,yearly_2020.zip,0.9271788093,23.179470,23.272188,23.086752,23.179470,OK
20201221,4916,事欣科,217041,25.15,25.15,24.60,24.75,yearly_2020.zip,0.9271788093,23.318547,23.318547,22.808599,22.947676,OK
20201222,4916,事欣科,252015,24.75,25.00,24.55,24.60,yearly_2020.zip,0.9271788093,22.947676,23.179470,22.762240,22.808599,OK
20201223,4916,事欣科,374362,24.40,24.50,24.00,24.25,yearly_2020.zip,0.9271788093,22.623163,22.715881,22.252291,22.484086,OK
20201224,4916,事欣科,159585,24.65,24.65,24.35,24.50,yearly_2020.zip,0.9271788093,22.854958,22.854958,22.576804,22.715881,OK
20201225,4916,事欣科,759329,24.50,26.00,24.50,25.95,yearly_2020.zip,0.9271788093,22.715881,24.106649,22.715881,24.060290,OK
20201228,4916,事欣科,385614,26.30,26.35,25.50,25.90,yearly_2020.zip,0.9271788093,24.384803,24.431162,23.643060,24.013931,OK
20201229,4916,事欣科,406428,25.90,26.00,25.55,25.65,yearly_2020.zip,0.9271788093,24.013931,24.106649,23.689419,23.782136,OK
20201230,4916,事欣科,153414,25.65,25.85,25.45,25.50,yearly_2020.zip,0.9271788093,23.782136,23.967572,23.596701,23.643060,OK
20201231,4916,事欣科,229699,25.65,25.85,25.55,25.60,yearly_2020.zip,0.9271788093,23.782136,23.967572,23.689419,23.735778,OK
20210104,4916,事欣科,339846,25.80,25.80,25.30,25.30,yearly_2021.zip,0.9271788093,23.921213,23.921213,23.457624,23.457624,OK
20210105,4916,事欣科,327370,25.30,25.50,24.95,24.95,yearly_2021.zip,0.9271788093,23.457624,23.643060,23.133111,23.133111,OK
20210106,4916,事欣科,424451,24.95,25.25,24.40,24.40,yearly_2021.zip,0.9271788093,23.133111,23.411265,22.623163,22.623163,OK
20210107,4916,事欣科,305511,24.10,24.50,24.00,24.30,yearly_2021.zip,0.9271788093,22.345009,22.715881,22.252291,22.530445,OK
20210108,4916,事欣科,305722,24.60,24.60,23.95,24.15,yearly_2021.zip,0.9271788093,22.808599,22.808599,22.205932,22.391368,OK
20210111,4916,事欣科,479365,23.65,24.00,23.50,23.60,yearly_2021.zip,0.9271788093,21.927779,22.252291,21.788702,21.881420,OK
20210112,4916,事欣科,574073,23.60,23.70,22.75,23.05,yearly_2021.zip,0.9271788093,21.881420,21.974138,21.093318,21.371472,OK
20210113,4916,事欣科,248630,23.00,23.45,22.80,23.25,yearly_2021.zip,0.9271788093,21.325113,21.742343,21.139677,21.556907,OK
20210114,4916,事欣科,200052,23.25,23.85,23.25,23.70,yearly_2021.zip,0.9271788093,21.556907,22.113215,21.556907,21.974138,OK
20210115,4916,事欣科,237356,23.75,23.75,22.90,22.90,yearly_2021.zip,0.9271788093,22.020497,22.020497,21.232395,21.232395,OK
20210118,4916,事欣科,400826,22.85,22.85,22.20,22.30,yearly_2021.zip,0.9271788093,21.186036,21.186036,20.583370,20.676087,OK
20210119,4916,事欣科,191071,22.25,23.40,22.25,22.95,yearly_2021.zip,0.9271788093,20.629729,21.695984,20.629729,21.278754,OK
20210120,4916,事欣科,251318,23.00,23.20,22.30,22.40,yearly_2021.zip,0.9271788093,21.325113,21.510548,20.676087,20.768805,OK
20210121,4916,事欣科,244112,22.40,22.55,21.90,22.10,yearly_2021.zip,0.9271788093,20.768805,20.907882,20.305216,20.490652,OK
20210122,4916,事欣科,215408,22.30,22.60,21.90,22.05,yearly_2021.zip,0.9271788093,20.676087,20.954241,20.305216,20.444293,OK
20210125,4916,事欣科,136933,22.05,22.25,21.70,22.15,yearly_2021.zip,0.9271788093,20.444293,20.629729,20.119780,20.537011,OK
20210126,4916,事欣科,124548,22.10,22.35,22.10,22.25,yearly_2021.zip,0.9271788093,20.490652,20.722446,20.490652,20.629729,OK
20210127,4916,事欣科,69087,22.45,22.45,22.25,22.40,yearly_2021.zip,0.9271788093,20.815164,20.815164,20.629729,20.768805,OK
20210128,4916,事欣科,162224,22.15,23.20,22.00,22.65,yearly_2021.zip,0.9271788093,20.537011,21.510548,20.397934,21.000600,OK
20210129,4916,事欣科,727964,22.70,24.10,22.70,23.30,yearly_2021.zip,0.9271788093,21.046959,22.345009,21.046959,21.603266,OK
20210201,4916,事欣科,422334,23.15,23.25,21.40,22.35,yearly_2021.zip,0.9271788093,21.464189,21.556907,19.841627,20.722446,OK
20210202,4916,事欣科,141018,22.35,22.55,22.20,22.20,yearly_2021.zip,0.9271788093,20.722446,20.907882,20.583370,20.583370,OK
20210203,4916,事欣科,150564,22.20,22.60,22.00,22.40,yearly_2021.zip,0.9271788093,20.583370,20.954241,20.397934,20.768805,OK
20210204,4916,事欣科,82339,22.40,22.70,22.20,22.55,yearly_2021.zip,0.9271788093,20.768805,21.046959,20.583370,20.907882,OK
20210205,4916,事欣科,169399,22.80,22.80,22.20,22.20,yearly_2021.zip,0.9271788093,21.139677,21.139677,20.583370,20.583370,OK
20210217,4916,事欣科,205968,22.35,22.70,22.30,22.65,yearly_2021.zip,0.9271788093,20.722446,21.046959,20.676087,21.000600,OK
20210218,4916,事欣科,434872,22.65,23.95,22.65,23.60,yearly_2021.zip,0.9271788093,21.000600,22.205932,21.000600,21.881420,OK
20210219,4916,事欣科,435369,23.85,24.50,23.65,24.15,yearly_2021.zip,0.9271788093,22.113215,22.715881,21.927779,22.391368,OK
20210222,4916,事欣科,381363,24.35,24.70,24.20,24.40,yearly_2021.zip,0.9271788093,22.576804,22.901317,22.437727,22.623163,OK
20210223,4916,事欣科,231311,24.60,24.60,24.35,24.50,yearly_2021.zip,0.9271788093,22.808599,22.808599,22.576804,22.715881,OK
20210224,4916,事欣科,848573,24.95,25.35,24.50,24.50,yearly_2021.zip,0.9271788093,23.133111,23.503983,22.715881,22.715881,OK
20210225,4916,事欣科,167162,24.50,24.70,24.30,24.40,yearly_2021.zip,0.9271788093,22.715881,22.901317,22.530445,22.623163,OK
20210226,4916,事欣科,287743,24.50,24.50,23.85,24.00,yearly_2021.zip,0.9271788093,22.715881,22.715881,22.113215,22.252291,OK
20210302,4916,事欣科,187254,24.55,24.55,23.60,23.65,yearly_2021.zip,0.9271788093,22.762240,22.762240,21.881420,21.927779,OK
20210303,4916,事欣科,108520,24.10,24.10,23.50,23.90,yearly_2021.zip,0.9271788093,22.345009,22.345009,21.788702,22.159574,OK
20210304,4916,事欣科,131452,24.30,24.30,23.60,23.70,yearly_2021.zip,0.9271788093,22.530445,22.530445,21.881420,21.974138,OK
20210305,4916,事欣科,162328,23.30,23.95,23.30,23.65,yearly_2021.zip,0.9271788093,21.603266,22.205932,21.603266,21.927779,OK
20210308,4916,事欣科,165783,23.65,24.10,23.50,23.85,yearly_2021.zip,0.9271788093,21.927779,22.345009,21.788702,22.113215,OK
20210309,4916,事欣科,257853,23.90,24.30,23.70,23.95,yearly_2021.zip,0.9271788093,22.159574,22.530445,21.974138,22.205932,OK
20210310,4916,事欣科,181639,24.30,24.30,23.65,23.70,yearly_2021.zip,0.9271788093,22.530445,22.530445,21.927779,21.974138,OK
20210311,4916,事欣科,408150,23.70,23.80,23.40,23.65,yearly_2021.zip,0.9271788093,21.974138,22.066856,21.695984,21.927779,OK
20210312,4916,事欣科,194154,23.75,23.85,23.40,23.45,yearly_2021.zip,0.9271788093,22.020497,22.113215,21.695984,21.742343,OK
20210315,4916,事欣科,264291,23.40,24.00,23.40,23.65,yearly_2021.zip,0.9271788093,21.695984,22.252291,21.695984,21.927779,OK
20210316,4916,事欣科,585482,23.90,24.85,23.70,24.85,yearly_2021.zip,0.9271788093,22.159574,23.040393,21.974138,23.040393,OK
20210317,4916,事欣科,460676,25.00,25.00,24.10,24.35,yearly_2021.zip,0.9271788093,23.179470,23.179470,22.345009,22.576804,OK
20210318,4916,事欣科,185233,24.35,24.40,24.05,24.10,yearly_2021.zip,0.9271788093,22.576804,22.623163,22.298650,22.345009,OK
20210319,4916,事欣科,373203,23.95,24.45,23.85,23.85,yearly_2021.zip,0.9271788093,22.205932,22.669522,22.113215,22.113215,OK
20210322,4916,事欣科,131933,23.85,24.00,23.70,23.90,yearly_2021.zip,0.9271788093,22.113215,22.252291,21.974138,22.159574,OK
20210323,4916,事欣科,327559,23.90,24.00,23.75,23.75,yearly_2021.zip,0.9271788093,22.159574,22.252291,22.020497,22.020497,OK
20210324,4916,事欣科,89876,23.70,23.95,23.50,23.70,yearly_2021.zip,0.9271788093,21.974138,22.205932,21.788702,21.974138,OK
20210325,4916,事欣科,553763,23.80,24.65,23.65,24.25,yearly_2021.zip,0.9271788093,22.066856,22.854958,21.927779,22.484086,OK
20210326,4916,事欣科,208731,24.40,24.40,24.00,24.05,yearly_2021.zip,0.9271788093,22.623163,22.623163,22.252291,22.298650,OK
20210329,4916,事欣科,221816,24.05,24.10,23.95,24.00,yearly_2021.zip,0.9271788093,22.298650,22.345009,22.205932,22.252291,OK
20210330,4916,事欣科,146626,24.00,24.05,23.80,23.85,yearly_2021.zip,0.9271788093,22.252291,22.298650,22.066856,22.113215,OK
20210331,4916,事欣科,190262,23.85,23.85,23.70,23.80,yearly_2021.zip,0.9271788093,22.113215,22.113215,21.974138,22.066856,OK
20210401,4916,事欣科,259187,23.75,23.90,23.65,23.65,yearly_2021.zip,0.9271788093,22.020497,22.159574,21.927779,21.927779,OK
20210406,4916,事欣科,184068,23.80,23.80,23.65,23.70,yearly_2021.zip,0.9271788093,22.066856,22.066856,21.927779,21.974138,OK
20210407,4916,事欣科,253323,23.75,24.15,23.65,24.00,yearly_2021.zip,0.9271788093,22.020497,22.391368,21.927779,22.252291,OK
20210408,4916,事欣科,842248,24.00,25.00,24.00,24.95,yearly_2021.zip,0.9271788093,22.252291,23.179470,22.252291,23.133111,OK
20210409,4916,事欣科,603014,25.35,25.35,24.25,24.50,yearly_2021.zip,0.9271788093,23.503983,23.503983,22.484086,22.715881,OK
20210412,4916,事欣科,711727,24.80,25.05,24.40,24.50,yearly_2021.zip,0.9271788093,22.994034,23.225829,22.623163,22.715881,OK
20210413,4916,事欣科,1627415,25.00,26.10,24.80,25.00,yearly_2021.zip,0.9271788093,23.179470,24.199367,22.994034,23.179470,OK
20210414,4916,事欣科,914018,25.20,25.60,23.80,24.45,yearly_2021.zip,0.9271788093,23.364906,23.735778,22.066856,22.669522,OK
20210415,4916,事欣科,257505,24.45,24.95,24.45,24.80,yearly_2021.zip,0.9271788093,22.669522,23.133111,22.669522,22.994034,OK
20210416,4916,事欣科,1105952,24.80,26.15,24.75,25.60,yearly_2021.zip,0.9271788093,22.994034,24.245726,22.947676,23.735778,OK
20210419,4916,事欣科,1520516,26.10,26.70,25.60,25.95,yearly_2021.zip,0.9271788093,24.199367,24.755674,23.735778,24.060290,OK
20210420,4916,事欣科,530849,26.00,26.25,25.60,25.85,yearly_2021.zip,0.9271788093,24.106649,24.338444,23.735778,23.967572,OK
20210421,4916,事欣科,544858,26.05,26.05,25.30,25.45,yearly_2021.zip,0.9271788093,24.153008,24.153008,23.457624,23.596701,OK
20210422,4916,事欣科,938517,25.50,25.85,24.00,24.35,yearly_2021.zip,0.9271788093,23.643060,23.967572,22.252291,22.576804,OK
20210423,4916,事欣科,409382,24.30,25.10,24.30,24.90,yearly_2021.zip,0.9271788093,22.530445,23.272188,22.530445,23.086752,OK
20210426,4916,事欣科,1293767,25.20,26.25,25.20,25.85,yearly_2021.zip,0.9271788093,23.364906,24.338444,23.364906,23.967572,OK
20210427,4916,事欣科,580007,26.00,26.10,25.20,25.45,yearly_2021.zip,0.9271788093,24.106649,24.199367,23.364906,23.596701,OK
20210428,4916,事欣科,374331,25.45,25.75,25.20,25.65,yearly_2021.zip,0.9271788093,23.596701,23.874854,23.364906,23.782136,OK
20210429,4916,事欣科,475719,25.65,25.65,25.00,25.00,yearly_2021.zip,0.9271788093,23.782136,23.782136,23.179470,23.179470,OK
20210503,4916,事欣科,688037,25.00,25.00,23.85,23.90,yearly_2021.zip,0.9271788093,23.179470,23.179470,22.113215,22.159574,OK
20210504,4916,事欣科,838556,24.10,24.10,22.00,22.95,yearly_2021.zip,0.9271788093,22.345009,22.345009,20.397934,21.278754,OK
20210505,4916,事欣科,228668,22.30,23.30,22.30,22.70,yearly_2021.zip,0.9271788093,20.676087,21.603266,20.676087,21.046959,OK
20210506,4916,事欣科,257541,23.30,23.45,22.75,23.00,yearly_2021.zip,0.9271788093,21.603266,21.742343,21.093318,21.325113,OK
20210507,4916,事欣科,168477,23.10,23.70,23.00,23.65,yearly_2021.zip,0.9271788093,21.417830,21.974138,21.325113,21.927779,OK
20210510,4916,事欣科,179689,23.70,23.80,23.10,23.50,yearly_2021.zip,0.9271788093,21.974138,22.066856,21.417830,21.788702,OK
20210511,4916,事欣科,385013,23.60,23.90,22.60,22.85,yearly_2021.zip,0.9271788093,21.881420,22.159574,20.954241,21.186036,OK
20210512,4916,事欣科,683034,23.00,23.00,20.60,21.25,yearly_2021.zip,0.9271788093,21.325113,21.325113,19.099883,19.702550,OK
20210513,4916,事欣科,467624,21.00,22.25,20.65,21.90,yearly_2021.zip,0.9271788093,19.470755,20.629729,19.146242,20.305216,OK
20210514,4916,事欣科,213211,22.10,22.70,21.80,22.10,yearly_2021.zip,0.9271788093,20.490652,21.046959,20.212498,20.490652,OK
20210517,4916,事欣科,615062,21.00,21.30,20.00,20.15,yearly_2021.zip,0.9271788093,19.470755,19.748909,18.543576,18.682653,OK
20210518,4916,事欣科,182073,20.40,21.50,20.40,21.50,yearly_2021.zip,0.9271788093,18.914448,19.934344,18.914448,19.934344,OK
20210519,4916,事欣科,111630,21.50,21.65,21.10,21.35,yearly_2021.zip,0.9271788093,19.934344,20.073421,19.563473,19.795268,OK
20210520,4916,事欣科,104121,21.30,21.35,21.05,21.05,yearly_2021.zip,0.9271788093,19.748909,19.795268,19.517114,19.517114,OK
20210521,4916,事欣科,119664,21.70,22.00,21.30,21.85,yearly_2021.zip,0.9271788093,20.119780,20.397934,19.748909,20.258857,OK
20210524,4916,事欣科,152508,21.20,21.95,21.20,21.80,yearly_2021.zip,0.9271788093,19.656191,20.351575,19.656191,20.212498,OK
20210525,4916,事欣科,142258,21.70,22.25,21.70,22.20,yearly_2021.zip,0.9271788093,20.119780,20.629729,20.119780,20.583370,OK
20210526,4916,事欣科,132155,22.10,22.65,22.10,22.60,yearly_2021.zip,0.9271788093,20.490652,21.000600,20.490652,20.954241,OK
20210527,4916,事欣科,119002,22.60,22.60,22.25,22.55,yearly_2021.zip,0.9271788093,20.954241,20.954241,20.629729,20.907882,OK
20210528,4916,事欣科,191463,22.80,22.80,22.30,22.60,yearly_2021.zip,0.9271788093,21.139677,21.139677,20.676087,20.954241,OK
20210531,4916,事欣科,131606,22.80,22.80,22.35,22.40,yearly_2021.zip,0.9271788093,21.139677,21.139677,20.722446,20.768805,OK
20210601,4916,事欣科,114300,22.80,22.80,22.40,22.45,yearly_2021.zip,0.9271788093,21.139677,21.139677,20.768805,20.815164,OK
20210602,4916,事欣科,313548,22.95,23.35,22.70,22.90,yearly_2021.zip,0.9271788093,21.278754,21.649625,21.046959,21.232395,OK
20210603,4916,事欣科,299141,22.95,23.40,22.95,23.40,yearly_2021.zip,0.9271788093,21.278754,21.695984,21.278754,21.695984,OK
20210604,4916,事欣科,147108,23.40,23.40,23.00,23.30,yearly_2021.zip,0.9271788093,21.695984,21.695984,21.325113,21.603266,OK
20210607,4916,事欣科,145166,23.70,23.70,22.80,23.15,yearly_2021.zip,0.9271788093,21.974138,21.974138,21.139677,21.464189,OK
20210608,4916,事欣科,166016,23.25,23.50,23.05,23.30,yearly_2021.zip,0.9271788093,21.556907,21.788702,21.371472,21.603266,OK
20210609,4916,事欣科,137755,23.35,23.50,23.00,23.10,yearly_2021.zip,0.9271788093,21.649625,21.788702,21.325113,21.417830,OK
20210610,4916,事欣科,177430,23.25,23.45,22.90,23.40,yearly_2021.zip,0.9271788093,21.556907,21.742343,21.232395,21.695984,OK
20210611,4916,事欣科,322015,23.50,23.70,23.25,23.35,yearly_2021.zip,0.9271788093,21.788702,21.974138,21.556907,21.649625,OK
20210615,4916,事欣科,230424,23.35,23.35,23.10,23.15,yearly_2021.zip,0.9271788093,21.649625,21.649625,21.417830,21.464189,OK
20210616,4916,事欣科,343952,23.15,23.25,22.70,22.80,yearly_2021.zip,0.9271788093,21.464189,21.556907,21.046959,21.139677,OK
20210617,4916,事欣科,92345,22.60,23.35,22.60,23.10,yearly_2021.zip,0.9271788093,20.954241,21.649625,20.954241,21.417830,OK
20210618,4916,事欣科,124726,23.15,23.40,23.00,23.40,yearly_2021.zip,0.9271788093,21.464189,21.695984,21.325113,21.695984,OK
20210621,4916,事欣科,182104,23.40,23.40,23.05,23.35,yearly_2021.zip,0.9271788093,21.695984,21.695984,21.371472,21.649625,OK
20210622,4916,事欣科,165600,23.35,23.45,23.10,23.15,yearly_2021.zip,0.9271788093,21.649625,21.742343,21.417830,21.464189,OK
20210623,4916,事欣科,217275,23.65,23.65,23.20,23.35,yearly_2021.zip,0.9271788093,21.927779,21.927779,21.510548,21.649625,OK
20210624,4916,事欣科,793945,24.00,24.70,23.70,24.00,yearly_2021.zip,0.9271788093,22.252291,22.901317,21.974138,22.252291,OK
20210625,4916,事欣科,447599,24.45,24.50,24.00,24.05,yearly_2021.zip,0.9271788093,22.669522,22.715881,22.252291,22.298650,OK
20210628,4916,事欣科,255024,24.00,24.20,24.00,24.20,yearly_2021.zip,0.9271788093,22.252291,22.437727,22.252291,22.437727,OK
20210629,4916,事欣科,235658,24.10,24.20,23.90,23.90,yearly_2021.zip,0.9271788093,22.345009,22.437727,22.159574,22.159574,OK
20210630,4916,事欣科,218466,23.90,24.15,23.75,24.05,yearly_2021.zip,0.9271788093,22.159574,22.391368,22.020497,22.298650,OK
20210701,4916,事欣科,1302131,24.50,25.20,24.30,24.30,yearly_2021.zip,0.9271788093,22.715881,23.364906,22.530445,22.530445,OK
20210702,4916,事欣科,473854,25.00,25.00,24.30,24.40,yearly_2021.zip,0.9271788093,23.179470,23.179470,22.530445,22.623163,OK
20210705,4916,事欣科,626578,24.70,25.30,24.70,25.10,yearly_2021.zip,0.9271788093,22.901317,23.457624,22.901317,23.272188,OK
20210706,4916,事欣科,381906,25.40,25.40,24.80,24.85,yearly_2021.zip,0.9271788093,23.550342,23.550342,22.994034,23.040393,OK
20210707,4916,事欣科,269722,24.65,25.15,24.60,24.70,yearly_2021.zip,0.9271788093,22.854958,23.318547,22.808599,22.901317,OK
20210708,4916,事欣科,206914,24.90,24.90,24.55,24.65,yearly_2021.zip,0.9271788093,23.086752,23.086752,22.762240,22.854958,OK
20210709,4916,事欣科,284867,24.60,25.10,24.45,25.10,yearly_2021.zip,0.9271788093,22.808599,23.272188,22.669522,23.272188,OK
20210712,4916,事欣科,2272508,25.75,26.65,25.35,26.45,yearly_2021.zip,0.9271788093,23.874854,24.709315,23.503983,24.523880,OK
20210713,4916,事欣科,3208120,27.00,27.70,26.20,27.05,yearly_2021.zip,0.9271788093,25.033828,25.682853,24.292085,25.080187,OK
20210714,4916,事欣科,1544720,26.85,28.00,26.50,27.40,yearly_2021.zip,0.9271788093,24.894751,25.961007,24.570238,25.404699,OK
20210715,4916,事欣科,550382,27.40,27.45,26.85,27.00,yearly_2021.zip,0.9271788093,25.404699,25.451058,24.894751,25.033828,OK
20210716,4916,事欣科,813219,27.00,27.45,26.60,26.95,yearly_2021.zip,0.9271788093,25.033828,25.451058,24.662956,24.987469,OK
20210719,4916,事欣科,618073,27.00,27.25,26.75,26.85,yearly_2021.zip,0.9271788093,25.033828,25.265623,24.802033,24.894751,OK
20210720,4916,事欣科,796953,26.80,27.40,26.70,26.80,yearly_2021.zip,0.9271788093,24.848392,25.404699,24.755674,24.848392,OK
20210721,4916,事欣科,587674,27.20,27.60,26.80,26.80,yearly_2021.zip,0.9271788093,25.219264,25.590135,24.848392,24.848392,OK
20210722,4916,事欣科,772674,27.25,27.40,26.80,27.20,yearly_2021.zip,0.9271788093,25.265623,25.404699,24.848392,25.219264,OK
20210723,4916,事欣科,1168691,27.45,27.45,26.60,27.10,yearly_2021.zip,0.9271788093,25.451058,25.451058,24.662956,25.126546,OK
20210726,4916,事欣科,2899938,27.40,28.75,27.20,28.35,yearly_2021.zip,0.9271788093,25.404699,26.656391,25.219264,26.285519,OK
20210727,4916,事欣科,1743040,28.65,28.65,26.90,26.90,yearly_2021.zip,0.9271788093,26.563673,26.563673,24.941110,24.941110,OK
20210728,4916,事欣科,1005866,26.70,27.05,25.30,25.80,yearly_2021.zip,0.9271788093,24.755674,25.080187,23.457624,23.921213,OK
20210729,4916,事欣科,315423,26.40,26.70,25.95,26.45,yearly_2021.zip,0.9271788093,24.477521,24.755674,24.060290,24.523880,OK
20210730,4916,事欣科,582716,26.70,26.80,25.50,25.60,yearly_2021.zip,0.9271788093,24.755674,24.848392,23.643060,23.735778,OK
20210802,4916,事欣科,428843,25.60,26.50,25.35,25.85,yearly_2021.zip,0.9271788093,23.735778,24.570238,23.503983,23.967572,OK
20210803,4916,事欣科,155770,26.40,26.40,26.00,26.20,yearly_2021.zip,0.9271788093,24.477521,24.477521,24.106649,24.292085,OK
20210804,4916,事欣科,157721,26.45,26.45,26.00,26.05,yearly_2021.zip,0.9271788093,24.523880,24.523880,24.106649,24.153008,OK
20210805,4916,事欣科,255639,26.50,26.60,26.05,26.05,yearly_2021.zip,0.9271788093,24.570238,24.662956,24.153008,24.153008,OK
20210806,4916,事欣科,165490,26.55,26.55,25.95,26.00,yearly_2021.zip,0.9271788093,24.616597,24.616597,24.060290,24.106649,OK
20210809,4916,事欣科,334691,26.30,26.30,25.40,25.40,yearly_2021.zip,0.9271788093,24.384803,24.384803,23.550342,23.550342,OK
20210810,4916,事欣科,411561,25.75,25.75,24.80,25.00,yearly_2021.zip,0.9271788093,23.874854,23.874854,22.994034,23.179470,OK
20210811,4916,事欣科,724814,24.05,24.65,23.60,23.60,yearly_2021.zip,0.9271788093,22.298650,22.854958,21.881420,21.881420,OK
20210812,4916,事欣科,977236,24.20,25.40,23.95,25.05,yearly_2021.zip,0.9472476147,22.923392,24.060089,22.686580,23.728553,OK
20210813,4916,事欣科,588731,25.05,25.10,24.30,24.30,yearly_2021.zip,0.9472476147,23.728553,23.775915,23.018117,23.018117,OK
20210816,4916,事欣科,729663,24.40,26.00,24.20,24.70,yearly_2021.zip,0.9472476147,23.112842,24.628438,22.923392,23.397016,OK
20210817,4916,事欣科,299212,25.50,25.50,24.35,24.35,yearly_2021.zip,0.9472476147,24.154814,24.154814,23.065479,23.065479,OK
20210818,4916,事欣科,175006,24.35,24.60,23.70,24.45,yearly_2021.zip,0.9472476147,23.065479,23.302291,22.449768,23.160204,OK
20210819,4916,事欣科,218138,24.95,24.95,23.85,23.85,yearly_2021.zip,0.9472476147,23.633828,23.633828,22.591856,22.591856,OK
20210820,4916,事欣科,182554,23.85,24.00,23.25,23.50,yearly_2021.zip,0.9472476147,22.591856,22.733943,22.023507,22.260319,OK
20210823,4916,事欣科,116742,23.55,24.40,23.55,24.25,yearly_2021.zip,0.9472476147,22.307681,23.112842,22.307681,22.970755,OK
20210824,4916,事欣科,179288,24.30,24.45,23.80,23.85,yearly_2021.zip,0.9472476147,23.018117,23.160204,22.544493,22.591856,OK
20210825,4916,事欣科,177145,23.90,24.35,23.90,24.15,yearly_2021.zip,0.9472476147,22.639218,23.065479,22.639218,22.876030,OK
20210826,4916,事欣科,109102,24.35,24.40,24.15,24.15,yearly_2021.zip,0.9472476147,23.065479,23.112842,22.876030,22.876030,OK
20210827,4916,事欣科,250761,24.30,24.70,24.15,24.45,yearly_2021.zip,0.9472476147,23.018117,23.397016,22.876030,23.160204,OK
20210830,4916,事欣科,198808,24.55,24.95,24.55,24.90,yearly_2021.zip,0.9472476147,23.254929,23.633828,23.254929,23.586466,OK
20210831,4916,事欣科,937582,25.60,26.40,25.35,25.85,yearly_2021.zip,0.9472476147,24.249539,25.007337,24.012727,24.486351,OK
20210901,4916,事欣科,488686,26.50,26.50,25.50,25.65,yearly_2021.zip,0.9472476147,25.102062,25.102062,24.154814,24.296901,OK
20210902,4916,事欣科,382360,25.90,26.25,25.50,25.90,yearly_2021.zip,0.9472476147,24.533713,24.865250,24.154814,24.533713,OK
20210903,4916,事欣科,412703,26.10,26.25,25.75,25.80,yearly_2021.zip,0.9472476147,24.723163,24.865250,24.391626,24.438988,OK
20210906,4916,事欣科,237556,26.00,26.00,25.10,25.10,yearly_2021.zip,0.9472476147,24.628438,24.628438,23.775915,23.775915,OK
20210907,4916,事欣科,184444,25.30,25.60,25.10,25.30,yearly_2021.zip,0.9472476147,23.965365,24.249539,23.775915,23.965365,OK
20210908,4916,事欣科,304246,25.15,25.40,24.40,24.55,yearly_2021.zip,0.9472476147,23.823278,24.060089,23.112842,23.254929,OK
20210909,4916,事欣科,164465,24.90,25.10,24.50,25.05,yearly_2021.zip,0.9472476147,23.586466,23.775915,23.207567,23.728553,OK
20210910,4916,事欣科,162000,25.30,25.60,25.05,25.20,yearly_2021.zip,0.9472476147,23.965365,24.249539,23.728553,23.870640,OK
20210913,4916,事欣科,240245,24.90,25.20,24.75,24.85,yearly_2021.zip,0.9472476147,23.586466,23.870640,23.444378,23.539103,OK
20210914,4916,事欣科,131580,25.00,25.20,24.85,25.00,yearly_2021.zip,0.9472476147,23.681190,23.870640,23.539103,23.681190,OK
20210915,4916,事欣科,154626,24.85,24.90,24.50,24.60,yearly_2021.zip,0.9472476147,23.539103,23.586466,23.207567,23.302291,OK
20210916,4916,事欣科,147608,24.60,24.65,24.20,24.20,yearly_2021.zip,0.9472476147,23.302291,23.349654,22.923392,22.923392,OK
20210917,4916,事欣科,98243,24.45,24.95,24.25,24.30,yearly_2021.zip,0.9472476147,23.160204,23.633828,22.970755,23.018117,OK
20210922,4916,事欣科,197003,23.50,24.60,23.50,23.85,yearly_2021.zip,0.9472476147,22.260319,23.302291,22.260319,22.591856,OK
20210923,4916,事欣科,83102,24.20,24.45,24.20,24.30,yearly_2021.zip,0.9472476147,22.923392,23.160204,22.923392,23.018117,OK
20210924,4916,事欣科,98217,24.50,24.80,24.40,24.45,yearly_2021.zip,0.9472476147,23.207567,23.491741,23.112842,23.160204,OK
20210927,4916,事欣科,180592,24.45,25.00,24.45,24.80,yearly_2021.zip,0.9472476147,23.160204,23.681190,23.160204,23.491741,OK
20210928,4916,事欣科,154161,25.40,25.40,24.50,25.15,yearly_2021.zip,0.9472476147,24.060089,24.060089,23.207567,23.823278,OK
20210929,4916,事欣科,165511,24.65,25.00,24.10,24.20,yearly_2021.zip,0.9472476147,23.349654,23.681190,22.828668,22.923392,OK
20210930,4916,事欣科,256004,24.35,24.65,24.20,24.40,yearly_2021.zip,0.9472476147,23.065479,23.349654,22.923392,23.112842,OK
20211001,4916,事欣科,338691,24.40,24.40,23.60,23.90,yearly_2021.zip,0.9472476147,23.112842,23.112842,22.355044,22.639218,OK
20211004,4916,事欣科,198422,24.00,24.00,23.20,23.30,yearly_2021.zip,0.9472476147,22.733943,22.733943,21.976145,22.070869,OK
20211005,4916,事欣科,180507,23.10,23.50,22.80,23.40,yearly_2021.zip,0.9472476147,21.881420,22.260319,21.597246,22.165594,OK
20211006,4916,事欣科,129852,23.70,23.80,23.10,23.20,yearly_2021.zip,0.9472476147,22.449768,22.544493,21.881420,21.976145,OK
20211007,4916,事欣科,59400,23.45,23.80,23.40,23.70,yearly_2021.zip,0.9472476147,22.212957,22.544493,22.165594,22.449768,OK
20211008,4916,事欣科,91101,24.10,24.15,23.80,23.90,yearly_2021.zip,0.9472476147,22.828668,22.876030,22.544493,22.639218,OK
20211012,4916,事欣科,76203,23.60,23.60,23.20,23.35,yearly_2021.zip,0.9472476147,22.355044,22.355044,21.976145,22.118232,OK
20211013,4916,事欣科,234178,23.35,23.40,22.65,22.75,yearly_2021.zip,0.9472476147,22.118232,22.165594,21.455158,21.549883,OK
20211014,4916,事欣科,142342,23.00,23.15,22.55,22.60,yearly_2021.zip,0.9472476147,21.786695,21.928782,21.360434,21.407796,OK
20211015,4916,事欣科,155001,23.00,23.00,22.75,22.75,yearly_2021.zip,0.9472476147,21.786695,21.786695,21.549883,21.549883,OK
20211018,4916,事欣科,169112,22.80,23.00,22.70,22.80,yearly_2021.zip,0.9472476147,21.597246,21.786695,21.502521,21.597246,OK
20211019,4916,事欣科,187103,23.20,23.20,22.85,22.95,yearly_2021.zip,0.9472476147,21.976145,21.976145,21.644608,21.739333,OK
20211020,4916,事欣科,80008,23.15,23.15,22.95,23.10,yearly_2021.zip,0.9472476147,21.928782,21.928782,21.739333,21.881420,OK
20211021,4916,事欣科,119086,23.00,23.45,23.00,23.05,yearly_2021.zip,0.9472476147,21.786695,22.212957,21.786695,21.834058,OK
20211022,4916,事欣科,115102,23.15,23.30,23.05,23.15,yearly_2021.zip,0.9472476147,21.928782,22.070869,21.834058,21.928782,OK
20211025,4916,事欣科,93200,23.25,23.40,23.10,23.40,yearly_2021.zip,0.9472476147,22.023507,22.165594,21.881420,22.165594,OK
20211026,4916,事欣科,178021,23.60,23.80,23.40,23.55,yearly_2021.zip,0.9472476147,22.355044,22.544493,22.165594,22.307681,OK
20211027,4916,事欣科,268229,23.60,24.20,23.45,24.05,yearly_2021.zip,0.9472476147,22.355044,22.923392,22.212957,22.781305,OK
20211028,4916,事欣科,1085490,24.20,25.65,23.90,25.35,yearly_2021.zip,0.9472476147,22.923392,24.296901,22.639218,24.012727,OK
20211029,4916,事欣科,1746840,25.65,26.75,25.10,26.05,yearly_2021.zip,0.9472476147,24.296901,25.338874,23.775915,24.675800,OK
20211101,4916,事欣科,10211869,26.45,28.65,26.45,28.65,yearly_2021.zip,0.9472476147,25.054699,27.138644,25.054699,27.138644,OK
20211102,4916,事欣科,12977783,31.50,31.50,30.20,31.50,yearly_2021.zip,0.9472476147,29.838300,29.838300,28.606878,29.838300,OK
20211103,4916,事欣科,18304324,32.00,32.95,30.20,32.40,yearly_2021.zip,0.9472476147,30.311924,31.211809,28.606878,30.690823,OK
20211104,4916,事欣科,17329971,33.05,35.60,32.60,35.60,yearly_2021.zip,0.9472476147,31.306534,33.722015,30.880272,33.722015,OK
20211105,4916,事欣科,12366646,36.20,36.40,33.30,34.20,yearly_2021.zip,0.9472476147,34.290364,34.479813,31.543346,32.395868,OK
20211108,4916,事欣科,5961531,34.60,35.50,33.35,34.85,yearly_2021.zip,0.9472476147,32.774767,33.627290,31.590708,33.011579,OK
20211109,4916,事欣科,5122533,35.85,35.85,33.25,33.65,yearly_2021.zip,0.9472476147,33.958827,33.958827,31.495983,31.874882,OK
20211110,4916,事欣科,5544489,34.00,34.65,33.05,34.35,yearly_2021.zip,0.9472476147,32.206419,32.822130,31.306534,32.537956,OK
20211111,4916,事欣科,7398638,32.65,32.65,30.95,30.95,yearly_2021.zip,0.9472476147,30.927635,30.927635,29.317314,29.317314,OK
20211112,4916,事欣科,2682390,30.50,31.50,30.50,31.15,yearly_2021.zip,0.9472476147,28.891052,29.838300,28.891052,29.506763,OK
20211115,4916,事欣科,5407629,31.35,33.50,30.75,32.60,yearly_2021.zip,0.9472476147,29.696213,31.732795,29.127864,30.880272,OK
20211116,4916,事欣科,2411303,32.15,33.10,31.50,31.70,yearly_2021.zip,0.9472476147,30.454011,31.353896,29.838300,30.027749,OK
20211117,4916,事欣科,1643226,31.60,32.35,31.10,31.85,yearly_2021.zip,0.9472476147,29.933025,30.643460,29.459401,30.169837,OK
20211118,4916,事欣科,1722367,31.50,32.20,31.20,31.75,yearly_2021.zip,0.9472476147,29.838300,30.501373,29.554126,30.075112,OK
20211119,4916,事欣科,9777451,31.60,34.90,31.60,34.90,yearly_2021.zip,0.9472476147,29.933025,33.058942,29.933025,33.058942,OK
20211122,4916,事欣科,20165993,36.30,38.35,36.20,38.35,yearly_2021.zip,0.9472476147,34.385088,36.326946,34.290364,36.326946,OK
20211123,4916,事欣科,18915654,39.40,39.55,34.55,34.55,yearly_2021.zip,0.9472476147,37.321556,37.463643,32.727405,32.727405,OK
20211124,4916,事欣科,6427328,34.10,34.65,32.60,32.75,yearly_2021.zip,0.9472476147,32.301144,32.822130,30.880272,31.022359,OK
20211125,4916,事欣科,6682630,33.50,35.45,33.10,33.10,yearly_2021.zip,0.9472476147,31.732795,33.579928,31.353896,31.353896,OK
20211126,4916,事欣科,4387580,32.70,32.80,30.60,31.10,yearly_2021.zip,0.9472476147,30.974997,31.069722,28.985777,29.459401,OK
20211129,4916,事欣科,3379412,30.20,31.70,29.50,31.45,yearly_2021.zip,0.9472476147,28.606878,30.027749,27.943805,29.790937,OK
20211130,4916,事欣科,5674540,31.05,33.40,31.05,33.00,yearly_2021.zip,0.9472476147,29.412038,31.638070,29.412038,31.259171,OK
20211201,4916,事欣科,5067023,31.35,32.00,30.50,32.00,yearly_2021.zip,0.9472476147,29.696213,30.311924,28.891052,30.311924,OK
20211202,4916,事欣科,2927386,31.10,31.90,30.50,30.85,yearly_2021.zip,0.9472476147,29.459401,30.217199,28.891052,29.222589,OK
20211203,4916,事欣科,1231165,31.10,31.45,30.80,31.10,yearly_2021.zip,0.9472476147,29.459401,29.790937,29.175227,29.459401,OK
20211206,4916,事欣科,1031440,31.20,31.60,30.80,30.85,yearly_2021.zip,0.9472476147,29.554126,29.933025,29.175227,29.222589,OK
20211207,4916,事欣科,2282853,31.50,32.30,31.25,31.30,yearly_2021.zip,0.9472476147,29.838300,30.596098,29.601488,29.648850,OK
20211208,4916,事欣科,1267271,31.50,31.95,31.05,31.20,yearly_2021.zip,0.9472476147,29.838300,30.264561,29.412038,29.554126,OK
20211209,4916,事欣科,3288672,31.50,33.00,31.40,31.85,yearly_2021.zip,0.9472476147,29.838300,31.259171,29.743575,30.169837,OK
20211210,4916,事欣科,1080382,31.60,32.20,31.40,31.45,yearly_2021.zip,0.9472476147,29.933025,30.501373,29.743575,29.790937,OK
20211213,4916,事欣科,4247257,31.60,34.25,31.05,34.00,yearly_2021.zip,0.9472476147,29.933025,32.443231,29.412038,32.206419,OK
20211214,4916,事欣科,5690124,34.50,35.20,31.75,32.10,yearly_2021.zip,0.9472476147,32.680043,33.343116,30.075112,30.406648,OK
20211215,4916,事欣科,2574416,32.40,33.70,32.20,32.45,yearly_2021.zip,0.9472476147,30.690823,31.922245,30.501373,30.738185,OK
20211216,4916,事欣科,4565895,33.15,34.20,32.80,33.05,yearly_2021.zip,0.9472476147,31.401258,32.395868,31.069722,31.306534,OK
20211217,4916,事欣科,1988368,32.85,33.20,31.90,31.95,yearly_2021.zip,0.9472476147,31.117084,31.448621,30.217199,30.264561,OK
20211220,4916,事欣科,1258756,31.95,32.20,31.20,31.25,yearly_2021.zip,0.9472476147,30.264561,30.501373,29.554126,29.601488,OK
20211221,4916,事欣科,1049694,31.25,31.75,30.85,31.40,yearly_2021.zip,0.9472476147,29.601488,30.075112,29.222589,29.743575,OK
20211222,4916,事欣科,955531,31.50,32.45,31.50,31.90,yearly_2021.zip,0.9472476147,29.838300,30.738185,29.838300,30.217199,OK
20211223,4916,事欣科,1204014,32.20,32.80,32.15,32.30,yearly_2021.zip,0.9472476147,30.501373,31.069722,30.454011,30.596098,OK
20211224,4916,事欣科,1583689,32.70,33.25,32.30,32.35,yearly_2021.zip,0.9472476147,30.974997,31.495983,30.596098,30.643460,OK
20211227,4916,事欣科,2367818,32.70,33.80,32.65,33.00,yearly_2021.zip,0.9472476147,30.974997,32.016969,30.927635,31.259171,OK
20211228,4916,事欣科,1279093,33.10,33.60,32.05,32.15,yearly_2021.zip,0.9472476147,31.353896,31.827520,30.359286,30.454011,OK
20211229,4916,事欣科,1566785,32.25,33.35,32.00,32.85,yearly_2021.zip,0.9472476147,30.548736,31.590708,30.311924,31.117084,OK
20211230,4916,事欣科,898079,33.25,33.30,32.35,32.40,yearly_2021.zip,0.9472476147,31.495983,31.543346,30.643460,30.690823,OK
20220103,4916,事欣科,1353936,32.95,33.70,32.30,32.45,yearly_2022.zip,0.9472476147,31.211809,31.922245,30.596098,30.738185,OK
20220104,4916,事欣科,1000141,32.65,32.65,31.65,31.70,yearly_2022.zip,0.9472476147,30.927635,30.927635,29.980387,30.027749,OK
20220105,4916,事欣科,1125782,32.00,32.15,30.90,30.95,yearly_2022.zip,0.9472476147,30.311924,30.454011,29.269951,29.317314,OK
20220106,4916,事欣科,703340,30.90,31.40,30.65,31.10,yearly_2022.zip,0.9472476147,29.269951,29.743575,29.033139,29.459401,OK
20220107,4916,事欣科,1473867,31.30,31.50,29.95,30.00,yearly_2022.zip,0.9472476147,29.648850,29.838300,28.370066,28.417428,OK
20220110,4916,事欣科,709251,30.00,30.25,29.50,29.80,yearly_2022.zip,0.9472476147,28.417428,28.654240,27.943805,28.227979,OK
20220111,4916,事欣科,1453756,30.00,30.05,28.30,28.80,yearly_2022.zip,0.9472476147,28.417428,28.464791,26.807107,27.280731,OK
20220112,4916,事欣科,617034,28.95,29.45,28.60,29.00,yearly_2022.zip,0.9472476147,27.422818,27.896442,27.091282,27.470181,OK
20220113,4916,事欣科,758981,29.10,29.35,28.70,28.90,yearly_2022.zip,0.9472476147,27.564906,27.801717,27.186007,27.375456,OK
20220114,4916,事欣科,1013054,28.80,28.80,27.65,28.10,yearly_2022.zip,0.9472476147,27.280731,27.280731,26.191397,26.617658,OK
20220117,4916,事欣科,352276,28.10,29.10,28.10,28.85,yearly_2022.zip,0.9472476147,26.617658,27.564906,26.617658,27.328094,OK
20220118,4916,事欣科,374271,28.80,29.15,28.35,28.50,yearly_2022.zip,0.9472476147,27.280731,27.612268,26.854470,26.996557,OK
20220119,4916,事欣科,280788,28.05,28.60,28.05,28.50,yearly_2022.zip,0.9472476147,26.570296,27.091282,26.570296,26.996557,OK
20220120,4916,事欣科,340016,28.40,28.60,28.10,28.30,yearly_2022.zip,0.9472476147,26.901832,27.091282,26.617658,26.807107,OK
20220121,4916,事欣科,774024,28.00,28.00,27.15,27.20,yearly_2022.zip,0.9472476147,26.522933,26.522933,25.717773,25.765135,OK
20220124,4916,事欣科,567228,26.70,27.70,26.05,27.55,yearly_2022.zip,0.9472476147,25.291511,26.238759,24.675800,26.096672,OK
20220125,4916,事欣科,428835,27.55,27.55,26.60,26.60,yearly_2022.zip,0.9472476147,26.096672,26.096672,25.196787,25.196787,OK
20220126,4916,事欣科,374731,26.70,27.50,26.60,27.00,yearly_2022.zip,0.9472476147,25.291511,26.049309,25.196787,25.575686,OK
20220207,4916,事欣科,607075,27.25,28.00,27.00,28.00,yearly_2022.zip,0.9472476147,25.812498,26.522933,25.575686,26.522933,OK
20220208,4916,事欣科,309933,27.75,28.60,27.75,28.50,yearly_2022.zip,0.9472476147,26.286121,27.091282,26.286121,26.996557,OK
20220209,4916,事欣科,343045,28.60,28.95,28.40,28.65,yearly_2022.zip,0.9472476147,27.091282,27.422818,26.901832,27.138644,OK
20220210,4916,事欣科,321656,29.00,29.00,27.95,28.20,yearly_2022.zip,0.9472476147,27.470181,27.470181,26.475571,26.712383,OK
20220211,4916,事欣科,316055,27.65,28.50,27.65,28.30,yearly_2022.zip,0.9472476147,26.191397,26.996557,26.191397,26.807107,OK
20220214,4916,事欣科,322360,27.80,27.80,27.20,27.50,yearly_2022.zip,0.9472476147,26.333484,26.333484,25.765135,26.049309,OK
20220215,4916,事欣科,356755,27.50,28.25,27.50,27.60,yearly_2022.zip,0.9472476147,26.049309,26.759745,26.049309,26.144034,OK
20220216,4916,事欣科,410817,27.90,28.45,27.90,28.20,yearly_2022.zip,0.9472476147,26.428208,26.949195,26.428208,26.712383,OK
20220217,4916,事欣科,479161,28.20,28.90,28.15,28.50,yearly_2022.zip,0.9472476147,26.712383,27.375456,26.665020,26.996557,OK
20220218,4916,事欣科,786186,28.50,29.25,28.40,29.20,yearly_2022.zip,0.9472476147,26.996557,27.706993,26.901832,27.659630,OK
20220221,4916,事欣科,618299,29.30,29.30,28.40,28.70,yearly_2022.zip,0.9472476147,27.754355,27.754355,26.901832,27.186007,OK
20220222,4916,事欣科,647182,28.50,28.80,28.15,28.55,yearly_2022.zip,0.9472476147,26.996557,27.280731,26.665020,27.043919,OK
20220223,4916,事欣科,511780,28.80,29.20,28.50,28.75,yearly_2022.zip,0.9472476147,27.280731,27.659630,26.996557,27.233369,OK
20220224,4916,事欣科,857922,28.50,28.55,26.50,27.20,yearly_2022.zip,0.9472476147,26.996557,27.043919,25.102062,25.765135,OK
20220225,4916,事欣科,429787,27.35,27.70,26.80,27.20,yearly_2022.zip,0.9472476147,25.907222,26.238759,25.386236,25.765135,OK
20220301,4916,事欣科,505552,27.40,28.30,27.25,28.10,yearly_2022.zip,0.9472476147,25.954585,26.807107,25.812498,26.617658,OK
20220302,4916,事欣科,284420,28.10,28.25,27.55,28.05,yearly_2022.zip,0.9472476147,26.617658,26.759745,26.096672,26.570296,OK
20220303,4916,事欣科,388164,28.10,28.45,27.65,28.00,yearly_2022.zip,0.9472476147,26.617658,26.949195,26.191397,26.522933,OK
20220304,4916,事欣科,273364,27.80,28.05,27.50,27.55,yearly_2022.zip,0.9472476147,26.333484,26.570296,26.049309,26.096672,OK
20220307,4916,事欣科,1228252,27.40,27.40,25.50,26.80,yearly_2022.zip,0.9472476147,25.954585,25.954585,24.154814,25.386236,OK
20220308,4916,事欣科,635721,26.30,26.70,25.65,26.10,yearly_2022.zip,0.9472476147,24.912612,25.291511,24.296901,24.723163,OK
20220309,4916,事欣科,545143,26.20,26.95,26.00,26.40,yearly_2022.zip,0.9472476147,24.817888,25.528323,24.628438,25.007337,OK
20220310,4916,事欣科,918317,27.00,27.70,26.75,27.20,yearly_2022.zip,0.9472476147,25.575686,26.238759,25.338874,25.765135,OK
20220311,4916,事欣科,982680,27.05,27.75,26.45,26.50,yearly_2022.zip,0.9472476147,25.623048,26.286121,25.054699,25.102062,OK
20220314,4916,事欣科,1898940,26.90,28.30,26.80,27.75,yearly_2022.zip,0.9472476147,25.480961,26.807107,25.386236,26.286121,OK
20220315,4916,事欣科,1616996,28.45,28.45,27.00,27.00,yearly_2022.zip,0.9472476147,26.949195,26.949195,25.575686,25.575686,OK
20220316,4916,事欣科,1616252,27.60,28.45,27.40,28.35,yearly_2022.zip,0.9472476147,26.144034,26.949195,25.954585,26.854470,OK
20220317,4916,事欣科,1921571,29.00,29.40,28.40,29.10,yearly_2022.zip,0.9472476147,27.470181,27.849080,26.901832,27.564906,OK
20220318,4916,事欣科,1316323,29.10,29.90,28.60,29.90,yearly_2022.zip,0.9472476147,27.564906,28.322704,27.091282,28.322704,OK
20220321,4916,事欣科,889112,30.00,30.20,29.35,29.85,yearly_2022.zip,0.9472476147,28.417428,28.606878,27.801717,28.275341,OK
20220322,4916,事欣科,933286,29.85,30.15,29.55,30.00,yearly_2022.zip,0.9472476147,28.275341,28.559516,27.991167,28.417428,OK
20220323,4916,事欣科,1062585,29.95,30.65,29.60,29.60,yearly_2022.zip,0.9472476147,28.370066,29.033139,28.038529,28.038529,OK
20220324,4916,事欣科,940725,29.60,30.30,29.50,29.90,yearly_2022.zip,0.9472476147,28.038529,28.701603,27.943805,28.322704,OK
20220325,4916,事欣科,2615782,30.30,31.60,30.00,30.35,yearly_2022.zip,0.9472476147,28.701603,29.933025,28.417428,28.748965,OK
20220328,4916,事欣科,1182795,30.00,30.00,29.00,29.00,yearly_2022.zip,0.9472476147,28.417428,28.417428,27.470181,27.470181,OK
20220329,4916,事欣科,681656,29.10,29.45,28.65,28.65,yearly_2022.zip,0.9472476147,27.564906,27.896442,27.138644,27.138644,OK
20220330,4916,事欣科,1164546,29.10,30.25,29.05,29.75,yearly_2022.zip,0.9472476147,27.564906,28.654240,27.517543,28.180617,OK
20220331,4916,事欣科,497732,30.00,30.10,29.20,29.25,yearly_2022.zip,0.9472476147,28.417428,28.512153,27.659630,27.706993,OK
20220401,4916,事欣科,233493,29.20,29.20,28.85,29.15,yearly_2022.zip,0.9472476147,27.659630,27.659630,27.328094,27.612268,OK
20220406,4916,事欣科,454920,29.00,29.05,28.65,28.95,yearly_2022.zip,0.9472476147,27.470181,27.517543,27.138644,27.422818,OK
20220407,4916,事欣科,767912,29.00,29.75,28.20,28.35,yearly_2022.zip,0.9472476147,27.470181,28.180617,26.712383,26.854470,OK
20220408,4916,事欣科,913449,29.00,29.70,28.70,29.30,yearly_2022.zip,0.9472476147,27.470181,28.133254,27.186007,27.754355,OK
20220411,4916,事欣科,1772237,29.40,30.30,29.40,29.65,yearly_2022.zip,0.9472476147,27.849080,28.701603,27.849080,28.085892,OK
20220412,4916,事欣科,1858278,29.55,30.40,29.00,30.05,yearly_2022.zip,0.9472476147,27.991167,28.796327,27.470181,28.464791,OK
20220413,4916,事欣科,1649569,30.35,30.45,29.45,29.60,yearly_2022.zip,0.9472476147,28.748965,28.843690,27.896442,28.038529,OK
20220414,4916,事欣科,530540,29.90,29.90,29.35,29.80,yearly_2022.zip,0.9472476147,28.322704,28.322704,27.801717,28.227979,OK
20220415,4916,事欣科,1689130,29.85,30.45,29.20,29.20,yearly_2022.zip,0.9472476147,28.275341,28.843690,27.659630,27.659630,OK
20220418,4916,事欣科,844496,29.20,29.20,28.05,28.25,yearly_2022.zip,0.9472476147,27.659630,27.659630,26.570296,26.759745,OK
20220419,4916,事欣科,619941,28.60,28.75,27.80,27.80,yearly_2022.zip,0.9472476147,27.091282,27.233369,26.333484,26.333484,OK
20220420,4916,事欣科,627780,28.15,28.15,27.45,27.80,yearly_2022.zip,0.9472476147,26.665020,26.665020,26.001947,26.333484,OK
20220421,4916,事欣科,404534,27.90,28.10,27.60,27.60,yearly_2022.zip,0.9472476147,26.428208,26.617658,26.144034,26.144034,OK
20220422,4916,事欣科,710390,27.60,27.60,27.05,27.20,yearly_2022.zip,0.9472476147,26.144034,26.144034,25.623048,25.765135,OK
20220425,4916,事欣科,648402,26.90,26.90,26.00,26.10,yearly_2022.zip,0.9472476147,25.480961,25.480961,24.628438,24.723163,OK
20220426,4916,事欣科,275034,26.35,26.65,26.15,26.25,yearly_2022.zip,0.9472476147,24.959975,25.244149,24.770525,24.865250,OK
20220427,4916,事欣科,492732,25.90,26.40,25.30,26.10,yearly_2022.zip,0.9472476147,24.533713,25.007337,23.965365,24.723163,OK
20220428,4916,事欣科,380512,26.20,26.50,25.80,25.80,yearly_2022.zip,0.9472476147,24.817888,25.102062,24.438988,24.438988,OK
20220429,4916,事欣科,250009,26.15,26.65,26.05,26.30,yearly_2022.zip,0.9472476147,24.770525,25.244149,24.675800,24.912612,OK
20220503,4916,事欣科,284086,26.05,26.25,25.70,25.85,yearly_2022.zip,0.9472476147,24.675800,24.865250,24.344264,24.486351,OK
20220504,4916,事欣科,161981,26.00,26.25,25.85,26.00,yearly_2022.zip,0.9472476147,24.628438,24.865250,24.486351,24.628438,OK
20220505,4916,事欣科,227714,26.30,26.70,26.20,26.40,yearly_2022.zip,0.9472476147,24.912612,25.291511,24.817888,25.007337,OK
20220506,4916,事欣科,472591,25.85,25.90,25.50,25.75,yearly_2022.zip,0.9472476147,24.486351,24.533713,24.154814,24.391626,OK
20220509,4916,事欣科,550481,25.55,25.55,24.60,24.70,yearly_2022.zip,0.9472476147,24.202177,24.202177,23.302291,23.397016,OK
20220510,4916,事欣科,297423,24.25,25.25,24.15,25.10,yearly_2022.zip,0.9472476147,22.970755,23.918002,22.876030,23.775915,OK
20220511,4916,事欣科,441942,24.60,24.85,23.90,24.10,yearly_2022.zip,0.9472476147,23.302291,23.539103,22.639218,22.828668,OK
20220512,4916,事欣科,498881,23.90,24.05,23.00,23.10,yearly_2022.zip,0.9472476147,22.639218,22.781305,21.786695,21.881420,OK
20220513,4916,事欣科,231539,23.20,23.80,23.20,23.80,yearly_2022.zip,0.9472476147,21.976145,22.544493,21.976145,22.544493,OK
20220516,4916,事欣科,274077,24.20,24.20,23.30,23.55,yearly_2022.zip,0.9472476147,22.923392,22.923392,22.070869,22.307681,OK
20220517,4916,事欣科,163284,23.55,24.15,23.55,24.05,yearly_2022.zip,0.9472476147,22.307681,22.876030,22.307681,22.781305,OK
20220518,4916,事欣科,152553,24.20,24.65,24.10,24.45,yearly_2022.zip,0.9472476147,22.923392,23.349654,22.828668,23.160204,OK
20220519,4916,事欣科,155559,23.80,24.10,23.70,23.95,yearly_2022.zip,0.9472476147,22.544493,22.828668,22.449768,22.686580,OK
20220520,4916,事欣科,204724,24.10,24.80,24.10,24.45,yearly_2022.zip,0.9472476147,22.828668,23.491741,22.828668,23.160204,OK
20220523,4916,事欣科,149167,24.85,24.85,24.20,24.55,yearly_2022.zip,0.9472476147,23.539103,23.539103,22.923392,23.254929,OK
20220524,4916,事欣科,216286,24.55,24.55,23.70,23.75,yearly_2022.zip,0.9472476147,23.254929,23.254929,22.449768,22.497131,OK
20220525,4916,事欣科,395515,24.00,24.90,24.00,24.05,yearly_2022.zip,0.9472476147,22.733943,23.586466,22.733943,22.781305,OK
20220526,4916,事欣科,594324,24.50,25.00,24.25,24.40,yearly_2022.zip,0.9472476147,23.207567,23.681190,22.970755,23.112842,OK
20220527,4916,事欣科,262704,24.70,24.85,24.40,24.65,yearly_2022.zip,0.9472476147,23.397016,23.539103,23.112842,23.349654,OK
20220530,4916,事欣科,309017,24.75,25.30,24.70,25.05,yearly_2022.zip,0.9472476147,23.444378,23.965365,23.397016,23.728553,OK
20220531,4916,事欣科,235200,24.95,25.05,24.65,24.85,yearly_2022.zip,0.9472476147,23.633828,23.728553,23.349654,23.539103,OK
20220601,4916,事欣科,551160,25.20,25.75,25.10,25.25,yearly_2022.zip,0.9472476147,23.870640,24.391626,23.775915,23.918002,OK
20220602,4916,事欣科,265185,25.25,25.55,25.10,25.15,yearly_2022.zip,0.9472476147,23.918002,24.202177,23.775915,23.823278,OK
20220606,4916,事欣科,525523,25.20,25.85,25.00,25.75,yearly_2022.zip,0.9472476147,23.870640,24.486351,23.681190,24.391626,OK
20220607,4916,事欣科,251906,26.00,26.00,25.25,25.40,yearly_2022.zip,0.9472476147,24.628438,24.628438,23.918002,24.060089,OK
20220608,4916,事欣科,136441,25.40,25.50,25.10,25.20,yearly_2022.zip,0.9472476147,24.060089,24.154814,23.775915,23.870640,OK
20220609,4916,事欣科,161777,25.00,25.40,25.00,25.30,yearly_2022.zip,0.9472476147,23.681190,24.060089,23.681190,23.965365,OK
20220610,4916,事欣科,148435,25.20,25.40,25.05,25.20,yearly_2022.zip,0.9472476147,23.870640,24.060089,23.728553,23.870640,OK
20220613,4916,事欣科,510905,24.30,24.45,23.80,23.90,yearly_2022.zip,0.9472476147,23.018117,23.160204,22.544493,22.639218,OK
20220614,4916,事欣科,337554,23.40,23.60,23.05,23.50,yearly_2022.zip,0.9472476147,22.165594,22.355044,21.834058,22.260319,OK
20220615,4916,事欣科,177471,24.20,24.20,23.60,23.60,yearly_2022.zip,0.9472476147,22.923392,22.923392,22.355044,22.355044,OK
20220616,4916,事欣科,219131,23.90,24.00,23.30,23.35,yearly_2022.zip,0.9472476147,22.639218,22.733943,22.070869,22.118232,OK
20220617,4916,事欣科,357487,23.05,23.10,22.65,22.95,yearly_2022.zip,0.9472476147,21.834058,21.881420,21.455158,21.739333,OK
20220620,4916,事欣科,533740,23.10,23.10,21.75,21.75,yearly_2022.zip,0.9472476147,21.881420,21.881420,20.602636,20.602636,OK
20220621,4916,事欣科,261258,21.60,22.75,21.60,22.70,yearly_2022.zip,0.9472476147,20.460548,21.549883,20.460548,21.502521,OK
20220622,4916,事欣科,275391,22.65,22.65,21.55,21.65,yearly_2022.zip,0.9472476147,21.455158,21.455158,20.413186,20.507911,OK
20220623,4916,事欣科,271392,21.85,22.10,21.40,21.80,yearly_2022.zip,0.9472476147,20.697360,20.934172,20.271099,20.649998,OK
20220624,4916,事欣科,178172,22.15,22.60,22.00,22.15,yearly_2022.zip,0.9472476147,20.981535,21.407796,20.839448,20.981535,OK
20220627,4916,事欣科,214060,22.30,22.75,22.20,22.70,yearly_2022.zip,0.9472476147,21.123622,21.549883,21.028897,21.502521,OK
20220628,4916,事欣科,122836,22.30,22.50,22.10,22.30,yearly_2022.zip,0.9472476147,21.123622,21.313071,20.934172,21.123622,OK
20220629,4916,事欣科,138529,22.25,22.35,21.95,22.25,yearly_2022.zip,0.9472476147,21.076259,21.170984,20.792085,21.076259,OK
20220630,4916,事欣科,212837,22.25,22.25,21.45,21.55,yearly_2022.zip,0.9472476147,21.076259,21.076259,20.318461,20.413186,OK
20220701,4916,事欣科,519297,21.60,21.60,20.50,20.50,yearly_2022.zip,0.9472476147,20.460548,20.460548,19.418576,19.418576,OK
20220704,4916,事欣科,155045,20.50,21.05,20.50,20.70,yearly_2022.zip,0.9472476147,19.418576,19.939562,19.418576,19.608026,OK
20220705,4916,事欣科,450578,21.25,22.30,21.20,21.75,yearly_2022.zip,0.9472476147,20.129012,21.123622,20.081649,20.602636,OK
20220706,4916,事欣科,291199,21.35,21.45,20.90,21.00,yearly_2022.zip,0.9472476147,20.223737,20.318461,19.797475,19.892200,OK
20220707,4916,事欣科,211326,21.00,21.55,20.85,21.40,yearly_2022.zip,0.9472476147,19.892200,20.413186,19.750113,20.271099,OK
20220708,4916,事欣科,266833,21.55,22.00,21.30,21.50,yearly_2022.zip,0.9472476147,20.413186,20.839448,20.176374,20.365824,OK
20220711,4916,事欣科,941471,23.00,23.10,22.45,22.60,yearly_2022.zip,0.9472476147,21.786695,21.881420,21.265709,21.407796,OK
20220712,4916,事欣科,481338,22.10,22.85,21.65,21.80,yearly_2022.zip,0.9472476147,20.934172,21.644608,20.507911,20.649998,OK
20220713,4916,事欣科,847018,22.60,23.50,22.45,22.85,yearly_2022.zip,0.9472476147,21.407796,22.260319,21.265709,21.644608,OK
20220714,4916,事欣科,704133,22.70,23.50,22.40,23.40,yearly_2022.zip,0.9472476147,21.502521,22.260319,21.218347,22.165594,OK
20220715,4916,事欣科,454336,23.30,23.85,23.20,23.30,yearly_2022.zip,0.9472476147,22.070869,22.591856,21.976145,22.070869,OK
20220718,4916,事欣科,253818,23.40,23.85,23.30,23.55,yearly_2022.zip,0.9472476147,22.165594,22.591856,22.070869,22.307681,OK
20220719,4916,事欣科,257687,23.30,24.00,23.30,23.65,yearly_2022.zip,0.9472476147,22.070869,22.733943,22.070869,22.402406,OK
20220720,4916,事欣科,354443,24.00,24.20,23.50,23.90,yearly_2022.zip,0.9472476147,22.733943,22.923392,22.260319,22.639218,OK
20220721,4916,事欣科,242777,24.10,24.15,23.70,24.10,yearly_2022.zip,0.9472476147,22.828668,22.876030,22.449768,22.828668,OK
20220722,4916,事欣科,305623,23.90,24.30,23.60,23.65,yearly_2022.zip,0.9472476147,22.639218,23.018117,22.355044,22.402406,OK
20220725,4916,事欣科,249592,23.90,23.90,23.00,23.65,yearly_2022.zip,0.9472476147,22.639218,22.639218,21.786695,22.402406,OK
20220726,4916,事欣科,158300,23.40,23.60,23.10,23.45,yearly_2022.zip,0.9472476147,22.165594,22.355044,21.881420,22.212957,OK
20220727,4916,事欣科,174642,23.40,23.95,23.40,23.95,yearly_2022.zip,0.9472476147,22.165594,22.686580,22.165594,22.686580,OK
20220728,4916,事欣科,135205,24.20,24.20,23.65,23.65,yearly_2022.zip,0.9472476147,22.923392,22.923392,22.402406,22.402406,OK
20220729,4916,事欣科,167210,23.65,23.90,23.60,23.90,yearly_2022.zip,0.9472476147,22.402406,22.639218,22.355044,22.639218,OK
20220801,4916,事欣科,51370,24.10,24.10,23.70,23.95,yearly_2022.zip,0.9472476147,22.828668,22.828668,22.449768,22.686580,OK
20220802,4916,事欣科,298287,23.60,23.60,23.10,23.15,yearly_2022.zip,0.9472476147,22.355044,22.355044,21.881420,21.928782,OK
20220803,4916,事欣科,170413,23.15,23.65,23.15,23.55,yearly_2022.zip,0.9472476147,21.928782,22.402406,21.928782,22.307681,OK
20220804,4916,事欣科,3926556,24.60,25.90,24.45,25.90,yearly_2022.zip,0.9472476147,23.302291,24.533713,23.160204,24.533713,OK
20220805,4916,事欣科,4377841,27.40,28.45,27.30,28.45,yearly_2022.zip,0.9472476147,25.954585,26.949195,25.859860,26.949195,OK
20220808,4916,事欣科,10818416,28.90,29.80,27.15,27.90,yearly_2022.zip,0.9472476147,27.375456,28.227979,25.717773,26.428208,OK
20220809,4916,事欣科,7206793,27.50,29.65,27.50,28.15,yearly_2022.zip,0.9472476147,26.049309,28.085892,26.049309,26.665020,OK
20220810,4916,事欣科,2685142,28.00,28.35,27.30,27.45,yearly_2022.zip,0.9472476147,26.522933,26.854470,25.859860,26.001947,OK
20220811,4916,事欣科,3570350,27.45,27.45,25.95,26.50,yearly_2022.zip,0.9472476147,26.001947,26.001947,24.581076,25.102062,OK
20220812,4916,事欣科,875205,26.40,26.40,26.00,26.00,yearly_2022.zip,0.9472476147,25.007337,25.007337,24.628438,24.628438,OK
20220815,4916,事欣科,1101981,26.35,26.60,25.70,26.05,yearly_2022.zip,0.9472476147,24.959975,25.196787,24.344264,24.675800,OK
20220816,4916,事欣科,1125277,26.10,26.65,26.05,26.25,yearly_2022.zip,0.9472476147,24.723163,25.244149,24.675800,24.865250,OK
20220817,4916,事欣科,719201,25.90,25.95,25.50,25.55,yearly_2022.zip,0.9656407723,25.010096,25.058378,24.623840,24.672122,OK
20220818,4916,事欣科,931795,25.25,25.85,24.95,25.80,yearly_2022.zip,0.9656407723,24.382429,24.961814,24.092737,24.913532,OK
20220819,4916,事欣科,1748412,26.10,26.95,26.00,26.75,yearly_2022.zip,0.9656407723,25.203224,26.024019,25.106660,25.830891,OK
20220822,4916,事欣科,887838,26.60,26.75,26.00,26.10,yearly_2022.zip,0.9656407723,25.686045,25.830891,25.106660,25.203224,OK
20220823,4916,事欣科,788685,25.65,25.80,25.05,25.40,yearly_2022.zip,0.9656407723,24.768686,24.913532,24.189301,24.527276,OK
20220824,4916,事欣科,739304,25.45,26.35,25.45,26.30,yearly_2022.zip,0.9656407723,24.575558,25.444634,24.575558,25.396352,OK
20220825,4916,事欣科,645176,26.40,26.85,26.20,26.20,yearly_2022.zip,0.9656407723,25.492916,25.927455,25.299788,25.299788,OK
20220826,4916,事欣科,489715,26.40,26.60,26.00,26.00,yearly_2022.zip,0.9656407723,25.492916,25.686045,25.106660,25.106660,OK
20220829,4916,事欣科,402368,25.20,25.55,25.05,25.30,yearly_2022.zip,0.9656407723,24.334147,24.672122,24.189301,24.430712,OK
20220830,4916,事欣科,357130,25.55,25.90,25.50,25.80,yearly_2022.zip,0.9656407723,24.672122,25.010096,24.623840,24.913532,OK
20220831,4916,事欣科,252122,25.90,25.90,25.50,25.65,yearly_2022.zip,0.9656407723,25.010096,25.010096,24.623840,24.768686,OK
20220901,4916,事欣科,415530,25.55,25.55,25.10,25.10,yearly_2022.zip,0.9656407723,24.672122,24.672122,24.237583,24.237583,OK
20220902,4916,事欣科,470778,25.40,25.60,24.80,24.80,yearly_2022.zip,0.9656407723,24.527276,24.720404,23.947891,23.947891,OK
20220905,4916,事欣科,764152,25.05,25.70,24.25,24.30,yearly_2022.zip,0.9656407723,24.189301,24.816968,23.416789,23.465071,OK
20220906,4916,事欣科,610305,24.45,24.75,23.50,23.70,yearly_2022.zip,0.9656407723,23.609917,23.899609,22.692558,22.885686,OK
20220907,4916,事欣科,326912,23.75,23.90,23.15,23.40,yearly_2022.zip,0.9656407723,22.933968,23.078814,22.354584,22.595994,OK
20220908,4916,事欣科,262581,23.75,24.00,23.10,23.65,yearly_2022.zip,0.9656407723,22.933968,23.175379,22.306302,22.837404,OK
20220912,4916,事欣科,535016,24.50,24.85,24.35,24.70,yearly_2022.zip,0.9656407723,23.658199,23.996173,23.513353,23.851327,OK
20220913,4916,事欣科,419366,24.90,25.15,24.70,24.85,yearly_2022.zip,0.9656407723,24.044455,24.285865,23.851327,23.996173,OK
20220914,4916,事欣科,248350,24.25,24.90,24.10,24.80,yearly_2022.zip,0.9656407723,23.416789,24.044455,23.271943,23.947891,OK
20220915,4916,事欣科,428435,25.00,25.55,24.90,25.40,yearly_2022.zip,0.9656407723,24.141019,24.672122,24.044455,24.527276,OK
20220916,4916,事欣科,293212,25.40,25.40,24.85,24.90,yearly_2022.zip,0.9656407723,24.527276,24.527276,23.996173,24.044455,OK
20220919,4916,事欣科,297629,24.90,24.90,24.15,24.20,yearly_2022.zip,0.9656407723,24.044455,24.044455,23.320225,23.368507,OK
20220920,4916,事欣科,137742,24.50,24.55,24.20,24.40,yearly_2022.zip,0.9656407723,23.658199,23.706481,23.368507,23.561635,OK
20220921,4916,事欣科,183620,24.20,24.40,23.85,23.90,yearly_2022.zip,0.9656407723,23.368507,23.561635,23.030532,23.078814,OK
20220922,4916,事欣科,122852,23.80,24.30,23.50,24.20,yearly_2022.zip,0.9656407723,22.982250,23.465071,22.692558,23.368507,OK
20220923,4916,事欣科,279758,24.30,24.45,23.70,23.80,yearly_2022.zip,0.9656407723,23.465071,23.609917,22.885686,22.982250,OK
20220926,4916,事欣科,656555,23.50,23.50,22.10,22.15,yearly_2022.zip,0.9656407723,22.692558,22.692558,21.340661,21.388943,OK
20220927,4916,事欣科,299392,22.15,22.75,21.80,22.75,yearly_2022.zip,0.9656407723,21.388943,21.968328,21.050969,21.968328,OK
20220928,4916,事欣科,372006,22.65,22.65,21.40,21.40,yearly_2022.zip,0.9656407723,21.871763,21.871763,20.664713,20.664713,OK
20220929,4916,事欣科,288223,21.65,22.15,21.65,22.00,yearly_2022.zip,0.9656407723,20.906123,21.388943,20.906123,21.244097,OK
20220930,4916,事欣科,155422,21.55,22.10,21.30,22.10,yearly_2022.zip,0.9656407723,20.809559,21.340661,20.568148,21.340661,OK
20221003,4916,事欣科,105393,21.65,22.25,21.65,22.10,yearly_2022.zip,0.9656407723,20.906123,21.485507,20.906123,21.340661,OK
20221004,4916,事欣科,137311,22.65,22.70,22.20,22.60,yearly_2022.zip,0.9656407723,21.871763,21.920046,21.437225,21.823481,OK
20221005,4916,事欣科,251512,22.75,23.20,22.75,22.90,yearly_2022.zip,0.9656407723,21.968328,22.402866,21.968328,22.113174,OK
20221006,4916,事欣科,66142,23.10,23.15,22.60,22.90,yearly_2022.zip,0.9656407723,22.306302,22.354584,21.823481,22.113174,OK
20221007,4916,事欣科,82632,22.90,23.00,22.70,22.90,yearly_2022.zip,0.9656407723,22.113174,22.209738,21.920046,22.113174,OK
20221011,4916,事欣科,306982,23.30,23.30,22.45,22.45,yearly_2022.zip,0.9656407723,22.499430,22.499430,21.678635,21.678635,OK
20221012,4916,事欣科,337176,23.10,23.10,22.45,22.65,yearly_2022.zip,0.9656407723,22.306302,22.306302,21.678635,21.871763,OK
20221013,4916,事欣科,729550,22.90,22.90,21.10,21.10,yearly_2022.zip,0.9656407723,22.113174,22.113174,20.375020,20.375020,OK
20221014,4916,事欣科,362441,21.60,22.05,21.50,21.80,yearly_2022.zip,0.9656407723,20.857841,21.292379,20.761277,21.050969,OK
20221017,4916,事欣科,238386,21.45,22.30,21.00,22.30,yearly_2022.zip,0.9656407723,20.712995,21.533789,20.278456,21.533789,OK
20221018,4916,事欣科,236511,22.50,22.70,22.20,22.25,yearly_2022.zip,0.9656407723,21.726917,21.920046,21.437225,21.485507,OK
20221019,4916,事欣科,143184,22.30,22.60,21.95,22.05,yearly_2022.zip,0.9656407723,21.533789,21.823481,21.195815,21.292379,OK
20221020,4916,事欣科,180631,21.90,22.20,21.50,21.95,yearly_2022.zip,0.9656407723,21.147533,21.437225,20.761277,21.195815,OK
20221021,4916,事欣科,305207,21.95,21.95,21.20,21.35,yearly_2022.zip,0.9656407723,21.195815,21.195815,20.471584,20.616430,OK
20221024,4916,事欣科,232176,21.60,21.85,21.40,21.50,yearly_2022.zip,0.9656407723,20.857841,21.099251,20.664713,20.761277,OK
20221025,4916,事欣科,152018,21.45,21.55,21.20,21.25,yearly_2022.zip,0.9656407723,20.712995,20.809559,20.471584,20.519866,OK
20221026,4916,事欣科,173004,21.20,21.45,21.00,21.00,yearly_2022.zip,0.9656407723,20.471584,20.712995,20.278456,20.278456,OK
20221027,4916,事欣科,235358,21.05,21.65,21.05,21.60,yearly_2022.zip,0.9656407723,20.326738,20.906123,20.326738,20.857841,OK
20221028,4916,事欣科,109059,21.65,21.65,21.10,21.20,yearly_2022.zip,0.9656407723,20.906123,20.906123,20.375020,20.471584,OK
20221031,4916,事欣科,88117,21.40,21.65,21.40,21.55,yearly_2022.zip,0.9656407723,20.664713,20.906123,20.664713,20.809559,OK
20221101,4916,事欣科,148203,21.60,22.10,21.60,22.00,yearly_2022.zip,0.9656407723,20.857841,21.340661,20.857841,21.244097,OK
20221102,4916,事欣科,139006,22.00,22.40,22.00,22.25,yearly_2022.zip,0.9656407723,21.244097,21.630353,21.244097,21.485507,OK
20221103,4916,事欣科,172099,22.15,22.85,22.15,22.70,yearly_2022.zip,0.9656407723,21.388943,22.064892,21.388943,21.920046,OK
20221104,4916,事欣科,130514,22.50,22.80,22.40,22.70,yearly_2022.zip,0.9656407723,21.726917,22.016610,21.630353,21.920046,OK
20221107,4916,事欣科,341316,22.90,23.15,22.70,22.80,yearly_2022.zip,0.9656407723,22.113174,22.354584,21.920046,22.016610,OK
20221108,4916,事欣科,233403,23.05,23.40,23.00,23.05,yearly_2022.zip,0.9656407723,22.258020,22.595994,22.209738,22.258020,OK
20221109,4916,事欣科,187588,23.15,23.35,23.10,23.15,yearly_2022.zip,0.9656407723,22.354584,22.547712,22.306302,22.354584,OK
20221110,4916,事欣科,175069,23.00,23.25,22.85,23.05,yearly_2022.zip,0.9656407723,22.209738,22.451148,22.064892,22.258020,OK
20221111,4916,事欣科,821355,23.00,23.20,22.15,22.15,yearly_2022.zip,0.9656407723,22.209738,22.402866,21.388943,21.388943,OK
20221114,4916,事欣科,300353,22.15,22.35,21.95,22.15,yearly_2022.zip,0.9656407723,21.388943,21.582071,21.195815,21.388943,OK
20221115,4916,事欣科,145845,22.15,22.60,22.15,22.50,yearly_2022.zip,0.9656407723,21.388943,21.823481,21.388943,21.726917,OK
20221116,4916,事欣科,198724,22.50,22.55,22.00,22.10,yearly_2022.zip,0.9656407723,21.726917,21.775199,21.244097,21.340661,OK
20221117,4916,事欣科,128956,22.20,22.50,22.20,22.35,yearly_2022.zip,0.9656407723,21.437225,21.726917,21.437225,21.582071,OK
20221118,4916,事欣科,124657,22.60,22.60,22.20,22.35,yearly_2022.zip,0.9656407723,21.823481,21.823481,21.437225,21.582071,OK
20221121,4916,事欣科,146210,22.55,22.75,22.35,22.35,yearly_2022.zip,0.9656407723,21.775199,21.968328,21.582071,21.582071,OK
20221122,4916,事欣科,135962,22.40,22.60,22.10,22.35,yearly_2022.zip,0.9656407723,21.630353,21.823481,21.340661,21.582071,OK
20221123,4916,事欣科,1956169,22.65,24.55,22.55,24.55,yearly_2022.zip,0.9656407723,21.871763,23.706481,21.775199,23.706481,OK
20221124,4916,事欣科,6862976,24.90,26.50,24.60,25.00,yearly_2022.zip,0.9656407723,24.044455,25.589480,23.754763,24.141019,OK
20221125,4916,事欣科,3562708,24.75,26.15,23.95,25.50,yearly_2022.zip,0.9656407723,23.899609,25.251506,23.127096,24.623840,OK
20221128,4916,事欣科,1600170,25.00,26.00,24.80,25.20,yearly_2022.zip,0.9656407723,24.141019,25.106660,23.947891,24.334147,OK
20221129,4916,事欣科,5202782,25.25,27.25,25.20,26.75,yearly_2022.zip,0.9656407723,24.382429,26.313711,24.334147,25.830891,OK
20221130,4916,事欣科,5952260,27.80,28.45,26.50,26.90,yearly_2022.zip,0.9656407723,26.844813,27.472480,25.589480,25.975737,OK
20221201,4916,事欣科,2099159,27.00,27.10,26.30,26.65,yearly_2022.zip,0.9656407723,26.072301,26.168865,25.396352,25.734327,OK
20221202,4916,事欣科,2123540,27.15,27.35,26.70,26.85,yearly_2022.zip,0.9656407723,26.217147,26.410275,25.782609,25.927455,OK
20221205,4916,事欣科,6672742,26.90,29.20,26.60,28.15,yearly_2022.zip,0.9656407723,25.975737,28.196711,25.686045,27.182788,OK
20221206,4916,事欣科,4896384,28.80,29.00,27.50,28.00,yearly_2022.zip,0.9656407723,27.810454,28.003582,26.555121,27.037942,OK
20221207,4916,事欣科,1744633,27.70,28.00,26.65,26.75,yearly_2022.zip,0.9656407723,26.748249,27.037942,25.734327,25.830891,OK
20221208,4916,事欣科,6908876,27.90,29.40,27.85,29.40,yearly_2022.zip,0.9656407723,26.941378,28.389839,26.893096,28.389839,OK
20221209,4916,事欣科,17069413,31.20,31.20,28.80,29.10,yearly_2022.zip,0.9656407723,30.127992,30.127992,27.810454,28.100146,OK
20221212,4916,事欣科,2828837,29.00,29.00,27.80,28.25,yearly_2022.zip,0.9656407723,28.003582,28.003582,26.844813,27.279352,OK
20221213,4916,事欣科,2740225,28.50,29.15,28.10,28.15,yearly_2022.zip,0.9656407723,27.520762,28.148429,27.134506,27.182788,OK
20221214,4916,事欣科,1350117,28.35,28.70,28.05,28.10,yearly_2022.zip,0.9656407723,27.375916,27.713890,27.086224,27.134506,OK
20221215,4916,事欣科,2818508,28.25,29.40,28.05,28.40,yearly_2022.zip,0.9656407723,27.279352,28.389839,27.086224,27.424198,OK
20221216,4916,事欣科,1903231,28.00,28.05,27.15,27.35,yearly_2022.zip,0.9656407723,27.037942,27.086224,26.217147,26.410275,OK
20221219,4916,事欣科,628289,27.30,27.75,27.00,27.05,yearly_2022.zip,0.9656407723,26.361993,26.796531,26.072301,26.120583,OK
20221220,4916,事欣科,1101362,27.00,27.55,26.00,26.00,yearly_2022.zip,0.9656407723,26.072301,26.603403,25.106660,25.106660,OK
20221221,4916,事欣科,630632,26.35,26.75,26.05,26.25,yearly_2022.zip,0.9656407723,25.444634,25.830891,25.154942,25.348070,OK
20221222,4916,事欣科,429671,26.65,26.85,26.30,26.35,yearly_2022.zip,0.9656407723,25.734327,25.927455,25.396352,25.444634,OK
20221223,4916,事欣科,478165,26.00,26.50,25.85,26.45,yearly_2022.zip,0.9656407723,25.106660,25.589480,24.961814,25.541198,OK
20221226,4916,事欣科,403349,26.50,26.75,26.20,26.60,yearly_2022.zip,0.9656407723,25.589480,25.830891,25.299788,25.686045,OK
20221227,4916,事欣科,656475,26.90,27.40,26.35,26.35,yearly_2022.zip,0.9656407723,25.975737,26.458557,25.444634,25.444634,OK
20221228,4916,事欣科,422001,26.35,26.45,25.85,26.10,yearly_2022.zip,0.9656407723,25.444634,25.541198,24.961814,25.203224,OK
20221229,4916,事欣科,532224,26.00,26.35,25.50,26.35,yearly_2022.zip,0.9656407723,25.106660,25.444634,24.623840,25.444634,OK
20221230,4916,事欣科,565653,26.40,27.05,26.40,26.70,yearly_2022.zip,0.9656407723,25.492916,26.120583,25.492916,25.782609,OK
20230103,4916,事欣科,397418,26.75,26.90,26.20,26.85,yearly_2023.zip,0.9656407723,25.830891,25.975737,25.299788,25.927455,OK
20230104,4916,事欣科,974760,26.90,27.75,26.90,27.35,yearly_2023.zip,0.9656407723,25.975737,26.796531,25.975737,26.410275,OK
20230105,4916,事欣科,843621,27.50,27.70,27.15,27.35,yearly_2023.zip,0.9656407723,26.555121,26.748249,26.217147,26.410275,OK
20230106,4916,事欣科,287110,27.35,27.40,27.10,27.30,yearly_2023.zip,0.9656407723,26.410275,26.458557,26.168865,26.361993,OK
20230109,4916,事欣科,361903,27.60,27.60,27.00,27.30,yearly_2023.zip,0.9656407723,26.651685,26.651685,26.072301,26.361993,OK
20230110,4916,事欣科,721742,27.30,27.80,27.30,27.60,yearly_2023.zip,0.9656407723,26.361993,26.844813,26.361993,26.651685,OK
20230111,4916,事欣科,2024206,28.50,28.70,27.75,28.00,yearly_2023.zip,0.9656407723,27.520762,27.713890,26.796531,27.037942,OK
20230112,4916,事欣科,550012,28.10,28.10,27.20,27.20,yearly_2023.zip,0.9656407723,27.134506,27.134506,26.265429,26.265429,OK
20230113,4916,事欣科,393252,27.30,27.55,27.05,27.10,yearly_2023.zip,0.9656407723,26.361993,26.603403,26.120583,26.168865,OK
20230116,4916,事欣科,538069,27.25,27.60,27.10,27.55,yearly_2023.zip,0.9656407723,26.313711,26.651685,26.168865,26.603403,OK
20230117,4916,事欣科,280624,27.50,27.90,27.45,27.50,yearly_2023.zip,0.9656407723,26.555121,26.941378,26.506839,26.555121,OK
20230130,4916,事欣科,922042,27.80,28.25,27.65,28.10,yearly_2023.zip,0.9656407723,26.844813,27.279352,26.699967,27.134506,OK
20230131,4916,事欣科,534386,28.30,28.40,27.80,28.20,yearly_2023.zip,0.9656407723,27.327634,27.424198,26.844813,27.231070,OK
20230201,4916,事欣科,1108223,28.35,28.70,28.25,28.60,yearly_2023.zip,0.9656407723,27.375916,27.713890,27.279352,27.617326,OK
20230202,4916,事欣科,1217911,28.80,28.95,28.35,28.90,yearly_2023.zip,0.9656407723,27.810454,27.955300,27.375916,27.907018,OK
20230203,4916,事欣科,600696,29.00,29.00,28.50,28.55,yearly_2023.zip,0.9656407723,28.003582,28.003582,27.520762,27.569044,OK
20230206,4916,事欣科,763741,28.55,29.15,28.50,29.00,yearly_2023.zip,0.9656407723,27.569044,28.148429,27.520762,28.003582,OK
20230207,4916,事欣科,643255,28.75,29.05,28.55,29.05,yearly_2023.zip,0.9656407723,27.762172,28.051864,27.569044,28.051864,OK
20230208,4916,事欣科,588409,29.10,29.20,28.70,28.75,yearly_2023.zip,0.9656407723,28.100146,28.196711,27.713890,27.762172,OK
20230209,4916,事欣科,1443873,28.75,29.40,28.75,29.20,yearly_2023.zip,0.9656407723,27.762172,28.389839,27.762172,28.196711,OK
20230210,4916,事欣科,3000742,29.30,30.30,28.45,28.60,yearly_2023.zip,0.9656407723,28.293275,29.258915,27.472480,27.617326,OK
20230213,4916,事欣科,1340752,28.20,29.00,27.80,28.85,yearly_2023.zip,0.9656407723,27.231070,28.003582,26.844813,27.858736,OK
20230214,4916,事欣科,1522824,29.00,29.70,29.00,29.20,yearly_2023.zip,0.9656407723,28.003582,28.679531,28.003582,28.196711,OK
20230215,4916,事欣科,840619,29.10,29.55,28.90,29.20,yearly_2023.zip,0.9656407723,28.100146,28.534685,27.907018,28.196711,OK
20230216,4916,事欣科,677978,29.45,29.65,29.25,29.30,yearly_2023.zip,0.9656407723,28.438121,28.631249,28.244993,28.293275,OK
20230217,4916,事欣科,978589,29.30,29.80,29.20,29.60,yearly_2023.zip,0.9656407723,28.293275,28.776095,28.196711,28.582967,OK
20230220,4916,事欣科,2712562,29.90,30.70,29.80,30.40,yearly_2023.zip,0.9656407723,28.872659,29.645172,28.776095,29.355479,OK
20230221,4916,事欣科,3485885,30.55,31.35,30.25,30.35,yearly_2023.zip,0.9656407723,29.500326,30.272838,29.210633,29.307197,OK
20230222,4916,事欣科,1527244,30.00,31.00,29.70,30.85,yearly_2023.zip,0.9656407723,28.969223,29.934864,28.679531,29.790018,OK
20230223,4916,事欣科,1291341,31.30,31.35,30.30,30.40,yearly_2023.zip,0.9656407723,30.224556,30.272838,29.258915,29.355479,OK
20230224,4916,事欣科,928249,30.40,30.45,29.70,29.80,yearly_2023.zip,0.9656407723,29.355479,29.403762,28.679531,28.776095,OK
20230301,4916,事欣科,649031,30.20,30.25,29.55,30.10,yearly_2023.zip,0.9656407723,29.162351,29.210633,28.534685,29.065787,OK
20230302,4916,事欣科,1541545,30.10,31.10,30.10,30.90,yearly_2023.zip,0.9656407723,29.065787,30.031428,29.065787,29.838300,OK
20230303,4916,事欣科,2645394,31.00,32.05,31.00,31.30,yearly_2023.zip,0.9656407723,29.934864,30.948787,29.934864,30.224556,OK
20230306,4916,事欣科,1487509,31.80,32.15,31.45,31.55,yearly_2023.zip,0.9656407723,30.707377,31.045351,30.369402,30.465966,OK
20230307,4916,事欣科,1093160,31.50,32.00,31.00,31.85,yearly_2023.zip,0.9656407723,30.417684,30.900505,29.934864,30.755659,OK
20230308,4916,事欣科,893125,31.95,32.20,31.55,31.80,yearly_2023.zip,0.9656407723,30.852223,31.093633,30.465966,30.707377,OK
20230309,4916,事欣科,1278977,32.00,32.25,31.00,31.00,yearly_2023.zip,0.9656407723,30.900505,31.141915,29.934864,29.934864,OK
20230310,4916,事欣科,1341707,31.00,31.45,30.45,31.05,yearly_2023.zip,0.9656407723,29.934864,30.369402,29.403762,29.983146,OK
20230313,4916,事欣科,9254461,32.00,34.00,31.05,33.25,yearly_2023.zip,0.9656407723,30.900505,32.831786,29.983146,32.107556,OK
20230314,4916,事欣科,7642438,32.75,34.00,32.05,32.35,yearly_2023.zip,0.9656407723,31.624735,32.831786,30.948787,31.238479,OK
20230315,4916,事欣科,4587145,32.90,33.40,32.05,32.25,yearly_2023.zip,0.9656407723,31.769581,32.252402,30.948787,31.141915,OK
20230316,4916,事欣科,3431639,31.95,31.95,30.60,31.00,yearly_2023.zip,0.9656407723,30.852223,30.852223,29.548608,29.934864,OK
20230317,4916,事欣科,4227930,31.80,32.75,31.45,32.20,yearly_2023.zip,0.9656407723,30.707377,31.624735,30.369402,31.093633,OK
20230320,4916,事欣科,2820361,32.30,32.90,31.65,31.65,yearly_2023.zip,0.9656407723,31.190197,31.769581,30.562530,30.562530,OK
20230321,4916,事欣科,1237877,32.10,32.35,31.65,31.90,yearly_2023.zip,0.9656407723,30.997069,31.238479,30.562530,30.803941,OK
20230322,4916,事欣科,1711626,32.15,32.70,31.65,32.35,yearly_2023.zip,0.9656407723,31.045351,31.576453,30.562530,31.238479,OK
20230323,4916,事欣科,1450131,32.20,32.85,32.00,32.45,yearly_2023.zip,0.9656407723,31.093633,31.721299,30.900505,31.335043,OK
20230324,4916,事欣科,2762031,32.90,33.35,32.55,32.90,yearly_2023.zip,0.9656407723,31.769581,32.204120,31.431607,31.769581,OK
20230327,4916,事欣科,12224294,33.10,36.15,33.10,34.50,yearly_2023.zip,0.9656407723,31.962710,34.907914,31.962710,33.314607,OK
20230328,4916,事欣科,6731887,34.70,35.20,32.00,32.00,yearly_2023.zip,0.9656407723,33.507735,33.990555,30.900505,30.900505,OK
20230329,4916,事欣科,2438027,32.45,32.45,31.30,31.50,yearly_2023.zip,0.9656407723,31.335043,31.335043,30.224556,30.417684,OK
20230330,4916,事欣科,3241070,31.75,33.20,31.20,32.85,yearly_2023.zip,0.9656407723,30.659095,32.059274,30.127992,31.721299,OK
20230331,4916,事欣科,2031335,33.35,33.60,32.95,33.15,yearly_2023.zip,0.9656407723,32.204120,32.445530,31.817863,32.010992,OK
20230406,4916,事欣科,4150286,33.90,34.50,33.65,34.30,yearly_2023.zip,0.9656407723,32.735222,33.314607,32.493812,33.121478,OK
20230407,4916,事欣科,3295658,34.15,34.20,33.05,33.15,yearly_2023.zip,0.9656407723,32.976632,33.024914,31.914428,32.010992,OK
20230410,4916,事欣科,2688908,33.40,34.50,33.15,33.65,yearly_2023.zip,0.9656407723,32.252402,33.314607,32.010992,32.493812,OK
20230411,4916,事欣科,3317050,33.25,33.40,32.60,32.70,yearly_2023.zip,0.9656407723,32.107556,32.252402,31.479889,31.576453,OK
20230412,4916,事欣科,5304988,32.75,34.50,32.75,33.70,yearly_2023.zip,0.9656407723,31.624735,33.314607,31.624735,32.542094,OK
20230413,4916,事欣科,11555579,33.90,35.75,33.90,34.50,yearly_2023.zip,0.9656407723,32.735222,34.521658,32.735222,33.314607,OK
20230414,4916,事欣科,8602773,34.80,36.05,34.40,35.05,yearly_2023.zip,0.9656407723,33.604299,34.811350,33.218043,33.845709,OK
20230417,4916,事欣科,10012597,35.35,37.20,34.75,35.70,yearly_2023.zip,0.9656407723,34.135401,35.921837,33.556017,34.473376,OK
20230418,4916,事欣科,5196481,35.70,35.75,34.35,34.45,yearly_2023.zip,0.9656407723,34.473376,34.521658,33.169761,33.266325,OK
20230419,4916,事欣科,3153155,34.80,35.55,34.50,34.65,yearly_2023.zip,0.9656407723,33.604299,34.328529,33.314607,33.459453,OK
20230420,4916,事欣科,3274853,34.60,34.75,33.60,33.75,yearly_2023.zip,0.9656407723,33.411171,33.556017,32.445530,32.590376,OK
20230421,4916,事欣科,3267905,33.65,33.95,32.05,32.10,yearly_2023.zip,0.9656407723,32.493812,32.783504,30.948787,30.997069,OK
20230424,4916,事欣科,1464245,32.15,32.70,32.00,32.25,yearly_2023.zip,0.9656407723,31.045351,31.576453,30.900505,31.141915,OK
20230425,4916,事欣科,2218996,32.50,32.90,31.25,31.35,yearly_2023.zip,0.9656407723,31.383325,31.769581,30.176274,30.272838,OK
20230426,4916,事欣科,1036250,31.20,31.80,30.75,31.55,yearly_2023.zip,0.9656407723,30.127992,30.707377,29.693454,30.465966,OK
20230427,4916,事欣科,6477714,32.80,34.70,32.10,34.70,yearly_2023.zip,0.9656407723,31.673017,33.507735,30.997069,33.507735,OK
20230428,4916,事欣科,23785647,35.80,37.90,34.75,35.30,yearly_2023.zip,0.9656407723,34.569940,36.597785,33.556017,34.087119,OK
20230502,4916,事欣科,7969530,35.80,36.80,35.20,35.50,yearly_2023.zip,0.9656407723,34.569940,35.535580,33.990555,34.280247,OK
20230503,4916,事欣科,6496721,35.70,36.70,35.10,35.15,yearly_2023.zip,0.9656407723,34.473376,35.439016,33.893991,33.942273,OK
20230504,4916,事欣科,5978364,36.00,36.35,35.35,35.70,yearly_2023.zip,0.9656407723,34.763068,35.101042,34.135401,34.473376,OK
20230505,4916,事欣科,4814496,36.10,36.50,35.15,35.70,yearly_2023.zip,0.9656407723,34.859632,35.245888,33.942273,34.473376,OK
20230508,4916,事欣科,2357422,36.20,36.25,35.30,35.30,yearly_2023.zip,0.9656407723,34.956196,35.004478,34.087119,34.087119,OK
20230509,4916,事欣科,2250753,35.50,35.50,34.20,34.50,yearly_2023.zip,0.9656407723,34.280247,34.280247,33.024914,33.314607,OK
20230510,4916,事欣科,2935195,34.65,35.80,34.50,35.45,yearly_2023.zip,0.9656407723,33.459453,34.569940,33.314607,34.231965,OK
20230511,4916,事欣科,4624356,35.20,35.85,33.00,33.65,yearly_2023.zip,0.9656407723,33.990555,34.618222,31.866145,32.493812,OK
20230512,4916,事欣科,4089582,32.50,32.75,31.35,32.65,yearly_2023.zip,0.9656407723,31.383325,31.624735,30.272838,31.528171,OK
20230515,4916,事欣科,1681183,32.35,32.35,31.55,31.85,yearly_2023.zip,0.9656407723,31.238479,31.238479,30.465966,30.755659,OK
20230516,4916,事欣科,1454411,32.10,32.60,32.00,32.25,yearly_2023.zip,0.9656407723,30.997069,31.479889,30.900505,31.141915,OK
20230517,4916,事欣科,2378948,32.20,33.55,32.20,33.40,yearly_2023.zip,0.9656407723,31.093633,32.397248,31.093633,32.252402,OK
20230518,4916,事欣科,5181760,33.90,34.80,33.65,33.80,yearly_2023.zip,0.9656407723,32.735222,33.604299,32.493812,32.638658,OK
20230519,4916,事欣科,2166263,33.90,34.50,33.40,33.40,yearly_2023.zip,0.9656407723,32.735222,33.314607,32.252402,32.252402,OK
20230522,4916,事欣科,4935587,33.45,35.15,33.40,35.00,yearly_2023.zip,0.9656407723,32.300684,33.942273,32.252402,33.797427,OK
20230523,4916,事欣科,5332535,34.50,35.65,34.45,35.50,yearly_2023.zip,0.9656407723,33.314607,34.425094,33.266325,34.280247,OK
20230524,4916,事欣科,5846120,35.85,36.50,35.05,35.25,yearly_2023.zip,0.9656407723,34.618222,35.245888,33.845709,34.038837,OK
20230526,4916,事欣科,2458900,34.45,34.45,33.00,33.10,yearly_2023.zip,0.9656407723,33.266325,33.266325,31.866145,31.962710,OK
20230529,4916,事欣科,2043889,33.30,34.70,33.15,34.40,yearly_2023.zip,0.9656407723,32.155838,33.507735,32.010992,33.218043,OK
20230530,4916,事欣科,1795267,34.40,34.75,33.50,34.10,yearly_2023.zip,0.9656407723,33.218043,33.556017,32.348966,32.928350,OK
20230531,4916,事欣科,12472898,34.40,36.30,34.05,36.10,yearly_2023.zip,0.9656407723,33.218043,35.052760,32.880068,34.859632,OK
20230601,4916,事欣科,5772687,36.10,36.40,35.60,35.90,yearly_2023.zip,0.9656407723,34.859632,35.149324,34.376811,34.666504,OK
20230602,4916,事欣科,3565005,35.90,36.05,35.10,35.30,yearly_2023.zip,0.9656407723,34.666504,34.811350,33.893991,34.087119,OK
20230605,4916,事欣科,33175254,36.75,38.80,36.20,38.00,yearly_2023.zip,0.9656407723,35.487298,37.466862,34.956196,36.694349,OK
20230606,4916,事欣科,16594642,38.65,38.75,35.80,36.20,yearly_2023.zip,0.9656407723,37.322016,37.418580,34.569940,34.956196,OK
20230607,4916,事欣科,3714992,36.00,36.80,35.95,36.15,yearly_2023.zip,0.9656407723,34.763068,35.535580,34.714786,34.907914,OK
20230608,4916,事欣科,3812301,36.40,36.70,35.35,36.20,yearly_2023.zip,0.9656407723,35.149324,35.439016,34.135401,34.956196,OK
20230609,4916,事欣科,2416369,36.45,36.55,35.85,36.30,yearly_2023.zip,0.9656407723,35.197606,35.294170,34.618222,35.052760,OK
20230612,4916,事欣科,4005458,37.20,37.25,36.00,36.05,yearly_2023.zip,0.9656407723,35.921837,35.970119,34.763068,34.811350,OK
20230613,4916,事欣科,2893957,36.15,36.65,35.70,35.70,yearly_2023.zip,0.9656407723,34.907914,35.390734,34.473376,34.473376,OK
20230614,4916,事欣科,2124254,35.80,36.00,35.35,35.80,yearly_2023.zip,0.9656407723,34.569940,34.763068,34.135401,34.569940,OK
20230615,4916,事欣科,4851760,36.20,36.60,36.00,36.25,yearly_2023.zip,0.9656407723,34.956196,35.342452,34.763068,35.004478,OK
20230616,4916,事欣科,14249983,36.65,38.15,36.65,37.10,yearly_2023.zip,0.9656407723,35.390734,36.839195,35.390734,35.825273,OK
20230619,4916,事欣科,24156436,36.80,40.80,36.75,40.80,yearly_2023.zip,0.9656407723,35.535580,39.398144,35.487298,39.398144,OK
20230620,4916,事欣科,23917987,42.85,44.85,42.50,44.85,yearly_2023.zip,0.9656407723,41.377707,43.308989,41.039733,43.308989,OK
20230621,4916,事欣科,58133827,46.60,49.20,45.50,47.75,yearly_2023.zip,0.9656407723,44.998860,47.509526,43.936655,46.109347,OK
20230626,4916,事欣科,20218959,48.55,49.00,44.20,45.55,yearly_2023.zip,0.9656407723,46.881859,47.316398,42.681322,43.984937,OK
20230627,4916,事欣科,10703307,45.90,45.95,42.10,42.25,yearly_2023.zip,0.9656407723,44.322911,44.371193,40.653477,40.798323,OK
20230628,4916,事欣科,8597331,43.05,43.90,42.25,42.25,yearly_2023.zip,0.9656407723,41.570835,42.391630,40.798323,40.798323,OK
20230629,4916,事欣科,5375474,42.65,43.70,42.50,42.75,yearly_2023.zip,0.9656407723,41.184579,42.198502,41.039733,41.281143,OK
20230630,4916,事欣科,4468387,42.40,42.80,41.85,42.35,yearly_2023.zip,0.9743012276,41.310372,41.700093,40.774506,41.261657,OK
20230703,4916,事欣科,6402112,43.30,43.90,42.85,43.00,yearly_2023.zip,0.9743012276,42.187243,42.771824,41.748808,41.894953,OK
20230704,4916,事欣科,5755735,43.70,43.70,42.05,42.60,yearly_2023.zip,0.9743012276,42.576964,42.576964,40.969367,41.505232,OK
20230705,4916,事欣科,3368233,43.20,43.45,42.30,42.70,yearly_2023.zip,0.9743012276,42.089813,42.333388,41.212942,41.602662,OK
20230706,4916,事欣科,3585334,42.65,43.45,42.35,42.35,yearly_2023.zip,0.9743012276,41.553947,42.333388,41.261657,41.261657,OK
20230707,4916,事欣科,5276544,42.00,42.35,40.75,40.75,yearly_2023.zip,0.9743012276,40.920652,41.261657,39.702775,39.702775,OK
20230710,4916,事欣科,3091309,41.10,41.65,40.30,41.00,yearly_2023.zip,0.9743012276,40.043780,40.579646,39.264339,39.946350,OK
20230711,4916,事欣科,9712322,42.05,43.60,42.00,43.50,yearly_2023.zip,0.9743012276,40.969367,42.479534,40.920652,42.382103,OK
20230712,4916,事欣科,6742584,43.05,43.30,41.10,41.25,yearly_2023.zip,0.9743012276,41.943668,42.187243,40.043780,40.189926,OK
20230713,4916,事欣科,5042610,41.25,41.65,40.10,40.10,yearly_2023.zip,0.9743012276,40.189926,40.579646,39.069479,39.069479,OK
20230714,4916,事欣科,2042358,40.40,41.15,40.10,40.35,yearly_2023.zip,0.9743012276,39.361770,40.092496,39.069479,39.313055,OK
20230717,4916,事欣科,3542602,41.00,41.95,40.20,41.60,yearly_2023.zip,0.9743012276,39.946350,40.871936,39.166909,40.530931,OK
20230718,4916,事欣科,4478126,42.00,42.20,39.15,39.30,yearly_2023.zip,0.9743012276,40.920652,41.115512,38.143893,38.290038,OK
20230719,4916,事欣科,2349321,40.00,40.00,38.70,38.95,yearly_2023.zip,0.9743012276,38.972049,38.972049,37.705458,37.949033,OK
20230720,4916,事欣科,3373379,39.10,41.15,39.10,41.15,yearly_2023.zip,0.9743012276,38.095178,40.092496,38.095178,40.092496,OK
20230721,4916,事欣科,14042282,41.05,43.20,41.05,42.70,yearly_2023.zip,0.9743012276,39.995065,42.089813,39.995065,41.602662,OK
20230724,4916,事欣科,4479741,42.25,42.70,40.20,40.30,yearly_2023.zip,0.9743012276,41.164227,41.602662,39.166909,39.264339,OK
20230725,4916,事欣科,2658507,40.50,40.95,39.50,40.45,yearly_2023.zip,0.9743012276,39.459200,39.897635,38.484898,39.410485,OK
20230726,4916,事欣科,2035788,40.45,40.50,39.45,39.45,yearly_2023.zip,0.9743012276,39.410485,39.459200,38.436183,38.436183,OK
20230727,4916,事欣科,2201671,39.70,41.25,39.65,40.50,yearly_2023.zip,0.9743012276,38.679759,40.189926,38.631044,39.459200,OK
20230728,4916,事欣科,1284480,40.90,41.00,39.85,40.05,yearly_2023.zip,0.9743012276,39.848920,39.946350,38.825904,39.020764,OK
20230731,4916,事欣科,7360864,40.75,42.70,40.55,42.30,yearly_2023.zip,0.9743012276,39.702775,41.602662,39.507915,41.212942,OK
20230801,4916,事欣科,7363678,42.70,42.85,40.85,41.95,yearly_2023.zip,0.9743012276,41.602662,41.748808,39.800205,40.871936,OK
20230802,4916,事欣科,3600534,42.00,42.35,39.80,40.10,yearly_2023.zip,0.9743012276,40.920652,41.261657,38.777189,39.069479,OK
20230804,4916,事欣科,1347056,40.05,40.60,39.60,40.30,yearly_2023.zip,0.9743012276,39.020764,39.556630,38.582329,39.264339,OK
20230807,4916,事欣科,1766474,40.10,40.10,39.25,39.80,yearly_2023.zip,0.9743012276,39.069479,39.069479,38.241323,38.777189,OK
20230808,4916,事欣科,6002389,39.80,41.90,39.65,41.15,yearly_2023.zip,0.9743012276,38.777189,40.823221,38.631044,40.092496,OK
20230809,4916,事欣科,1722072,41.55,41.55,40.10,40.35,yearly_2023.zip,0.9743012276,40.482216,40.482216,39.069479,39.313055,OK
20230810,4916,事欣科,1661986,40.35,40.50,39.25,39.60,yearly_2023.zip,0.9743012276,39.313055,39.459200,38.241323,38.582329,OK
20230811,4916,事欣科,2159797,40.00,40.80,39.70,39.85,yearly_2023.zip,0.9743012276,38.972049,39.751490,38.679759,38.825904,OK
20230814,4916,事欣科,3053402,40.00,40.25,37.00,37.00,yearly_2023.zip,0.9743012276,38.972049,39.215624,36.049145,36.049145,OK
20230815,4916,事欣科,1806634,37.60,37.70,36.40,37.20,yearly_2023.zip,0.9743012276,36.633726,36.731156,35.464565,36.244006,OK
20230816,4916,事欣科,1778458,36.70,37.70,35.60,37.25,yearly_2023.zip,0.9743012276,35.756855,36.731156,34.685124,36.292721,OK
20230817,4916,事欣科,1414126,37.00,38.30,36.40,38.15,yearly_2023.zip,0.9743012276,36.049145,37.315737,35.464565,37.169592,OK
20230818,4916,事欣科,1207954,38.10,38.50,37.30,37.65,yearly_2023.zip,0.9743012276,37.120877,37.510597,36.341436,36.682441,OK
20230821,4916,事欣科,771633,38.00,38.30,37.70,37.70,yearly_2023.zip,0.9743012276,37.023447,37.315737,36.731156,36.731156,OK
20230822,4916,事欣科,1163363,38.05,38.15,36.60,36.80,yearly_2023.zip,0.9743012276,37.072162,37.169592,35.659425,35.854285,OK
20230823,4916,事欣科,3515009,38.00,38.95,37.45,38.00,yearly_2023.zip,0.9743012276,37.023447,37.949033,36.487581,37.023447,OK
20230824,4916,事欣科,7950685,38.05,41.15,38.00,40.75,yearly_2023.zip,0.9743012276,37.072162,40.092496,37.023447,39.702775,OK
20230825,4916,事欣科,6101901,40.90,41.80,40.10,40.40,yearly_2023.zip,0.9743012276,39.848920,40.725791,39.069479,39.361770,OK
20230828,4916,事欣科,6557207,40.50,41.85,40.10,40.10,yearly_2023.zip,0.9743012276,39.459200,40.774506,39.069479,39.069479,OK
20230829,4916,事欣科,5519214,40.50,41.60,39.50,40.95,yearly_2023.zip,0.9743012276,39.459200,40.530931,38.484898,39.897635,OK
20230830,4916,事欣科,3578100,41.00,41.60,40.30,41.25,yearly_2023.zip,0.9743012276,39.946350,40.530931,39.264339,40.189926,OK
20230831,4916,事欣科,3122141,41.35,41.60,40.95,40.95,yearly_2023.zip,0.9743012276,40.287356,40.530931,39.897635,39.897635,OK
20230901,4916,事欣科,1557610,41.00,41.30,40.70,40.75,yearly_2023.zip,0.9743012276,39.946350,40.238641,39.654060,39.702775,OK
20230904,4916,事欣科,1355820,41.05,41.15,40.25,40.80,yearly_2023.zip,0.9743012276,39.995065,40.092496,39.215624,39.751490,OK
20230905,4916,事欣科,2031443,41.00,41.50,40.65,40.65,yearly_2023.zip,0.9743012276,39.946350,40.433501,39.605345,39.605345,OK
20230906,4916,事欣科,2452744,40.80,40.85,39.60,39.60,yearly_2023.zip,0.9743012276,39.751490,39.800205,38.582329,38.582329,OK
20230907,4916,事欣科,2118324,39.50,39.85,38.40,38.40,yearly_2023.zip,0.9743012276,38.484898,38.825904,37.413167,37.413167,OK
20230908,4916,事欣科,1716779,38.40,39.60,38.15,39.20,yearly_2023.zip,0.9743012276,37.413167,38.582329,37.169592,38.192608,OK
20230911,4916,事欣科,8711327,40.00,42.20,39.50,39.50,yearly_2023.zip,0.9743012276,38.972049,41.115512,38.484898,38.484898,OK
20230912,4916,事欣科,7276972,40.20,42.20,39.50,39.85,yearly_2023.zip,0.9743012276,39.166909,41.115512,38.484898,38.825904,OK
20230913,4916,事欣科,1903789,39.95,40.55,39.65,40.45,yearly_2023.zip,0.9743012276,38.923334,39.507915,38.631044,39.410485,OK
20230914,4916,事欣科,3332109,41.70,41.70,40.65,40.95,yearly_2023.zip,0.9743012276,40.628361,40.628361,39.605345,39.897635,OK
20230915,4916,事欣科,2741719,41.20,41.25,39.55,39.55,yearly_2023.zip,0.9743012276,40.141211,40.189926,38.533614,38.533614,OK
20230918,4916,事欣科,1546378,39.55,40.55,39.05,39.20,yearly_2023.zip,0.9743012276,38.533614,39.507915,38.046463,38.192608,OK
20230919,4916,事欣科,1965309,39.05,39.10,38.20,38.20,yearly_2023.zip,0.9743012276,38.046463,38.095178,37.218307,37.218307,OK
20230920,4916,事欣科,1022018,38.20,38.50,37.65,37.70,yearly_2023.zip,0.9743012276,37.218307,37.510597,36.682441,36.731156,OK
20230921,4916,事欣科,1165895,37.70,37.70,36.80,37.00,yearly_2023.zip,0.9743012276,36.731156,36.731156,35.854285,36.049145,OK
20230922,4916,事欣科,748246,36.70,37.50,36.50,37.30,yearly_2023.zip,0.9743012276,35.756855,36.536296,35.561995,36.341436,OK
20230925,4916,事欣科,534501,37.30,38.20,37.30,37.85,yearly_2023.zip,0.9743012276,36.341436,37.218307,36.341436,36.877301,OK
20230926,4916,事欣科,661424,37.85,37.95,37.00,37.00,yearly_2023.zip,0.9743012276,36.877301,36.974732,36.049145,36.049145,OK
20230927,4916,事欣科,454429,36.80,37.20,36.60,36.70,yearly_2023.zip,0.9743012276,35.854285,36.244006,35.659425,35.756855,OK
20230928,4916,事欣科,326236,36.80,37.45,36.80,37.00,yearly_2023.zip,0.9743012276,35.854285,36.487581,35.854285,36.049145,OK
20231002,4916,事欣科,527179,37.20,37.95,37.20,37.95,yearly_2023.zip,0.9743012276,36.244006,36.974732,36.244006,36.974732,OK
20231003,4916,事欣科,482683,37.85,37.95,37.30,37.30,yearly_2023.zip,0.9743012276,36.877301,36.974732,36.341436,36.341436,OK
20231004,4916,事欣科,389640,36.95,37.20,36.65,37.00,yearly_2023.zip,0.9743012276,36.000430,36.244006,35.708140,36.049145,OK
20231005,4916,事欣科,368257,37.20,37.60,37.10,37.25,yearly_2023.zip,0.9743012276,36.244006,36.633726,36.146576,36.292721,OK
20231006,4916,事欣科,292786,37.35,37.50,37.15,37.50,yearly_2023.zip,0.9743012276,36.390151,36.536296,36.195291,36.536296,OK
20231011,4916,事欣科,4767361,38.30,39.30,37.60,38.70,yearly_2023.zip,0.9743012276,37.315737,38.290038,36.633726,37.705458,OK
20231012,4916,事欣科,2084686,38.30,38.80,37.75,38.65,yearly_2023.zip,0.9743012276,37.315737,37.802888,36.779871,37.656742,OK
20231013,4916,事欣科,744258,38.40,38.50,37.80,37.80,yearly_2023.zip,0.9743012276,37.413167,37.510597,36.828586,36.828586,OK
20231016,4916,事欣科,756360,37.60,38.05,36.90,36.90,yearly_2023.zip,0.9743012276,36.633726,37.072162,35.951715,35.951715,OK
20231017,4916,事欣科,827412,37.05,37.20,36.20,36.20,yearly_2023.zip,0.9743012276,36.097860,36.244006,35.269704,35.269704,OK
20231018,4916,事欣科,859634,36.20,36.40,35.10,35.15,yearly_2023.zip,0.9743012276,35.269704,35.464565,34.197973,34.246688,OK
20231019,4916,事欣科,581186,35.00,35.50,34.75,34.75,yearly_2023.zip,0.9743012276,34.100543,34.587694,33.856968,33.856968,OK
20231020,4916,事欣科,761769,34.75,34.75,33.75,34.10,yearly_2023.zip,0.9743012276,33.856968,33.856968,32.882666,33.223672,OK
20231023,4916,事欣科,416594,34.20,35.05,33.90,34.50,yearly_2023.zip,0.9743012276,33.321102,34.149258,33.028812,33.613392,OK
20231024,4916,事欣科,475664,34.70,35.35,34.30,35.30,yearly_2023.zip,0.9743012276,33.808253,34.441548,33.418532,34.392833,OK
20231025,4916,事欣科,421943,35.50,35.75,35.15,35.25,yearly_2023.zip,0.9743012276,34.587694,34.831269,34.246688,34.344118,OK
20231026,4916,事欣科,347527,34.50,35.20,34.45,34.50,yearly_2023.zip,0.9743012276,33.613392,34.295403,33.564677,33.613392,OK
20231027,4916,事欣科,336243,34.50,34.90,34.25,34.25,yearly_2023.zip,0.9743012276,33.613392,34.003113,33.369817,33.369817,OK
20231030,4916,事欣科,258269,34.30,34.50,34.15,34.15,yearly_2023.zip,0.9743012276,33.418532,33.613392,33.272387,33.272387,OK
20231031,4916,事欣科,642794,34.45,35.25,33.60,33.60,yearly_2023.zip,0.9743012276,33.564677,34.344118,32.736521,32.736521,OK
20231101,4916,事欣科,220895,34.05,34.25,33.85,33.90,yearly_2023.zip,0.9743012276,33.174957,33.369817,32.980097,33.028812,OK
20231102,4916,事欣科,341133,34.20,34.80,34.20,34.65,yearly_2023.zip,0.9743012276,33.321102,33.905683,33.321102,33.759538,OK
20231103,4916,事欣科,375161,34.75,35.30,34.75,35.30,yearly_2023.zip,0.9743012276,33.856968,34.392833,33.856968,34.392833,OK
20231106,4916,事欣科,340011,35.15,35.60,35.15,35.45,yearly_2023.zip,0.9743012276,34.246688,34.685124,34.246688,34.538979,OK
20231107,4916,事欣科,254498,35.25,35.25,34.80,34.90,yearly_2023.zip,0.9743012276,34.344118,34.344118,33.905683,34.003113,OK
20231108,4916,事欣科,255695,34.95,35.35,34.90,35.10,yearly_2023.zip,0.9743012276,34.051828,34.441548,34.003113,34.197973,OK
20231109,4916,事欣科,276117,35.10,35.10,34.45,34.50,yearly_2023.zip,0.9743012276,34.197973,34.197973,33.564677,33.613392,OK
20231110,4916,事欣科,472459,34.80,35.50,34.80,34.85,yearly_2023.zip,0.9743012276,33.905683,34.587694,33.905683,33.954398,OK
20231113,4916,事欣科,1171949,35.65,36.40,35.25,36.20,yearly_2023.zip,0.9743012276,34.733839,35.464565,34.344118,35.269704,OK
20231114,4916,事欣科,552950,36.60,36.80,35.85,36.30,yearly_2023.zip,0.9743012276,35.659425,35.854285,34.928699,35.367135,OK
20231115,4916,事欣科,699192,36.50,36.75,36.30,36.50,yearly_2023.zip,0.9743012276,35.561995,35.805570,35.367135,35.561995,OK
20231116,4916,事欣科,3727305,36.70,37.95,36.60,37.20,yearly_2023.zip,0.9743012276,35.756855,36.974732,35.659425,36.244006,OK
20231117,4916,事欣科,1071083,37.70,37.80,37.30,37.40,yearly_2023.zip,0.9743012276,36.731156,36.828586,36.341436,36.438866,OK
20231120,4916,事欣科,561479,37.70,37.70,37.15,37.45,yearly_2023.zip,0.9743012276,36.731156,36.731156,36.195291,36.487581,OK
20231121,4916,事欣科,768567,37.70,37.85,37.25,37.45,yearly_2023.zip,0.9743012276,36.731156,36.877301,36.292721,36.487581,OK
20231122,4916,事欣科,514594,37.50,37.95,37.50,37.50,yearly_2023.zip,0.9743012276,36.536296,36.974732,36.536296,36.536296,OK
20231123,4916,事欣科,532227,37.60,37.80,37.30,37.30,yearly_2023.zip,0.9743012276,36.633726,36.828586,36.341436,36.341436,OK
20231124,4916,事欣科,2122589,37.80,38.40,37.45,37.45,yearly_2023.zip,0.9743012276,36.828586,37.413167,36.487581,36.487581,OK
20231127,4916,事欣科,1024387,37.55,37.80,36.30,36.30,yearly_2023.zip,0.9743012276,36.585011,36.828586,35.367135,35.367135,OK
20231128,4916,事欣科,306330,36.40,36.70,36.35,36.65,yearly_2023.zip,0.9743012276,35.464565,35.756855,35.415850,35.708140,OK
20231129,4916,事欣科,538017,36.80,37.45,36.70,37.30,yearly_2023.zip,0.9743012276,35.854285,36.487581,35.756855,36.341436,OK
20231130,4916,事欣科,587076,37.40,37.65,37.00,37.20,yearly_2023.zip,0.9743012276,36.438866,36.682441,36.049145,36.244006,OK
20231201,4916,事欣科,416104,37.20,37.60,37.10,37.40,yearly_2023.zip,0.9743012276,36.244006,36.633726,36.146576,36.438866,OK
20231204,4916,事欣科,911821,37.50,37.85,37.30,37.45,yearly_2023.zip,0.9743012276,36.536296,36.877301,36.341436,36.487581,OK
20231205,4916,事欣科,658182,37.45,37.45,36.70,36.75,yearly_2023.zip,0.9743012276,36.487581,36.487581,35.756855,35.805570,OK
20231206,4916,事欣科,344730,36.80,37.00,36.65,36.70,yearly_2023.zip,0.9743012276,35.854285,36.049145,35.708140,35.756855,OK
20231207,4916,事欣科,582332,36.60,37.30,36.30,36.35,yearly_2023.zip,0.9743012276,35.659425,36.341436,35.367135,35.415850,OK
20231208,4916,事欣科,394560,36.60,36.70,36.30,36.35,yearly_2023.zip,0.9743012276,35.659425,35.756855,35.367135,35.415850,OK
20231211,4916,事欣科,1524828,35.50,35.50,35.05,35.05,yearly_2023.zip,0.9743012276,34.587694,34.587694,34.149258,34.149258,OK
20231212,4916,事欣科,984304,35.35,35.60,34.75,35.00,yearly_2023.zip,0.9743012276,34.441548,34.685124,33.856968,34.100543,OK
20231213,4916,事欣科,781395,35.50,35.50,34.70,34.70,yearly_2023.zip,0.9743012276,34.587694,34.587694,33.808253,33.808253,OK
20231214,4916,事欣科,604272,34.60,35.30,34.60,34.95,yearly_2023.zip,0.9743012276,33.710822,34.392833,33.710822,34.051828,OK
20231215,4916,事欣科,694635,35.05,35.70,34.85,35.20,yearly_2023.zip,0.9743012276,34.149258,34.782554,33.954398,34.295403,OK
20231218,4916,事欣科,368604,35.20,35.30,34.80,35.00,yearly_2023.zip,0.9743012276,34.295403,34.392833,33.905683,34.100543,OK
20231219,4916,事欣科,526421,35.05,35.20,34.30,34.55,yearly_2023.zip,0.9743012276,34.149258,34.295403,33.418532,33.662107,OK
20231220,4916,事欣科,631003,35.05,35.90,35.05,35.30,yearly_2023.zip,0.9743012276,34.149258,34.977414,34.149258,34.392833,OK
20231221,4916,事欣科,550689,34.95,35.70,34.95,35.00,yearly_2023.zip,0.9743012276,34.051828,34.782554,34.051828,34.100543,OK
20231222,4916,事欣科,273556,35.10,35.30,34.85,34.85,yearly_2023.zip,0.9743012276,34.197973,34.392833,33.954398,33.954398,OK
20231225,4916,事欣科,241843,34.85,35.20,34.85,35.10,yearly_2023.zip,0.9743012276,33.954398,34.295403,33.954398,34.197973,OK
20231226,4916,事欣科,279373,35.35,35.40,35.10,35.30,yearly_2023.zip,0.9743012276,34.441548,34.490263,34.197973,34.392833,OK
20231227,4916,事欣科,427088,35.30,35.60,35.20,35.40,yearly_2023.zip,0.9743012276,34.392833,34.685124,34.295403,34.490263,OK
20231228,4916,事欣科,223254,35.40,35.40,35.15,35.30,yearly_2023.zip,0.9743012276,34.490263,34.490263,34.246688,34.392833,OK
20231229,4916,事欣科,310162,35.35,35.65,35.25,35.45,yearly_2023.zip,0.9743012276,34.441548,34.733839,34.344118,34.538979,OK
20240102,4916,事欣科,505564,35.45,35.70,35.20,35.60,yearly_2024.zip,0.9743012276,34.538979,34.782554,34.295403,34.685124,OK
20240103,4916,事欣科,334871,35.60,35.75,35.45,35.55,yearly_2024.zip,0.9743012276,34.685124,34.831269,34.538979,34.636409,OK
20240104,4916,事欣科,492205,35.45,35.70,35.25,35.30,yearly_2024.zip,0.9743012276,34.538979,34.782554,34.344118,34.392833,OK
20240105,4916,事欣科,389857,35.60,35.75,35.40,35.60,yearly_2024.zip,0.9743012276,34.685124,34.831269,34.490263,34.685124,OK
20240108,4916,事欣科,507583,35.85,36.10,35.40,35.40,yearly_2024.zip,0.9743012276,34.928699,35.172274,34.490263,34.490263,OK
20240109,4916,事欣科,546277,35.45,35.45,34.70,34.70,yearly_2024.zip,0.9743012276,34.538979,34.538979,33.808253,33.808253,OK
20240110,4916,事欣科,895077,34.95,36.10,34.40,34.40,yearly_2024.zip,0.9743012276,34.051828,35.172274,33.515962,33.515962,OK
20240111,4916,事欣科,589212,34.40,34.40,33.80,34.00,yearly_2024.zip,0.9743012276,33.515962,33.515962,32.931381,33.126242,OK
20240112,4916,事欣科,511887,34.30,35.00,33.95,34.40,yearly_2024.zip,0.9743012276,33.418532,34.100543,33.077527,33.515962,OK
20240115,4916,事欣科,664858,35.30,35.65,34.80,34.90,yearly_2024.zip,0.9743012276,34.392833,34.733839,33.905683,34.003113,OK
20240116,4916,事欣科,553133,34.90,34.90,34.00,34.05,yearly_2024.zip,0.9743012276,34.003113,34.003113,33.126242,33.174957,OK
20240117,4916,事欣科,609401,33.95,34.00,33.45,33.45,yearly_2024.zip,0.9743012276,33.077527,33.126242,32.590376,32.590376,OK
20240118,4916,事欣科,275198,33.60,34.00,33.25,33.25,yearly_2024.zip,0.9743012276,32.736521,33.126242,32.395516,32.395516,OK
20240119,4916,事欣科,289071,33.60,33.80,33.15,33.30,yearly_2024.zip,0.9743012276,32.736521,32.931381,32.298086,32.444231,OK
20240122,4916,事欣科,297678,33.45,34.00,33.40,33.90,yearly_2024.zip,0.9743012276,32.590376,33.126242,32.541661,33.028812,OK
20240123,4916,事欣科,291620,33.90,34.20,33.60,33.90,yearly_2024.zip,0.9743012276,33.028812,33.321102,32.736521,33.028812,OK
20240124,4916,事欣科,278563,34.10,34.30,33.95,34.25,yearly_2024.zip,0.9743012276,33.223672,33.418532,33.077527,33.369817,OK
20240125,4916,事欣科,229362,34.30,34.30,33.90,33.95,yearly_2024.zip,0.9743012276,33.418532,33.418532,33.028812,33.077527,OK
20240126,4916,事欣科,203549,34.00,34.00,33.75,33.80,yearly_2024.zip,0.9743012276,33.126242,33.126242,32.882666,32.931381,OK
20240129,4916,事欣科,250766,33.80,34.20,33.80,34.10,yearly_2024.zip,0.9743012276,32.931381,33.321102,32.931381,33.223672,OK
20240130,4916,事欣科,192445,34.20,34.20,33.65,33.75,yearly_2024.zip,0.9743012276,33.321102,33.321102,32.785236,32.882666,OK
20240131,4916,事欣科,242383,33.70,33.75,33.30,33.35,yearly_2024.zip,0.9743012276,32.833951,32.882666,32.444231,32.492946,OK
20240201,4916,事欣科,545064,33.35,33.60,33.00,33.40,yearly_2024.zip,0.9743012276,32.492946,32.736521,32.151941,32.541661,OK
20240202,4916,事欣科,290722,33.50,33.70,33.35,33.40,yearly_2024.zip,0.9743012276,32.639091,32.833951,32.492946,32.541661,OK
20240205,4916,事欣科,480716,33.50,33.50,32.90,33.00,yearly_2024.zip,0.9743012276,32.639091,32.639091,32.054510,32.151941,OK
20240215,4916,事欣科,438574,33.15,33.25,32.50,33.25,yearly_2024.zip,0.9743012276,32.298086,32.395516,31.664790,32.395516,OK
20240216,4916,事欣科,679310,33.70,34.50,33.50,34.50,yearly_2024.zip,0.9743012276,32.833951,33.613392,32.639091,33.613392,OK
20240219,4916,事欣科,513236,34.55,34.70,34.40,34.40,yearly_2024.zip,0.9743012276,33.662107,33.808253,33.515962,33.515962,OK
20240220,4916,事欣科,278494,34.50,34.50,34.00,34.20,yearly_2024.zip,0.9743012276,33.613392,33.613392,33.126242,33.321102,OK
20240221,4916,事欣科,288041,34.15,34.40,34.15,34.30,yearly_2024.zip,0.9743012276,33.272387,33.515962,33.272387,33.418532,OK
20240222,4916,事欣科,523746,34.35,34.45,33.95,34.05,yearly_2024.zip,0.9743012276,33.467247,33.564677,33.077527,33.174957,OK
20240223,4916,事欣科,632580,34.20,34.80,34.20,34.25,yearly_2024.zip,0.9743012276,33.321102,33.905683,33.321102,33.369817,OK
20240226,4916,事欣科,436528,34.25,34.60,34.00,34.55,yearly_2024.zip,0.9743012276,33.369817,33.710822,33.126242,33.662107,OK
20240227,4916,事欣科,590584,34.55,34.75,33.70,33.85,yearly_2024.zip,0.9743012276,33.662107,33.856968,32.833951,32.980097,OK
20240229,4916,事欣科,433710,33.90,34.55,33.90,34.40,yearly_2024.zip,0.9743012276,33.028812,33.662107,33.028812,33.515962,OK
20240301,4916,事欣科,462930,34.35,34.55,34.25,34.45,yearly_2024.zip,0.9743012276,33.467247,33.662107,33.369817,33.564677,OK
20240304,4916,事欣科,623867,34.50,34.75,34.25,34.40,yearly_2024.zip,0.9743012276,33.613392,33.856968,33.369817,33.515962,OK
20240305,4916,事欣科,529646,34.30,34.60,33.95,34.15,yearly_2024.zip,0.9743012276,33.418532,33.710822,33.077527,33.272387,OK
20240306,4916,事欣科,2944258,34.10,35.95,33.95,35.40,yearly_2024.zip,0.9743012276,33.223672,35.026129,33.077527,34.490263,OK
20240307,4916,事欣科,1078427,35.20,35.40,34.30,34.50,yearly_2024.zip,0.9743012276,34.295403,34.490263,33.418532,33.613392,OK
20240308,4916,事欣科,1482031,34.50,34.50,32.95,33.05,yearly_2024.zip,0.9743012276,33.613392,33.613392,32.103225,32.200656,OK
20240311,4916,事欣科,600717,33.70,34.10,33.20,33.95,yearly_2024.zip,0.9743012276,32.833951,33.223672,32.346801,33.077527,OK
20240312,4916,事欣科,1017581,34.05,35.25,34.05,35.00,yearly_2024.zip,0.9743012276,33.174957,34.344118,33.174957,34.100543,OK
20240313,4916,事欣科,479981,35.25,35.25,34.10,34.15,yearly_2024.zip,0.9743012276,34.344118,34.344118,33.223672,33.272387,OK
20240314,4916,事欣科,2297932,33.35,33.45,31.50,31.75,yearly_2024.zip,0.9743012276,32.492946,32.590376,30.690489,30.934064,OK
20240315,4916,事欣科,544877,32.00,32.05,31.70,31.75,yearly_2024.zip,0.9743012276,31.177639,31.226354,30.885349,30.934064,OK
20240318,4916,事欣科,710508,32.20,32.20,31.10,31.25,yearly_2024.zip,0.9743012276,31.372500,31.372500,30.300768,30.446913,OK
20240319,4916,事欣科,607063,31.55,31.55,31.05,31.10,yearly_2024.zip,0.9743012276,30.739204,30.739204,30.252053,30.300768,OK
20240320,4916,事欣科,683929,31.05,31.05,30.50,30.70,yearly_2024.zip,0.9743012276,30.252053,30.252053,29.716187,29.911048,OK
20240321,4916,事欣科,292977,30.80,31.25,30.80,31.00,yearly_2024.zip,0.9743012276,30.008478,30.446913,30.008478,30.203338,OK
20240322,4916,事欣科,1246923,31.20,32.65,31.00,32.25,yearly_2024.zip,0.9743012276,30.398198,31.810935,30.203338,31.421215,OK
20240325,4916,事欣科,648277,32.25,32.30,31.80,32.00,yearly_2024.zip,0.9743012276,31.421215,31.469930,30.982779,31.177639,OK
20240326,4916,事欣科,508857,32.25,32.25,31.25,31.35,yearly_2024.zip,0.9743012276,31.421215,31.421215,30.446913,30.544343,OK
20240327,4916,事欣科,658220,31.20,32.35,31.20,32.10,yearly_2024.zip,0.9743012276,30.398198,31.518645,30.398198,31.275069,OK
20240328,4916,事欣科,605392,32.10,32.80,31.70,32.00,yearly_2024.zip,0.9743012276,31.275069,31.957080,30.885349,31.177639,OK
20240329,4916,事欣科,313557,31.90,32.10,31.50,31.60,yearly_2024.zip,0.9743012276,31.080209,31.275069,30.690489,30.787919,OK
20240401,4916,事欣科,341798,31.70,32.05,31.55,31.80,yearly_2024.zip,0.9743012276,30.885349,31.226354,30.739204,30.982779,OK
20240402,4916,事欣科,265582,31.85,32.00,31.70,31.90,yearly_2024.zip,0.9743012276,31.031494,31.177639,30.885349,31.080209,OK
20240403,4916,事欣科,344156,31.85,31.90,31.25,31.40,yearly_2024.zip,0.9743012276,31.031494,31.080209,30.446913,30.593059,OK
20240408,4916,事欣科,362496,31.65,32.35,31.55,31.75,yearly_2024.zip,0.9743012276,30.836634,31.518645,30.739204,30.934064,OK
20240409,4916,事欣科,434838,31.85,32.45,31.80,32.25,yearly_2024.zip,0.9743012276,31.031494,31.616075,30.982779,31.421215,OK
20240410,4916,事欣科,547354,32.30,32.75,32.30,32.30,yearly_2024.zip,0.9743012276,31.469930,31.908365,31.469930,31.469930,OK
20240411,4916,事欣科,2739247,33.50,34.70,33.15,34.00,yearly_2024.zip,0.9743012276,32.639091,33.808253,32.298086,33.126242,OK
20240412,4916,事欣科,1547859,34.20,34.95,33.65,34.45,yearly_2024.zip,0.9743012276,33.321102,34.051828,32.785236,33.564677,OK
20240415,4916,事欣科,2509948,34.75,35.40,33.90,33.90,yearly_2024.zip,0.9743012276,33.856968,34.490263,33.028812,33.028812,OK
20240416,4916,事欣科,1124805,33.95,34.30,32.65,32.75,yearly_2024.zip,0.9743012276,33.077527,33.418532,31.810935,31.908365,OK
20240417,4916,事欣科,433642,33.20,33.70,33.15,33.35,yearly_2024.zip,0.9743012276,32.346801,32.833951,32.298086,32.492946,OK
20240418,4916,事欣科,511385,33.45,33.75,32.95,33.10,yearly_2024.zip,0.9743012276,32.590376,32.882666,32.103225,32.249371,OK
20240419,4916,事欣科,873525,33.00,33.15,31.55,32.15,yearly_2024.zip,0.9743012276,32.151941,32.298086,30.739204,31.323784,OK
20240422,4916,事欣科,541062,32.55,32.80,32.10,32.10,yearly_2024.zip,0.9743012276,31.713505,31.957080,31.275069,31.275069,OK
20240423,4916,事欣科,261002,32.35,32.75,32.10,32.55,yearly_2024.zip,0.9743012276,31.518645,31.908365,31.275069,31.713505,OK
20240424,4916,事欣科,402149,32.70,32.90,32.55,32.90,yearly_2024.zip,0.9743012276,31.859650,32.054510,31.713505,32.054510,OK
20240425,4916,事欣科,249782,33.00,33.00,32.45,32.60,yearly_2024.zip,0.9743012276,32.151941,32.151941,31.616075,31.762220,OK
20240426,4916,事欣科,283319,32.70,33.05,32.70,32.95,yearly_2024.zip,0.9743012276,31.859650,32.200656,31.859650,32.103225,OK
20240429,4916,事欣科,233023,33.10,33.30,32.80,32.95,yearly_2024.zip,0.9743012276,32.249371,32.444231,31.957080,32.103225,OK
20240430,4916,事欣科,207195,32.95,33.15,32.80,33.15,yearly_2024.zip,0.9743012276,32.103225,32.298086,31.957080,32.298086,OK
20240502,4916,事欣科,286032,33.25,33.25,32.90,33.00,yearly_2024.zip,0.9743012276,32.395516,32.395516,32.054510,32.151941,OK
20240503,4916,事欣科,273616,33.20,33.25,32.80,32.90,yearly_2024.zip,0.9743012276,32.346801,32.395516,31.957080,32.054510,OK
20240506,4916,事欣科,489813,33.05,33.05,32.25,32.35,yearly_2024.zip,0.9743012276,32.200656,32.200656,31.421215,31.518645,OK
20240507,4916,事欣科,304574,32.75,32.75,32.10,32.40,yearly_2024.zip,0.9743012276,31.908365,31.908365,31.275069,31.567360,OK
20240508,4916,事欣科,341131,32.40,33.05,32.40,33.00,yearly_2024.zip,0.9743012276,31.567360,32.200656,31.567360,32.151941,OK
20240509,4916,事欣科,450287,33.05,33.60,32.75,32.80,yearly_2024.zip,0.9743012276,32.200656,32.736521,31.908365,31.957080,OK
20240510,4916,事欣科,4950199,30.85,30.90,29.55,29.75,yearly_2024.zip,0.9743012276,30.057193,30.105908,28.790601,28.985462,OK
20240513,4916,事欣科,1093479,29.60,30.00,29.25,29.65,yearly_2024.zip,0.9743012276,28.839316,29.229037,28.498311,28.888031,OK
20240514,4916,事欣科,688150,29.50,30.40,29.50,30.05,yearly_2024.zip,0.9743012276,28.741886,29.618757,28.741886,29.277752,OK
20240515,4916,事欣科,722274,30.40,30.40,29.70,29.70,yearly_2024.zip,0.9743012276,29.618757,29.618757,28.936746,28.936746,OK
20240516,4916,事欣科,359366,29.95,29.95,29.60,29.70,yearly_2024.zip,0.9743012276,29.180322,29.180322,28.839316,28.936746,OK
20240517,4916,事欣科,424671,29.65,30.05,29.65,30.00,yearly_2024.zip,0.9743012276,28.888031,29.277752,28.888031,29.229037,OK
20240520,4916,事欣科,386980,30.35,30.35,29.75,30.15,yearly_2024.zip,0.9743012276,29.570042,29.570042,28.985462,29.375182,OK
20240521,4916,事欣科,267710,30.35,30.35,29.85,30.15,yearly_2024.zip,0.9743012276,29.570042,29.570042,29.082892,29.375182,OK
20240522,4916,事欣科,393741,30.35,30.40,30.20,30.30,yearly_2024.zip,0.9743012276,29.570042,29.618757,29.423897,29.521327,OK
20240523,4916,事欣科,1225306,30.60,31.00,30.35,30.35,yearly_2024.zip,0.9743012276,29.813618,30.203338,29.570042,29.570042,OK
20240524,4916,事欣科,413927,30.25,30.50,29.85,30.15,yearly_2024.zip,0.9743012276,29.472612,29.716187,29.082892,29.375182,OK
20240527,4916,事欣科,522509,30.15,30.35,30.05,30.35,yearly_2024.zip,0.9743012276,29.375182,29.570042,29.277752,29.570042,OK
20240528,4916,事欣科,518669,30.25,30.80,30.25,30.80,yearly_2024.zip,0.9743012276,29.472612,30.008478,29.472612,30.008478,OK
20240529,4916,事欣科,581028,30.60,31.10,30.60,30.95,yearly_2024.zip,0.9743012276,29.813618,30.300768,29.813618,30.154623,OK
20240530,4916,事欣科,363626,30.85,30.95,30.30,30.40,yearly_2024.zip,0.9743012276,30.057193,30.154623,29.521327,29.618757,OK
20240531,4916,事欣科,265558,30.45,30.80,30.30,30.45,yearly_2024.zip,0.9743012276,29.667472,30.008478,29.521327,29.667472,OK
20240603,4916,事欣科,335300,30.85,30.85,30.50,30.60,yearly_2024.zip,0.9743012276,30.057193,30.057193,29.716187,29.813618,OK
20240604,4916,事欣科,407656,30.70,30.90,30.50,30.50,yearly_2024.zip,0.9743012276,29.911048,30.105908,29.716187,29.716187,OK
20240605,4916,事欣科,368102,30.60,30.60,30.05,30.05,yearly_2024.zip,0.9743012276,29.813618,29.813618,29.277752,29.277752,OK
20240606,4916,事欣科,326038,30.25,30.25,29.85,30.00,yearly_2024.zip,0.9743012276,29.472612,29.472612,29.082892,29.229037,OK
20240607,4916,事欣科,293749,30.25,30.60,30.10,30.55,yearly_2024.zip,0.9743012276,29.472612,29.813618,29.326467,29.764903,OK
20240611,4916,事欣科,428179,30.35,30.40,29.90,30.00,yearly_2024.zip,0.9743012276,29.570042,29.618757,29.131607,29.229037,OK
20240612,4916,事欣科,572049,30.00,30.05,29.30,29.70,yearly_2024.zip,0.9743012276,29.229037,29.277752,28.547026,28.936746,OK
20240613,4916,事欣科,408401,29.70,29.70,29.45,29.60,yearly_2024.zip,0.9743012276,28.936746,28.936746,28.693171,28.839316,OK
20240614,4916,事欣科,483265,29.70,30.40,29.70,30.15,yearly_2024.zip,0.9743012276,28.936746,29.618757,28.936746,29.375182,OK
20240617,4916,事欣科,276276,30.40,30.55,30.30,30.30,yearly_2024.zip,0.9743012276,29.618757,29.764903,29.521327,29.521327,OK
20240618,4916,事欣科,246647,30.55,30.55,30.05,30.15,yearly_2024.zip,0.9743012276,29.764903,29.764903,29.277752,29.375182,OK
20240619,4916,事欣科,376680,30.20,30.30,29.90,29.90,yearly_2024.zip,0.9743012276,29.423897,29.521327,29.131607,29.131607,OK
20240620,4916,事欣科,351070,30.20,30.40,29.90,30.05,yearly_2024.zip,0.9743012276,29.423897,29.618757,29.131607,29.277752,OK
20240621,4916,事欣科,309599,30.30,30.30,29.90,30.10,yearly_2024.zip,0.9743012276,29.521327,29.521327,29.131607,29.326467,OK
20240624,4916,事欣科,411729,30.20,30.65,30.10,30.10,yearly_2024.zip,0.9743012276,29.423897,29.862333,29.326467,29.326467,OK
20240625,4916,事欣科,324826,30.40,30.40,29.50,30.15,yearly_2024.zip,0.9743012276,29.618757,29.618757,28.741886,29.375182,OK
20240626,4916,事欣科,238000,30.30,30.50,30.10,30.15,yearly_2024.zip,0.9743012276,29.521327,29.716187,29.326467,29.375182,OK
20240627,4916,事欣科,265103,30.10,30.20,29.90,30.15,yearly_2024.zip,0.9743012276,29.326467,29.423897,29.131607,29.375182,OK
20240628,4916,事欣科,376295,30.40,30.40,29.80,30.30,yearly_2024.zip,0.9743012276,29.618757,29.618757,29.034177,29.521327,OK
20240701,4916,事欣科,266908,30.50,30.50,29.95,29.95,yearly_2024.zip,0.9743012276,29.716187,29.716187,29.180322,29.180322,OK
20240702,4916,事欣科,223422,30.10,30.10,29.80,30.00,yearly_2024.zip,0.9743012276,29.326467,29.326467,29.034177,29.229037,OK
20240703,4916,事欣科,413806,30.00,30.40,30.00,30.40,yearly_2024.zip,0.9743012276,29.229037,29.618757,29.229037,29.618757,OK
20240704,4916,事欣科,446789,30.50,30.60,30.30,30.40,yearly_2024.zip,0.9743012276,29.716187,29.813618,29.521327,29.618757,OK
20240705,4916,事欣科,1301792,30.40,31.65,30.40,31.45,yearly_2024.zip,0.9743012276,29.618757,30.836634,29.618757,30.641774,OK
20240708,4916,事欣科,4893409,31.60,34.30,31.60,33.00,yearly_2024.zip,0.9743012276,30.787919,33.418532,30.787919,32.151941,OK
20240709,4916,事欣科,1296286,32.60,32.60,31.50,32.20,yearly_2024.zip,0.9743012276,31.762220,31.762220,30.690489,31.372500,OK
20240710,4916,事欣科,2807422,32.15,34.25,31.80,33.05,yearly_2024.zip,0.9743012276,31.323784,33.369817,30.982779,32.200656,OK
20240711,4916,事欣科,1396493,32.20,32.25,31.60,31.80,yearly_2024.zip,0.9743012276,31.372500,31.421215,30.787919,30.982779,OK
20240712,4916,事欣科,532808,31.70,32.05,31.50,31.50,yearly_2024.zip,0.9743012276,30.885349,31.226354,30.690489,30.690489,OK
20240715,4916,事欣科,392212,31.50,31.80,30.95,31.00,yearly_2024.zip,0.9743012276,30.690489,30.982779,30.154623,30.203338,OK
20240716,4916,事欣科,824434,31.05,32.15,31.00,31.10,yearly_2024.zip,0.9743012276,30.252053,31.323784,30.203338,30.300768,OK
20240717,4916,事欣科,334435,31.45,31.90,31.35,31.45,yearly_2024.zip,0.9743012276,30.641774,31.080209,30.544343,30.641774,OK
20240718,4916,事欣科,10524717,32.60,34.55,32.30,34.55,yearly_2024.zip,0.9743012276,31.762220,33.662107,31.469930,33.662107,OK
20240719,4916,事欣科,25404131,35.30,37.90,35.20,35.90,yearly_2024.zip,0.9743012276,34.392833,36.926017,34.295403,34.977414,OK
20240722,4916,事欣科,23789655,36.50,38.50,36.10,37.55,yearly_2024.zip,0.9743012276,35.561995,37.510597,35.172274,36.585011,OK
20240723,4916,事欣科,10634398,37.55,37.60,33.80,33.85,yearly_2024.zip,0.9743012276,36.585011,36.633726,32.931381,32.980097,OK
20240726,4916,事欣科,2397200,32.60,33.50,32.00,32.50,yearly_2024.zip,0.9743012276,31.762220,32.639091,31.177639,31.664790,OK
20240729,4916,事欣科,2490915,32.80,33.20,30.70,30.80,yearly_2024.zip,0.9864420529,32.355299,32.749876,30.283771,30.382415,OK
20240730,4916,事欣科,1334643,30.55,31.90,30.55,31.90,yearly_2024.zip,0.9864420529,30.135805,31.467501,30.135805,31.467501,OK
20240731,4916,事欣科,919311,31.45,31.70,31.05,31.25,yearly_2024.zip,0.9864420529,31.023603,31.270213,30.629026,30.826314,OK
20240801,4916,事欣科,1250875,31.80,32.40,31.50,31.85,yearly_2024.zip,0.9864420529,31.368857,31.960723,31.072925,31.418179,OK
20240802,4916,事欣科,1245763,31.35,31.35,30.45,30.45,yearly_2024.zip,0.9864420529,30.924958,30.924958,30.037161,30.037161,OK
20240805,4916,事欣科,1843069,29.60,29.60,27.45,27.45,yearly_2024.zip,0.9864420529,29.198685,29.198685,27.077834,27.077834,OK
20240806,4916,事欣科,2326134,27.00,27.45,24.75,25.75,yearly_2024.zip,0.9864420529,26.633935,27.077834,24.414441,25.400883,OK
20240807,4916,事欣科,883212,25.80,27.75,25.80,27.45,yearly_2024.zip,0.9864420529,25.450205,27.373767,25.450205,27.077834,OK
20240808,4916,事欣科,429037,27.10,27.25,26.50,26.90,yearly_2024.zip,0.9864420529,26.732580,26.880546,26.140714,26.535291,OK
20240809,4916,事欣科,579082,27.40,27.70,27.15,27.20,yearly_2024.zip,0.9864420529,27.028512,27.324445,26.781902,26.831224,OK
20240812,4916,事欣科,401759,27.20,27.75,27.20,27.70,yearly_2024.zip,0.9864420529,26.831224,27.373767,26.831224,27.324445,OK
20240813,4916,事欣科,380218,27.75,27.85,27.15,27.55,yearly_2024.zip,0.9864420529,27.373767,27.472411,26.781902,27.176479,OK
20240814,4916,事欣科,2406168,27.10,27.30,26.20,27.30,yearly_2024.zip,0.9864420529,26.732580,26.929868,25.844782,26.929868,OK
20240815,4916,事欣科,512820,27.30,27.60,26.85,27.05,yearly_2024.zip,0.9864420529,26.929868,27.225801,26.485969,26.683258,OK
20240816,4916,事欣科,468789,27.15,27.60,27.15,27.20,yearly_2024.zip,0.9864420529,26.781902,27.225801,26.781902,26.831224,OK
20240819,4916,事欣科,400721,27.20,27.35,26.85,26.95,yearly_2024.zip,0.9864420529,26.831224,26.979190,26.485969,26.584613,OK
20240820,4916,事欣科,701203,27.05,27.90,27.05,27.35,yearly_2024.zip,0.9864420529,26.683258,27.521733,26.683258,26.979190,OK
20240821,4916,事欣科,305544,27.35,27.65,27.10,27.35,yearly_2024.zip,0.9864420529,26.979190,27.275123,26.732580,26.979190,OK
20240822,4916,事欣科,372140,27.35,27.65,27.30,27.60,yearly_2024.zip,0.9864420529,26.979190,27.275123,26.929868,27.225801,OK
20240823,4916,事欣科,329390,27.45,27.45,26.95,27.35,yearly_2024.zip,0.9864420529,27.077834,27.077834,26.584613,26.979190,OK
20240826,4916,事欣科,619226,27.40,28.10,27.40,27.75,yearly_2024.zip,0.9864420529,27.028512,27.719022,27.028512,27.373767,OK
20240827,4916,事欣科,360125,27.75,27.75,27.20,27.40,yearly_2024.zip,0.9864420529,27.373767,27.373767,26.831224,27.028512,OK
20240828,4916,事欣科,262349,27.50,27.65,27.30,27.60,yearly_2024.zip,0.9864420529,27.127156,27.275123,26.929868,27.225801,OK
20240829,4916,事欣科,390760,27.35,27.45,27.25,27.40,yearly_2024.zip,0.9864420529,26.979190,27.077834,26.880546,27.028512,OK
20240830,4916,事欣科,502422,27.50,27.65,27.30,27.60,yearly_2024.zip,0.9864420529,27.127156,27.275123,26.929868,27.225801,OK
20240902,4916,事欣科,623339,27.75,28.35,27.65,28.05,yearly_2024.zip,0.9864420529,27.373767,27.965632,27.275123,27.669700,OK
20240903,4916,事欣科,580628,28.05,28.25,27.40,27.40,yearly_2024.zip,0.9864420529,27.669700,27.866988,27.028512,27.028512,OK
20240904,4916,事欣科,732859,26.60,26.60,25.30,25.80,yearly_2024.zip,0.9864420529,26.239359,26.239359,24.956984,25.450205,OK
20240905,4916,事欣科,275769,26.70,26.70,25.75,25.80,yearly_2024.zip,0.9864420529,26.338003,26.338003,25.400883,25.450205,OK
20240906,4916,事欣科,194748,25.90,26.00,25.55,25.90,yearly_2024.zip,0.9864420529,25.548849,25.647493,25.203594,25.548849,OK
20240909,4916,事欣科,294495,25.20,25.75,25.15,25.75,yearly_2024.zip,0.9864420529,24.858340,25.400883,24.809018,25.400883,OK
20240910,4916,事欣科,321242,26.15,26.15,24.80,25.25,yearly_2024.zip,0.9864420529,25.795460,25.795460,24.463763,24.907662,OK
20240911,4916,事欣科,187547,25.50,25.60,25.25,25.30,yearly_2024.zip,0.9864420529,25.154272,25.252917,24.907662,24.956984,OK
20240912,4916,事欣科,254143,25.75,25.90,25.55,25.65,yearly_2024.zip,0.9864420529,25.400883,25.548849,25.203594,25.302239,OK
20240913,4916,事欣科,152326,25.60,26.15,25.60,26.00,yearly_2024.zip,0.9864420529,25.252917,25.795460,25.252917,25.647493,OK
20240916,4916,事欣科,182029,26.00,26.35,25.85,26.30,yearly_2024.zip,0.9864420529,25.647493,25.992748,25.499527,25.943426,OK
20240918,4916,事欣科,452678,26.30,26.85,26.10,26.30,yearly_2024.zip,0.9864420529,25.943426,26.485969,25.746138,25.943426,OK
20240919,4916,事欣科,934362,26.70,27.90,26.25,27.40,yearly_2024.zip,0.9864420529,26.338003,27.521733,25.894104,27.028512,OK
20240920,4916,事欣科,375538,27.75,27.80,27.00,27.20,yearly_2024.zip,0.9864420529,27.373767,27.423089,26.633935,26.831224,OK
20240923,4916,事欣科,253059,27.00,27.50,27.00,27.35,yearly_2024.zip,0.9864420529,26.633935,27.127156,26.633935,26.979190,OK
20240924,4916,事欣科,3036186,29.00,29.50,28.05,28.40,yearly_2024.zip,0.9864420529,28.606820,29.100041,27.669700,28.014954,OK
20240925,4916,事欣科,812310,28.50,28.65,28.20,28.45,yearly_2024.zip,0.9864420529,28.113599,28.261565,27.817666,28.064276,OK
20240926,4916,事欣科,370913,28.65,29.00,28.05,28.05,yearly_2024.zip,0.9864420529,28.261565,28.606820,27.669700,27.669700,OK
20240927,4916,事欣科,384279,28.40,28.60,28.10,28.35,yearly_2024.zip,0.9864420529,28.014954,28.212243,27.719022,27.965632,OK
20240930,4916,事欣科,727272,28.80,29.25,28.40,28.65,yearly_2024.zip,0.9864420529,28.409531,28.853430,28.014954,28.261565,OK
20241001,4916,事欣科,344110,28.90,29.00,28.45,28.70,yearly_2024.zip,0.9864420529,28.508175,28.606820,28.064276,28.310887,OK
20241004,4916,事欣科,426525,29.20,29.20,28.50,28.70,yearly_2024.zip,0.9864420529,28.804108,28.804108,28.113599,28.310887,OK
20241007,4916,事欣科,484019,28.80,29.30,28.80,28.90,yearly_2024.zip,0.9864420529,28.409531,28.902752,28.409531,28.508175,OK
20241008,4916,事欣科,302344,29.20,29.20,28.25,28.25,yearly_2024.zip,0.9864420529,28.804108,28.804108,27.866988,27.866988,OK
20241009,4916,事欣科,326501,28.35,28.65,28.00,28.10,yearly_2024.zip,0.9864420529,27.965632,28.261565,27.620377,27.719022,OK
20241011,4916,事欣科,519837,27.70,27.90,27.00,27.35,yearly_2024.zip,0.9864420529,27.324445,27.521733,26.633935,26.979190,OK
20241014,4916,事欣科,1011147,28.10,28.85,27.70,27.95,yearly_2024.zip,0.9864420529,27.719022,28.458853,27.324445,27.571055,OK
20241015,4916,事欣科,505432,28.35,28.55,28.00,28.00,yearly_2024.zip,0.9864420529,27.965632,28.162921,27.620377,27.620377,OK
20241016,4916,事欣科,545573,28.40,28.80,28.25,28.60,yearly_2024.zip,0.9864420529,28.014954,28.409531,27.866988,28.212243,OK
20241017,4916,事欣科,645567,28.85,29.00,28.40,28.40,yearly_2024.zip,0.9864420529,28.458853,28.606820,28.014954,28.014954,OK
20241018,4916,事欣科,318566,28.40,28.65,28.20,28.25,yearly_2024.zip,0.9864420529,28.014954,28.261565,27.817666,27.866988,OK
20241021,4916,事欣科,200253,27.95,28.40,27.95,28.30,yearly_2024.zip,0.9864420529,27.571055,28.014954,27.571055,27.916310,OK
20241022,4916,事欣科,877513,28.35,29.20,28.35,29.10,yearly_2024.zip,0.9864420529,27.965632,28.804108,27.965632,28.705464,OK
20241023,4916,事欣科,3743467,29.40,31.55,29.05,31.05,yearly_2024.zip,0.9864420529,29.001396,31.122247,28.656142,30.629026,OK
20241024,4916,事欣科,2573003,30.70,31.45,29.65,29.85,yearly_2024.zip,0.9864420529,30.283771,31.023603,29.248007,29.445295,OK
20241025,4916,事欣科,1042265,30.00,30.50,29.50,29.80,yearly_2024.zip,0.9864420529,29.593262,30.086483,29.100041,29.395973,OK
20241028,4916,事欣科,2503971,29.95,30.85,29.20,29.85,yearly_2024.zip,0.9864420529,29.543939,30.431737,28.804108,29.445295,OK
20241029,4916,事欣科,1692901,29.80,30.50,29.45,30.05,yearly_2024.zip,0.9864420529,29.395973,30.086483,29.050718,29.642584,OK
20241030,4916,事欣科,1007051,29.75,30.05,28.95,29.30,yearly_2024.zip,0.9864420529,29.346651,29.642584,28.557497,28.902752,OK
20241101,4916,事欣科,323140,29.00,29.30,28.60,29.30,yearly_2024.zip,0.9864420529,28.606820,28.902752,28.212243,28.902752,OK
20241104,4916,事欣科,292575,29.30,29.30,28.50,28.50,yearly_2024.zip,0.9864420529,28.902752,28.902752,28.113599,28.113599,OK
20241105,4916,事欣科,206377,28.50,29.00,28.40,28.45,yearly_2024.zip,0.9864420529,28.113599,28.606820,28.014954,28.064276,OK
20241106,4916,事欣科,1283373,28.45,30.30,28.45,30.00,yearly_2024.zip,0.9864420529,28.064276,29.889194,28.064276,29.593262,OK
20241107,4916,事欣科,4952854,31.00,32.35,30.50,32.35,yearly_2024.zip,0.9864420529,30.579704,31.911400,30.086483,31.911400,OK
20241108,4916,事欣科,6534262,34.80,35.55,34.05,35.55,yearly_2024.zip,0.9864420529,34.328183,35.068015,33.588352,35.068015,OK
20241111,4916,事欣科,13582825,35.55,35.60,32.00,32.00,yearly_2024.zip,0.9864420529,35.068015,35.117337,31.566146,31.566146,OK
20241112,4916,事欣科,3673317,31.90,31.90,30.00,31.20,yearly_2024.zip,0.9864420529,31.467501,31.467501,29.593262,30.776992,OK
20241113,4916,事欣科,2760617,30.55,32.70,30.55,31.55,yearly_2024.zip,0.9864420529,30.135805,32.256655,30.135805,31.122247,OK
20241114,4916,事欣科,1406061,31.55,32.15,30.30,30.30,yearly_2024.zip,0.9864420529,31.122247,31.714112,29.889194,29.889194,OK
20241115,4916,事欣科,956289,30.60,31.30,30.50,30.55,yearly_2024.zip,0.9864420529,30.185127,30.875636,30.086483,30.135805,OK
20241118,4916,事欣科,842921,30.60,30.75,29.75,30.00,yearly_2024.zip,0.9864420529,30.185127,30.333093,29.346651,29.593262,OK
20241119,4916,事欣科,1827578,30.20,32.00,30.00,31.35,yearly_2024.zip,0.9864420529,29.790550,31.566146,29.593262,30.924958,OK
20241120,4916,事欣科,1940044,31.45,31.75,30.35,30.95,yearly_2024.zip,0.9864420529,31.023603,31.319535,29.938516,30.530382,OK
20241121,4916,事欣科,836383,30.70,31.50,30.70,31.00,yearly_2024.zip,0.9864420529,30.283771,31.072925,30.283771,30.579704,OK
20241122,4916,事欣科,1744014,31.00,32.30,31.00,31.60,yearly_2024.zip,0.9864420529,30.579704,31.862078,30.579704,31.171569,OK
20241125,4916,事欣科,1174806,31.40,31.80,30.80,30.90,yearly_2024.zip,0.9864420529,30.974280,31.368857,30.382415,30.481059,OK
20241126,4916,事欣科,6235445,31.15,33.30,31.00,32.20,yearly_2024.zip,0.9864420529,30.727670,32.848520,30.579704,31.763434,OK
20241127,4916,事欣科,3229410,32.60,33.05,31.50,33.05,yearly_2024.zip,0.9864420529,32.158011,32.601910,31.072925,32.601910,OK
20241128,4916,事欣科,14943249,33.50,35.80,32.55,33.90,yearly_2024.zip,0.9864420529,33.045809,35.314625,32.108689,33.440386,OK
20241129,4916,事欣科,2476956,33.50,33.55,32.80,32.80,yearly_2024.zip,0.9864420529,33.045809,33.095131,32.355299,32.355299,OK
20241202,4916,事欣科,1952714,32.80,33.80,32.15,32.15,yearly_2024.zip,0.9864420529,32.355299,33.341741,31.714112,31.714112,OK
20241203,4916,事欣科,930611,32.50,32.50,31.90,32.05,yearly_2024.zip,0.9864420529,32.059367,32.059367,31.467501,31.615468,OK
20241204,4916,事欣科,798289,32.40,32.70,31.80,32.00,yearly_2024.zip,0.9864420529,31.960723,32.256655,31.368857,31.566146,OK
20241205,4916,事欣科,1232027,32.40,33.10,32.05,32.10,yearly_2024.zip,0.9864420529,31.960723,32.651232,31.615468,31.664790,OK
20241206,4916,事欣科,1116810,32.20,32.25,31.00,31.40,yearly_2024.zip,0.9864420529,31.763434,31.812756,30.579704,30.974280,OK
20241209,4916,事欣科,1063760,31.50,31.50,30.00,30.20,yearly_2024.zip,0.9864420529,31.072925,31.072925,29.593262,29.790550,OK
20241210,4916,事欣科,593532,30.40,31.30,30.25,30.70,yearly_2024.zip,0.9864420529,29.987838,30.875636,29.839872,30.283771,OK
20241211,4916,事欣科,1935017,30.45,32.25,30.45,31.65,yearly_2024.zip,0.9864420529,30.037161,31.812756,30.037161,31.220891,OK
20241212,4916,事欣科,825443,31.55,31.65,30.60,30.85,yearly_2024.zip,0.9864420529,31.122247,31.220891,30.185127,30.431737,OK
20241213,4916,事欣科,489258,30.85,30.90,30.10,30.15,yearly_2024.zip,0.9864420529,30.431737,30.481059,29.691906,29.741228,OK
20241216,4916,事欣科,322577,30.60,30.60,29.85,30.00,yearly_2024.zip,0.9864420529,30.185127,30.185127,29.445295,29.593262,OK
20241217,4916,事欣科,345275,30.15,30.50,29.85,30.05,yearly_2024.zip,0.9864420529,29.741228,30.086483,29.445295,29.642584,OK
20241218,4916,事欣科,730437,30.05,30.25,29.00,29.55,yearly_2024.zip,0.9864420529,29.642584,29.839872,28.606820,29.149363,OK
20241219,4916,事欣科,356136,28.95,29.50,28.95,29.30,yearly_2024.zip,0.9864420529,28.557497,29.100041,28.557497,28.902752,OK
20241220,4916,事欣科,388953,29.30,29.95,29.15,29.70,yearly_2024.zip,0.9864420529,28.902752,29.543939,28.754786,29.297329,OK
20241223,4916,事欣科,338667,30.45,30.50,29.95,30.50,yearly_2024.zip,0.9864420529,30.037161,30.086483,29.543939,30.086483,OK
20241224,4916,事欣科,414854,31.05,31.05,29.95,29.95,yearly_2024.zip,0.9864420529,30.629026,30.629026,29.543939,29.543939,OK
20241225,4916,事欣科,465311,30.50,30.95,30.10,30.30,yearly_2024.zip,0.9864420529,30.086483,30.530382,29.691906,29.889194,OK
20241226,4916,事欣科,260874,30.35,30.50,29.95,30.00,yearly_2024.zip,0.9864420529,29.938516,30.086483,29.543939,29.593262,OK
20241227,4916,事欣科,540254,30.05,30.75,29.90,29.90,yearly_2024.zip,0.9864420529,29.642584,30.333093,29.494617,29.494617,OK
20241230,4916,事欣科,5256394,30.40,32.80,30.25,32.55,yearly_2024.zip,0.9864420529,29.987838,32.355299,29.839872,32.108689,OK
20241231,4916,事欣科,15995585,33.15,35.50,32.20,32.35,yearly_2024.zip,0.9864420529,32.700554,35.018693,31.763434,31.911400,OK
20250102,4916,事欣科,1565475,32.20,32.30,31.25,31.50,yearly_2025.zip,0.9864420529,31.763434,31.862078,30.826314,31.072925,OK
20250103,4916,事欣科,2335843,31.65,32.80,31.30,31.55,yearly_2025.zip,0.9864420529,31.220891,32.355299,30.875636,31.122247,OK
20250106,4916,事欣科,989502,31.80,32.25,30.80,31.50,yearly_2025.zip,0.9864420529,31.368857,31.812756,30.382415,31.072925,OK
20250107,4916,事欣科,812509,31.70,31.70,30.80,31.05,yearly_2025.zip,0.9864420529,31.270213,31.270213,30.382415,30.629026,OK
20250108,4916,事欣科,549832,31.00,31.80,31.00,31.30,yearly_2025.zip,0.9864420529,30.579704,31.368857,30.579704,30.875636,OK
20250109,4916,事欣科,1015182,31.30,31.35,30.00,30.00,yearly_2025.zip,0.9864420529,30.875636,30.924958,29.593262,29.593262,OK
20250110,4916,事欣科,381249,30.10,30.30,30.00,30.05,yearly_2025.zip,0.9864420529,29.691906,29.889194,29.593262,29.642584,OK
20250113,4916,事欣科,947389,30.05,30.60,29.40,29.65,yearly_2025.zip,0.9864420529,29.642584,30.185127,29.001396,29.248007,OK
20250114,4916,事欣科,285490,29.85,30.20,29.50,30.10,yearly_2025.zip,0.9864420529,29.445295,29.790550,29.100041,29.691906,OK
20250115,4916,事欣科,325508,29.85,30.45,29.80,29.95,yearly_2025.zip,0.9864420529,29.445295,30.037161,29.395973,29.543939,OK
20250116,4916,事欣科,426617,30.20,30.55,30.10,30.40,yearly_2025.zip,0.9864420529,29.790550,30.135805,29.691906,29.987838,OK
20250117,4916,事欣科,213899,30.60,30.60,30.05,30.40,yearly_2025.zip,0.9864420529,30.185127,30.185127,29.642584,29.987838,OK
20250120,4916,事欣科,330107,30.95,30.95,30.20,30.55,yearly_2025.zip,0.9864420529,30.530382,30.530382,29.790550,30.135805,OK
20250121,4916,事欣科,923757,30.45,31.60,30.45,31.45,yearly_2025.zip,0.9864420529,30.037161,31.171569,30.037161,31.023603,OK
20250122,4916,事欣科,4427846,32.20,33.35,31.45,33.00,yearly_2025.zip,0.9864420529,31.763434,32.897842,31.023603,32.552588,OK
20250203,4916,事欣科,1767053,33.00,33.45,32.00,32.75,yearly_2025.zip,0.9864420529,32.552588,32.996487,31.566146,32.305977,OK
20250204,4916,事欣科,806951,32.15,32.30,31.65,32.00,yearly_2025.zip,0.9864420529,31.714112,31.862078,31.220891,31.566146,OK
20250205,4916,事欣科,5880355,32.45,35.20,32.15,35.20,yearly_2025.zip,0.9864420529,32.010045,34.722760,31.714112,34.722760,OK
20250207,4916,事欣科,18119506,36.50,39.50,36.50,38.30,yearly_2025.zip,0.9864420529,36.005135,38.964461,36.005135,37.780731,OK
20250210,4916,事欣科,12232306,38.85,39.80,38.05,38.90,yearly_2025.zip,0.9864420529,38.323274,39.260394,37.534120,38.372596,OK
20250211,4916,事欣科,17322030,38.85,41.65,38.35,38.35,yearly_2025.zip,0.9864420529,38.323274,41.085312,37.830053,37.830053,OK
20250212,4916,事欣科,12756047,39.50,41.15,38.80,38.85,yearly_2025.zip,0.9864420529,38.964461,40.592090,38.273952,38.323274,OK
20250213,4916,事欣科,6798503,39.80,39.80,37.35,38.65,yearly_2025.zip,0.9864420529,39.260394,39.260394,36.843611,38.125985,OK
20250214,4916,事欣科,6442265,39.60,39.70,37.45,37.85,yearly_2025.zip,0.9864420529,39.063105,39.161749,36.942255,37.336832,OK
20250217,4916,事欣科,26581167,38.45,41.60,38.45,41.60,yearly_2025.zip,0.9864420529,37.928697,41.035989,37.928697,41.035989,OK
20250218,4916,事欣科,50579541,42.50,43.90,41.80,43.05,yearly_2025.zip,0.9864420529,41.923787,43.304806,41.233278,42.466330,OK
20250219,4916,事欣科,33838821,43.75,47.35,43.40,47.35,yearly_2025.zip,0.9864420529,43.156840,46.708031,42.811585,46.708031,OK
20250220,4916,事欣科,68449136,49.25,50.30,46.20,46.80,yearly_2025.zip,0.9864420529,48.582271,49.618035,45.573623,46.165488,OK
20250221,4916,事欣科,70294534,48.00,51.40,47.55,51.40,yearly_2025.zip,0.9864420529,47.349219,50.703122,46.905320,50.703122,OK
20250224,4916,事欣科,64349317,51.70,53.20,50.20,52.30,yearly_2025.zip,0.9864420529,50.999054,52.478717,49.519391,51.590919,OK
20250225,4916,事欣科,44264895,51.70,54.80,51.10,51.80,yearly_2025.zip,0.9864420529,50.999054,54.057024,50.407189,51.097698,OK
20250226,4916,事欣科,35870280,52.00,55.50,51.80,52.50,yearly_2025.zip,0.9864420529,51.294987,54.747534,51.097698,51.788208,OK
20250227,4916,事欣科,19949067,52.50,53.60,49.85,52.50,yearly_2025.zip,0.9864420529,51.788208,52.873294,49.174136,51.788208,OK
20250303,4916,事欣科,17522347,51.80,53.00,49.00,50.50,yearly_2025.zip,0.9864420529,51.097698,52.281429,48.335661,49.815324,OK
20250304,4916,事欣科,19147105,50.50,52.40,48.10,52.20,yearly_2025.zip,0.9864420529,49.815324,51.689564,47.447863,51.492275,OK
20250305,4916,事欣科,39798428,53.30,56.20,51.60,52.40,yearly_2025.zip,0.9864420529,52.577361,55.438043,50.900410,51.689564,OK
20250306,4916,事欣科,18594598,53.20,54.50,52.20,52.50,yearly_2025.zip,0.9864420529,52.478717,53.761092,51.492275,51.788208,OK
20250307,4916,事欣科,14646489,52.70,52.70,49.30,49.30,yearly_2025.zip,0.9864420529,51.985496,51.985496,48.631593,48.631593,OK
20250310,4916,事欣科,9440553,49.25,49.90,47.40,48.75,yearly_2025.zip,0.9864420529,48.582271,49.223458,46.757353,48.089050,OK
20250311,4916,事欣科,13168389,45.50,46.10,43.95,45.35,yearly_2025.zip,0.9864420529,44.883113,45.474979,43.354128,44.735147,OK
20250312,4916,事欣科,12339772,46.35,47.40,44.50,45.65,yearly_2025.zip,0.9864420529,45.721589,46.757353,43.896671,45.031080,OK
20250313,4916,事欣科,10940973,45.95,46.35,43.45,43.60,yearly_2025.zip,0.9864420529,45.327012,45.721589,42.860907,43.008874,OK
20250314,4916,事欣科,6932502,43.80,45.00,43.05,44.15,yearly_2025.zip,0.9864420529,43.206162,44.389892,42.466330,43.551417,OK
20250317,4916,事欣科,16015517,45.15,47.90,44.30,46.95,yearly_2025.zip,0.9864420529,44.537859,47.250574,43.699383,46.313454,OK
20250318,4916,事欣科,15273628,47.00,47.80,46.35,47.25,yearly_2025.zip,0.9864420529,46.362776,47.151930,45.721589,46.609387,OK
20250319,4916,事欣科,14760572,46.90,47.35,45.15,46.55,yearly_2025.zip,0.9864420529,46.264132,46.708031,44.537859,45.918878,OK
20250320,4916,事欣科,10451127,47.45,48.60,46.80,46.80,yearly_2025.zip,0.9864420529,46.806675,47.941084,46.165488,46.165488,OK
20250321,4916,事欣科,7113708,46.55,47.20,44.70,44.70,yearly_2025.zip,0.9864420529,45.918878,46.560065,44.093960,44.093960,OK
20250324,4916,事欣科,10680116,45.20,47.65,44.35,44.35,yearly_2025.zip,0.9864420529,44.587181,47.003964,43.748705,43.748705,OK
20250325,4916,事欣科,4903385,44.95,45.55,43.60,43.60,yearly_2025.zip,0.9864420529,44.340570,44.932436,43.008874,43.008874,OK
20250326,4916,事欣科,5316705,44.20,44.50,41.70,41.70,yearly_2025.zip,0.9864420529,43.600739,43.896671,41.134634,41.134634,OK
20250327,4916,事欣科,4976129,41.65,42.70,41.20,41.55,yearly_2025.zip,0.9864420529,41.085312,42.121076,40.641413,40.986667,OK
20250328,4916,事欣科,5381044,41.55,42.40,39.80,40.30,yearly_2025.zip,0.9864420529,40.986667,41.825143,39.260394,39.753615,OK
20250331,4916,事欣科,10697954,39.70,41.25,39.00,39.60,yearly_2025.zip,0.9864420529,39.161749,40.690735,38.471240,39.063105,OK
20250401,4916,事欣科,13009220,39.90,42.25,39.45,41.10,yearly_2025.zip,0.9864420529,39.359038,41.677177,38.915139,40.542768,OK
20250402,4916,事欣科,5858850,40.70,41.10,39.70,39.90,yearly_2025.zip,0.9864420529,40.148192,40.542768,39.161749,39.359038,OK
20250407,4916,事欣科,184817,35.95,35.95,35.95,35.95,yearly_2025.zip,0.9864420529,35.462592,35.462592,35.462592,35.462592,OK
20250408,4916,事欣科,5483358,32.40,33.50,32.40,32.40,yearly_2025.zip,0.9864420529,31.960723,33.045809,31.960723,31.960723,OK
20250409,4916,事欣科,13345315,33.15,33.25,29.20,29.85,yearly_2025.zip,0.9864420529,32.700554,32.799198,28.804108,29.445295,OK
20250410,4916,事欣科,1054418,32.80,32.80,32.80,32.80,yearly_2025.zip,0.9864420529,32.355299,32.355299,32.355299,32.355299,OK
20250411,4916,事欣科,6949955,31.80,33.65,30.35,32.85,yearly_2025.zip,0.9864420529,31.368857,33.193775,29.938516,32.404621,OK
20250414,4916,事欣科,6406873,32.95,34.80,32.95,34.15,yearly_2025.zip,0.9864420529,32.503266,34.328183,32.503266,33.686996,OK
20250415,4916,事欣科,6323990,34.60,37.55,34.60,37.55,yearly_2025.zip,0.9864420529,34.130895,37.040899,34.130895,37.040899,OK
20250416,4916,事欣科,20718757,38.45,39.45,37.65,38.70,yearly_2025.zip,0.9864420529,37.928697,38.915139,37.139543,38.175307,OK
20250417,4916,事欣科,8432339,38.50,38.50,36.70,37.35,yearly_2025.zip,0.9864420529,37.978019,37.978019,36.202423,36.843611,OK
20250418,4916,事欣科,25303353,37.80,41.00,37.55,38.90,yearly_2025.zip,0.9864420529,37.287510,40.444124,37.040899,38.372596,OK
20250421,4916,事欣科,8888603,38.65,39.15,37.00,37.20,yearly_2025.zip,0.9864420529,38.125985,38.619206,36.498356,36.695644,OK
20250422,4916,事欣科,4682226,36.80,38.05,36.40,36.65,yearly_2025.zip,0.9864420529,36.301068,37.534120,35.906491,36.153101,OK
20250423,4916,事欣科,13864918,37.25,40.30,37.25,40.30,yearly_2025.zip,0.9864420529,36.744966,39.753615,36.744966,39.753615,OK
20250424,4916,事欣科,32671704,42.20,42.35,39.20,39.70,yearly_2025.zip,0.9864420529,41.627855,41.775821,38.668528,39.161749,OK
20250425,4916,事欣科,35008479,40.50,43.20,40.30,41.00,yearly_2025.zip,0.9864420529,39.950903,42.614297,39.753615,40.444124,OK
20250428,4916,事欣科,10790959,41.45,42.00,41.05,41.80,yearly_2025.zip,0.9864420529,40.888023,41.430566,40.493446,41.233278,OK
20250429,4916,事欣科,33299053,41.90,45.40,41.35,43.70,yearly_2025.zip,0.9864420529,41.331922,44.784469,40.789379,43.107518,OK
20250430,4916,事欣科,14854113,43.70,44.60,42.50,43.00,yearly_2025.zip,0.9864420529,43.107518,43.995316,41.923787,42.417008,OK
20250502,4916,事欣科,10878606,43.75,43.90,42.10,43.90,yearly_2025.zip,0.9864420529,43.156840,43.304806,41.529210,43.304806,OK
20250505,4916,事欣科,10822426,43.90,44.00,40.15,41.20,yearly_2025.zip,0.9864420529,43.304806,43.403450,39.605648,40.641413,OK
20250506,4916,事欣科,12561367,41.15,42.70,40.40,41.50,yearly_2025.zip,0.9864420529,40.592090,42.121076,39.852259,40.937345,OK
20250507,4916,事欣科,39916334,42.30,44.90,42.20,43.70,yearly_2025.zip,0.9864420529,41.726499,44.291248,41.627855,43.107518,OK
20250508,4916,事欣科,42432698,44.80,45.60,43.50,44.80,yearly_2025.zip,0.9864420529,44.192604,44.981758,42.910229,44.192604,OK
20250509,4916,事欣科,24352335,45.20,46.50,43.80,44.00,yearly_2025.zip,0.9864420529,44.587181,45.869555,43.206162,43.403450,OK
20250512,4916,事欣科,20647904,44.50,46.85,43.35,45.70,yearly_2025.zip,0.9864420529,43.896671,46.214810,42.762263,45.080402,OK
20250513,4916,事欣科,17077483,45.80,47.40,45.15,45.85,yearly_2025.zip,0.9864420529,45.179046,46.757353,44.537859,45.228368,OK
20250514,4916,事欣科,11729650,46.40,46.70,45.40,45.90,yearly_2025.zip,0.9864420529,45.770911,46.066844,44.784469,45.277690,OK
20250515,4916,事欣科,12850736,46.30,47.65,45.65,46.30,yearly_2025.zip,0.9864420529,45.672267,47.003964,45.031080,45.672267,OK
20250516,4916,事欣科,8292034,46.90,46.90,44.40,44.95,yearly_2025.zip,0.9864420529,46.264132,46.264132,43.798027,44.340570,OK
20250519,4916,事欣科,5786801,45.05,45.25,43.55,43.55,yearly_2025.zip,0.9864420529,44.439214,44.636503,42.959551,42.959551,OK
20250520,4916,事欣科,11456209,44.20,45.45,44.00,45.30,yearly_2025.zip,0.9864420529,43.600739,44.833791,43.403450,44.685825,OK
20250521,4916,事欣科,39713151,46.40,48.50,46.20,47.35,yearly_2025.zip,0.9864420529,45.770911,47.842440,45.573623,46.708031,OK
20250522,4916,事欣科,9915055,46.85,47.15,45.45,45.45,yearly_2025.zip,0.9864420529,46.214810,46.510743,44.833791,44.833791,OK
20250523,4916,事欣科,7095489,45.60,46.05,44.05,44.45,yearly_2025.zip,0.9864420529,44.981758,45.425657,43.452772,43.847349,OK
20250526,4916,事欣科,12170418,45.35,46.40,45.35,45.70,yearly_2025.zip,0.9864420529,44.735147,45.770911,44.735147,45.080402,OK
20250527,4916,事欣科,7697400,45.70,46.45,44.50,45.00,yearly_2025.zip,0.9864420529,45.080402,45.820233,43.896671,44.389892,OK
20250528,4916,事欣科,5685092,45.85,45.90,42.90,43.50,yearly_2025.zip,0.9864420529,45.228368,45.277690,42.318364,42.910229,OK
20250529,4916,事欣科,4076421,44.20,44.35,42.85,42.85,yearly_2025.zip,0.9864420529,43.600739,43.748705,42.269042,42.269042,OK
20250602,4916,事欣科,12591659,42.95,45.30,42.50,44.80,yearly_2025.zip,0.9864420529,42.367686,44.685825,41.923787,44.192604,OK
20250603,4916,事欣科,28953436,45.20,47.45,44.50,46.15,yearly_2025.zip,0.9864420529,44.587181,46.806675,43.896671,45.524301,OK
20250604,4916,事欣科,16174090,46.15,46.50,44.80,45.00,yearly_2025.zip,0.9864420529,45.524301,45.869555,44.192604,44.389892,OK
20250605,4916,事欣科,6927259,45.10,45.30,43.65,43.85,yearly_2025.zip,0.9864420529,44.488537,44.685825,43.058196,43.255484,OK
20250606,4916,事欣科,8862931,42.90,43.45,41.80,41.95,yearly_2025.zip,0.9864420529,42.318364,42.860907,41.233278,41.381244,OK
20250609,4916,事欣科,5738523,42.05,42.55,40.90,41.55,yearly_2025.zip,0.9864420529,41.479888,41.973109,40.345480,40.986667,OK
20250610,4916,事欣科,4238951,41.95,42.90,41.05,41.10,yearly_2025.zip,0.9864420529,41.381244,42.318364,40.493446,40.542768,OK
20250611,4916,事欣科,5440690,41.40,41.50,40.00,40.85,yearly_2025.zip,0.9864420529,40.838701,40.937345,39.457682,40.296158,OK
20250612,4916,事欣科,5881484,40.40,42.20,40.40,42.15,yearly_2025.zip,0.9864420529,39.852259,41.627855,39.852259,41.578533,OK
20250613,4916,事欣科,12560304,42.70,43.75,41.80,41.90,yearly_2025.zip,0.9864420529,42.121076,43.156840,41.233278,41.331922,OK
20250616,4916,事欣科,4189926,41.45,42.85,41.05,41.60,yearly_2025.zip,0.9864420529,40.888023,42.269042,40.493446,41.035989,OK
20250617,4916,事欣科,5618353,42.25,43.15,41.90,42.80,yearly_2025.zip,0.9864420529,41.677177,42.564975,41.331922,42.219720,OK
20250618,4916,事欣科,5919543,43.20,43.50,42.60,43.05,yearly_2025.zip,0.9864420529,42.614297,42.910229,42.022431,42.466330,OK
20250619,4916,事欣科,4913203,43.00,43.10,41.85,42.75,yearly_2025.zip,0.9864420529,42.417008,42.515652,41.282600,42.170398,OK
20250620,4916,事欣科,4569183,42.85,42.95,41.20,41.20,yearly_2025.zip,0.9864420529,42.269042,42.367686,40.641413,40.641413,OK
20250623,4916,事欣科,5544930,40.80,42.10,40.70,41.65,yearly_2025.zip,0.9864420529,40.246836,41.529210,40.148192,41.085312,OK
20250624,4916,事欣科,4496779,41.65,42.80,41.35,42.80,yearly_2025.zip,0.9864420529,41.085312,42.219720,40.789379,42.219720,OK
20250625,4916,事欣科,7424026,43.05,43.80,42.60,43.10,yearly_2025.zip,0.9864420529,42.466330,43.206162,42.022431,42.515652,OK
20250626,4916,事欣科,2653327,43.00,43.40,42.20,42.20,yearly_2025.zip,0.9864420529,42.417008,42.811585,41.627855,41.627855,OK
20250627,4916,事欣科,2024859,42.15,42.35,41.45,41.45,yearly_2025.zip,0.9864420529,41.578533,41.775821,40.888023,40.888023,OK
20250630,4916,事欣科,2676307,41.20,41.30,40.20,40.20,yearly_2025.zip,0.9864420529,40.641413,40.740057,39.654971,39.654971,OK
20250701,4916,事欣科,1907638,40.25,40.55,39.90,39.90,yearly_2025.zip,0.9864420529,39.704293,40.000225,39.359038,39.359038,OK
20250702,4916,事欣科,1708617,40.00,40.30,39.70,39.70,yearly_2025.zip,0.9864420529,39.457682,39.753615,39.161749,39.161749,OK
20250703,4916,事欣科,1219894,40.00,40.20,39.70,39.70,yearly_2025.zip,0.9864420529,39.457682,39.654971,39.161749,39.161749,OK
20250704,4916,事欣科,2380117,39.80,40.20,38.40,38.70,yearly_2025.zip,0.9864420529,39.260394,39.654971,37.879375,38.175307,OK
20250707,4916,事欣科,1275136,38.60,39.15,38.10,38.20,yearly_2025.zip,0.9864420529,38.076663,38.619206,37.583442,37.682086,OK
20250708,4916,事欣科,1742003,38.50,38.95,38.05,38.60,yearly_2025.zip,0.9864420529,37.978019,38.421918,37.534120,38.076663,OK
20250709,4916,事欣科,863433,38.60,38.75,38.25,38.60,yearly_2025.zip,0.9864420529,38.076663,38.224630,37.731409,38.076663,OK
20250710,4916,事欣科,6862169,39.55,41.10,39.55,40.60,yearly_2025.zip,0.9864420529,39.013783,40.542768,39.013783,40.049547,OK
20250711,4916,事欣科,3033384,40.50,41.30,40.10,40.70,yearly_2025.zip,0.9864420529,39.950903,40.740057,39.556326,40.148192,OK
20250714,4916,事欣科,1266706,40.55,41.00,40.15,40.20,yearly_2025.zip,0.9864420529,40.000225,40.444124,39.605648,39.654971,OK
20250715,4916,事欣科,3061851,40.30,41.70,40.25,40.70,yearly_2025.zip,0.9864420529,39.753615,41.134634,39.704293,40.148192,OK
20250716,4916,事欣科,1417973,40.90,41.10,40.30,40.35,yearly_2025.zip,0.9864420529,40.345480,40.542768,39.753615,39.802937,OK
20250717,4916,事欣科,1606651,40.40,41.00,40.00,40.95,yearly_2025.zip,0.9864420529,39.852259,40.444124,39.457682,40.394802,OK
20250718,4916,事欣科,1462199,41.05,41.15,40.35,40.70,yearly_2025.zip,0.9864420529,40.493446,40.592090,39.802937,40.148192,OK
20250721,4916,事欣科,2113327,40.55,41.70,40.30,41.00,yearly_2025.zip,0.9864420529,40.000225,41.134634,39.753615,40.444124,OK
20250722,4916,事欣科,2955914,41.05,41.60,39.50,41.00,yearly_2025.zip,0.9864420529,40.493446,41.035989,38.964461,40.444124,OK
20250723,4916,事欣科,4635815,41.70,42.25,40.95,41.65,yearly_2025.zip,0.9864420529,41.134634,41.677177,40.394802,41.085312,OK
20250724,4916,事欣科,20874144,42.60,45.80,42.55,45.80,yearly_2025.zip,0.9864420529,42.022431,45.179046,41.973109,45.179046,OK
20250725,4916,事欣科,45322420,46.90,49.35,46.75,47.15,yearly_2025.zip,0.9864420529,46.264132,48.680915,46.116166,46.510743,OK
20250728,4916,事欣科,24114853,47.25,48.60,46.90,47.80,yearly_2025.zip,0.9944567627,46.988082,48.330599,46.640022,47.535033,OK
20250729,4916,事欣科,33288060,49.00,51.90,48.80,49.80,yearly_2025.zip,0.9944567627,48.728381,51.612306,48.529490,49.523947,OK
20250730,4916,事欣科,50077107,51.00,53.00,50.50,52.40,yearly_2025.zip,0.9944567627,50.717295,52.706208,50.220067,52.109534,OK
20250731,4916,事欣科,50585398,52.50,57.00,51.10,55.00,yearly_2025.zip,0.9944567627,52.208980,56.684035,50.816741,54.695122,OK
20250801,4916,事欣科,49176384,55.00,60.50,54.70,60.50,yearly_2025.zip,0.9944567627,54.695122,60.164634,54.396785,60.164634,OK
20250804,4916,事欣科,60716193,60.50,61.90,58.50,59.50,yearly_2025.zip,0.9944567627,60.164634,61.556874,58.175721,59.170177,OK
20250805,4916,事欣科,22533365,60.10,60.80,58.70,59.90,yearly_2025.zip,0.9944567627,59.766851,60.462971,58.374612,59.567960,OK
20250806,4916,事欣科,56346273,61.00,65.00,59.90,61.20,yearly_2025.zip,0.9944567627,60.661863,64.639690,59.567960,60.860754,OK
20250807,4916,事欣科,43082745,62.20,64.90,60.50,63.90,yearly_2025.zip,0.9944567627,61.855211,64.540244,60.164634,63.545787,OK
20250808,4916,事欣科,32967897,64.20,65.70,61.90,62.20,yearly_2025.zip,0.9944567627,63.844124,65.335809,61.556874,61.855211,OK
20250811,4916,事欣科,27819815,60.20,63.20,58.80,60.70,yearly_2025.zip,0.9944567627,59.866297,62.849667,58.474058,60.363525,OK
20250812,4916,事欣科,15536154,61.70,62.00,59.90,61.00,yearly_2025.zip,0.9944567627,61.357982,61.656319,59.567960,60.661863,OK
20250813,4916,事欣科,26601560,61.30,61.70,56.50,56.60,yearly_2025.zip,0.9944567627,60.960200,61.357982,56.186807,56.286253,OK
20250814,4916,事欣科,18397090,57.20,57.70,54.50,57.00,yearly_2025.zip,0.9944567627,56.882927,57.380155,54.197894,56.684035,OK
20250815,4916,事欣科,29779722,57.00,62.70,56.40,62.70,yearly_2025.zip,0.9944567627,56.684035,62.352439,56.087361,62.352439,OK
20250818,4916,事欣科,64868772,64.80,68.90,64.40,68.90,yearly_2025.zip,0.9944567627,64.440798,68.518071,64.043016,68.518071,OK
20250819,4916,事欣科,60613250,70.90,72.30,66.20,66.40,yearly_2025.zip,0.9944567627,70.506984,71.899224,65.833038,66.031929,OK
20250820,4916,事欣科,22181255,66.00,66.30,61.20,62.70,yearly_2025.zip,0.9944567627,65.634146,65.932483,60.860754,62.352439,OK
20250821,4916,事欣科,35559210,63.80,65.50,60.60,61.70,yearly_2025.zip,0.9944567627,63.446341,65.136918,60.264080,61.357982,OK
20250822,4916,事欣科,45495420,62.50,66.00,60.40,60.60,yearly_2025.zip,0.9944567627,62.153548,65.634146,60.065188,60.264080,OK
20250825,4916,事欣科,20425491,62.40,63.40,61.10,61.90,yearly_2025.zip,0.9944567627,62.054102,63.048559,60.761308,61.556874,OK
20250826,4916,事欣科,43728052,62.00,65.80,61.10,64.90,yearly_2025.zip,0.9944567627,61.656319,65.435255,60.761308,64.540244,OK
20250827,4916,事欣科,44910138,65.50,68.60,65.00,67.00,yearly_2025.zip,0.9944567627,65.136918,68.219734,64.639690,66.628603,OK
20250828,4916,事欣科,42494046,67.90,71.00,66.70,68.30,yearly_2025.zip,0.9944567627,67.523614,70.606430,66.330266,67.921397,OK
20250829,4916,事欣科,27501916,69.20,69.90,66.20,66.50,yearly_2025.zip,0.9944567627,68.816408,69.512528,65.833038,66.131375,OK
20250901,4916,事欣科,16111747,66.80,67.70,63.80,63.80,yearly_2025.zip,0.9944567627,66.429712,67.324723,63.446341,63.446341,OK
20250902,4916,事欣科,12935767,64.80,65.30,61.00,61.90,yearly_2025.zip,0.9944567627,64.440798,64.938027,60.661863,61.556874,OK
20250903,4916,事欣科,29444091,62.50,67.90,61.60,66.20,yearly_2025.zip,0.9944567627,62.153548,67.523614,61.258537,65.833038,OK
20250904,4916,事欣科,39508053,68.00,68.30,62.70,62.80,yearly_2025.zip,0.9944567627,67.623060,67.921397,62.352439,62.451885,OK
20250905,4916,事欣科,10061864,63.00,64.30,62.00,63.60,yearly_2025.zip,0.9944567627,62.650776,63.943570,61.656319,63.247450,OK
20250908,4916,事欣科,38333071,65.30,68.60,63.90,68.00,yearly_2025.zip,0.9944567627,64.938027,68.219734,63.545787,67.623060,OK
20250909,4916,事欣科,51192396,69.50,71.00,66.70,68.90,yearly_2025.zip,0.9944567627,69.114745,70.606430,66.330266,68.518071,OK
20250910,4916,事欣科,43407726,68.80,72.00,67.80,68.60,yearly_2025.zip,0.9944567627,68.418625,71.600887,67.424169,68.219734,OK
20250911,4916,事欣科,17882266,69.00,69.30,64.80,65.50,yearly_2025.zip,0.9944567627,68.617517,68.915854,64.440798,65.136918,OK
20250912,4916,事欣科,11033592,66.10,66.10,63.30,63.30,yearly_2025.zip,0.9944567627,65.733592,65.733592,62.949113,62.949113,OK
20250915,4916,事欣科,12062028,63.00,65.00,61.30,62.80,yearly_2025.zip,0.9944567627,62.650776,64.639690,60.960200,62.451885,OK
20250916,4916,事欣科,5425553,63.40,63.40,61.60,62.00,yearly_2025.zip,0.9944567627,63.048559,63.048559,61.258537,61.656319,OK
20250917,4916,事欣科,6093640,62.90,62.90,60.60,60.80,yearly_2025.zip,0.9944567627,62.551330,62.551330,60.264080,60.462971,OK
20250918,4916,事欣科,8741629,61.30,62.40,58.70,59.20,yearly_2025.zip,0.9944567627,60.960200,62.054102,58.374612,58.871840,OK
20250919,4916,事欣科,5980233,59.80,60.40,58.60,59.00,yearly_2025.zip,0.9944567627,59.468514,60.065188,58.275166,58.672949,OK
20250922,4916,事欣科,11978992,59.00,62.60,58.30,61.60,yearly_2025.zip,0.9944567627,58.672949,62.252993,57.976829,61.258537,OK
20250923,4916,事欣科,6738506,61.00,61.90,59.40,59.60,yearly_2025.zip,0.9944567627,60.661863,61.556874,59.070732,59.269623,OK
20250924,4916,事欣科,4841015,59.60,60.50,58.00,58.10,yearly_2025.zip,0.9944567627,59.269623,60.164634,57.678492,57.777938,OK
20250925,4916,事欣科,3300218,58.20,59.40,57.60,58.80,yearly_2025.zip,0.9944567627,57.877384,59.070732,57.280710,58.474058,OK
20250926,4916,事欣科,4384451,58.50,59.20,55.90,56.10,yearly_2025.zip,0.9944567627,58.175721,58.871840,55.590133,55.789024,OK
20250930,4916,事欣科,2262184,56.40,58.20,56.10,58.20,yearly_2025.zip,0.9944567627,56.087361,57.877384,55.789024,57.877384,OK
20251001,4916,事欣科,11088814,57.80,62.00,57.80,61.20,yearly_2025.zip,0.9944567627,57.479601,61.656319,57.479601,60.860754,OK
20251002,4916,事欣科,5632872,60.90,61.50,60.00,60.80,yearly_2025.zip,0.9944567627,60.562417,61.159091,59.667406,60.462971,OK
20251003,4916,事欣科,6722855,59.50,62.00,59.40,60.00,yearly_2025.zip,0.9944567627,59.170177,61.656319,59.070732,59.667406,OK
20251007,4916,事欣科,3718755,60.10,61.20,59.20,60.20,yearly_2025.zip,0.9944567627,59.766851,60.860754,58.871840,59.866297,OK
20251008,4916,事欣科,2508726,59.80,60.00,58.90,59.00,yearly_2025.zip,0.9944567627,59.468514,59.667406,58.573503,58.672949,OK
20251009,4916,事欣科,3335616,59.20,59.50,57.80,58.80,yearly_2025.zip,0.9944567627,58.871840,59.170177,57.479601,58.474058,OK
20251013,4916,事欣科,7778377,54.50,59.90,54.30,58.60,yearly_2025.zip,0.9944567627,54.197894,59.567960,53.999002,58.275166,OK
20251014,4916,事欣科,8471798,59.80,60.90,54.50,55.80,yearly_2025.zip,0.9944567627,59.468514,60.562417,54.197894,55.490687,OK
20251015,4916,事欣科,3256260,56.80,56.80,54.90,55.00,yearly_2025.zip,0.9944567627,56.485144,56.485144,54.595676,54.695122,OK
20251016,4916,事欣科,3544988,55.30,56.30,54.90,55.30,yearly_2025.zip,0.9944567627,54.993459,55.987916,54.595676,54.993459,OK
20251017,4916,事欣科,2972345,55.00,55.30,53.70,54.10,yearly_2025.zip,0.9944567627,54.695122,54.993459,53.402328,53.800111,OK
20251020,4916,事欣科,2621198,54.10,54.30,53.00,53.40,yearly_2025.zip,0.9944567627,53.800111,53.999002,52.706208,53.103991,OK
20251021,4916,事欣科,2721789,53.70,54.50,53.50,53.60,yearly_2025.zip,0.9944567627,53.402328,54.197894,53.203437,53.302882,OK
20251022,4916,事欣科,1974257,53.80,54.40,53.40,54.10,yearly_2025.zip,0.9944567627,53.501774,54.098448,53.103991,53.800111,OK
20251023,4916,事欣科,1850529,53.50,54.30,52.90,53.20,yearly_2025.zip,0.9944567627,53.203437,53.999002,52.606763,52.905100,OK
20251027,4916,事欣科,2560385,53.70,55.30,52.50,54.60,yearly_2025.zip,0.9944567627,53.402328,54.993459,52.208980,54.297339,OK
20251028,4916,事欣科,3968558,54.40,54.60,52.60,52.80,yearly_2025.zip,0.9944567627,54.098448,54.297339,52.308426,52.507317,OK
20251029,4916,事欣科,1796161,53.10,53.90,53.00,53.20,yearly_2025.zip,0.9944567627,52.805654,53.601220,52.706208,52.905100,OK
20251030,4916,事欣科,2321940,53.20,53.50,51.40,51.60,yearly_2025.zip,0.9944567627,52.905100,53.203437,51.115078,51.313969,OK
20251031,4916,事欣科,1692978,51.80,53.00,51.70,52.80,yearly_2025.zip,0.9944567627,51.512860,52.706208,51.413415,52.507317,OK
20251103,4916,事欣科,3406162,53.10,55.00,52.70,53.30,yearly_2025.zip,0.9944567627,52.805654,54.695122,52.407871,53.004545,OK
20251104,4916,事欣科,3848636,54.00,54.90,52.20,52.20,yearly_2025.zip,0.9944567627,53.700665,54.595676,51.910643,51.910643,OK
20251105,4916,事欣科,2264576,51.50,53.40,51.00,52.20,yearly_2025.zip,0.9944567627,51.214523,53.103991,50.717295,51.910643,OK
20251106,4916,事欣科,2469003,52.80,54.20,51.90,53.10,yearly_2025.zip,0.9944567627,52.507317,53.899557,51.612306,52.805654,OK
20251107,4916,事欣科,1675643,52.40,52.70,51.40,51.50,yearly_2025.zip,0.9944567627,52.109534,52.407871,51.115078,51.214523,OK
20251110,4916,事欣科,2317562,51.20,51.50,49.85,50.90,yearly_2025.zip,0.9944567627,50.916186,51.214523,49.573670,50.617849,OK
20251111,4916,事欣科,3669685,50.90,51.30,49.50,49.50,yearly_2025.zip,0.9944567627,50.617849,51.015632,49.225610,49.225610,OK
20251112,4916,事欣科,1660898,49.60,50.60,49.60,50.00,yearly_2025.zip,0.9944567627,49.325055,50.319512,49.325055,49.722838,OK
20251113,4916,事欣科,1808764,50.40,50.40,49.10,49.10,yearly_2025.zip,0.9944567627,50.120621,50.120621,48.827827,48.827827,OK
20251114,4916,事欣科,2518373,48.50,49.55,47.50,47.50,yearly_2025.zip,0.9944567627,48.231153,49.275333,47.236696,47.236696,OK
20251117,4916,事欣科,2236904,48.00,48.45,46.60,46.80,yearly_2025.zip,0.9944567627,47.733925,48.181430,46.341685,46.540576,OK
20251118,4916,事欣科,2933091,47.00,47.25,45.20,45.45,yearly_2025.zip,0.9944567627,46.739468,46.988082,44.949446,45.198060,OK
20251119,4916,事欣科,1632110,45.85,45.85,44.65,44.80,yearly_2025.zip,0.9944567627,45.595843,45.595843,44.402494,44.551663,OK
20251120,4916,事欣科,1382077,45.40,46.05,45.15,45.55,yearly_2025.zip,0.9944567627,45.148337,45.794734,44.899723,45.297506,OK
20251121,4916,事欣科,1879809,44.60,45.10,43.50,43.85,yearly_2025.zip,0.9944567627,44.352772,44.850000,43.258869,43.606929,OK
20251124,4916,事欣科,2815451,44.25,45.45,43.85,44.95,yearly_2025.zip,0.9944567627,44.004712,45.198060,43.606929,44.700831,OK
20251125,4916,事欣科,2781854,45.60,46.75,45.40,46.00,yearly_2025.zip,0.9944567627,45.347228,46.490854,45.148337,45.745011,OK
20251126,4916,事欣科,8777345,47.30,50.60,47.30,50.60,yearly_2025.zip,0.9944567627,47.037805,50.319512,47.037805,50.319512,OK
20251127,4916,事欣科,16160896,52.40,52.60,47.40,47.40,yearly_2025.zip,0.9944567627,52.109534,52.308426,47.137251,47.137251,OK
20251128,4916,事欣科,3658039,47.50,47.90,46.35,46.80,yearly_2025.zip,0.9944567627,47.236696,47.634479,46.093071,46.540576,OK
20251201,4916,事欣科,1774300,46.80,47.45,46.45,47.10,yearly_2025.zip,0.9944567627,46.540576,47.186973,46.192517,46.838914,OK
20251202,4916,事欣科,1531658,47.45,47.45,46.40,46.40,yearly_2025.zip,0.9944567627,47.186973,47.186973,46.142794,46.142794,OK
20251203,4916,事欣科,1700448,46.55,46.85,46.00,46.05,yearly_2025.zip,0.9944567627,46.291962,46.590299,45.745011,45.794734,OK
20251204,4916,事欣科,1609986,46.40,47.15,46.40,47.00,yearly_2025.zip,0.9944567627,46.142794,46.888636,46.142794,46.739468,OK
20251205,4916,事欣科,1704942,47.35,47.75,46.80,47.75,yearly_2025.zip,0.9944567627,47.087528,47.485310,46.540576,47.485310,OK
20251208,4916,事欣科,3991902,48.50,49.75,48.00,49.60,yearly_2025.zip,0.9944567627,48.231153,49.474224,47.733925,49.325055,OK
20251209,4916,事欣科,6407960,50.20,52.50,50.20,50.70,yearly_2025.zip,0.9944567627,49.921729,52.208980,49.921729,50.418958,OK
20251210,4916,事欣科,15531427,51.70,55.00,51.40,52.20,yearly_2025.zip,0.9944567627,51.413415,54.695122,51.115078,51.910643,OK
20251211,4916,事欣科,5180526,52.20,52.70,50.80,52.20,yearly_2025.zip,0.9944567627,51.910643,52.407871,50.518404,51.910643,OK
20251212,4916,事欣科,20328836,53.30,57.20,52.60,56.00,yearly_2025.zip,0.9944567627,53.004545,56.882927,52.308426,55.689579,OK
20251215,4916,事欣科,26342450,55.10,59.70,54.60,58.10,yearly_2025.zip,0.9944567627,54.794568,59.369069,54.297339,57.777938,OK
20251216,4916,事欣科,15602689,57.50,59.50,55.00,55.70,yearly_2025.zip,0.9944567627,57.181264,59.170177,54.695122,55.391242,OK
20251217,4916,事欣科,8155915,55.70,56.70,53.80,54.50,yearly_2025.zip,0.9944567627,55.391242,56.385698,53.501774,54.197894,OK
20251218,4916,事欣科,3642092,54.10,54.40,53.30,54.00,yearly_2025.zip,0.9944567627,53.800111,54.098448,53.004545,53.700665,OK
20251219,4916,事欣科,8212249,54.30,56.50,54.10,56.20,yearly_2025.zip,0.9944567627,53.999002,56.186807,53.800111,55.888470,OK
20251222,4916,事欣科,5405018,56.50,57.10,55.30,56.50,yearly_2025.zip,0.9944567627,56.186807,56.783481,54.993459,56.186807,OK
20251223,4916,事欣科,21698466,57.70,60.50,56.60,60.00,yearly_2025.zip,0.9944567627,57.380155,60.164634,56.286253,59.667406,OK
20251224,4916,事欣科,26005133,61.20,62.50,58.70,60.50,yearly_2025.zip,0.9944567627,60.860754,62.153548,58.374612,60.164634,OK
20251226,4916,事欣科,5320439,60.00,60.10,58.90,59.20,yearly_2025.zip,0.9944567627,59.667406,59.766851,58.573503,58.871840,OK
20251229,4916,事欣科,6301609,59.00,60.90,59.00,59.60,yearly_2025.zip,0.9944567627,58.672949,60.562417,58.672949,59.269623,OK
20251230,4916,事欣科,8591414,60.70,61.50,57.70,58.10,yearly_2025.zip,0.9944567627,60.363525,61.159091,57.380155,57.777938,OK
20251231,4916,事欣科,4005118,58.00,58.70,57.00,57.00,yearly_2025.zip,0.9944567627,57.678492,58.374612,56.684035,56.684035,OK
20260102,4916,事欣科,4387255,57.20,59.30,56.80,58.30,weekly_2026_W01.zip,0.9944567627,56.882927,58.971286,56.485144,57.976829,OK
20260105,4916,事欣科,5429810,58.20,59.70,56.50,56.50,weekly_2026_W02.zip,0.9944567627,57.877384,59.369069,56.186807,56.186807,OK
20260106,4916,事欣科,2802274,56.50,57.50,56.10,56.10,weekly_2026_W02.zip,0.9944567627,56.186807,57.181264,55.789024,55.789024,OK
20260107,4916,事欣科,3537041,56.10,57.10,55.50,57.00,weekly_2026_W02.zip,0.9944567627,55.789024,56.783481,55.192350,56.684035,OK
20260108,4916,事欣科,15296994,57.50,61.50,57.50,58.60,weekly_2026_W02.zip,0.9944567627,57.181264,61.159091,57.181264,58.275166,OK
20260109,4916,事欣科,10627935,60.50,61.40,57.60,58.20,weekly_2026_W02.zip,0.9944567627,60.164634,61.059645,57.280710,57.877384,OK
20260112,4916,事欣科,19246726,59.10,62.50,58.80,62.00,weekly_2026_W03.zip,0.9944567627,58.772395,62.153548,58.474058,61.656319,OK
20260113,4916,事欣科,15207645,62.50,62.50,59.80,62.00,weekly_2026_W03.zip,0.9944567627,62.153548,62.153548,59.468514,61.656319,OK
20260114,4916,事欣科,22953236,63.00,63.60,61.80,63.40,weekly_2026_W03.zip,0.9944567627,62.650776,63.247450,61.457428,63.048559,OK
20260115,4916,事欣科,14800753,62.70,65.10,62.40,62.50,weekly_2026_W03.zip,0.9944567627,62.352439,64.739135,62.054102,62.153548,OK
20260116,4916,事欣科,8539215,62.80,62.90,60.60,61.00,weekly_2026_W03.zip,0.9944567627,62.451885,62.551330,60.264080,60.661863,OK
20260119,4916,事欣科,5108938,61.10,62.80,61.00,61.40,weekly_2026_W04.zip,0.9944567627,60.761308,62.451885,60.661863,61.059645,OK
20260120,4916,事欣科,9889440,62.10,64.50,62.00,62.90,weekly_2026_W04.zip,0.9944567627,61.755765,64.142461,61.656319,62.551330,OK
20260121,4916,事欣科,15321248,62.50,64.90,61.60,64.70,weekly_2026_W04.zip,0.9944567627,62.153548,64.540244,61.258537,64.341353,OK
20260122,4916,事欣科,27091966,67.10,68.00,63.00,63.90,weekly_2026_W04.zip,0.9944567627,66.728049,67.623060,62.650776,63.545787,OK
20260123,4916,事欣科,11669856,64.50,66.30,62.50,64.80,weekly_2026_W04.zip,0.9944567627,64.142461,65.932483,62.153548,64.440798,OK
20260126,4916,事欣科,31863743,69.00,71.00,67.30,69.00,weekly_2026_W05.zip,0.9944567627,68.617517,70.606430,66.926940,68.617517,OK
20260127,4916,事欣科,35546649,70.00,74.20,69.10,69.70,weekly_2026_W05.zip,0.9944567627,69.611973,73.788692,68.716962,69.313636,OK
20260128,4916,事欣科,14549381,68.50,68.70,66.00,66.40,weekly_2026_W05.zip,0.9944567627,68.120288,68.319180,65.634146,66.031929,OK
20260129,4916,事欣科,17228581,66.90,69.50,64.50,66.50,weekly_2026_W05.zip,0.9944567627,66.529157,69.114745,64.142461,66.131375,OK
20260130,4916,事欣科,9188887,66.00,66.10,62.40,64.10,weekly_2026_W05.zip,0.9944567627,65.634146,65.733592,62.054102,63.744678,OK
20260202,4916,事欣科,7671885,63.50,65.40,61.50,62.00,weekly_2026_W06.zip,0.9944567627,63.148004,65.037472,61.159091,61.656319,OK
20260203,4916,事欣科,9667901,63.40,66.50,63.00,64.50,weekly_2026_W06.zip,0.9944567627,63.048559,66.131375,62.650776,64.142461,OK
20260204,4916,事欣科,11768213,64.60,67.40,63.50,66.80,weekly_2026_W06.zip,0.9944567627,64.241907,67.026386,63.148004,66.429712,OK
20260205,4916,事欣科,8355322,66.00,66.50,62.20,62.20,weekly_2026_W06.zip,0.9944567627,65.634146,66.131375,61.855211,61.855211,OK
20260206,4916,事欣科,6595403,61.50,61.60,58.00,59.80,weekly_2026_W06.zip,0.9944567627,61.159091,61.258537,57.678492,59.468514,OK
20260209,4916,事欣科,6069542,61.80,64.40,60.90,61.60,weekly_2026_W07.zip,0.9944567627,61.457428,64.043016,60.562417,61.258537,OK
20260210,4916,事欣科,4604302,63.00,63.40,60.30,63.30,weekly_2026_W07.zip,0.9944567627,62.650776,63.048559,59.965743,62.949113,OK
20260211,4916,事欣科,7453582,61.60,61.60,60.00,60.20,weekly_2026_W07.zip,0.9944567627,61.258537,61.258537,59.667406,59.866297,OK
20260223,4916,事欣科,6479995,61.40,64.60,61.00,63.70,weekly_2026_W09.zip,0.9944567627,61.059645,64.241907,60.661863,63.346896,OK
20260224,4916,事欣科,5972004,64.10,65.20,63.00,64.70,weekly_2026_W09.zip,0.9944567627,63.744678,64.838581,62.650776,64.341353,OK
20260225,4916,事欣科,4015400,65.10,65.50,63.30,63.60,weekly_2026_W09.zip,0.9944567627,64.739135,65.136918,62.949113,63.247450,OK
20260226,4916,事欣科,3415791,63.60,64.30,62.60,63.80,weekly_2026_W09.zip,0.9944567627,63.247450,63.943570,62.252993,63.446341,OK
20260302,4916,事欣科,9981820,65.00,66.00,62.60,63.50,weekly_2026_W10.zip,0.9944567627,64.639690,65.634146,62.252993,63.148004,OK
20260303,4916,事欣科,5156376,63.50,64.30,60.10,60.10,weekly_2026_W10.zip,0.9944567627,63.148004,63.943570,59.766851,59.766851,OK
20260304,4916,事欣科,5437115,59.40,61.10,56.20,57.20,weekly_2026_W10.zip,0.9944567627,59.070732,60.761308,55.888470,56.882927,OK
20260305,4916,事欣科,3978826,60.50,61.50,58.90,60.90,weekly_2026_W10.zip,0.9944567627,60.164634,61.159091,58.573503,60.562417,OK
20260306,4916,事欣科,5686110,61.30,63.00,60.60,61.30,weekly_2026_W10.zip,0.9944567627,60.960200,62.650776,60.264080,60.960200,OK
20260309,4916,事欣科,3836598,56.60,57.20,55.20,56.10,weekly_2026_W11.zip,0.9944567627,56.286253,56.882927,54.894013,55.789024,OK
20260310,4916,事欣科,2670128,58.00,58.80,57.30,57.80,weekly_2026_W11.zip,0.9944567627,57.678492,58.474058,56.982373,57.479601,OK
20260311,4916,事欣科,2546391,58.50,60.70,58.40,60.00,weekly_2026_W11.zip,0.9944567627,58.175721,60.363525,58.076275,59.667406,OK
20260312,4916,事欣科,4044671,60.00,63.40,59.50,61.10,weekly_2026_W11.zip,0.9944567627,59.667406,63.048559,59.170177,60.761308,OK
20260313,4916,事欣科,2422369,60.20,61.50,59.80,60.70,weekly_2026_W11.zip,0.9944567627,59.866297,61.159091,59.468514,60.363525,OK
20260316,4916,事欣科,2103197,60.70,61.10,59.50,59.70,weekly_2026_W12.zip,0.9944567627,60.363525,60.761308,59.170177,59.369069,OK
20260317,4916,事欣科,4455573,60.70,63.00,60.30,62.40,weekly_2026_W12.zip,0.9944567627,60.363525,62.650776,59.965743,62.054102,OK
20260318,4916,事欣科,4635966,63.30,64.00,61.00,61.80,weekly_2026_W12.zip,0.9944567627,62.949113,63.645233,60.661863,61.457428,OK
20260319,4916,事欣科,9653113,61.30,65.50,60.70,63.90,weekly_2026_W12.zip,0.9944567627,60.960200,65.136918,60.363525,63.545787,OK
20260320,4916,事欣科,5630138,64.10,64.90,61.30,61.50,weekly_2026_W12.zip,0.9944567627,63.744678,64.540244,60.960200,61.159091,OK
20260323,4916,事欣科,6023964,60.00,64.00,58.60,61.30,weekly_2026_W13.zip,0.9944567627,59.667406,63.645233,58.275166,60.960200,OK
20260324,4916,事欣科,3280603,62.90,62.90,59.20,59.80,weekly_2026_W13.zip,0.9944567627,62.551330,62.551330,58.871840,59.468514,OK
20260325,4916,事欣科,3146415,61.20,61.40,60.00,60.10,weekly_2026_W13.zip,0.9944567627,60.860754,61.059645,59.667406,59.766851,OK
20260326,4916,事欣科,4658117,60.90,62.20,57.80,57.80,weekly_2026_W13.zip,0.9944567627,60.562417,61.855211,57.479601,57.479601,OK
20260327,4916,事欣科,1955973,57.00,59.30,56.80,58.80,weekly_2026_W13.zip,0.9944567627,56.684035,58.971286,56.485144,58.474058,OK
20260330,4916,事欣科,5468152,58.00,61.40,57.60,58.80,weekly_2026_W14.zip,0.9944567627,57.678492,61.059645,57.280710,58.474058,OK
20260331,4916,事欣科,3412912,59.40,60.00,56.00,56.10,weekly_2026_W14.zip,0.9944567627,59.070732,59.667406,55.689579,55.789024,OK
20260401,4916,事欣科,2213318,58.00,58.30,56.70,57.40,weekly_2026_W14.zip,0.9944567627,57.678492,57.976829,56.385698,57.081818,OK
20260402,4916,事欣科,2884387,57.50,58.50,54.60,54.60,weekly_2026_W14.zip,0.9944567627,57.181264,58.175721,54.297339,54.297339,OK
20260407,4916,事欣科,1831079,55.10,55.80,53.20,54.30,weekly_2026_W15.zip,0.9944567627,54.794568,55.490687,52.905100,53.999002,OK
20260408,4916,事欣科,1929542,56.30,57.00,55.40,56.90,weekly_2026_W15.zip,0.9944567627,55.987916,56.684035,55.092905,56.584590,OK
20260409,4916,事欣科,1695819,57.50,57.50,55.30,55.70,weekly_2026_W15.zip,0.9944567627,57.181264,57.181264,54.993459,55.391242,OK
20260410,4916,事欣科,1644738,56.20,57.00,56.00,56.60,weekly_2026_W15.zip,0.9944567627,55.888470,56.684035,55.689579,56.286253,OK
20260413,4916,事欣科,3296637,55.90,58.40,55.90,58.00,weekly_2026_W16.zip,0.9944567627,55.590133,58.076275,55.590133,57.678492,OK
20260414,4916,事欣科,2834487,59.30,59.30,57.80,58.40,weekly_2026_W16.zip,0.9944567627,58.971286,58.971286,57.479601,58.076275,OK
20260415,4916,事欣科,4708888,59.10,60.80,58.70,60.30,weekly_2026_W16.zip,0.9944567627,58.772395,60.462971,58.374612,59.965743,OK
20260416,4916,事欣科,20846578,61.60,66.30,61.60,65.20,weekly_2026_W16.zip,0.9944567627,61.258537,65.932483,61.258537,64.838581,OK
20260417,4916,事欣科,21622503,67.00,68.90,66.40,67.80,weekly_2026_W16.zip,0.9944567627,66.628603,68.518071,66.031929,67.424169,OK
20260420,4916,事欣科,18874503,68.60,71.20,67.40,68.50,weekly_2026_W17.zip,0.9944567627,68.219734,70.805322,67.026386,68.120288,OK
20260421,4916,事欣科,9901193,67.50,70.30,66.60,67.20,weekly_2026_W17.zip,0.9944567627,67.125831,69.910310,66.230820,66.827494,OK
20260422,4916,事欣科,14586077,68.40,71.80,67.70,69.50,weekly_2026_W17.zip,0.9944567627,68.020843,71.401996,67.324723,69.114745,OK
20260423,4916,事欣科,13035755,70.70,70.70,62.60,66.10,weekly_2026_W17.zip,0.9944567627,70.308093,70.308093,62.252993,65.733592,OK
20260424,4916,事欣科,7118398,67.20,68.40,63.90,65.80,weekly_2026_W17.zip,0.9944567627,66.827494,68.020843,63.545787,65.435255,OK
20260427,4916,事欣科,7035224,66.40,66.70,60.40,62.40,weekly_2026_W18.zip,0.9944567627,66.031929,66.330266,60.065188,62.054102,OK
20260428,4916,事欣科,3476529,62.10,63.40,60.60,62.00,weekly_2026_W18.zip,0.9944567627,61.755765,63.048559,60.264080,61.656319,OK
20260429,4916,事欣科,2683669,61.50,63.00,61.40,62.50,weekly_2026_W18.zip,0.9944567627,61.159091,62.650776,61.059645,62.153548,OK
20260430,4916,事欣科,2561314,62.50,62.90,61.60,61.60,weekly_2026_W18.zip,0.9944567627,62.153548,62.551330,61.258537,61.258537,OK
20260504,4916,事欣科,3795247,62.00,64.50,61.90,63.30,weekly_2026_W19.zip,0.9944567627,61.656319,64.142461,61.556874,62.949113,OK
20260505,4916,事欣科,3908514,63.30,65.10,62.40,65.10,weekly_2026_W19.zip,0.9944567627,62.949113,64.739135,62.054102,64.739135,OK
20260506,4916,事欣科,4187329,66.00,66.00,62.60,63.30,weekly_2026_W19.zip,0.9944567627,65.634146,65.634146,62.252993,62.949113,OK
20260507,4916,事欣科,3414935,63.90,64.30,62.20,63.10,weekly_2026_W19.zip,0.9944567627,63.545787,63.943570,61.855211,62.750222,OK
20260508,4916,事欣科,7070240,63.60,66.00,61.70,62.00,weekly_2026_W19.zip,0.9944567627,63.247450,65.634146,61.357982,61.656319,OK
20260511,4916,事欣科,9440717,64.70,67.70,62.60,67.00,weekly_2026_W20.zip,0.9944567627,64.341353,67.324723,62.252993,66.628603,OK
20260512,4916,事欣科,10916516,67.90,69.50,66.90,68.40,weekly_2026_W20.zip,0.9944567627,67.523614,69.114745,66.529157,68.020843,OK
20260513,4916,事欣科,5730833,67.50,67.70,64.70,65.20,weekly_2026_W20.zip,0.9944567627,67.125831,67.324723,64.341353,64.838581,OK
20260514,4916,事欣科,6166037,65.90,68.50,65.70,66.90,weekly_2026_W20.zip,0.9944567627,65.534701,68.120288,65.335809,66.529157,OK
20260515,4916,事欣科,14924154,68.50,72.30,67.20,67.70,weekly_2026_W20.zip,0.9944567627,68.120288,71.899224,66.827494,67.324723,OK
20260518,4916,事欣科,8465884,73.80,74.40,73.50,74.40,weekly_2026_W21.zip,0.9944567627,73.390909,73.987583,73.092572,73.987583,OK
20260519,4916,事欣科,3578609,81.80,81.80,81.80,81.80,weekly_2026_W21.zip,0.9944567627,81.346563,81.346563,81.346563,81.346563,OK
20260520,4916,事欣科,36726561,83.10,89.90,80.20,89.90,weekly_2026_W21.zip,0.9944567627,82.639357,89.401663,79.755432,89.401663,OK
20260521,4916,事欣科,46915796,92.80,98.80,87.00,98.80,weekly_2026_W21.zip,0.9944567627,92.285588,98.252328,86.517738,98.252328,OK
20260522,4916,事欣科,50432884,100.00,105.00,97.40,98.30,weekly_2026_W21.zip,0.9944567627,99.445676,104.417960,96.860089,97.755100,OK
20260525,4916,事欣科,25271124,100.00,105.00,99.20,101.50,weekly_2026_W22.zip,0.9944567627,99.445676,104.417960,98.650111,100.937361,OK
20260526,4916,事欣科,5515128,100.00,101.00,95.00,100.50,weekly_2026_W22.zip,0.9944567627,99.445676,100.440133,94.473392,99.942905,OK
20260527,4916,事欣科,3292175,102.50,102.50,98.00,99.40,weekly_2026_W22.zip,0.9944567627,101.931818,101.931818,97.456763,98.849002,OK
20260529,4916,事欣科,6667076,108.00,112.50,104.00,112.50,weekly_2026_W22.zip,0.9944567627,107.401330,111.876386,103.423503,111.876386,OK
20260601,4916,事欣科,6365233,117.00,123.50,115.50,119.00,weekly_2026_W23.zip,0.9944567627,116.351441,122.815410,114.859756,118.340355,OK
20260602,4916,事欣科,4086731,116.00,116.00,110.00,114.00,weekly_2026_W23.zip,0.9944567627,115.356984,115.356984,109.390244,113.368071,OK
20260603,4916,事欣科,3693035,120.00,124.50,118.00,124.50,weekly_2026_W23.zip,0.9944567627,119.334812,123.809867,117.345898,123.809867,OK
20260604,4916,事欣科,2939889,122.00,127.50,120.00,122.50,weekly_2026_W23.zip,0.9944567627,121.323725,126.793237,119.334812,121.820953,OK
20260605,4916,事欣科,3292659,122.00,122.00,111.00,120.00,weekly_2026_W23.zip,0.9944567627,121.323725,121.323725,110.384701,119.334812,OK
20260608,4916,事欣科,3708077,108.00,119.00,108.00,116.00,weekly_2026_W24.zip,0.9944567627,107.401330,118.340355,107.401330,115.356984,OK
20260609,4916,事欣科,13605010,118.00,125.00,108.50,119.50,weekly_2026_W24.zip,0.9944567627,117.345898,124.307095,107.898559,118.837583,OK
20260610,4916,事欣科,13995793,120.00,122.50,111.00,111.50,weekly_2026_W24.zip,0.9944567627,119.334812,121.820953,110.384701,110.881929,OK
20260611,4916,事欣科,16647738,114.00,121.00,110.50,114.50,weekly_2026_W24.zip,0.9944567627,113.368071,120.329268,109.887472,113.865299,OK
20260612,4916,事欣科,14018208,118.50,120.50,106.50,107.50,weekly_2026_W24.zip,0.9944567627,117.843126,119.832040,105.909645,106.904102,OK
20260615,4916,事欣科,15514853,107.50,108.00,99.20,99.50,weekly_2026_W25.zip,0.9944567627,106.904102,107.401330,98.650111,98.948448,OK
20260616,4916,事欣科,7504184,101.00,101.50,97.60,99.00,weekly_2026_W25.zip,0.9944567627,100.440133,100.937361,97.058980,98.451220,OK
20260617,4916,事欣科,7385383,99.70,102.50,97.20,98.70,weekly_2026_W25.zip,0.9944567627,99.147339,101.931818,96.661197,98.152882,OK
20260618,4916,事欣科,8356190,99.00,103.50,97.20,103.50,weekly_2026_W25.zip,0.9944567627,98.451220,102.926275,96.661197,102.926275,OK
20260622,4916,事欣科,10090947,107.50,110.00,104.50,105.00,weekly_2026_W26.zip,0.9944567627,106.904102,109.390244,103.920732,104.417960,OK
20260623,4916,事欣科,7663722,104.00,104.00,98.10,100.00,weekly_2026_W26.zip,0.9944567627,103.423503,103.423503,97.556208,99.445676,OK
20260624,4916,事欣科,3951290,98.50,102.50,98.20,101.50,weekly_2026_W26.zip,0.9944567627,97.953991,101.931818,97.655654,100.937361,OK
20260625,4916,事欣科,3232523,102.50,102.50,99.30,99.50,weekly_2026_W26.zip,0.9944567627,101.931818,101.931818,98.749557,98.948448,OK
20260626,4916,事欣科,4953365,99.00,100.50,95.50,95.70,weekly_2026_W26.zip,0.9944567627,98.451220,99.942905,94.970621,95.169512,OK
20260629,4916,事欣科,5309267,95.70,100.50,95.70,96.20,weekly_2026_W27.zip,0.9944567627,95.169512,99.942905,95.169512,95.666741,OK
20260630,4916,事欣科,6170493,99.20,104.00,98.50,102.50,weekly_2026_W27.zip,0.9944567627,98.650111,103.423503,97.953991,101.931818,OK
20260701,4916,事欣科,16681767,103.50,112.50,102.50,112.50,weekly_2026_W27.zip,0.9944567627,102.926275,111.876386,101.931818,111.876386,OK
20260702,4916,事欣科,29875027,114.00,116.00,110.50,115.00,weekly_2026_W27.zip,0.9944567627,113.368071,115.356984,109.887472,114.362528,OK
20260703,4916,事欣科,14790538,113.50,119.50,113.50,115.00,weekly_2026_W27.zip,0.9944567627,112.870843,118.837583,112.870843,114.362528,OK
20260706,4916,事欣科,8222338,116.00,117.00,112.00,112.50,weekly_2026_W28.zip,0.9944567627,115.356984,116.351441,111.379157,111.876386,OK
20260707,4916,事欣科,8136874,113.00,113.00,107.00,107.50,weekly_2026_W28.zip,0.9944567627,112.373614,112.373614,106.406874,106.904102,OK
20260708,4916,事欣科,6614148,108.50,112.00,104.50,111.00,weekly_2026_W28.zip,0.9944567627,107.898559,111.379157,103.920732,110.384701,OK
20260709,4916,事欣科,4720470,109.00,111.50,108.00,108.00,weekly_2026_W28.zip,0.9944567627,108.395787,110.881929,107.401330,107.401330,OK
20260713,4916,事欣科,21558219,112.50,118.50,112.50,118.00,weekly_2026_W29.zip,0.9944567627,111.876386,117.843126,111.876386,117.345898,OK
20260714,4916,事欣科,16101066,115.00,117.00,106.50,110.00,weekly_2026_W29.zip,0.9944567627,114.362528,116.351441,105.909645,109.390244,OK
20260715,4916,事欣科,6549209,111.50,113.00,110.00,113.00,weekly_2026_W29.zip,0.9944567627,110.881929,112.373614,109.390244,112.373614,OK
20260716,4916,事欣科,4695699,111.00,113.00,109.00,110.50,weekly_2026_W29.zip,0.9944567627,110.384701,112.373614,108.395787,109.887472,OK
20260717,4916,事欣科,6467375,106.00,108.50,100.00,102.00,weekly_2026_W29.zip,0.9944567627,105.412417,107.898559,99.445676,101.434590,OK
20260720,4916,事欣科,5480006,102.00,104.00,96.50,97.70,weekly_2026_W30.zip,0.9944567627,101.434590,103.423503,95.965078,97.158426,OK
20260721,4916,事欣科,4515662,100.00,107.00,99.00,107.00,weekly_2026_W30.zip,0.9944567627,99.445676,106.406874,98.451220,106.406874,OK
20260722,4916,事欣科,8787291,109.00,112.50,106.00,106.50,weekly_2026_W30.zip,0.9944567627,108.395787,111.876386,105.412417,105.909645,OK
20260723,4916,事欣科,3625577,108.00,108.00,101.50,103.50,weekly_2026_W30.zip,0.9944567627,107.401330,107.401330,100.937361,102.926275,OK
20260724,4916,事欣科,4630010,103.00,108.00,102.00,103.00,weekly_2026_W30.zip,0.9944567627,102.429047,107.401330,101.434590,102.429047,OK
20260727,4916,事欣科,2144382,103.00,103.50,99.70,102.00,weekly_2026_W31.zip,0.9944567627,102.429047,102.926275,99.147339,101.434590,OK
20260728,4916,事欣科,2590639,99.00,101.00,97.10,97.10,weekly_2026_W31.zip,0.9944567627,98.451220,100.440133,96.561752,96.561752,OK
20260729,4916,事欣科,5060226,97.50,99.60,87.40,90.20,weekly_2026_W31.zip,0.9944567627,96.959534,99.047894,86.915521,89.700000,OK
20260730,4916,事欣科,3452652,90.00,94.40,88.00,88.50,weekly_2026_W31.zip,1.0000000000,90.000000,94.400000,88.000000,88.500000,OK
20260731,4916,事欣科,2721628,95.00,96.00,93.10,95.00,weekly_2026_W31.zip,1.0000000000,95.000000,96.000000,93.100000,95.000000,OK
20260803,4916,事欣科,3020607,94.00,98.80,93.90,95.00,weekly_2026_W32.zip,1.0000000000,94.000000,98.800000,93.900000,95.000000,OK
20260804,4916,事欣科,4927410,95.00,103.00,94.10,101.50,weekly_2026_W32.zip,1.0000000000,95.000000,103.000000,94.100000,101.500000,OK
20260805,4916,事欣科,4991120,103.00,107.00,103.00,104.50,weekly_2026_W32.zip,1.0000000000,103.000000,107.000000,103.000000,104.500000,OK
20260806,4916,事欣科,5058435,104.00,109.50,104.00,108.00,weekly_2026_W32.zip,1.0000000000,104.000000,109.500000,104.000000,108.000000,OK
20260807,4916,事欣科,5054760,108.00,111.00,106.50,108.00,weekly_2026_W32.zip,1.0000000000,108.000000,111.000000,106.500000,108.000000,OK
20260810,4916,事欣科,8850710,103.50,106.00,100.50,104.00,weekly_2026_W33.zip,1.0000000000,103.500000,106.000000,100.500000,104.000000,OK
20260811,4916,事欣科,6366135,104.00,108.00,102.50,104.50,weekly_2026_W33.zip,1.0000000000,104.000000,108.000000,102.500000,104.500000,OK
20260812,4916,事欣科,2747205,105.00,105.00,102.50,103.00,weekly_2026_W33.zip,1.0000000000,105.000000,105.000000,102.500000,103.000000,OK
20260813,4916,事欣科,2882164,103.50,105.00,101.50,101.50,weekly_2026_W33.zip,1.0000000000,103.500000,105.000000,101.500000,101.500000,OK
20260814,4916,事欣科,7652239,102.00,108.00,101.00,106.00,weekly_2026_W33.zip,1.0000000000,102.000000,108.000000,101.000000,106.000000,OK
20260817,4916,事欣科,6825530,108.00,111.00,103.00,104.00,weekly_2026_W34.zip,1.0000000000,108.000000,111.000000,103.000000,104.000000,OK
