date,code,name,volume,open,high,low,close,source_asset
20180102,4916,事欣科,384100,35.35,35.65,35.20,35.55,yearly_2018.zip
20180103,4916,事欣科,709113,35.55,36.15,35.55,36.00,yearly_2018.zip
20180104,4916,事欣科,478000,36.20,36.20,35.65,35.70,yearly_2018.zip
20180105,4916,事欣科,1677926,35.80,36.65,35.80,36.50,yearly_2018.zip
20180108,4916,事欣科,837381,36.60,36.65,35.80,35.80,yearly_2018.zip
20180109,4916,事欣科,416220,36.00,36.10,35.55,35.55,yearly_2018.zip
20180110,4916,事欣科,669755,36.20,36.20,35.05,35.05,yearly_2018.zip
20180111,4916,事欣科,275742,35.20,35.40,35.00,35.20,yearly_2018.zip
20180112,4916,事欣科,265600,35.60,35.60,35.20,35.40,yearly_2018.zip
20180115,4916,事欣科,283258,35.45,35.50,35.20,35.20,yearly_2018.zip
20180116,4916,事欣科,238800,35.40,35.75,35.20,35.50,yearly_2018.zip
20180117,4916,事欣科,1070300,35.90,36.50,35.70,36.00,yearly_2018.zip
20180118,4916,事欣科,502001,36.25,36.30,35.60,35.70,yearly_2018.zip
20180119,4916,事欣科,508701,35.75,35.75,35.20,35.20,yearly_2018.zip
20180122,4916,事欣科,629201,35.20,35.30,34.95,35.15,yearly_2018.zip
20180123,4916,事欣科,421300,35.30,35.60,35.00,35.40,yearly_2018.zip
20180124,4916,事欣科,375232,35.50,35.50,35.05,35.05,yearly_2018.zip
20180125,4916,事欣科,590300,35.10,35.25,34.80,34.80,yearly_2018.zip
20180126,4916,事欣科,239815,34.75,35.15,34.65,35.00,yearly_2018.zip
20180129,4916,事欣科,480200,35.10,35.30,34.35,34.40,yearly_2018.zip
20180130,4916,事欣科,480153,34.40,34.50,33.90,33.90,yearly_2018.zip
20180131,4916,事欣科,279844,33.80,34.40,33.75,34.00,yearly_2018.zip
20180201,4916,事欣科,461677,34.50,35.20,34.20,34.75,yearly_2018.zip
20180202,4916,事欣科,2130900,35.50,36.05,35.00,35.00,yearly_2018.zip
20180205,4916,事欣科,481644,34.30,34.65,33.80,34.65,yearly_2018.zip
20180206,4916,事欣科,1209205,33.75,33.80,31.35,31.90,yearly_2018.zip
20180207,4916,事欣科,459904,32.40,33.00,32.40,33.00,yearly_2018.zip
20180208,4916,事欣科,374685,33.60,33.60,33.20,33.20,yearly_2018.zip
20180209,4916,事欣科,748501,31.15,32.60,31.10,31.90,yearly_2018.zip
20180212,4916,事欣科,298910,32.55,32.55,31.85,31.90,yearly_2018.zip
20180221,4916,事欣科,310492,32.50,33.00,32.50,32.50,yearly_2018.zip
20180222,4916,事欣科,394300,32.70,33.45,32.60,33.15,yearly_2018.zip
20180223,4916,事欣科,386264,33.20,33.90,33.20,33.60,yearly_2018.zip
20180226,4916,事欣科,238731,33.65,34.00,33.40,33.50,yearly_2018.zip
20180227,4916,事欣科,197764,33.60,33.70,33.10,33.15,yearly_2018.zip
20180301,4916,事欣科,166300,33.00,33.65,33.00,33.60,yearly_2018.zip
20180302,4916,事欣科,260101,33.55,33.95,33.50,33.80,yearly_2018.zip
20180305,4916,事欣科,193536,33.65,33.95,33.35,33.35,yearly_2018.zip
20180306,4916,事欣科,196553,33.45,33.45,33.20,33.20,yearly_2018.zip
20180307,4916,事欣科,786600,33.45,34.50,33.40,34.40,yearly_2018.zip
20180308,4916,事欣科,572238,34.95,34.95,33.90,33.90,yearly_2018.zip
20180309,4916,事欣科,1099650,34.80,35.20,34.40,34.60,yearly_2018.zip
20180312,4916,事欣科,2955600,36.00,37.10,35.40,35.45,yearly_2018.zip
20180313,4916,事欣科,751700,35.45,35.70,35.30,35.35,yearly_2018.zip
20180314,4916,事欣科,656244,35.35,36.35,35.35,35.55,yearly_2018.zip
20180315,4916,事欣科,333683,35.65,35.90,35.35,35.35,yearly_2018.zip
20180316,4916,事欣科,449178,35.45,35.55,34.90,35.00,yearly_2018.zip
20180319,4916,事欣科,697186,35.20,36.20,35.15,35.50,yearly_2018.zip
20180320,4916,事欣科,357515,35.40,35.50,34.85,35.15,yearly_2018.zip
20180321,4916,事欣科,217975,35.50,35.50,35.05,35.05,yearly_2018.zip
20180322,4916,事欣科,576100,35.20,35.65,34.40,34.45,yearly_2018.zip
20180323,4916,事欣科,741991,33.50,34.50,33.20,34.35,yearly_2018.zip
20180326,4916,事欣科,358600,34.80,34.80,33.75,34.20,yearly_2018.zip
20180327,4916,事欣科,463689,34.30,34.60,34.00,34.10,yearly_2018.zip
20180328,4916,事欣科,239521,34.05,34.10,33.70,33.75,yearly_2018.zip
20180329,4916,事欣科,301157,33.85,33.95,33.35,33.55,yearly_2018.zip
20180330,4916,事欣科,172349,33.70,33.90,33.60,33.65,yearly_2018.zip
20180331,4916,事欣科,151600,33.80,33.80,33.40,33.40,yearly_2018.zip
20180402,4916,事欣科,131709,33.40,33.70,33.30,33.55,yearly_2018.zip
20180403,4916,事欣科,258126,33.50,33.95,33.30,33.70,yearly_2018.zip
20180409,4916,事欣科,406530,33.85,34.30,33.85,34.10,yearly_2018.zip
20180410,4916,事欣科,764464,34.45,35.10,34.30,34.90,yearly_2018.zip
20180411,4916,事欣科,3211198,37.60,38.35,37.60,38.35,yearly_2018.zip
20180412,4916,事欣科,9145232,39.80,39.85,37.50,37.65,yearly_2018.zip
20180413,4916,事欣科,2525149,37.40,37.65,36.25,36.25,yearly_2018.zip
20180416,4916,事欣科,760198,36.10,36.80,36.00,36.05,yearly_2018.zip
20180417,4916,事欣科,3429498,37.00,38.40,36.10,36.10,yearly_2018.zip
20180418,4916,事欣科,1222346,36.20,37.50,35.95,36.50,yearly_2018.zip
20180419,4916,事欣科,878500,36.80,37.35,36.35,36.35,yearly_2018.zip
20180420,4916,事欣科,641871,36.50,36.75,36.10,36.40,yearly_2018.zip
20180423,4916,事欣科,1044800,36.50,36.60,35.20,35.20,yearly_2018.zip
20180424,4916,事欣科,761392,35.50,35.50,34.30,34.30,yearly_2018.zip
20180425,4916,事欣科,461056,33.60,34.80,33.60,34.40,yearly_2018.zip
20180426,4916,事欣科,776128,35.00,35.00,33.30,33.40,yearly_2018.zip
20180427,4916,事欣科,296601,33.80,34.00,33.40,33.90,yearly_2018.zip
20180430,4916,事欣科,755164,34.00,35.00,33.65,34.85,yearly_2018.zip
20180502,4916,事欣科,1730189,35.75,36.30,35.30,35.65,yearly_2018.zip
20180503,4916,事欣科,1076910,36.10,36.30,35.50,36.15,yearly_2018.zip
20180504,4916,事欣科,597700,36.40,36.50,35.65,36.05,yearly_2018.zip
20180507,4916,事欣科,980100,36.80,36.80,36.20,36.40,yearly_2018.zip
20180508,4916,事欣科,870200,36.50,36.95,36.40,36.55,yearly_2018.zip
20180509,4916,事欣科,1403439,37.45,37.50,36.10,36.10,yearly_2018.zip
20180510,4916,事欣科,603748,36.50,36.60,35.85,36.05,yearly_2018.zip
20180511,4916,事欣科,743321,36.15,36.15,35.30,35.45,yearly_2018.zip
20180514,4916,事欣科,1928404,35.25,37.80,35.25,37.20,yearly_2018.zip
20180515,4916,事欣科,5368703,39.00,39.40,36.55,36.55,yearly_2018.zip
20180516,4916,事欣科,923300,36.40,36.90,36.00,36.00,yearly_2018.zip
20180517,4916,事欣科,481400,36.30,36.35,36.00,36.00,yearly_2018.zip
20180518,4916,事欣科,1517400,36.30,37.70,36.30,36.60,yearly_2018.zip
20180521,4916,事欣科,583100,36.60,37.05,36.30,36.60,yearly_2018.zip
20180522,4916,事欣科,466639,36.95,36.95,36.40,36.40,yearly_2018.zip
20180523,4916,事欣科,686600,36.60,36.60,35.85,35.85,yearly_2018.zip
20180524,4916,事欣科,332501,36.35,36.35,35.85,35.90,yearly_2018.zip
20180525,4916,事欣科,525900,36.00,36.60,36.00,36.40,yearly_2018.zip
20180528,4916,事欣科,677101,36.80,37.10,36.45,36.50,yearly_2018.zip
20180529,4916,事欣科,4022271,36.75,38.70,36.40,37.95,yearly_2018.zip
20180530,4916,事欣科,1872509,38.00,38.00,37.00,37.90,yearly_2018.zip
20180531,4916,事欣科,4220502,39.00,39.80,37.80,37.80,yearly_2018.zip
20180601,4916,事欣科,993503,38.00,38.35,37.25,37.35,yearly_2018.zip
20180604,4916,事欣科,557200,37.40,37.90,37.35,37.50,yearly_2018.zip
20180605,4916,事欣科,635360,37.65,37.75,37.00,37.00,yearly_2018.zip
20180606,4916,事欣科,518718,37.20,37.55,37.00,37.40,yearly_2018.zip
20180607,4916,事欣科,1889501,37.70,38.80,37.30,38.70,yearly_2018.zip
20180608,4916,事欣科,3623738,38.60,40.15,38.50,38.55,yearly_2018.zip
20180611,4916,事欣科,4231985,38.60,40.10,38.55,39.20,yearly_2018.zip
20180612,4916,事欣科,3860701,39.95,41.00,38.85,38.95,yearly_2018.zip
20180613,4916,事欣科,1608900,39.35,39.45,38.15,38.40,yearly_2018.zip
20180614,4916,事欣科,730799,38.60,39.20,38.15,38.25,yearly_2018.zip
20180615,4916,事欣科,546200,38.80,38.95,38.20,38.30,yearly_2018.zip
20180619,4916,事欣科,826705,38.35,38.80,37.70,37.70,yearly_2018.zip
20180620,4916,事欣科,1055607,37.60,38.30,36.10,36.85,yearly_2018.zip
20180621,4916,事欣科,354376,37.05,37.75,37.05,37.50,yearly_2018.zip
20180622,4916,事欣科,579900,37.50,38.00,37.10,37.75,yearly_2018.zip
20180625,4916,事欣科,638501,37.80,37.80,36.60,36.70,yearly_2018.zip
20180626,4916,事欣科,1088802,36.80,37.10,35.75,35.90,yearly_2018.zip
20180627,4916,事欣科,472041,36.10,36.55,35.90,36.00,yearly_2018.zip
20180628,4916,事欣科,478700,36.40,36.40,35.50,35.70,yearly_2018.zip
20180629,4916,事欣科,390450,36.10,36.45,35.80,36.45,yearly_2018.zip
20180702,4916,事欣科,250553,36.90,36.90,36.30,36.35,yearly_2018.zip
20180703,4916,事欣科,567200,36.80,36.80,35.30,35.40,yearly_2018.zip
20180704,4916,事欣科,492001,35.40,35.80,34.80,35.00,yearly_2018.zip
20180705,4916,事欣科,497001,35.20,35.30,33.85,34.05,yearly_2018.zip
20180706,4916,事欣科,542202,34.05,34.75,33.40,34.60,yearly_2018.zip
20180709,4916,事欣科,278031,34.70,34.90,34.35,34.60,yearly_2018.zip
20180710,4916,事欣科,243101,34.75,35.45,34.75,35.45,yearly_2018.zip
20180711,4916,事欣科,434001,35.95,35.95,35.60,35.60,yearly_2018.zip
20180712,4916,事欣科,513464,35.70,36.50,35.70,36.05,yearly_2018.zip
20180713,4916,事欣科,239303,36.30,36.55,36.10,36.10,yearly_2018.zip
20180716,4916,事欣科,267101,36.75,36.75,35.85,36.00,yearly_2018.zip
20180717,4916,事欣科,286105,36.35,36.35,35.30,35.40,yearly_2018.zip
20180718,4916,事欣科,290401,35.40,35.65,34.80,35.00,yearly_2018.zip
20180719,4916,事欣科,129427,35.00,35.30,34.90,35.00,yearly_2018.zip
20180720,4916,事欣科,193900,35.10,35.10,34.70,34.70,yearly_2018.zip
20180723,4916,事欣科,290200,34.95,35.10,34.15,34.20,yearly_2018.zip
20180724,4916,事欣科,321300,34.25,35.25,34.20,35.10,yearly_2018.zip
20180725,4916,事欣科,181200,35.00,35.10,34.75,34.90,yearly_2018.zip
20180726,4916,事欣科,189715,35.20,35.20,34.75,34.85,yearly_2018.zip
20180727,4916,事欣科,133830,34.90,35.15,34.85,35.15,yearly_2018.zip
20180730,4916,事欣科,206700,35.25,35.30,34.60,35.00,yearly_2018.zip
20180731,4916,事欣科,134220,35.00,35.40,34.65,35.00,yearly_2018.zip
20180801,4916,事欣科,156500,35.05,35.30,34.90,34.90,yearly_2018.zip
20180802,4916,事欣科,167600,34.90,35.10,34.60,34.60,yearly_2018.zip
20180803,4916,事欣科,255002,34.70,35.50,34.45,34.60,yearly_2018.zip
20180806,4916,事欣科,257904,34.60,35.30,34.55,35.20,yearly_2018.zip
20180807,4916,事欣科,474484,35.35,36.10,35.25,35.60,yearly_2018.zip
20180808,4916,事欣科,267300,35.75,35.85,35.50,35.70,yearly_2018.zip
20180809,4916,事欣科,319508,35.50,35.90,35.10,35.25,yearly_2018.zip
20180810,4916,事欣科,180700,35.25,35.35,35.10,35.10,yearly_2018.zip
20180813,4916,事欣科,482700,35.00,35.00,33.50,34.00,yearly_2018.zip
20180814,4916,事欣科,491103,34.05,35.00,34.05,34.90,yearly_2018.zip
20180815,4916,事欣科,2259203,35.80,36.45,35.30,35.35,yearly_2018.zip
20180816,4916,事欣科,620023,34.35,34.70,34.15,34.20,yearly_2018.zip
20180817,4916,事欣科,487500,34.90,34.90,34.30,34.30,yearly_2018.zip
20180820,4916,事欣科,267400,34.35,34.80,34.15,34.30,yearly_2018.zip
20180821,4916,事欣科,496100,34.85,35.50,34.45,35.50,yearly_2018.zip
20180822,4916,事欣科,2509020,35.95,37.25,35.80,35.90,yearly_2018.zip
20180823,4916,事欣科,2129221,36.45,37.20,36.35,36.45,yearly_2018.zip
20180824,4916,事欣科,786520,36.75,37.00,35.60,35.90,yearly_2018.zip
20180827,4916,事欣科,499235,36.20,36.25,35.50,36.00,yearly_2018.zip
20180828,4916,事欣科,703700,36.00,36.50,35.80,36.10,yearly_2018.zip
20180829,4916,事欣科,555200,36.15,36.70,36.10,36.10,yearly_2018.zip
20180830,4916,事欣科,434100,36.45,36.55,35.65,35.75,yearly_2018.zip
20180831,4916,事欣科,272101,35.70,36.00,35.50,35.95,yearly_2018.zip
20180903,4916,事欣科,358602,36.00,36.30,35.40,35.55,yearly_2018.zip
20180904,4916,事欣科,161215,35.60,35.70,35.45,35.50,yearly_2018.zip
20180905,4916,事欣科,283000,35.60,35.95,35.40,35.40,yearly_2018.zip
20180906,4916,事欣科,371340,35.40,35.70,35.10,35.10,yearly_2018.zip
20180907,4916,事欣科,685885,35.30,35.30,33.50,33.95,yearly_2018.zip
20180910,4916,事欣科,629646,33.60,33.75,32.25,32.50,yearly_2018.zip
20180911,4916,事欣科,313100,32.50,33.35,32.50,33.35,yearly_2018.zip
20180912,4916,事欣科,238100,33.85,33.95,33.05,33.35,yearly_2018.zip
20180913,4916,事欣科,98432,33.25,33.80,33.25,33.60,yearly_2018.zip
20180914,4916,事欣科,186100,33.60,33.95,33.50,33.80,yearly_2018.zip
20180917,4916,事欣科,160402,33.80,33.80,33.25,33.35,yearly_2018.zip
20180918,4916,事欣科,348305,33.30,33.30,32.80,32.85,yearly_2018.zip
20180919,4916,事欣科,130200,33.05,33.25,33.00,33.00,yearly_2018.zip
20180920,4916,事欣科,145421,33.35,33.35,32.70,32.75,yearly_2018.zip
20180921,4916,事欣科,186600,33.00,33.20,32.60,32.85,yearly_2018.zip
20180925,4916,事欣科,134637,33.00,33.35,32.90,33.30,yearly_2018.zip
20180926,4916,事欣科,106700,33.50,33.50,33.20,33.25,yearly_2018.zip
20180927,4916,事欣科,167500,33.25,33.45,33.20,33.25,yearly_2018.zip
20180928,4916,事欣科,161299,33.05,33.25,33.00,33.05,yearly_2018.zip
20181001,4916,事欣科,162200,33.00,33.25,32.85,33.20,yearly_2018.zip
20181002,4916,事欣科,104200,33.10,33.20,33.00,33.00,yearly_2018.zip
20181003,4916,事欣科,446023,33.20,33.95,33.20,33.40,yearly_2018.zip
20181004,4916,事欣科,185528,33.40,33.40,32.80,33.00,yearly_2018.zip
20181005,4916,事欣科,719400,32.95,32.95,30.55,31.05,yearly_2018.zip
20181008,4916,事欣科,324727,30.60,31.75,30.60,31.30,yearly_2018.zip
20181009,4916,事欣科,204228,31.40,31.50,30.85,30.95,yearly_2018.zip
20181011,4916,事欣科,1323249,27.90,28.90,27.90,27.90,yearly_2018.zip
20181012,4916,事欣科,394300,27.90,28.70,27.25,28.30,yearly_2018.zip
20181015,4916,事欣科,176303,28.30,28.60,28.00,28.15,yearly_2018.zip
20181016,4916,事欣科,260600,27.50,28.40,27.50,28.05,yearly_2018.zip
20181017,4916,事欣科,266478,28.50,28.65,28.05,28.05,yearly_2018.zip
20181018,4916,事欣科,77230,28.00,28.10,27.90,28.10,yearly_2018.zip
20181019,4916,事欣科,502600,27.70,28.20,26.95,27.90,yearly_2018.zip
20181022,4916,事欣科,107604,27.60,28.30,27.40,28.05,yearly_2018.zip
20181023,4916,事欣科,252201,28.05,28.05,27.25,27.90,yearly_2018.zip
20181024,4916,事欣科,241500,27.85,27.85,27.20,27.70,yearly_2018.zip
20181025,4916,事欣科,781276,26.85,26.85,25.80,26.80,yearly_2018.zip
20181026,4916,事欣科,659001,26.90,27.00,25.65,27.00,yearly_2018.zip
20181029,4916,事欣科,215095,26.70,27.20,26.50,26.50,yearly_2018.zip
20181030,4916,事欣科,400806,27.30,27.30,26.70,27.00,yearly_2018.zip
20181031,4916,事欣科,299100,27.25,27.95,27.25,27.90,yearly_2018.zip
20181101,4916,事欣科,271100,28.10,28.60,28.00,28.15,yearly_2018.zip
20181102,4916,事欣科,341600,28.25,28.80,28.25,28.40,yearly_2018.zip
20181105,4916,事欣科,120100,28.10,28.75,28.00,28.15,yearly_2018.zip
20181106,4916,事欣科,326007,28.15,28.95,28.10,28.50,yearly_2018.zip
20181107,4916,事欣科,214500,28.80,29.40,28.50,29.00,yearly_2018.zip
20181108,4916,事欣科,156005,29.05,29.80,28.90,28.90,yearly_2018.zip
20181109,4916,事欣科,162005,28.90,29.00,28.50,28.60,yearly_2018.zip
20181112,4916,事欣科,128101,28.40,29.50,28.40,29.15,yearly_2018.zip
20181113,4916,事欣科,1383101,29.70,30.40,29.45,30.00,yearly_2018.zip
20181114,4916,事欣科,456000,30.05,30.25,29.55,29.65,yearly_2018.zip
20181115,4916,事欣科,238100,30.10,30.10,29.70,29.85,yearly_2018.zip
20181116,4916,事欣科,312002,30.00,30.05,29.40,29.45,yearly_2018.zip
20181119,4916,事欣科,160303,29.50,29.90,29.50,29.90,yearly_2018.zip
20181120,4916,事欣科,149100,29.90,30.05,29.60,29.75,yearly_2018.zip
20181121,4916,事欣科,182100,29.75,30.30,29.50,29.70,yearly_2018.zip
20181122,4916,事欣科,262500,29.95,30.20,29.40,29.50,yearly_2018.zip
20181123,4916,事欣科,182500,29.40,29.50,29.05,29.50,yearly_2018.zip
20181126,4916,事欣科,89500,29.55,29.85,29.55,29.55,yearly_2018.zip
20181127,4916,事欣科,235900,29.90,30.25,29.85,30.00,yearly_2018.zip
20181128,4916,事欣科,250355,30.25,30.30,29.90,30.15,yearly_2018.zip
20181129,4916,事欣科,295051,30.25,30.80,30.25,30.35,yearly_2018.zip
20181130,4916,事欣科,163917,30.55,30.70,30.35,30.70,yearly_2018.zip
20181203,4916,事欣科,422801,31.00,31.70,31.00,31.45,yearly_2018.zip
20181204,4916,事欣科,208777,31.75,31.75,31.00,31.05,yearly_2018.zip
20181205,4916,事欣科,138395,30.25,30.70,30.25,30.45,yearly_2018.zip
20181206,4916,事欣科,285012,30.25,30.35,29.30,29.30,yearly_2018.zip
20181207,4916,事欣科,85200,29.35,29.75,29.35,29.75,yearly_2018.zip
20181210,4916,事欣科,106488,29.40,29.95,29.40,29.95,yearly_2018.zip
20181211,4916,事欣科,69751,30.00,30.25,30.00,30.10,yearly_2018.zip
20181212,4916,事欣科,105300,30.30,30.30,30.10,30.25,yearly_2018.zip
20181213,4916,事欣科,147200,30.25,30.50,30.20,30.30,yearly_2018.zip
20181214,4916,事欣科,63001,30.30,30.60,30.00,30.00,yearly_2018.zip
20181217,4916,事欣科,102150,30.00,30.50,29.65,29.65,yearly_2018.zip
20181218,4916,事欣科,92016,29.65,29.85,29.25,29.30,yearly_2018.zip
20181219,4916,事欣科,53512,29.70,29.70,29.20,29.20,yearly_2018.zip
20181220,4916,事欣科,144501,29.00,29.55,28.60,28.60,yearly_2018.zip
20181221,4916,事欣科,108197,29.20,29.20,28.35,28.70,yearly_2018.zip
20181222,4916,事欣科,49200,28.50,29.10,28.50,29.00,yearly_2018.zip
20181224,4916,事欣科,65200,29.10,29.50,28.95,29.30,yearly_2018.zip
20181225,4916,事欣科,62007,29.00,29.40,28.80,29.00,yearly_2018.zip
20181226,4916,事欣科,88400,29.40,29.40,28.50,28.50,yearly_2018.zip
20181227,4916,事欣科,155501,29.15,29.15,28.55,28.65,yearly_2018.zip
20181228,4916,事欣科,128600,28.55,29.35,28.55,29.20,yearly_2018.zip
20190102,4916,事欣科,44014,29.30,29.30,28.90,28.90,yearly_2019.zip
20190103,4916,事欣科,103100,28.90,28.95,28.65,28.75,yearly_2019.zip
20190104,4916,事欣科,168104,28.35,28.35,27.85,28.15,yearly_2019.zip
20190107,4916,事欣科,80200,28.45,28.60,28.20,28.45,yearly_2019.zip
20190108,4916,事欣科,71918,28.55,28.65,28.45,28.50,yearly_2019.zip
20190109,4916,事欣科,105206,28.90,29.00,28.60,29.00,yearly_2019.zip
20190110,4916,事欣科,1254460,30.30,30.95,29.90,30.40,yearly_2019.zip
20190111,4916,事欣科,266407,30.55,30.65,30.10,30.40,yearly_2019.zip
20190114,4916,事欣科,158077,30.65,30.70,30.35,30.60,yearly_2019.zip
20190115,4916,事欣科,268597,30.70,30.75,30.30,30.75,yearly_2019.zip
20190116,4916,事欣科,562166,30.80,31.65,30.55,31.60,yearly_2019.zip
20190117,4916,事欣科,807100,31.95,32.40,30.95,30.95,yearly_2019.zip
20190118,4916,事欣科,153835,31.30,31.55,31.00,31.20,yearly_2019.zip
20190121,4916,事欣科,140400,31.50,31.50,31.05,31.10,yearly_2019.zip
20190122,4916,事欣科,93012,30.90,31.30,30.75,30.80,yearly_2019.zip
20190123,4916,事欣科,82400,30.60,30.95,30.60,30.85,yearly_2019.zip
20190124,4916,事欣科,128800,30.85,31.25,30.85,31.05,yearly_2019.zip
20190125,4916,事欣科,157399,31.20,31.35,31.00,31.00,yearly_2019.zip
20190128,4916,事欣科,206134,31.15,31.45,31.15,31.25,yearly_2019.zip
20190129,4916,事欣科,237038,31.20,31.20,30.65,31.00,yearly_2019.zip
20190130,4916,事欣科,170411,31.30,31.30,31.00,31.20,yearly_2019.zip
20190211,4916,事欣科,225500,31.50,31.65,31.30,31.60,yearly_2019.zip
20190212,4916,事欣科,163137,31.55,31.70,31.35,31.65,yearly_2019.zip
20190213,4916,事欣科,569644,31.60,32.70,31.55,32.55,yearly_2019.zip
20190214,4916,事欣科,240301,32.30,32.30,31.90,31.90,yearly_2019.zip
20190215,4916,事欣科,204245,31.80,31.90,31.45,31.45,yearly_2019.zip
20190218,4916,事欣科,199660,31.45,31.45,31.20,31.30,yearly_2019.zip
20190219,4916,事欣科,106503,31.30,31.65,31.30,31.50,yearly_2019.zip
20190220,4916,事欣科,288148,31.70,32.15,31.70,31.85,yearly_2019.zip
20190221,4916,事欣科,118401,32.00,32.05,31.70,31.90,yearly_2019.zip
20190222,4916,事欣科,171353,32.00,32.00,31.50,31.50,yearly_2019.zip
20190225,4916,事欣科,227553,31.95,32.10,31.60,32.10,yearly_2019.zip
20190226,4916,事欣科,146700,32.20,32.45,31.85,31.90,yearly_2019.zip
20190227,4916,事欣科,200300,32.20,32.20,31.80,32.00,yearly_2019.zip
20190304,4916,事欣科,858445,32.10,32.80,32.00,32.60,yearly_2019.zip
20190305,4916,事欣科,208527,32.55,32.80,32.30,32.40,yearly_2019.zip
20190306,4916,事欣科,887578,32.85,33.60,32.75,32.90,yearly_2019.zip
20190307,4916,事欣科,1194147,32.40,33.45,32.40,32.75,yearly_2019.zip
20190308,4916,事欣科,468000,32.75,33.15,32.30,33.00,yearly_2019.zip
20190311,4916,事欣科,1293215,33.20,34.65,33.20,34.50,yearly_2019.zip
20190312,4916,事欣科,1715503,35.15,35.50,34.70,34.95,yearly_2019.zip
20190313,4916,事欣科,476976,35.05,35.20,34.45,34.70,yearly_2019.zip
20190314,4916,事欣科,757867,34.80,35.45,34.70,35.10,yearly_2019.zip
20190315,4916,事欣科,2944845,37.80,37.80,36.40,36.90,yearly_2019.zip
20190318,4916,事欣科,1027800,37.50,37.70,36.90,36.90,yearly_2019.zip
20190319,4916,事欣科,519634,37.20,37.20,36.20,36.60,yearly_2019.zip
20190320,4916,事欣科,732443,36.95,37.35,36.65,36.75,yearly_2019.zip
20190321,4916,事欣科,610440,37.00,37.15,36.75,36.80,yearly_2019.zip
20190322,4916,事欣科,727045,37.20,37.25,36.45,36.45,yearly_2019.zip
20190325,4916,事欣科,620402,36.45,36.45,35.60,35.75,yearly_2019.zip
20190326,4916,事欣科,414800,36.20,36.40,35.95,36.10,yearly_2019.zip
20190327,4916,事欣科,485353,36.30,36.60,36.10,36.35,yearly_2019.zip
20190328,4916,事欣科,561095,36.55,37.20,36.50,36.65,yearly_2019.zip
20190329,4916,事欣科,934062,36.80,37.60,36.70,37.20,yearly_2019.zip
20190401,4916,事欣科,543630,37.60,37.65,36.70,36.80,yearly_2019.zip
20190402,4916,事欣科,489228,36.80,37.00,36.30,36.50,yearly_2019.zip
20190403,4916,事欣科,242127,36.30,36.75,36.30,36.65,yearly_2019.zip
20190408,4916,事欣科,487785,36.90,37.20,36.75,37.15,yearly_2019.zip
20190409,4916,事欣科,395557,37.40,37.45,37.15,37.25,yearly_2019.zip
20190410,4916,事欣科,982201,36.90,36.90,36.15,36.20,yearly_2019.zip
20190411,4916,事欣科,682360,36.20,36.20,35.40,35.45,yearly_2019.zip
20190412,4916,事欣科,227760,35.70,36.05,35.55,35.90,yearly_2019.zip
20190415,4916,事欣科,634506,36.05,37.25,36.05,37.00,yearly_2019.zip
20190416,4916,事欣科,592611,37.00,37.00,36.20,36.60,yearly_2019.zip
20190417,4916,事欣科,2289591,39.00,39.00,37.50,37.60,yearly_2019.zip
20190418,4916,事欣科,1989134,37.60,38.30,37.00,37.00,yearly_2019.zip
20190419,4916,事欣科,382607,37.70,37.75,37.00,37.10,yearly_2019.zip
20190422,4916,事欣科,310257,37.10,37.55,37.10,37.15,yearly_2019.zip
20190423,4916,事欣科,702951,37.45,37.50,36.35,36.40,yearly_2019.zip
20190424,4916,事欣科,282501,36.40,36.80,36.35,36.45,yearly_2019.zip
20190425,4916,事欣科,199412,36.45,36.70,36.35,36.35,yearly_2019.zip
20190426,4916,事欣科,161163,36.35,36.40,36.05,36.35,yearly_2019.zip
20190429,4916,事欣科,217344,36.40,36.60,35.85,35.90,yearly_2019.zip
20190430,4916,事欣科,255700,35.90,36.40,35.70,36.40,yearly_2019.zip
20190502,4916,事欣科,501503,36.40,37.15,36.40,37.15,yearly_2019.zip
20190503,4916,事欣科,282000,37.20,37.25,37.00,37.15,yearly_2019.zip
20190506,4916,事欣科,738101,37.45,37.45,36.75,36.75,yearly_2019.zip
20190507,4916,事欣科,357002,36.95,37.15,36.80,37.10,yearly_2019.zip
20190508,4916,事欣科,371067,36.65,36.95,36.50,36.90,yearly_2019.zip
20190509,4916,事欣科,463857,36.70,36.70,35.75,35.75,yearly_2019.zip
20190510,4916,事欣科,443101,36.15,36.50,35.45,35.50,yearly_2019.zip
20190513,4916,事欣科,935136,35.80,36.10,35.15,35.70,yearly_2019.zip
20190514,4916,事欣科,763203,36.00,36.40,35.30,36.40,yearly_2019.zip
20190515,4916,事欣科,360303,36.55,36.85,36.30,36.50,yearly_2019.zip
20190516,4916,事欣科,364500,36.60,36.60,36.00,36.05,yearly_2019.zip
20190517,4916,事欣科,382300,36.20,36.20,35.20,35.35,yearly_2019.zip
20190520,4916,事欣科,346002,35.35,35.50,35.00,35.00,yearly_2019.zip
20190521,4916,事欣科,317054,35.00,35.80,35.00,35.80,yearly_2019.zip
20190522,4916,事欣科,286105,35.95,36.30,35.80,35.80,yearly_2019.zip
20190523,4916,事欣科,211401,35.80,35.90,35.55,35.90,yearly_2019.zip
20190524,4916,事欣科,132901,35.95,35.95,35.70,35.70,yearly_2019.zip
20190527,4916,事欣科,154200,35.90,36.30,35.85,35.90,yearly_2019.zip
20190528,4916,事欣科,90210,36.05,36.20,35.80,36.20,yearly_2019.zip
20190529,4916,事欣科,234202,36.00,36.15,35.75,35.90,yearly_2019.zip
20190530,4916,事欣科,656429,36.35,37.00,36.15,37.00,yearly_2019.zip
20190531,4916,事欣科,1479350,36.85,36.90,35.30,35.65,yearly_2019.zip
20190603,4916,事欣科,1351853,35.20,35.20,33.65,34.40,yearly_2019.zip
20190604,4916,事欣科,224100,34.40,34.65,34.20,34.50,yearly_2019.zip
20190605,4916,事欣科,375539,34.90,35.00,34.65,34.85,yearly_2019.zip
20190606,4916,事欣科,142268,34.70,34.80,34.50,34.55,yearly_2019.zip
20190610,4916,事欣科,480674,35.50,36.30,35.50,35.85,yearly_2019.zip
20190611,4916,事欣科,168139,35.85,35.85,35.50,35.55,yearly_2019.zip
20190612,4916,事欣科,116100,35.55,35.80,35.40,35.55,yearly_2019.zip
20190613,4916,事欣科,179603,35.60,35.75,35.40,35.40,yearly_2019.zip
20190614,4916,事欣科,99201,35.40,35.75,35.40,35.45,yearly_2019.zip
20190617,4916,事欣科,175370,35.75,36.00,35.55,35.90,yearly_2019.zip
20190618,4916,事欣科,110976,36.10,36.20,35.75,35.75,yearly_2019.zip
20190619,4916,事欣科,157201,36.15,36.20,35.85,36.00,yearly_2019.zip
20190620,4916,事欣科,282653,36.20,36.40,36.15,36.20,yearly_2019.zip
20190621,4916,事欣科,161317,36.20,36.45,36.10,36.10,yearly_2019.zip
20190624,4916,事欣科,112230,36.30,36.30,36.05,36.15,yearly_2019.zip
20190625,4916,事欣科,216762,36.15,36.15,35.75,35.85,yearly_2019.zip
20190626,4916,事欣科,93177,35.75,35.95,35.75,35.80,yearly_2019.zip
20190627,4916,事欣科,98369,35.75,36.15,35.75,35.90,yearly_2019.zip
20190628,4916,事欣科,197106,35.90,35.90,35.60,35.70,yearly_2019.zip
20190701,4916,事欣科,283503,36.00,36.15,35.85,36.05,yearly_2019.zip
20190702,4916,事欣科,359315,36.10,36.35,36.00,36.25,yearly_2019.zip
20190703,4916,事欣科,454200,36.35,36.35,36.10,36.15,yearly_2019.zip
20190704,4916,事欣科,424473,34.00,34.40,33.90,34.25,yearly_2019.zip
20190705,4916,事欣科,161754,34.50,34.50,34.15,34.25,yearly_2019.zip
20190708,4916,事欣科,231550,34.30,34.45,33.80,33.80,yearly_2019.zip
20190709,4916,事欣科,161200,33.70,34.05,33.60,33.80,yearly_2019.zip
20190710,4916,事欣科,154700,33.90,34.20,33.90,34.15,yearly_2019.zip
20190711,4916,事欣科,248880,34.15,34.20,33.95,34.05,yearly_2019.zip
20190712,4916,事欣科,120844,34.00,34.30,34.00,34.10,yearly_2019.zip
20190715,4916,事欣科,238366,33.80,34.10,33.80,34.00,yearly_2019.zip
20190716,4916,事欣科,152035,34.20,34.25,34.00,34.00,yearly_2019.zip
20190717,4916,事欣科,239298,34.00,34.20,34.00,34.05,yearly_2019.zip
20190718,4916,事欣科,130001,34.05,34.20,33.90,33.90,yearly_2019.zip
20190719,4916,事欣科,459300,33.90,34.50,33.90,34.20,yearly_2019.zip
20190722,4916,事欣科,219100,34.10,34.20,33.85,33.90,yearly_2019.zip
20190723,4916,事欣科,113000,34.00,34.00,33.80,33.85,yearly_2019.zip
20190724,4916,事欣科,221044,34.00,34.20,34.00,34.10,yearly_2019.zip
20190725,4916,事欣科,331507,34.10,34.60,34.10,34.50,yearly_2019.zip
20190726,4916,事欣科,221200,34.55,34.65,34.30,34.60,yearly_2019.zip
20190729,4916,事欣科,557410,35.20,35.20,34.85,35.05,yearly_2019.zip
20190730,4916,事欣科,297111,35.05,35.15,34.30,34.40,yearly_2019.zip
20190731,4916,事欣科,106034,34.30,34.60,34.20,34.40,yearly_2019.zip
20190801,4916,事欣科,179078,34.10,34.25,33.80,34.00,yearly_2019.zip
20190802,4916,事欣科,446001,33.70,33.70,33.00,33.00,yearly_2019.zip
20190805,4916,事欣科,178001,33.00,33.00,32.35,32.45,yearly_2019.zip
20190806,4916,事欣科,422304,30.00,31.85,30.00,31.65,yearly_2019.zip
20190807,4916,事欣科,163811,31.70,32.20,31.65,31.80,yearly_2019.zip
20190808,4916,事欣科,203502,31.75,33.00,31.70,32.80,yearly_2019.zip
20190812,4916,事欣科,159750,32.60,33.20,32.60,33.15,yearly_2019.zip
20190813,4916,事欣科,159617,33.15,33.15,32.70,32.90,yearly_2019.zip
20190814,4916,事欣科,477000,32.00,32.80,31.90,32.00,yearly_2019.zip
20190815,4916,事欣科,165003,31.50,31.75,31.15,31.60,yearly_2019.zip
20190816,4916,事欣科,107085,31.85,32.35,31.85,32.35,yearly_2019.zip
20190819,4916,事欣科,117100,32.30,32.95,32.30,32.35,yearly_2019.zip
20190820,4916,事欣科,144600,32.75,33.00,32.50,32.75,yearly_2019.zip
20190821,4916,事欣科,1064600,33.70,35.00,33.70,34.00,yearly_2019.zip
20190822,4916,事欣科,317450,34.15,34.40,33.35,33.55,yearly_2019.zip
20190823,4916,事欣科,317301,33.55,33.75,33.05,33.50,yearly_2019.zip
20190826,4916,事欣科,214087,33.30,33.30,32.80,32.90,yearly_2019.zip
20190827,4916,事欣科,158005,33.25,33.65,32.95,32.95,yearly_2019.zip
20190828,4916,事欣科,111606,33.15,33.20,32.80,33.00,yearly_2019.zip
20190829,4916,事欣科,120400,32.85,33.00,32.75,33.00,yearly_2019.zip
20190830,4916,事欣科,202519,33.05,33.30,32.95,33.05,yearly_2019.zip
20190902,4916,事欣科,166711,33.00,33.30,33.00,33.00,yearly_2019.zip
20190903,4916,事欣科,102223,33.15,33.20,32.80,33.10,yearly_2019.zip
20190904,4916,事欣科,150201,33.10,33.20,32.90,33.20,yearly_2019.zip
20190905,4916,事欣科,187618,33.30,33.35,33.15,33.25,yearly_2019.zip
20190906,4916,事欣科,176864,33.35,33.40,33.10,33.35,yearly_2019.zip
20190909,4916,事欣科,63101,33.45,33.45,33.05,33.05,yearly_2019.zip
20190910,4916,事欣科,103010,33.30,33.30,32.60,32.75,yearly_2019.zip
20190911,4916,事欣科,246222,32.85,33.65,32.85,33.50,yearly_2019.zip
20190912,4916,事欣科,119220,33.70,33.70,33.25,33.35,yearly_2019.zip
20190916,4916,事欣科,222004,33.35,33.35,32.70,32.80,yearly_2019.zip
20190917,4916,事欣科,78202,32.80,33.00,32.75,32.85,yearly_2019.zip
20190918,4916,事欣科,63683,33.00,33.30,33.00,33.10,yearly_2019.zip
20190919,4916,事欣科,93301,33.35,33.35,33.10,33.15,yearly_2019.zip
20190920,4916,事欣科,80100,33.15,33.25,33.00,33.05,yearly_2019.zip
20190923,4916,事欣科,111301,32.95,33.25,32.85,33.00,yearly_2019.zip
20190924,4916,事欣科,105200,33.00,33.15,32.90,33.10,yearly_2019.zip
20190925,4916,事欣科,1014102,33.15,33.80,32.85,33.60,yearly_2019.zip
20190926,4916,事欣科,232507,33.90,33.95,33.35,33.35,yearly_2019.zip
20190927,4916,事欣科,218001,33.40,33.40,32.80,32.85,yearly_2019.zip
20191001,4916,事欣科,67000,33.65,33.65,33.10,33.10,yearly_2019.zip
20191002,4916,事欣科,109676,32.85,33.30,32.85,33.30,yearly_2019.zip
20191003,4916,事欣科,133007,32.90,33.60,32.90,33.45,yearly_2019.zip
20191004,4916,事欣科,195700,33.70,33.75,33.25,33.65,yearly_2019.zip
20191007,4916,事欣科,918704,33.85,34.80,33.85,34.75,yearly_2019.zip
20191008,4916,事欣科,435480,35.45,35.45,34.25,34.35,yearly_2019.zip
20191009,4916,事欣科,918362,35.10,35.10,34.80,35.05,yearly_2019.zip
20191014,4916,事欣科,477518,35.25,35.75,34.85,35.00,yearly_2019.zip
20191015,4916,事欣科,394552,35.00,35.30,34.75,35.30,yearly_2019.zip
20191016,4916,事欣科,285490,35.35,35.50,35.15,35.20,yearly_2019.zip
20191017,4916,事欣科,248541,34.90,35.50,34.90,35.35,yearly_2019.zip
20191018,4916,事欣科,169356,35.35,35.50,35.15,35.40,yearly_2019.zip
20191021,4916,事欣科,259501,35.35,35.40,35.10,35.10,yearly_2019.zip
20191022,4916,事欣科,186351,35.25,35.30,34.80,34.90,yearly_2019.zip
20191023,4916,事欣科,236102,34.90,35.05,34.65,34.85,yearly_2019.zip
20191024,4916,事欣科,163783,34.90,35.05,34.70,34.85,yearly_2019.zip
20191025,4916,事欣科,211531,34.95,35.20,34.90,35.05,yearly_2019.zip
20191028,4916,事欣科,928690,35.15,36.20,35.15,35.90,yearly_2019.zip
20191029,4916,事欣科,416419,36.25,36.25,35.45,35.50,yearly_2019.zip
20191030,4916,事欣科,214024,35.45,35.70,35.35,35.65,yearly_2019.zip
20191031,4916,事欣科,345282,35.55,36.10,35.30,35.50,yearly_2019.zip
20191101,4916,事欣科,143406,35.50,35.70,35.35,35.65,yearly_2019.zip
20191104,4916,事欣科,560125,35.75,36.35,35.65,36.25,yearly_2019.zip
20191105,4916,事欣科,287500,36.35,36.40,35.85,35.95,yearly_2019.zip
20191106,4916,事欣科,326700,36.20,36.35,35.70,35.85,yearly_2019.zip
20191107,4916,事欣科,390452,36.05,36.30,35.85,36.25,yearly_2019.zip
20191108,4916,事欣科,321101,36.40,36.40,35.90,36.00,yearly_2019.zip
20191111,4916,事欣科,473048,36.10,36.10,35.10,35.35,yearly_2019.zip
20191112,4916,事欣科,730401,35.35,36.35,35.35,36.35,yearly_2019.zip
20191113,4916,事欣科,3143535,35.60,35.60,34.00,34.15,yearly_2019.zip
20191114,4916,事欣科,729449,34.50,34.50,33.50,33.80,yearly_2019.zip
20191115,4916,事欣科,429980,33.90,34.10,33.60,33.70,yearly_2019.zip
20191118,4916,事欣科,420001,34.05,34.05,33.45,33.80,yearly_2019.zip
20191119,4916,事欣科,568599,33.85,34.00,33.65,33.75,yearly_2019.zip
20191120,4916,事欣科,355501,33.90,33.90,33.60,33.75,yearly_2019.zip
20191121,4916,事欣科,341001,33.75,33.85,33.55,33.65,yearly_2019.zip
20191122,4916,事欣科,425800,33.55,33.80,33.40,33.40,yearly_2019.zip
20191125,4916,事欣科,296001,33.75,34.00,33.40,34.00,yearly_2019.zip
20191126,4916,事欣科,557568,34.15,34.45,34.10,34.20,yearly_2019.zip
20191127,4916,事欣科,701621,34.30,34.80,34.30,34.60,yearly_2019.zip
20191128,4916,事欣科,181409,34.80,34.80,34.25,34.35,yearly_2019.zip
20191129,4916,事欣科,239356,34.50,34.50,34.00,34.00,yearly_2019.zip
20191202,4916,事欣科,225128,34.00,34.05,33.70,33.75,yearly_2019.zip
20191203,4916,事欣科,137200,33.70,33.80,33.70,33.80,yearly_2019.zip
20191204,4916,事欣科,132300,33.95,33.95,33.60,33.65,yearly_2019.zip
20191205,4916,事欣科,195100,33.70,34.10,33.70,33.75,yearly_2019.zip
20191206,4916,事欣科,89829,33.80,33.95,33.75,33.90,yearly_2019.zip
20191209,4916,事欣科,180702,34.00,34.10,33.70,33.95,yearly_2019.zip
20191210,4916,事欣科,261290,34.20,34.20,33.95,34.10,yearly_2019.zip
20191211,4916,事欣科,253700,34.10,34.25,33.85,34.00,yearly_2019.zip
20191212,4916,事欣科,327731,34.10,34.10,33.80,33.80,yearly_2019.zip
20191213,4916,事欣科,543100,34.00,34.40,33.80,33.80,yearly_2019.zip
20191216,4916,事欣科,146303,34.00,34.05,33.75,33.85,yearly_2019.zip
20191217,4916,事欣科,280903,33.85,34.00,33.80,33.80,yearly_2019.zip
20191218,4916,事欣科,190250,34.00,34.00,33.75,33.90,yearly_2019.zip
20191219,4916,事欣科,191200,33.95,34.00,33.70,33.75,yearly_2019.zip
20191220,4916,事欣科,294915,33.80,34.20,33.70,34.15,yearly_2019.zip
20191223,4916,事欣科,548299,34.15,34.60,34.15,34.45,yearly_2019.zip
20191224,4916,事欣科,334209,34.55,34.65,34.15,34.25,yearly_2019.zip
20191225,4916,事欣科,102201,34.60,34.60,34.20,34.30,yearly_2019.zip
20191226,4916,事欣科,205407,34.40,34.45,33.90,34.05,yearly_2019.zip
20191227,4916,事欣科,234091,34.25,34.25,33.95,34.10,yearly_2019.zip
20191230,4916,事欣科,257706,34.05,34.15,33.85,33.85,yearly_2019.zip
20191231,4916,事欣科,165421,33.85,34.10,33.85,34.05,yearly_2019.zip
20200102,4916,事欣科,254232,34.10,34.40,34.10,34.30,yearly_2020.zip
20200103,4916,事欣科,319484,34.30,34.40,34.05,34.10,yearly_2020.zip
20200106,4916,事欣科,286529,33.95,34.00,33.55,33.55,yearly_2020.zip
20200107,4916,事欣科,363900,33.60,33.75,33.20,33.25,yearly_2020.zip
20200108,4916,事欣科,373004,33.25,33.25,32.30,32.35,yearly_2020.zip
20200109,4916,事欣科,107000,32.75,32.90,32.55,32.75,yearly_2020.zip
20200110,4916,事欣科,88602,33.15,33.15,32.75,32.90,yearly_2020.zip
20200113,4916,事欣科,228501,32.90,33.00,32.70,32.90,yearly_2020.zip
20200114,4916,事欣科,146250,32.70,33.15,32.70,33.00,yearly_2020.zip
20200115,4916,事欣科,128001,32.95,33.10,32.85,32.85,yearly_2020.zip
20200116,4916,事欣科,108502,32.95,33.00,32.80,32.90,yearly_2020.zip
20200117,4916,事欣科,165064,33.25,33.25,32.90,33.05,yearly_2020.zip
20200120,4916,事欣科,108100,33.10,33.15,32.90,32.95,yearly_2020.zip
20200130,4916,事欣科,556161,30.25,31.00,29.75,30.00,yearly_2020.zip
20200131,4916,事欣科,299302,29.80,30.40,29.75,30.30,yearly_2020.zip
20200203,4916,事欣科,473596,28.10,29.00,28.05,28.85,yearly_2020.zip
20200204,4916,事欣科,208001,28.90,29.55,28.90,29.40,yearly_2020.zip
20200205,4916,事欣科,392201,29.75,30.35,29.45,30.00,yearly_2020.zip
20200206,4916,事欣科,204007,30.35,30.55,30.30,30.45,yearly_2020.zip
20200207,4916,事欣科,227090,30.35,30.35,29.60,29.80,yearly_2020.zip
20200210,4916,事欣科,112900,29.50,29.70,29.30,29.55,yearly_2020.zip
20200211,4916,事欣科,318024,28.90,29.50,28.90,29.20,yearly_2020.zip
20200212,4916,事欣科,215301,29.30,29.60,29.25,29.55,yearly_2020.zip
20200213,4916,事欣科,219100,29.75,29.95,29.45,29.50,yearly_2020.zip
20200214,4916,事欣科,163101,29.35,29.65,29.35,29.60,yearly_2020.zip
20200217,4916,事欣科,191503,29.45,29.45,29.25,29.30,yearly_2020.zip
20200218,4916,事欣科,171899,29.30,29.30,29.00,29.20,yearly_2020.zip
20200219,4916,事欣科,203443,29.20,29.80,29.20,29.70,yearly_2020.zip
20200220,4916,事欣科,158816,29.90,29.90,29.45,29.65,yearly_2020.zip
20200221,4916,事欣科,117018,29.60,29.70,29.40,29.45,yearly_2020.zip
20200224,4916,事欣科,233039,29.30,29.40,29.10,29.20,yearly_2020.zip
20200225,4916,事欣科,147200,28.85,29.00,28.60,28.90,yearly_2020.zip
20200226,4916,事欣科,155400,28.80,29.35,28.55,28.85,yearly_2020.zip
20200227,4916,事欣科,275222,29.05,29.05,28.50,28.50,yearly_2020.zip
20200302,4916,事欣科,302408,28.10,28.75,27.90,28.20,yearly_2020.zip
20200303,4916,事欣科,199240,28.60,28.90,28.60,28.70,yearly_2020.zip
20200304,4916,事欣科,78278,28.90,28.90,28.50,28.55,yearly_2020.zip
20200305,4916,事欣科,246201,28.80,29.15,28.65,28.95,yearly_2020.zip
20200306,4916,事欣科,109017,28.95,28.95,28.65,28.80,yearly_2020.zip
20200309,4916,事欣科,2299709,29.50,30.70,29.25,29.70,yearly_2020.zip
20200310,4916,事欣科,749601,29.20,30.50,29.20,30.15,yearly_2020.zip
20200311,4916,事欣科,351310,30.35,30.45,29.50,29.70,yearly_2020.zip
20200312,4916,事欣科,516105,29.90,29.90,28.65,28.70,yearly_2020.zip
20200313,4916,事欣科,1679372,26.70,26.90,25.85,26.15,yearly_2020.zip
20200316,4916,事欣科,830322,26.60,26.65,24.85,25.10,yearly_2020.zip
20200317,4916,事欣科,740937,24.00,24.55,23.00,23.60,yearly_2020.zip
20200318,4916,事欣科,549015,23.10,23.60,22.65,22.65,yearly_2020.zip
20200319,4916,事欣科,1168186,21.00,22.15,20.40,20.40,yearly_2020.zip
20200320,4916,事欣科,542100,21.00,21.75,21.00,21.70,yearly_2020.zip
20200323,4916,事欣科,249905,21.00,21.25,20.70,20.90,yearly_2020.zip
20200324,4916,事欣科,363205,21.30,22.00,21.30,21.80,yearly_2020.zip
20200325,4916,事欣科,422201,22.80,23.25,22.60,23.00,yearly_2020.zip
20200326,4916,事欣科,255119,23.20,23.60,22.60,23.60,yearly_2020.zip
20200327,4916,事欣科,441422,24.20,24.50,23.45,23.70,yearly_2020.zip
20200330,4916,事欣科,435046,23.10,23.75,22.20,23.75,yearly_2020.zip
20200331,4916,事欣科,503000,24.15,24.50,23.80,24.00,yearly_2020.zip
20200401,4916,事欣科,424100,24.10,24.90,24.00,24.55,yearly_2020.zip
20200406,4916,事欣科,375211,24.90,24.90,24.10,24.50,yearly_2020.zip
20200407,4916,事欣科,397010,24.75,25.05,24.65,24.80,yearly_2020.zip
20200408,4916,事欣科,484011,24.85,25.50,24.70,25.50,yearly_2020.zip
20200409,4916,事欣科,404006,25.85,26.10,25.45,25.75,yearly_2020.zip
20200410,4916,事欣科,346296,25.95,25.95,25.30,25.60,yearly_2020.zip
20200413,4916,事欣科,215200,25.75,25.75,25.30,25.55,yearly_2020.zip
20200414,4916,事欣科,401301,25.60,26.05,25.60,26.00,yearly_2020.zip
20200415,4916,事欣科,1767600,26.85,27.35,26.40,26.50,yearly_2020.zip
20200416,4916,事欣科,484223,26.30,26.70,26.10,26.60,yearly_2020.zip
20200417,4916,事欣科,737400,26.85,27.00,26.40,26.45,yearly_2020.zip
20200420,4916,事欣科,388101,26.60,26.75,26.25,26.70,yearly_2020.zip
20200421,4916,事欣科,619002,26.55,26.70,26.00,26.00,yearly_2020.zip
20200422,4916,事欣科,300537,25.80,26.40,25.30,26.20,yearly_2020.zip
20200423,4916,事欣科,247138,26.50,26.80,26.20,26.30,yearly_2020.zip
20200424,4916,事欣科,232300,26.30,26.40,26.10,26.20,yearly_2020.zip
20200427,4916,事欣科,522101,26.30,26.80,26.20,26.60,yearly_2020.zip
20200428,4916,事欣科,302101,26.95,26.95,26.65,26.70,yearly_2020.zip
20200429,4916,事欣科,397100,26.70,26.90,26.70,26.80,yearly_2020.zip
20200430,4916,事欣科,643294,26.95,27.10,26.85,27.10,yearly_2020.zip
20200504,4916,事欣科,429245,26.65,26.75,26.50,26.65,yearly_2020.zip
20200505,4916,事欣科,258301,26.70,26.95,26.65,26.80,yearly_2020.zip
20200506,4916,事欣科,518101,26.90,27.35,26.80,27.15,yearly_2020.zip
20200507,4916,事欣科,407672,27.15,27.20,26.80,27.20,yearly_2020.zip
20200508,4916,事欣科,479802,27.30,27.55,27.15,27.20,yearly_2020.zip
20200511,4916,事欣科,658301,26.95,26.95,26.75,26.85,yearly_2020.zip
20200512,4916,事欣科,368801,26.85,26.85,26.50,26.60,yearly_2020.zip
20200513,4916,事欣科,450400,26.35,26.90,26.15,26.80,yearly_2020.zip
20200514,4916,事欣科,291966,26.80,26.80,26.35,26.50,yearly_2020.zip
20200515,4916,事欣科,386720,26.60,26.60,26.00,26.30,yearly_2020.zip
20200518,4916,事欣科,161200,26.20,26.35,26.10,26.15,yearly_2020.zip
20200519,4916,事欣科,339617,26.30,26.70,26.30,26.50,yearly_2020.zip
20200520,4916,事欣科,159000,26.80,26.80,26.55,26.70,yearly_2020.zip
20200521,4916,事欣科,591300,26.95,27.25,26.80,27.05,yearly_2020.zip
20200522,4916,事欣科,403100,27.00,27.05,26.60,26.70,yearly_2020.zip
20200525,4916,事欣科,193830,26.70,27.00,26.50,26.85,yearly_2020.zip
20200526,4916,事欣科,232101,27.00,27.20,26.90,26.95,yearly_2020.zip
20200527,4916,事欣科,1937259,27.00,28.70,27.00,28.30,yearly_2020.zip
20200528,4916,事欣科,1144610,28.70,28.70,27.20,27.25,yearly_2020.zip
20200529,4916,事欣科,310003,27.30,27.45,27.05,27.30,yearly_2020.zip
20200601,4916,事欣科,207801,27.45,27.65,27.30,27.55,yearly_2020.zip
20200602,4916,事欣科,310353,27.55,27.85,27.55,27.65,yearly_2020.zip
20200603,4916,事欣科,499250,27.95,28.10,27.80,27.90,yearly_2020.zip
20200604,4916,事欣科,514500,28.15,28.25,27.90,28.05,yearly_2020.zip
20200605,4916,事欣科,730800,28.05,28.55,28.05,28.55,yearly_2020.zip
20200608,4916,事欣科,969607,28.90,29.05,28.40,28.55,yearly_2020.zip
20200609,4916,事欣科,318403,28.60,28.60,28.20,28.40,yearly_2020.zip
20200610,4916,事欣科,315253,28.40,28.40,28.10,28.25,yearly_2020.zip
20200611,4916,事欣科,834451,28.15,28.15,27.25,27.25,yearly_2020.zip
20200612,4916,事欣科,419250,26.70,27.10,26.20,27.00,yearly_2020.zip
20200615,4916,事欣科,187504,27.00,27.35,27.00,27.15,yearly_2020.zip
20200616,4916,事欣科,203128,27.35,27.70,27.25,27.70,yearly_2020.zip
20200617,4916,事欣科,166040,27.80,27.95,27.60,27.85,yearly_2020.zip
20200618,4916,事欣科,190401,27.85,28.00,27.85,27.90,yearly_2020.zip
20200619,4916,事欣科,260700,27.95,28.30,27.95,28.05,yearly_2020.zip
20200622,4916,事欣科,352049,28.25,28.30,27.95,28.05,yearly_2020.zip
20200623,4916,事欣科,258202,28.45,28.45,27.80,27.85,yearly_2020.zip
20200624,4916,事欣科,346318,27.90,28.00,27.75,28.00,yearly_2020.zip
20200629,4916,事欣科,241201,28.00,28.00,27.60,27.80,yearly_2020.zip
20200630,4916,事欣科,478759,28.05,28.10,27.95,28.10,yearly_2020.zip
20200701,4916,事欣科,823501,28.10,28.30,28.00,28.25,yearly_2020.zip
20200702,4916,事欣科,522700,26.30,26.50,26.25,26.35,yearly_2020.zip
20200703,4916,事欣科,512100,26.45,26.45,25.95,25.95,yearly_2020.zip
20200706,4916,事欣科,542878,25.95,26.00,25.65,25.80,yearly_2020.zip
20200707,4916,事欣科,588551,25.90,25.90,24.25,25.20,yearly_2020.zip
20200708,4916,事欣科,553901,25.20,25.20,24.80,25.00,yearly_2020.zip
20200709,4916,事欣科,626100,25.05,25.85,25.00,25.55,yearly_2020.zip
20200710,4916,事欣科,815024,25.10,25.15,24.50,24.65,yearly_2020.zip
20200713,4916,事欣科,374522,24.75,24.85,24.15,24.25,yearly_2020.zip
20200714,4916,事欣科,313300,24.20,24.25,24.00,24.05,yearly_2020.zip
20200715,4916,事欣科,251500,24.40,24.40,24.15,24.30,yearly_2020.zip
20200716,4916,事欣科,157632,24.45,24.50,24.25,24.30,yearly_2020.zip
20200717,4916,事欣科,160900,24.35,24.40,24.15,24.20,yearly_2020.zip
20200720,4916,事欣科,261335,24.10,24.15,23.80,23.80,yearly_2020.zip
20200721,4916,事欣科,141500,23.90,24.15,23.85,23.85,yearly_2020.zip
20200722,4916,事欣科,110607,24.10,24.10,23.90,23.90,yearly_2020.zip
20200723,4916,事欣科,96001,23.90,24.10,23.90,24.10,yearly_2020.zip
20200724,4916,事欣科,180300,24.10,24.10,23.55,23.70,yearly_2020.zip
20200727,4916,事欣科,271500,23.65,23.65,22.50,22.65,yearly_2020.zip
20200728,4916,事欣科,480200,22.60,22.60,21.90,22.30,yearly_2020.zip
20200729,4916,事欣科,498775,22.00,23.20,22.00,23.20,yearly_2020.zip
20200730,4916,事欣科,297906,23.30,23.70,23.10,23.50,yearly_2020.zip
20200731,4916,事欣科,64295,23.80,23.80,23.25,23.55,yearly_2020.zip
20200803,4916,事欣科,194200,23.40,23.60,22.80,23.10,yearly_2020.zip
20200804,4916,事欣科,250100,23.20,23.75,23.00,23.10,yearly_2020.zip
20200805,4916,事欣科,185500,23.10,23.20,22.85,22.90,yearly_2020.zip
20200806,4916,事欣科,300100,23.00,23.10,22.70,22.80,yearly_2020.zip
20200807,4916,事欣科,351400,22.80,22.90,22.45,22.50,yearly_2020.zip
20200810,4916,事欣科,1084140,21.90,21.90,20.95,21.20,yearly_2020.zip
20200811,4916,事欣科,533000,20.95,21.05,20.55,20.85,yearly_2020.zip
20200812,4916,事欣科,203206,20.90,21.30,20.90,21.10,yearly_2020.zip
20200813,4916,事欣科,278500,21.15,21.25,20.75,20.80,yearly_2020.zip
20200814,4916,事欣科,183801,20.55,21.05,20.55,21.00,yearly_2020.zip
20200817,4916,事欣科,169900,21.00,21.25,20.80,21.20,yearly_2020.zip
20200818,4916,事欣科,504800,21.60,22.25,21.35,22.25,yearly_2020.zip
20200819,4916,事欣科,300200,22.40,22.60,21.60,21.85,yearly_2020.zip
20200820,4916,事欣科,388101,21.85,21.85,20.55,20.90,yearly_2020.zip
20200821,4916,事欣科,178641,21.00,21.50,20.95,21.20,yearly_2020.zip
20200824,4916,事欣科,149330,21.30,21.30,20.80,20.85,yearly_2020.zip
20200825,4916,事欣科,102300,20.85,21.25,20.85,21.15,yearly_2020.zip
20200826,4916,事欣科,159202,21.20,21.60,21.20,21.50,yearly_2020.zip
20200827,4916,事欣科,125501,21.60,21.70,21.20,21.20,yearly_2020.zip
20200828,4916,事欣科,52001,21.25,21.30,21.15,21.30,yearly_2020.zip
20200831,4916,事欣科,216301,21.30,22.10,21.30,21.80,yearly_2020.zip
20200901,4916,事欣科,131304,21.90,22.10,21.80,21.85,yearly_2020.zip
20200902,4916,事欣科,136100,21.90,22.20,21.60,21.70,yearly_2020.zip
20200903,4916,事欣科,204300,21.75,21.85,21.60,21.60,yearly_2020.zip
20200904,4916,事欣科,161601,21.50,21.80,21.30,21.60,yearly_2020.zip
20200907,4916,事欣科,149101,21.65,21.90,21.40,21.55,yearly_2020.zip
20200908,4916,事欣科,137502,21.60,21.75,21.50,21.60,yearly_2020.zip
20200909,4916,事欣科,115201,21.50,21.55,21.35,21.50,yearly_2020.zip
20200910,4916,事欣科,149101,21.50,21.70,21.40,21.45,yearly_2020.zip
20200911,4916,事欣科,206001,21.40,21.40,20.95,21.00,yearly_2020.zip
20200914,4916,事欣科,141201,21.00,21.20,21.00,21.10,yearly_2020.zip
20200915,4916,事欣科,119620,21.25,21.25,21.00,21.05,yearly_2020.zip
20200916,4916,事欣科,91202,21.00,21.20,21.00,21.05,yearly_2020.zip
20200917,4916,事欣科,62101,21.00,21.25,21.00,21.20,yearly_2020.zip
20200918,4916,事欣科,114200,21.20,21.40,21.20,21.30,yearly_2020.zip
20200921,4916,事欣科,199300,21.50,21.50,21.20,21.20,yearly_2020.zip
20200922,4916,事欣科,132092,21.15,21.20,20.90,21.00,yearly_2020.zip
20200923,4916,事欣科,103097,21.10,21.10,20.80,20.80,yearly_2020.zip
20200924,4916,事欣科,200769,20.80,20.80,20.35,20.45,yearly_2020.zip
20200925,4916,事欣科,164536,20.40,20.50,20.05,20.15,yearly_2020.zip
20200928,4916,事欣科,55305,20.15,20.40,20.15,20.20,yearly_2020.zip
20200929,4916,事欣科,53200,20.55,20.55,20.15,20.20,yearly_2020.zip
20200930,4916,事欣科,17002,20.25,20.50,20.25,20.30,yearly_2020.zip
20201005,4916,事欣科,85002,20.30,20.30,20.15,20.20,yearly_2020.zip
20201006,4916,事欣科,137101,20.20,20.25,20.10,20.15,yearly_2020.zip
20201007,4916,事欣科,126497,20.15,20.15,20.05,20.15,yearly_2020.zip
20201008,4916,事欣科,94400,20.20,20.50,20.20,20.30,yearly_2020.zip
20201012,4916,事欣科,194002,20.70,20.85,20.40,20.80,yearly_2020.zip
20201013,4916,事欣科,332152,21.10,21.70,20.80,21.70,yearly_2020.zip
20201014,4916,事欣科,289200,21.95,22.00,21.50,21.75,yearly_2020.zip
20201015,4916,事欣科,141200,21.70,21.75,21.25,21.45,yearly_2020.zip
20201016,4916,事欣科,87100,21.45,21.50,21.20,21.20,yearly_2020.zip
20201019,4916,事欣科,59955,21.25,21.35,21.10,21.35,yearly_2020.zip
20201020,4916,事欣科,47300,21.35,21.45,21.30,21.40,yearly_2020.zip
20201021,4916,事欣科,65002,21.40,21.40,21.10,21.30,yearly_2020.zip
20201022,4916,事欣科,53300,21.30,21.30,21.05,21.05,yearly_2020.zip
20201023,4916,事欣科,64564,21.15,21.20,20.90,21.05,yearly_2020.zip
20201026,4916,事欣科,120010,21.40,21.45,20.90,21.10,yearly_2020.zip
20201027,4916,事欣科,128148,21.10,21.40,21.05,21.30,yearly_2020.zip
20201028,4916,事欣科,200078,21.30,21.75,21.30,21.60,yearly_2020.zip
20201029,4916,事欣科,112641,21.50,21.50,20.85,21.35,yearly_2020.zip
20201030,4916,事欣科,94008,21.35,21.40,21.00,21.00,yearly_2020.zip
20201102,4916,事欣科,82007,21.35,21.35,20.90,21.00,yearly_2020.zip
20201103,4916,事欣科,99100,21.35,21.35,21.15,21.25,yearly_2020.zip
20201104,4916,事欣科,69104,21.25,21.40,21.20,21.30,yearly_2020.zip
20201105,4916,事欣科,96304,21.30,21.30,21.15,21.15,yearly_2020.zip
20201106,4916,事欣科,57224,21.20,21.20,21.05,21.10,yearly_2020.zip
20201109,4916,事欣科,165879,21.35,21.35,21.00,21.10,yearly_2020.zip
20201110,4916,事欣科,207272,21.30,21.60,21.30,21.35,yearly_2020.zip
20201111,4916,事欣科,184205,21.35,21.35,21.15,21.30,yearly_2020.zip
20201112,4916,事欣科,95206,21.35,21.35,21.20,21.20,yearly_2020.zip
20201113,4916,事欣科,165214,21.00,21.20,21.00,21.05,yearly_2020.zip
20201116,4916,事欣科,258702,21.10,21.30,20.90,21.30,yearly_2020.zip
20201117,4916,事欣科,1362252,23.00,23.40,22.80,23.40,yearly_2020.zip
20201118,4916,事欣科,6084813,23.80,25.50,23.70,25.10,yearly_2020.zip
20201119,4916,事欣科,1167433,24.50,25.05,24.40,24.60,yearly_2020.zip
20201120,4916,事欣科,1065614,24.60,25.45,24.20,25.35,yearly_2020.zip
20201123,4916,事欣科,2577718,26.20,27.00,25.80,25.80,yearly_2020.zip
20201124,4916,事欣科,1048412,25.70,26.35,25.70,25.80,yearly_2020.zip
20201125,4916,事欣科,705988,26.05,26.10,25.00,25.25,yearly_2020.zip
20201126,4916,事欣科,441045,25.30,25.45,24.70,25.05,yearly_2020.zip
20201127,4916,事欣科,399087,25.20,25.50,24.80,25.35,yearly_2020.zip
20201130,4916,事欣科,439782,25.30,26.00,25.05,25.10,yearly_2020.zip
20201201,4916,事欣科,294731,25.20,25.20,24.80,24.85,yearly_2020.zip
20201202,4916,事欣科,216252,25.00,25.00,24.70,24.75,yearly_2020.zip
20201203,4916,事欣科,336555,24.85,25.50,24.75,25.00,yearly_2020.zip
20201204,4916,事欣科,336437,25.35,25.35,24.60,24.60,yearly_2020.zip
20201207,4916,事欣科,7296410,25.45,27.05,25.40,27.05,yearly_2020.zip
20201208,4916,事欣科,3301611,27.20,27.90,26.50,26.90,yearly_2020.zip
20201209,4916,事欣科,1124623,26.95,27.25,26.10,26.30,yearly_2020.zip
20201210,4916,事欣科,629218,26.20,26.90,26.00,26.25,yearly_2020.zip
20201211,4916,事欣科,1072159,26.30,26.55,24.90,25.10,yearly_2020.zip
20201214,4916,事欣科,325627,24.90,25.90,24.80,25.55,yearly_2020.zip
20201215,4916,事欣科,398271,25.80,25.80,24.80,24.90,yearly_2020.zip
20201216,4916,事欣科,235316,25.55,25.55,25.00,25.10,yearly_2020.zip
20201217,4916,事欣科,229296,25.10,25.30,24.80,24.90,yearly_2020.zip
20201218,4916,事欣科,161546,25.00,25.10,24.90,25.00,yearly_2020.zip
20201221,4916,事欣科,217041,25.15,25.15,24.60,24.75,yearly_2020.zip
20201222,4916,事欣科,252015,24.75,25.00,24.55,24.60,yearly_2020.zip
20201223,4916,事欣科,374362,24.40,24.50,24.00,24.25,yearly_2020.zip
20201224,4916,事欣科,159585,24.65,24.65,24.35,24.50,yearly_2020.zip
20201225,4916,事欣科,759329,24.50,26.00,24.50,25.95,yearly_2020.zip
20201228,4916,事欣科,385614,26.30,26.35,25.50,25.90,yearly_2020.zip
20201229,4916,事欣科,406428,25.90,26.00,25.55,25.65,yearly_2020.zip
20201230,4916,事欣科,153414,25.65,25.85,25.45,25.50,yearly_2020.zip
20201231,4916,事欣科,229699,25.65,25.85,25.55,25.60,yearly_2020.zip
20210104,4916,事欣科,339846,25.80,25.80,25.30,25.30,yearly_2021.zip
20210105,4916,事欣科,327370,25.30,25.50,24.95,24.95,yearly_2021.zip
20210106,4916,事欣科,424451,24.95,25.25,24.40,24.40,yearly_2021.zip
20210107,4916,事欣科,305511,24.10,24.50,24.00,24.30,yearly_2021.zip
20210108,4916,事欣科,305722,24.60,24.60,23.95,24.15,yearly_2021.zip
20210111,4916,事欣科,479365,23.65,24.00,23.50,23.60,yearly_2021.zip
20210112,4916,事欣科,574073,23.60,23.70,22.75,23.05,yearly_2021.zip
20210113,4916,事欣科,248630,23.00,23.45,22.80,23.25,yearly_2021.zip
20210114,4916,事欣科,200052,23.25,23.85,23.25,23.70,yearly_2021.zip
20210115,4916,事欣科,237356,23.75,23.75,22.90,22.90,yearly_2021.zip
20210118,4916,事欣科,400826,22.85,22.85,22.20,22.30,yearly_2021.zip
20210119,4916,事欣科,191071,22.25,23.40,22.25,22.95,yearly_2021.zip
20210120,4916,事欣科,251318,23.00,23.20,22.30,22.40,yearly_2021.zip
20210121,4916,事欣科,244112,22.40,22.55,21.90,22.10,yearly_2021.zip
20210122,4916,事欣科,215408,22.30,22.60,21.90,22.05,yearly_2021.zip
20210125,4916,事欣科,136933,22.05,22.25,21.70,22.15,yearly_2021.zip
20210126,4916,事欣科,124548,22.10,22.35,22.10,22.25,yearly_2021.zip
20210127,4916,事欣科,69087,22.45,22.45,22.25,22.40,yearly_2021.zip
20210128,4916,事欣科,162224,22.15,23.20,22.00,22.65,yearly_2021.zip
20210129,4916,事欣科,727964,22.70,24.10,22.70,23.30,yearly_2021.zip
20210201,4916,事欣科,422334,23.15,23.25,21.40,22.35,yearly_2021.zip
20210202,4916,事欣科,141018,22.35,22.55,22.20,22.20,yearly_2021.zip
20210203,4916,事欣科,150564,22.20,22.60,22.00,22.40,yearly_2021.zip
20210204,4916,事欣科,82339,22.40,22.70,22.20,22.55,yearly_2021.zip
20210205,4916,事欣科,169399,22.80,22.80,22.20,22.20,yearly_2021.zip
20210217,4916,事欣科,205968,22.35,22.70,22.30,22.65,yearly_2021.zip
20210218,4916,事欣科,434872,22.65,23.95,22.65,23.60,yearly_2021.zip
20210219,4916,事欣科,435369,23.85,24.50,23.65,24.15,yearly_2021.zip
20210222,4916,事欣科,381363,24.35,24.70,24.20,24.40,yearly_2021.zip
20210223,4916,事欣科,231311,24.60,24.60,24.35,24.50,yearly_2021.zip
20210224,4916,事欣科,848573,24.95,25.35,24.50,24.50,yearly_2021.zip
20210225,4916,事欣科,167162,24.50,24.70,24.30,24.40,yearly_2021.zip
20210226,4916,事欣科,287743,24.50,24.50,23.85,24.00,yearly_2021.zip
20210302,4916,事欣科,187254,24.55,24.55,23.60,23.65,yearly_2021.zip
20210303,4916,事欣科,108520,24.10,24.10,23.50,23.90,yearly_2021.zip
20210304,4916,事欣科,131452,24.30,24.30,23.60,23.70,yearly_2021.zip
20210305,4916,事欣科,162328,23.30,23.95,23.30,23.65,yearly_2021.zip
20210308,4916,事欣科,165783,23.65,24.10,23.50,23.85,yearly_2021.zip
20210309,4916,事欣科,257853,23.90,24.30,23.70,23.95,yearly_2021.zip
20210310,4916,事欣科,181639,24.30,24.30,23.65,23.70,yearly_2021.zip
20210311,4916,事欣科,408150,23.70,23.80,23.40,23.65,yearly_2021.zip
20210312,4916,事欣科,194154,23.75,23.85,23.40,23.45,yearly_2021.zip
20210315,4916,事欣科,264291,23.40,24.00,23.40,23.65,yearly_2021.zip
20210316,4916,事欣科,585482,23.90,24.85,23.70,24.85,yearly_2021.zip
20210317,4916,事欣科,460676,25.00,25.00,24.10,24.35,yearly_2021.zip
20210318,4916,事欣科,185233,24.35,24.40,24.05,24.10,yearly_2021.zip
20210319,4916,事欣科,373203,23.95,24.45,23.85,23.85,yearly_2021.zip
20210322,4916,事欣科,131933,23.85,24.00,23.70,23.90,yearly_2021.zip
20210323,4916,事欣科,327559,23.90,24.00,23.75,23.75,yearly_2021.zip
20210324,4916,事欣科,89876,23.70,23.95,23.50,23.70,yearly_2021.zip
20210325,4916,事欣科,553763,23.80,24.65,23.65,24.25,yearly_2021.zip
20210326,4916,事欣科,208731,24.40,24.40,24.00,24.05,yearly_2021.zip
20210329,4916,事欣科,221816,24.05,24.10,23.95,24.00,yearly_2021.zip
20210330,4916,事欣科,146626,24.00,24.05,23.80,23.85,yearly_2021.zip
20210331,4916,事欣科,190262,23.85,23.85,23.70,23.80,yearly_2021.zip
20210401,4916,事欣科,259187,23.75,23.90,23.65,23.65,yearly_2021.zip
20210406,4916,事欣科,184068,23.80,23.80,23.65,23.70,yearly_2021.zip
20210407,4916,事欣科,253323,23.75,24.15,23.65,24.00,yearly_2021.zip
20210408,4916,事欣科,842248,24.00,25.00,24.00,24.95,yearly_2021.zip
20210409,4916,事欣科,603014,25.35,25.35,24.25,24.50,yearly_2021.zip
20210412,4916,事欣科,711727,24.80,25.05,24.40,24.50,yearly_2021.zip
20210413,4916,事欣科,1627415,25.00,26.10,24.80,25.00,yearly_2021.zip
20210414,4916,事欣科,914018,25.20,25.60,23.80,24.45,yearly_2021.zip
20210415,4916,事欣科,257505,24.45,24.95,24.45,24.80,yearly_2021.zip
20210416,4916,事欣科,1105952,24.80,26.15,24.75,25.60,yearly_2021.zip
20210419,4916,事欣科,1520516,26.10,26.70,25.60,25.95,yearly_2021.zip
20210420,4916,事欣科,530849,26.00,26.25,25.60,25.85,yearly_2021.zip
20210421,4916,事欣科,544858,26.05,26.05,25.30,25.45,yearly_2021.zip
20210422,4916,事欣科,938517,25.50,25.85,24.00,24.35,yearly_2021.zip
20210423,4916,事欣科,409382,24.30,25.10,24.30,24.90,yearly_2021.zip
20210426,4916,事欣科,1293767,25.20,26.25,25.20,25.85,yearly_2021.zip
20210427,4916,事欣科,580007,26.00,26.10,25.20,25.45,yearly_2021.zip
20210428,4916,事欣科,374331,25.45,25.75,25.20,25.65,yearly_2021.zip
20210429,4916,事欣科,475719,25.65,25.65,25.00,25.00,yearly_2021.zip
20210503,4916,事欣科,688037,25.00,25.00,23.85,23.90,yearly_2021.zip
20210504,4916,事欣科,838556,24.10,24.10,22.00,22.95,yearly_2021.zip
20210505,4916,事欣科,228668,22.30,23.30,22.30,22.70,yearly_2021.zip
20210506,4916,事欣科,257541,23.30,23.45,22.75,23.00,yearly_2021.zip
20210507,4916,事欣科,168477,23.10,23.70,23.00,23.65,yearly_2021.zip
20210510,4916,事欣科,179689,23.70,23.80,23.10,23.50,yearly_2021.zip
20210511,4916,事欣科,385013,23.60,23.90,22.60,22.85,yearly_2021.zip
20210512,4916,事欣科,683034,23.00,23.00,20.60,21.25,yearly_2021.zip
20210513,4916,事欣科,467624,21.00,22.25,20.65,21.90,yearly_2021.zip
20210514,4916,事欣科,213211,22.10,22.70,21.80,22.10,yearly_2021.zip
20210517,4916,事欣科,615062,21.00,21.30,20.00,20.15,yearly_2021.zip
20210518,4916,事欣科,182073,20.40,21.50,20.40,21.50,yearly_2021.zip
20210519,4916,事欣科,111630,21.50,21.65,21.10,21.35,yearly_2021.zip
20210520,4916,事欣科,104121,21.30,21.35,21.05,21.05,yearly_2021.zip
20210521,4916,事欣科,119664,21.70,22.00,21.30,21.85,yearly_2021.zip
20210524,4916,事欣科,152508,21.20,21.95,21.20,21.80,yearly_2021.zip
20210525,4916,事欣科,142258,21.70,22.25,21.70,22.20,yearly_2021.zip
20210526,4916,事欣科,132155,22.10,22.65,22.10,22.60,yearly_2021.zip
20210527,4916,事欣科,119002,22.60,22.60,22.25,22.55,yearly_2021.zip
20210528,4916,事欣科,191463,22.80,22.80,22.30,22.60,yearly_2021.zip
20210531,4916,事欣科,131606,22.80,22.80,22.35,22.40,yearly_2021.zip
20210601,4916,事欣科,114300,22.80,22.80,22.40,22.45,yearly_2021.zip
20210602,4916,事欣科,313548,22.95,23.35,22.70,22.90,yearly_2021.zip
20210603,4916,事欣科,299141,22.95,23.40,22.95,23.40,yearly_2021.zip
20210604,4916,事欣科,147108,23.40,23.40,23.00,23.30,yearly_2021.zip
20210607,4916,事欣科,145166,23.70,23.70,22.80,23.15,yearly_2021.zip
20210608,4916,事欣科,166016,23.25,23.50,23.05,23.30,yearly_2021.zip
20210609,4916,事欣科,137755,23.35,23.50,23.00,23.10,yearly_2021.zip
20210610,4916,事欣科,177430,23.25,23.45,22.90,23.40,yearly_2021.zip
20210611,4916,事欣科,322015,23.50,23.70,23.25,23.35,yearly_2021.zip
20210615,4916,事欣科,230424,23.35,23.35,23.10,23.15,yearly_2021.zip
20210616,4916,事欣科,343952,23.15,23.25,22.70,22.80,yearly_2021.zip
20210617,4916,事欣科,92345,22.60,23.35,22.60,23.10,yearly_2021.zip
20210618,4916,事欣科,124726,23.15,23.40,23.00,23.40,yearly_2021.zip
20210621,4916,事欣科,182104,23.40,23.40,23.05,23.35,yearly_2021.zip
20210622,4916,事欣科,165600,23.35,23.45,23.10,23.15,yearly_2021.zip
20210623,4916,事欣科,217275,23.65,23.65,23.20,23.35,yearly_2021.zip
20210624,4916,事欣科,793945,24.00,24.70,23.70,24.00,yearly_2021.zip
20210625,4916,事欣科,447599,24.45,24.50,24.00,24.05,yearly_2021.zip
20210628,4916,事欣科,255024,24.00,24.20,24.00,24.20,yearly_2021.zip
20210629,4916,事欣科,235658,24.10,24.20,23.90,23.90,yearly_2021.zip
20210630,4916,事欣科,218466,23.90,24.15,23.75,24.05,yearly_2021.zip
20210701,4916,事欣科,1302131,24.50,25.20,24.30,24.30,yearly_2021.zip
20210702,4916,事欣科,473854,25.00,25.00,24.30,24.40,yearly_2021.zip
20210705,4916,事欣科,626578,24.70,25.30,24.70,25.10,yearly_2021.zip
20210706,4916,事欣科,381906,25.40,25.40,24.80,24.85,yearly_2021.zip
20210707,4916,事欣科,269722,24.65,25.15,24.60,24.70,yearly_2021.zip
20210708,4916,事欣科,206914,24.90,24.90,24.55,24.65,yearly_2021.zip
20210709,4916,事欣科,284867,24.60,25.10,24.45,25.10,yearly_2021.zip
20210712,4916,事欣科,2272508,25.75,26.65,25.35,26.45,yearly_2021.zip
20210713,4916,事欣科,3208120,27.00,27.70,26.20,27.05,yearly_2021.zip
20210714,4916,事欣科,1544720,26.85,28.00,26.50,27.40,yearly_2021.zip
20210715,4916,事欣科,550382,27.40,27.45,26.85,27.00,yearly_2021.zip
20210716,4916,事欣科,813219,27.00,27.45,26.60,26.95,yearly_2021.zip
20210719,4916,事欣科,618073,27.00,27.25,26.75,26.85,yearly_2021.zip
20210720,4916,事欣科,796953,26.80,27.40,26.70,26.80,yearly_2021.zip
20210721,4916,事欣科,587674,27.20,27.60,26.80,26.80,yearly_2021.zip
20210722,4916,事欣科,772674,27.25,27.40,26.80,27.20,yearly_2021.zip
20210723,4916,事欣科,1168691,27.45,27.45,26.60,27.10,yearly_2021.zip
20210726,4916,事欣科,2899938,27.40,28.75,27.20,28.35,yearly_2021.zip
20210727,4916,事欣科,1743040,28.65,28.65,26.90,26.90,yearly_2021.zip
20210728,4916,事欣科,1005866,26.70,27.05,25.30,25.80,yearly_2021.zip
20210729,4916,事欣科,315423,26.40,26.70,25.95,26.45,yearly_2021.zip
20210730,4916,事欣科,582716,26.70,26.80,25.50,25.60,yearly_2021.zip
20210802,4916,事欣科,428843,25.60,26.50,25.35,25.85,yearly_2021.zip
20210803,4916,事欣科,155770,26.40,26.40,26.00,26.20,yearly_2021.zip
20210804,4916,事欣科,157721,26.45,26.45,26.00,26.05,yearly_2021.zip
20210805,4916,事欣科,255639,26.50,26.60,26.05,26.05,yearly_2021.zip
20210806,4916,事欣科,165490,26.55,26.55,25.95,26.00,yearly_2021.zip
20210809,4916,事欣科,334691,26.30,26.30,25.40,25.40,yearly_2021.zip
20210810,4916,事欣科,411561,25.75,25.75,24.80,25.00,yearly_2021.zip
20210811,4916,事欣科,724814,24.05,24.65,23.60,23.60,yearly_2021.zip
20210812,4916,事欣科,977236,24.20,25.40,23.95,25.05,yearly_2021.zip
20210813,4916,事欣科,588731,25.05,25.10,24.30,24.30,yearly_2021.zip
20210816,4916,事欣科,729663,24.40,26.00,24.20,24.70,yearly_2021.zip
20210817,4916,事欣科,299212,25.50,25.50,24.35,24.35,yearly_2021.zip
20210818,4916,事欣科,175006,24.35,24.60,23.70,24.45,yearly_2021.zip
20210819,4916,事欣科,218138,24.95,24.95,23.85,23.85,yearly_2021.zip
20210820,4916,事欣科,182554,23.85,24.00,23.25,23.50,yearly_2021.zip
20210823,4916,事欣科,116742,23.55,24.40,23.55,24.25,yearly_2021.zip
20210824,4916,事欣科,179288,24.30,24.45,23.80,23.85,yearly_2021.zip
20210825,4916,事欣科,177145,23.90,24.35,23.90,24.15,yearly_2021.zip
20210826,4916,事欣科,109102,24.35,24.40,24.15,24.15,yearly_2021.zip
20210827,4916,事欣科,250761,24.30,24.70,24.15,24.45,yearly_2021.zip
20210830,4916,事欣科,198808,24.55,24.95,24.55,24.90,yearly_2021.zip
20210831,4916,事欣科,937582,25.60,26.40,25.35,25.85,yearly_2021.zip
20210901,4916,事欣科,488686,26.50,26.50,25.50,25.65,yearly_2021.zip
20210902,4916,事欣科,382360,25.90,26.25,25.50,25.90,yearly_2021.zip
20210903,4916,事欣科,412703,26.10,26.25,25.75,25.80,yearly_2021.zip
20210906,4916,事欣科,237556,26.00,26.00,25.10,25.10,yearly_2021.zip
20210907,4916,事欣科,184444,25.30,25.60,25.10,25.30,yearly_2021.zip
20210908,4916,事欣科,304246,25.15,25.40,24.40,24.55,yearly_2021.zip
20210909,4916,事欣科,164465,24.90,25.10,24.50,25.05,yearly_2021.zip
20210910,4916,事欣科,162000,25.30,25.60,25.05,25.20,yearly_2021.zip
20210913,4916,事欣科,240245,24.90,25.20,24.75,24.85,yearly_2021.zip
20210914,4916,事欣科,131580,25.00,25.20,24.85,25.00,yearly_2021.zip
20210915,4916,事欣科,154626,24.85,24.90,24.50,24.60,yearly_2021.zip
20210916,4916,事欣科,147608,24.60,24.65,24.20,24.20,yearly_2021.zip
20210917,4916,事欣科,98243,24.45,24.95,24.25,24.30,yearly_2021.zip
20210922,4916,事欣科,197003,23.50,24.60,23.50,23.85,yearly_2021.zip
20210923,4916,事欣科,83102,24.20,24.45,24.20,24.30,yearly_2021.zip
20210924,4916,事欣科,98217,24.50,24.80,24.40,24.45,yearly_2021.zip
20210927,4916,事欣科,180592,24.45,25.00,24.45,24.80,yearly_2021.zip
20210928,4916,事欣科,154161,25.40,25.40,24.50,25.15,yearly_2021.zip
20210929,4916,事欣科,165511,24.65,25.00,24.10,24.20,yearly_2021.zip
20210930,4916,事欣科,256004,24.35,24.65,24.20,24.40,yearly_2021.zip
20211001,4916,事欣科,338691,24.40,24.40,23.60,23.90,yearly_2021.zip
20211004,4916,事欣科,198422,24.00,24.00,23.20,23.30,yearly_2021.zip
20211005,4916,事欣科,180507,23.10,23.50,22.80,23.40,yearly_2021.zip
20211006,4916,事欣科,129852,23.70,23.80,23.10,23.20,yearly_2021.zip
20211007,4916,事欣科,59400,23.45,23.80,23.40,23.70,yearly_2021.zip
20211008,4916,事欣科,91101,24.10,24.15,23.80,23.90,yearly_2021.zip
20211012,4916,事欣科,76203,23.60,23.60,23.20,23.35,yearly_2021.zip
20211013,4916,事欣科,234178,23.35,23.40,22.65,22.75,yearly_2021.zip
20211014,4916,事欣科,142342,23.00,23.15,22.55,22.60,yearly_2021.zip
20211015,4916,事欣科,155001,23.00,23.00,22.75,22.75,yearly_2021.zip
20211018,4916,事欣科,169112,22.80,23.00,22.70,22.80,yearly_2021.zip
20211019,4916,事欣科,187103,23.20,23.20,22.85,22.95,yearly_2021.zip
20211020,4916,事欣科,80008,23.15,23.15,22.95,23.10,yearly_2021.zip
20211021,4916,事欣科,119086,23.00,23.45,23.00,23.05,yearly_2021.zip
20211022,4916,事欣科,115102,23.15,23.30,23.05,23.15,yearly_2021.zip
20211025,4916,事欣科,93200,23.25,23.40,23.10,23.40,yearly_2021.zip
20211026,4916,事欣科,178021,23.60,23.80,23.40,23.55,yearly_2021.zip
20211027,4916,事欣科,268229,23.60,24.20,23.45,24.05,yearly_2021.zip
20211028,4916,事欣科,1085490,24.20,25.65,23.90,25.35,yearly_2021.zip
20211029,4916,事欣科,1746840,25.65,26.75,25.10,26.05,yearly_2021.zip
20211101,4916,事欣科,10211869,26.45,28.65,26.45,28.65,yearly_2021.zip
20211102,4916,事欣科,12977783,31.50,31.50,30.20,31.50,yearly_2021.zip
20211103,4916,事欣科,18304324,32.00,32.95,30.20,32.40,yearly_2021.zip
20211104,4916,事欣科,17329971,33.05,35.60,32.60,35.60,yearly_2021.zip
20211105,4916,事欣科,12366646,36.20,36.40,33.30,34.20,yearly_2021.zip
20211108,4916,事欣科,5961531,34.60,35.50,33.35,34.85,yearly_2021.zip
20211109,4916,事欣科,5122533,35.85,35.85,33.25,33.65,yearly_2021.zip
20211110,4916,事欣科,5544489,34.00,34.65,33.05,34.35,yearly_2021.zip
20211111,4916,事欣科,7398638,32.65,32.65,30.95,30.95,yearly_2021.zip
20211112,4916,事欣科,2682390,30.50,31.50,30.50,31.15,yearly_2021.zip
20211115,4916,事欣科,5407629,31.35,33.50,30.75,32.60,yearly_2021.zip
20211116,4916,事欣科,2411303,32.15,33.10,31.50,31.70,yearly_2021.zip
20211117,4916,事欣科,1643226,31.60,32.35,31.10,31.85,yearly_2021.zip
20211118,4916,事欣科,1722367,31.50,32.20,31.20,31.75,yearly_2021.zip
20211119,4916,事欣科,9777451,31.60,34.90,31.60,34.90,yearly_2021.zip
20211122,4916,事欣科,20165993,36.30,38.35,36.20,38.35,yearly_2021.zip
20211123,4916,事欣科,18915654,39.40,39.55,34.55,34.55,yearly_2021.zip
20211124,4916,事欣科,6427328,34.10,34.65,32.60,32.75,yearly_2021.zip
20211125,4916,事欣科,6682630,33.50,35.45,33.10,33.10,yearly_2021.zip
20211126,4916,事欣科,4387580,32.70,32.80,30.60,31.10,yearly_2021.zip
20211129,4916,事欣科,3379412,30.20,31.70,29.50,31.45,yearly_2021.zip
20211130,4916,事欣科,5674540,31.05,33.40,31.05,33.00,yearly_2021.zip
20211201,4916,事欣科,5067023,31.35,32.00,30.50,32.00,yearly_2021.zip
20211202,4916,事欣科,2927386,31.10,31.90,30.50,30.85,yearly_2021.zip
20211203,4916,事欣科,1231165,31.10,31.45,30.80,31.10,yearly_2021.zip
20211206,4916,事欣科,1031440,31.20,31.60,30.80,30.85,yearly_2021.zip
20211207,4916,事欣科,2282853,31.50,32.30,31.25,31.30,yearly_2021.zip
20211208,4916,事欣科,1267271,31.50,31.95,31.05,31.20,yearly_2021.zip
20211209,4916,事欣科,3288672,31.50,33.00,31.40,31.85,yearly_2021.zip
20211210,4916,事欣科,1080382,31.60,32.20,31.40,31.45,yearly_2021.zip
20211213,4916,事欣科,4247257,31.60,34.25,31.05,34.00,yearly_2021.zip
20211214,4916,事欣科,5690124,34.50,35.20,31.75,32.10,yearly_2021.zip
20211215,4916,事欣科,2574416,32.40,33.70,32.20,32.45,yearly_2021.zip
20211216,4916,事欣科,4565895,33.15,34.20,32.80,33.05,yearly_2021.zip
20211217,4916,事欣科,1988368,32.85,33.20,31.90,31.95,yearly_2021.zip
20211220,4916,事欣科,1258756,31.95,32.20,31.20,31.25,yearly_2021.zip
20211221,4916,事欣科,1049694,31.25,31.75,30.85,31.40,yearly_2021.zip
20211222,4916,事欣科,955531,31.50,32.45,31.50,31.90,yearly_2021.zip
20211223,4916,事欣科,1204014,32.20,32.80,32.15,32.30,yearly_2021.zip
20211224,4916,事欣科,1583689,32.70,33.25,32.30,32.35,yearly_2021.zip
20211227,4916,事欣科,2367818,32.70,33.80,32.65,33.00,yearly_2021.zip
20211228,4916,事欣科,1279093,33.10,33.60,32.05,32.15,yearly_2021.zip
20211229,4916,事欣科,1566785,32.25,33.35,32.00,32.85,yearly_2021.zip
20211230,4916,事欣科,898079,33.25,33.30,32.35,32.40,yearly_2021.zip
20220103,4916,事欣科,1353936,32.95,33.70,32.30,32.45,yearly_2022.zip
20220104,4916,事欣科,1000141,32.65,32.65,31.65,31.70,yearly_2022.zip
20220105,4916,事欣科,1125782,32.00,32.15,30.90,30.95,yearly_2022.zip
20220106,4916,事欣科,703340,30.90,31.40,30.65,31.10,yearly_2022.zip
20220107,4916,事欣科,1473867,31.30,31.50,29.95,30.00,yearly_2022.zip
20220110,4916,事欣科,709251,30.00,30.25,29.50,29.80,yearly_2022.zip
20220111,4916,事欣科,1453756,30.00,30.05,28.30,28.80,yearly_2022.zip
20220112,4916,事欣科,617034,28.95,29.45,28.60,29.00,yearly_2022.zip
20220113,4916,事欣科,758981,29.10,29.35,28.70,28.90,yearly_2022.zip
20220114,4916,事欣科,1013054,28.80,28.80,27.65,28.10,yearly_2022.zip
20220117,4916,事欣科,352276,28.10,29.10,28.10,28.85,yearly_2022.zip
20220118,4916,事欣科,374271,28.80,29.15,28.35,28.50,yearly_2022.zip
20220119,4916,事欣科,280788,28.05,28.60,28.05,28.50,yearly_2022.zip
20220120,4916,事欣科,340016,28.40,28.60,28.10,28.30,yearly_2022.zip
20220121,4916,事欣科,774024,28.00,28.00,27.15,27.20,yearly_2022.zip
20220124,4916,事欣科,567228,26.70,27.70,26.05,27.55,yearly_2022.zip
20220125,4916,事欣科,428835,27.55,27.55,26.60,26.60,yearly_2022.zip
20220126,4916,事欣科,374731,26.70,27.50,26.60,27.00,yearly_2022.zip
20220207,4916,事欣科,607075,27.25,28.00,27.00,28.00,yearly_2022.zip
20220208,4916,事欣科,309933,27.75,28.60,27.75,28.50,yearly_2022.zip
20220209,4916,事欣科,343045,28.60,28.95,28.40,28.65,yearly_2022.zip
20220210,4916,事欣科,321656,29.00,29.00,27.95,28.20,yearly_2022.zip
20220211,4916,事欣科,316055,27.65,28.50,27.65,28.30,yearly_2022.zip
20220214,4916,事欣科,322360,27.80,27.80,27.20,27.50,yearly_2022.zip
20220215,4916,事欣科,356755,27.50,28.25,27.50,27.60,yearly_2022.zip
20220216,4916,事欣科,410817,27.90,28.45,27.90,28.20,yearly_2022.zip
20220217,4916,事欣科,479161,28.20,28.90,28.15,28.50,yearly_2022.zip
20220218,4916,事欣科,786186,28.50,29.25,28.40,29.20,yearly_2022.zip
20220221,4916,事欣科,618299,29.30,29.30,28.40,28.70,yearly_2022.zip
20220222,4916,事欣科,647182,28.50,28.80,28.15,28.55,yearly_2022.zip
20220223,4916,事欣科,511780,28.80,29.20,28.50,28.75,yearly_2022.zip
20220224,4916,事欣科,857922,28.50,28.55,26.50,27.20,yearly_2022.zip
20220225,4916,事欣科,429787,27.35,27.70,26.80,27.20,yearly_2022.zip
20220301,4916,事欣科,505552,27.40,28.30,27.25,28.10,yearly_2022.zip
20220302,4916,事欣科,284420,28.10,28.25,27.55,28.05,yearly_2022.zip
20220303,4916,事欣科,388164,28.10,28.45,27.65,28.00,yearly_2022.zip
20220304,4916,事欣科,273364,27.80,28.05,27.50,27.55,yearly_2022.zip
20220307,4916,事欣科,1228252,27.40,27.40,25.50,26.80,yearly_2022.zip
20220308,4916,事欣科,635721,26.30,26.70,25.65,26.10,yearly_2022.zip
20220309,4916,事欣科,545143,26.20,26.95,26.00,26.40,yearly_2022.zip
20220310,4916,事欣科,918317,27.00,27.70,26.75,27.20,yearly_2022.zip
20220311,4916,事欣科,982680,27.05,27.75,26.45,26.50,yearly_2022.zip
20220314,4916,事欣科,1898940,26.90,28.30,26.80,27.75,yearly_2022.zip
20220315,4916,事欣科,1616996,28.45,28.45,27.00,27.00,yearly_2022.zip
20220316,4916,事欣科,1616252,27.60,28.45,27.40,28.35,yearly_2022.zip
20220317,4916,事欣科,1921571,29.00,29.40,28.40,29.10,yearly_2022.zip
20220318,4916,事欣科,1316323,29.10,29.90,28.60,29.90,yearly_2022.zip
20220321,4916,事欣科,889112,30.00,30.20,29.35,29.85,yearly_2022.zip
20220322,4916,事欣科,933286,29.85,30.15,29.55,30.00,yearly_2022.zip
20220323,4916,事欣科,1062585,29.95,30.65,29.60,29.60,yearly_2022.zip
20220324,4916,事欣科,940725,29.60,30.30,29.50,29.90,yearly_2022.zip
20220325,4916,事欣科,2615782,30.30,31.60,30.00,30.35,yearly_2022.zip
20220328,4916,事欣科,1182795,30.00,30.00,29.00,29.00,yearly_2022.zip
20220329,4916,事欣科,681656,29.10,29.45,28.65,28.65,yearly_2022.zip
20220330,4916,事欣科,1164546,29.10,30.25,29.05,29.75,yearly_2022.zip
20220331,4916,事欣科,497732,30.00,30.10,29.20,29.25,yearly_2022.zip
20220401,4916,事欣科,233493,29.20,29.20,28.85,29.15,yearly_2022.zip
20220406,4916,事欣科,454920,29.00,29.05,28.65,28.95,yearly_2022.zip
20220407,4916,事欣科,767912,29.00,29.75,28.20,28.35,yearly_2022.zip
20220408,4916,事欣科,913449,29.00,29.70,28.70,29.30,yearly_2022.zip
20220411,4916,事欣科,1772237,29.40,30.30,29.40,29.65,yearly_2022.zip
20220412,4916,事欣科,1858278,29.55,30.40,29.00,30.05,yearly_2022.zip
20220413,4916,事欣科,1649569,30.35,30.45,29.45,29.60,yearly_2022.zip
20220414,4916,事欣科,530540,29.90,29.90,29.35,29.80,yearly_2022.zip
20220415,4916,事欣科,1689130,29.85,30.45,29.20,29.20,yearly_2022.zip
20220418,4916,事欣科,844496,29.20,29.20,28.05,28.25,yearly_2022.zip
20220419,4916,事欣科,619941,28.60,28.75,27.80,27.80,yearly_2022.zip
20220420,4916,事欣科,627780,28.15,28.15,27.45,27.80,yearly_2022.zip
20220421,4916,事欣科,404534,27.90,28.10,27.60,27.60,yearly_2022.zip
20220422,4916,事欣科,710390,27.60,27.60,27.05,27.20,yearly_2022.zip
20220425,4916,事欣科,648402,26.90,26.90,26.00,26.10,yearly_2022.zip
20220426,4916,事欣科,275034,26.35,26.65,26.15,26.25,yearly_2022.zip
20220427,4916,事欣科,492732,25.90,26.40,25.30,26.10,yearly_2022.zip
20220428,4916,事欣科,380512,26.20,26.50,25.80,25.80,yearly_2022.zip
20220429,4916,事欣科,250009,26.15,26.65,26.05,26.30,yearly_2022.zip
20220503,4916,事欣科,284086,26.05,26.25,25.70,25.85,yearly_2022.zip
20220504,4916,事欣科,161981,26.00,26.25,25.85,26.00,yearly_2022.zip
20220505,4916,事欣科,227714,26.30,26.70,26.20,26.40,yearly_2022.zip
20220506,4916,事欣科,472591,25.85,25.90,25.50,25.75,yearly_2022.zip
20220509,4916,事欣科,550481,25.55,25.55,24.60,24.70,yearly_2022.zip
20220510,4916,事欣科,297423,24.25,25.25,24.15,25.10,yearly_2022.zip
20220511,4916,事欣科,441942,24.60,24.85,23.90,24.10,yearly_2022.zip
20220512,4916,事欣科,498881,23.90,24.05,23.00,23.10,yearly_2022.zip
20220513,4916,事欣科,231539,23.20,23.80,23.20,23.80,yearly_2022.zip
20220516,4916,事欣科,274077,24.20,24.20,23.30,23.55,yearly_2022.zip
20220517,4916,事欣科,163284,23.55,24.15,23.55,24.05,yearly_2022.zip
20220518,4916,事欣科,152553,24.20,24.65,24.10,24.45,yearly_2022.zip
20220519,4916,事欣科,155559,23.80,24.10,23.70,23.95,yearly_2022.zip
20220520,4916,事欣科,204724,24.10,24.80,24.10,24.45,yearly_2022.zip
20220523,4916,事欣科,149167,24.85,24.85,24.20,24.55,yearly_2022.zip
20220524,4916,事欣科,216286,24.55,24.55,23.70,23.75,yearly_2022.zip
20220525,4916,事欣科,395515,24.00,24.90,24.00,24.05,yearly_2022.zip
20220526,4916,事欣科,594324,24.50,25.00,24.25,24.40,yearly_2022.zip
20220527,4916,事欣科,262704,24.70,24.85,24.40,24.65,yearly_2022.zip
20220530,4916,事欣科,309017,24.75,25.30,24.70,25.05,yearly_2022.zip
20220531,4916,事欣科,235200,24.95,25.05,24.65,24.85,yearly_2022.zip
20220601,4916,事欣科,551160,25.20,25.75,25.10,25.25,yearly_2022.zip
20220602,4916,事欣科,265185,25.25,25.55,25.10,25.15,yearly_2022.zip
20220606,4916,事欣科,525523,25.20,25.85,25.00,25.75,yearly_2022.zip
20220607,4916,事欣科,251906,26.00,26.00,25.25,25.40,yearly_2022.zip
20220608,4916,事欣科,136441,25.40,25.50,25.10,25.20,yearly_2022.zip
20220609,4916,事欣科,161777,25.00,25.40,25.00,25.30,yearly_2022.zip
20220610,4916,事欣科,148435,25.20,25.40,25.05,25.20,yearly_2022.zip
20220613,4916,事欣科,510905,24.30,24.45,23.80,23.90,yearly_2022.zip
20220614,4916,事欣科,337554,23.40,23.60,23.05,23.50,yearly_2022.zip
20220615,4916,事欣科,177471,24.20,24.20,23.60,23.60,yearly_2022.zip
20220616,4916,事欣科,219131,23.90,24.00,23.30,23.35,yearly_2022.zip
20220617,4916,事欣科,357487,23.05,23.10,22.65,22.95,yearly_2022.zip
20220620,4916,事欣科,533740,23.10,23.10,21.75,21.75,yearly_2022.zip
20220621,4916,事欣科,261258,21.60,22.75,21.60,22.70,yearly_2022.zip
20220622,4916,事欣科,275391,22.65,22.65,21.55,21.65,yearly_2022.zip
20220623,4916,事欣科,271392,21.85,22.10,21.40,21.80,yearly_2022.zip
20220624,4916,事欣科,178172,22.15,22.60,22.00,22.15,yearly_2022.zip
20220627,4916,事欣科,214060,22.30,22.75,22.20,22.70,yearly_2022.zip
20220628,4916,事欣科,122836,22.30,22.50,22.10,22.30,yearly_2022.zip
20220629,4916,事欣科,138529,22.25,22.35,21.95,22.25,yearly_2022.zip
20220630,4916,事欣科,212837,22.25,22.25,21.45,21.55,yearly_2022.zip
20220701,4916,事欣科,519297,21.60,21.60,20.50,20.50,yearly_2022.zip
20220704,4916,事欣科,155045,20.50,21.05,20.50,20.70,yearly_2022.zip
20220705,4916,事欣科,450578,21.25,22.30,21.20,21.75,yearly_2022.zip
20220706,4916,事欣科,291199,21.35,21.45,20.90,21.00,yearly_2022.zip
20220707,4916,事欣科,211326,21.00,21.55,20.85,21.40,yearly_2022.zip
20220708,4916,事欣科,266833,21.55,22.00,21.30,21.50,yearly_2022.zip
20220711,4916,事欣科,941471,23.00,23.10,22.45,22.60,yearly_2022.zip
20220712,4916,事欣科,481338,22.10,22.85,21.65,21.80,yearly_2022.zip
20220713,4916,事欣科,847018,22.60,23.50,22.45,22.85,yearly_2022.zip
20220714,4916,事欣科,704133,22.70,23.50,22.40,23.40,yearly_2022.zip
20220715,4916,事欣科,454336,23.30,23.85,23.20,23.30,yearly_2022.zip
20220718,4916,事欣科,253818,23.40,23.85,23.30,23.55,yearly_2022.zip
20220719,4916,事欣科,257687,23.30,24.00,23.30,23.65,yearly_2022.zip
20220720,4916,事欣科,354443,24.00,24.20,23.50,23.90,yearly_2022.zip
20220721,4916,事欣科,242777,24.10,24.15,23.70,24.10,yearly_2022.zip
20220722,4916,事欣科,305623,23.90,24.30,23.60,23.65,yearly_2022.zip
20220725,4916,事欣科,249592,23.90,23.90,23.00,23.65,yearly_2022.zip
20220726,4916,事欣科,158300,23.40,23.60,23.10,23.45,yearly_2022.zip
20220727,4916,事欣科,174642,23.40,23.95,23.40,23.95,yearly_2022.zip
20220728,4916,事欣科,135205,24.20,24.20,23.65,23.65,yearly_2022.zip
20220729,4916,事欣科,167210,23.65,23.90,23.60,23.90,yearly_2022.zip
20220801,4916,事欣科,51370,24.10,24.10,23.70,23.95,yearly_2022.zip
20220802,4916,事欣科,298287,23.60,23.60,23.10,23.15,yearly_2022.zip
20220803,4916,事欣科,170413,23.15,23.65,23.15,23.55,yearly_2022.zip
20220804,4916,事欣科,3926556,24.60,25.90,24.45,25.90,yearly_2022.zip
20220805,4916,事欣科,4377841,27.40,28.45,27.30,28.45,yearly_2022.zip
20220808,4916,事欣科,10818416,28.90,29.80,27.15,27.90,yearly_2022.zip
20220809,4916,事欣科,7206793,27.50,29.65,27.50,28.15,yearly_2022.zip
20220810,4916,事欣科,2685142,28.00,28.35,27.30,27.45,yearly_2022.zip
20220811,4916,事欣科,3570350,27.45,27.45,25.95,26.50,yearly_2022.zip
20220812,4916,事欣科,875205,26.40,26.40,26.00,26.00,yearly_2022.zip
20220815,4916,事欣科,1101981,26.35,26.60,25.70,26.05,yearly_2022.zip
20220816,4916,事欣科,1125277,26.10,26.65,26.05,26.25,yearly_2022.zip
20220817,4916,事欣科,719201,25.90,25.95,25.50,25.55,yearly_2022.zip
20220818,4916,事欣科,931795,25.25,25.85,24.95,25.80,yearly_2022.zip
20220819,4916,事欣科,1748412,26.10,26.95,26.00,26.75,yearly_2022.zip
20220822,4916,事欣科,887838,26.60,26.75,26.00,26.10,yearly_2022.zip
20220823,4916,事欣科,788685,25.65,25.80,25.05,25.40,yearly_2022.zip
20220824,4916,事欣科,739304,25.45,26.35,25.45,26.30,yearly_2022.zip
20220825,4916,事欣科,645176,26.40,26.85,26.20,26.20,yearly_2022.zip
20220826,4916,事欣科,489715,26.40,26.60,26.00,26.00,yearly_2022.zip
20220829,4916,事欣科,402368,25.20,25.55,25.05,25.30,yearly_2022.zip
20220830,4916,事欣科,357130,25.55,25.90,25.50,25.80,yearly_2022.zip
20220831,4916,事欣科,252122,25.90,25.90,25.50,25.65,yearly_2022.zip
20220901,4916,事欣科,415530,25.55,25.55,25.10,25.10,yearly_2022.zip
20220902,4916,事欣科,470778,25.40,25.60,24.80,24.80,yearly_2022.zip
20220905,4916,事欣科,764152,25.05,25.70,24.25,24.30,yearly_2022.zip
20220906,4916,事欣科,610305,24.45,24.75,23.50,23.70,yearly_2022.zip
20220907,4916,事欣科,326912,23.75,23.90,23.15,23.40,yearly_2022.zip
20220908,4916,事欣科,262581,23.75,24.00,23.10,23.65,yearly_2022.zip
20220912,4916,事欣科,535016,24.50,24.85,24.35,24.70,yearly_2022.zip
20220913,4916,事欣科,419366,24.90,25.15,24.70,24.85,yearly_2022.zip
20220914,4916,事欣科,248350,24.25,24.90,24.10,24.80,yearly_2022.zip
20220915,4916,事欣科,428435,25.00,25.55,24.90,25.40,yearly_2022.zip
20220916,4916,事欣科,293212,25.40,25.40,24.85,24.90,yearly_2022.zip
20220919,4916,事欣科,297629,24.90,24.90,24.15,24.20,yearly_2022.zip
20220920,4916,事欣科,137742,24.50,24.55,24.20,24.40,yearly_2022.zip
20220921,4916,事欣科,183620,24.20,24.40,23.85,23.90,yearly_2022.zip
20220922,4916,事欣科,122852,23.80,24.30,23.50,24.20,yearly_2022.zip
20220923,4916,事欣科,279758,24.30,24.45,23.70,23.80,yearly_2022.zip
20220926,4916,事欣科,656555,23.50,23.50,22.10,22.15,yearly_2022.zip
20220927,4916,事欣科,299392,22.15,22.75,21.80,22.75,yearly_2022.zip
20220928,4916,事欣科,372006,22.65,22.65,21.40,21.40,yearly_2022.zip
20220929,4916,事欣科,288223,21.65,22.15,21.65,22.00,yearly_2022.zip
20220930,4916,事欣科,155422,21.55,22.10,21.30,22.10,yearly_2022.zip
20221003,4916,事欣科,105393,21.65,22.25,21.65,22.10,yearly_2022.zip
20221004,4916,事欣科,137311,22.65,22.70,22.20,22.60,yearly_2022.zip
20221005,4916,事欣科,251512,22.75,23.20,22.75,22.90,yearly_2022.zip
20221006,4916,事欣科,66142,23.10,23.15,22.60,22.90,yearly_2022.zip
20221007,4916,事欣科,82632,22.90,23.00,22.70,22.90,yearly_2022.zip
20221011,4916,事欣科,306982,23.30,23.30,22.45,22.45,yearly_2022.zip
20221012,4916,事欣科,337176,23.10,23.10,22.45,22.65,yearly_2022.zip
20221013,4916,事欣科,729550,22.90,22.90,21.10,21.10,yearly_2022.zip
20221014,4916,事欣科,362441,21.60,22.05,21.50,21.80,yearly_2022.zip
20221017,4916,事欣科,238386,21.45,22.30,21.00,22.30,yearly_2022.zip
20221018,4916,事欣科,236511,22.50,22.70,22.20,22.25,yearly_2022.zip
20221019,4916,事欣科,143184,22.30,22.60,21.95,22.05,yearly_2022.zip
20221020,4916,事欣科,180631,21.90,22.20,21.50,21.95,yearly_2022.zip
20221021,4916,事欣科,305207,21.95,21.95,21.20,21.35,yearly_2022.zip
20221024,4916,事欣科,232176,21.60,21.85,21.40,21.50,yearly_2022.zip
20221025,4916,事欣科,152018,21.45,21.55,21.20,21.25,yearly_2022.zip
20221026,4916,事欣科,173004,21.20,21.45,21.00,21.00,yearly_2022.zip
20221027,4916,事欣科,235358,21.05,21.65,21.05,21.60,yearly_2022.zip
20221028,4916,事欣科,109059,21.65,21.65,21.10,21.20,yearly_2022.zip
20221031,4916,事欣科,88117,21.40,21.65,21.40,21.55,yearly_2022.zip
20221101,4916,事欣科,148203,21.60,22.10,21.60,22.00,yearly_2022.zip
20221102,4916,事欣科,139006,22.00,22.40,22.00,22.25,yearly_2022.zip
20221103,4916,事欣科,172099,22.15,22.85,22.15,22.70,yearly_2022.zip
20221104,4916,事欣科,130514,22.50,22.80,22.40,22.70,yearly_2022.zip
20221107,4916,事欣科,341316,22.90,23.15,22.70,22.80,yearly_2022.zip
20221108,4916,事欣科,233403,23.05,23.40,23.00,23.05,yearly_2022.zip
20221109,4916,事欣科,187588,23.15,23.35,23.10,23.15,yearly_2022.zip
20221110,4916,事欣科,175069,23.00,23.25,22.85,23.05,yearly_2022.zip
20221111,4916,事欣科,821355,23.00,23.20,22.15,22.15,yearly_2022.zip
20221114,4916,事欣科,300353,22.15,22.35,21.95,22.15,yearly_2022.zip
20221115,4916,事欣科,145845,22.15,22.60,22.15,22.50,yearly_2022.zip
20221116,4916,事欣科,198724,22.50,22.55,22.00,22.10,yearly_2022.zip
20221117,4916,事欣科,128956,22.20,22.50,22.20,22.35,yearly_2022.zip
20221118,4916,事欣科,124657,22.60,22.60,22.20,22.35,yearly_2022.zip
20221121,4916,事欣科,146210,22.55,22.75,22.35,22.35,yearly_2022.zip
20221122,4916,事欣科,135962,22.40,22.60,22.10,22.35,yearly_2022.zip
20221123,4916,事欣科,1956169,22.65,24.55,22.55,24.55,yearly_2022.zip
20221124,4916,事欣科,6862976,24.90,26.50,24.60,25.00,yearly_2022.zip
20221125,4916,事欣科,3562708,24.75,26.15,23.95,25.50,yearly_2022.zip
20221128,4916,事欣科,1600170,25.00,26.00,24.80,25.20,yearly_2022.zip
20221129,4916,事欣科,5202782,25.25,27.25,25.20,26.75,yearly_2022.zip
20221130,4916,事欣科,5952260,27.80,28.45,26.50,26.90,yearly_2022.zip
20221201,4916,事欣科,2099159,27.00,27.10,26.30,26.65,yearly_2022.zip
20221202,4916,事欣科,2123540,27.15,27.35,26.70,26.85,yearly_2022.zip
20221205,4916,事欣科,6672742,26.90,29.20,26.60,28.15,yearly_2022.zip
20221206,4916,事欣科,4896384,28.80,29.00,27.50,28.00,yearly_2022.zip
20221207,4916,事欣科,1744633,27.70,28.00,26.65,26.75,yearly_2022.zip
20221208,4916,事欣科,6908876,27.90,29.40,27.85,29.40,yearly_2022.zip
20221209,4916,事欣科,17069413,31.20,31.20,28.80,29.10,yearly_2022.zip
20221212,4916,事欣科,2828837,29.00,29.00,27.80,28.25,yearly_2022.zip
20221213,4916,事欣科,2740225,28.50,29.15,28.10,28.15,yearly_2022.zip
20221214,4916,事欣科,1350117,28.35,28.70,28.05,28.10,yearly_2022.zip
20221215,4916,事欣科,2818508,28.25,29.40,28.05,28.40,yearly_2022.zip
20221216,4916,事欣科,1903231,28.00,28.05,27.15,27.35,yearly_2022.zip
20221219,4916,事欣科,628289,27.30,27.75,27.00,27.05,yearly_2022.zip
20221220,4916,事欣科,1101362,27.00,27.55,26.00,26.00,yearly_2022.zip
20221221,4916,事欣科,630632,26.35,26.75,26.05,26.25,yearly_2022.zip
20221222,4916,事欣科,429671,26.65,26.85,26.30,26.35,yearly_2022.zip
20221223,4916,事欣科,478165,26.00,26.50,25.85,26.45,yearly_2022.zip
20221226,4916,事欣科,403349,26.50,26.75,26.20,26.60,yearly_2022.zip
20221227,4916,事欣科,656475,26.90,27.40,26.35,26.35,yearly_2022.zip
20221228,4916,事欣科,422001,26.35,26.45,25.85,26.10,yearly_2022.zip
20221229,4916,事欣科,532224,26.00,26.35,25.50,26.35,yearly_2022.zip
20221230,4916,事欣科,565653,26.40,27.05,26.40,26.70,yearly_2022.zip
20230103,4916,事欣科,397418,26.75,26.90,26.20,26.85,yearly_2023.zip
20230104,4916,事欣科,974760,26.90,27.75,26.90,27.35,yearly_2023.zip
20230105,4916,事欣科,843621,27.50,27.70,27.15,27.35,yearly_2023.zip
20230106,4916,事欣科,287110,27.35,27.40,27.10,27.30,yearly_2023.zip
20230109,4916,事欣科,361903,27.60,27.60,27.00,27.30,yearly_2023.zip
20230110,4916,事欣科,721742,27.30,27.80,27.30,27.60,yearly_2023.zip
20230111,4916,事欣科,2024206,28.50,28.70,27.75,28.00,yearly_2023.zip
20230112,4916,事欣科,550012,28.10,28.10,27.20,27.20,yearly_2023.zip
20230113,4916,事欣科,393252,27.30,27.55,27.05,27.10,yearly_2023.zip
20230116,4916,事欣科,538069,27.25,27.60,27.10,27.55,yearly_2023.zip
20230117,4916,事欣科,280624,27.50,27.90,27.45,27.50,yearly_2023.zip
20230130,4916,事欣科,922042,27.80,28.25,27.65,28.10,yearly_2023.zip
20230131,4916,事欣科,534386,28.30,28.40,27.80,28.20,yearly_2023.zip
20230201,4916,事欣科,1108223,28.35,28.70,28.25,28.60,yearly_2023.zip
20230202,4916,事欣科,1217911,28.80,28.95,28.35,28.90,yearly_2023.zip
20230203,4916,事欣科,600696,29.00,29.00,28.50,28.55,yearly_2023.zip
20230206,4916,事欣科,763741,28.55,29.15,28.50,29.00,yearly_2023.zip
20230207,4916,事欣科,643255,28.75,29.05,28.55,29.05,yearly_2023.zip
20230208,4916,事欣科,588409,29.10,29.20,28.70,28.75,yearly_2023.zip
20230209,4916,事欣科,1443873,28.75,29.40,28.75,29.20,yearly_2023.zip
20230210,4916,事欣科,3000742,29.30,30.30,28.45,28.60,yearly_2023.zip
20230213,4916,事欣科,1340752,28.20,29.00,27.80,28.85,yearly_2023.zip
20230214,4916,事欣科,1522824,29.00,29.70,29.00,29.20,yearly_2023.zip
20230215,4916,事欣科,840619,29.10,29.55,28.90,29.20,yearly_2023.zip
20230216,4916,事欣科,677978,29.45,29.65,29.25,29.30,yearly_2023.zip
20230217,4916,事欣科,978589,29.30,29.80,29.20,29.60,yearly_2023.zip
20230220,4916,事欣科,2712562,29.90,30.70,29.80,30.40,yearly_2023.zip
20230221,4916,事欣科,3485885,30.55,31.35,30.25,30.35,yearly_2023.zip
20230222,4916,事欣科,1527244,30.00,31.00,29.70,30.85,yearly_2023.zip
20230223,4916,事欣科,1291341,31.30,31.35,30.30,30.40,yearly_2023.zip
20230224,4916,事欣科,928249,30.40,30.45,29.70,29.80,yearly_2023.zip
20230301,4916,事欣科,649031,30.20,30.25,29.55,30.10,yearly_2023.zip
20230302,4916,事欣科,1541545,30.10,31.10,30.10,30.90,yearly_2023.zip
20230303,4916,事欣科,2645394,31.00,32.05,31.00,31.30,yearly_2023.zip
20230306,4916,事欣科,1487509,31.80,32.15,31.45,31.55,yearly_2023.zip
20230307,4916,事欣科,1093160,31.50,32.00,31.00,31.85,yearly_2023.zip
20230308,4916,事欣科,893125,31.95,32.20,31.55,31.80,yearly_2023.zip
20230309,4916,事欣科,1278977,32.00,32.25,31.00,31.00,yearly_2023.zip
20230310,4916,事欣科,1341707,31.00,31.45,30.45,31.05,yearly_2023.zip
20230313,4916,事欣科,9254461,32.00,34.00,31.05,33.25,yearly_2023.zip
20230314,4916,事欣科,7642438,32.75,34.00,32.05,32.35,yearly_2023.zip
20230315,4916,事欣科,4587145,32.90,33.40,32.05,32.25,yearly_2023.zip
20230316,4916,事欣科,3431639,31.95,31.95,30.60,31.00,yearly_2023.zip
20230317,4916,事欣科,4227930,31.80,32.75,31.45,32.20,yearly_2023.zip
20230320,4916,事欣科,2820361,32.30,32.90,31.65,31.65,yearly_2023.zip
20230321,4916,事欣科,1237877,32.10,32.35,31.65,31.90,yearly_2023.zip
20230322,4916,事欣科,1711626,32.15,32.70,31.65,32.35,yearly_2023.zip
20230323,4916,事欣科,1450131,32.20,32.85,32.00,32.45,yearly_2023.zip
20230324,4916,事欣科,2762031,32.90,33.35,32.55,32.90,yearly_2023.zip
20230327,4916,事欣科,12224294,33.10,36.15,33.10,34.50,yearly_2023.zip
20230328,4916,事欣科,6731887,34.70,35.20,32.00,32.00,yearly_2023.zip
20230329,4916,事欣科,2438027,32.45,32.45,31.30,31.50,yearly_2023.zip
20230330,4916,事欣科,3241070,31.75,33.20,31.20,32.85,yearly_2023.zip
20230331,4916,事欣科,2031335,33.35,33.60,32.95,33.15,yearly_2023.zip
20230406,4916,事欣科,4150286,33.90,34.50,33.65,34.30,yearly_2023.zip
20230407,4916,事欣科,3295658,34.15,34.20,33.05,33.15,yearly_2023.zip
20230410,4916,事欣科,2688908,33.40,34.50,33.15,33.65,yearly_2023.zip
20230411,4916,事欣科,3317050,33.25,33.40,32.60,32.70,yearly_2023.zip
20230412,4916,事欣科,5304988,32.75,34.50,32.75,33.70,yearly_2023.zip
20230413,4916,事欣科,11555579,33.90,35.75,33.90,34.50,yearly_2023.zip
20230414,4916,事欣科,8602773,34.80,36.05,34.40,35.05,yearly_2023.zip
20230417,4916,事欣科,10012597,35.35,37.20,34.75,35.70,yearly_2023.zip
20230418,4916,事欣科,5196481,35.70,35.75,34.35,34.45,yearly_2023.zip
20230419,4916,事欣科,3153155,34.80,35.55,34.50,34.65,yearly_2023.zip
20230420,4916,事欣科,3274853,34.60,34.75,33.60,33.75,yearly_2023.zip
20230421,4916,事欣科,3267905,33.65,33.95,32.05,32.10,yearly_2023.zip
20230424,4916,事欣科,1464245,32.15,32.70,32.00,32.25,yearly_2023.zip
20230425,4916,事欣科,2218996,32.50,32.90,31.25,31.35,yearly_2023.zip
20230426,4916,事欣科,1036250,31.20,31.80,30.75,31.55,yearly_2023.zip
20230427,4916,事欣科,6477714,32.80,34.70,32.10,34.70,yearly_2023.zip
20230428,4916,事欣科,23785647,35.80,37.90,34.75,35.30,yearly_2023.zip
20230502,4916,事欣科,7969530,35.80,36.80,35.20,35.50,yearly_2023.zip
20230503,4916,事欣科,6496721,35.70,36.70,35.10,35.15,yearly_2023.zip
20230504,4916,事欣科,5978364,36.00,36.35,35.35,35.70,yearly_2023.zip
20230505,4916,事欣科,4814496,36.10,36.50,35.15,35.70,yearly_2023.zip
20230508,4916,事欣科,2357422,36.20,36.25,35.30,35.30,yearly_2023.zip
20230509,4916,事欣科,2250753,35.50,35.50,34.20,34.50,yearly_2023.zip
20230510,4916,事欣科,2935195,34.65,35.80,34.50,35.45,yearly_2023.zip
20230511,4916,事欣科,4624356,35.20,35.85,33.00,33.65,yearly_2023.zip
20230512,4916,事欣科,4089582,32.50,32.75,31.35,32.65,yearly_2023.zip
20230515,4916,事欣科,1681183,32.35,32.35,31.55,31.85,yearly_2023.zip
20230516,4916,事欣科,1454411,32.10,32.60,32.00,32.25,yearly_2023.zip
20230517,4916,事欣科,2378948,32.20,33.55,32.20,33.40,yearly_2023.zip
20230518,4916,事欣科,5181760,33.90,34.80,33.65,33.80,yearly_2023.zip
20230519,4916,事欣科,2166263,33.90,34.50,33.40,33.40,yearly_2023.zip
20230522,4916,事欣科,4935587,33.45,35.15,33.40,35.00,yearly_2023.zip
20230523,4916,事欣科,5332535,34.50,35.65,34.45,35.50,yearly_2023.zip
20230524,4916,事欣科,5846120,35.85,36.50,35.05,35.25,yearly_2023.zip
20230526,4916,事欣科,2458900,34.45,34.45,33.00,33.10,yearly_2023.zip
20230529,4916,事欣科,2043889,33.30,34.70,33.15,34.40,yearly_2023.zip
20230530,4916,事欣科,1795267,34.40,34.75,33.50,34.10,yearly_2023.zip
20230531,4916,事欣科,12472898,34.40,36.30,34.05,36.10,yearly_2023.zip
20230601,4916,事欣科,5772687,36.10,36.40,35.60,35.90,yearly_2023.zip
20230602,4916,事欣科,3565005,35.90,36.05,35.10,35.30,yearly_2023.zip
20230605,4916,事欣科,33175254,36.75,38.80,36.20,38.00,yearly_2023.zip
20230606,4916,事欣科,16594642,38.65,38.75,35.80,36.20,yearly_2023.zip
20230607,4916,事欣科,3714992,36.00,36.80,35.95,36.15,yearly_2023.zip
20230608,4916,事欣科,3812301,36.40,36.70,35.35,36.20,yearly_2023.zip
20230609,4916,事欣科,2416369,36.45,36.55,35.85,36.30,yearly_2023.zip
20230612,4916,事欣科,4005458,37.20,37.25,36.00,36.05,yearly_2023.zip
20230613,4916,事欣科,2893957,36.15,36.65,35.70,35.70,yearly_2023.zip
20230614,4916,事欣科,2124254,35.80,36.00,35.35,35.80,yearly_2023.zip
20230615,4916,事欣科,4851760,36.20,36.60,36.00,36.25,yearly_2023.zip
20230616,4916,事欣科,14249983,36.65,38.15,36.65,37.10,yearly_2023.zip
20230619,4916,事欣科,24156436,36.80,40.80,36.75,40.80,yearly_2023.zip
20230620,4916,事欣科,23917987,42.85,44.85,42.50,44.85,yearly_2023.zip
20230621,4916,事欣科,58133827,46.60,49.20,45.50,47.75,yearly_2023.zip
20230626,4916,事欣科,20218959,48.55,49.00,44.20,45.55,yearly_2023.zip
20230627,4916,事欣科,10703307,45.90,45.95,42.10,42.25,yearly_2023.zip
20230628,4916,事欣科,8597331,43.05,43.90,42.25,42.25,yearly_2023.zip
20230629,4916,事欣科,5375474,42.65,43.70,42.50,42.75,yearly_2023.zip
20230630,4916,事欣科,4468387,42.40,42.80,41.85,42.35,yearly_2023.zip
20230703,4916,事欣科,6402112,43.30,43.90,42.85,43.00,yearly_2023.zip
20230704,4916,事欣科,5755735,43.70,43.70,42.05,42.60,yearly_2023.zip
20230705,4916,事欣科,3368233,43.20,43.45,42.30,42.70,yearly_2023.zip
20230706,4916,事欣科,3585334,42.65,43.45,42.35,42.35,yearly_2023.zip
20230707,4916,事欣科,5276544,42.00,42.35,40.75,40.75,yearly_2023.zip
20230710,4916,事欣科,3091309,41.10,41.65,40.30,41.00,yearly_2023.zip
20230711,4916,事欣科,9712322,42.05,43.60,42.00,43.50,yearly_2023.zip
20230712,4916,事欣科,6742584,43.05,43.30,41.10,41.25,yearly_2023.zip
20230713,4916,事欣科,5042610,41.25,41.65,40.10,40.10,yearly_2023.zip
20230714,4916,事欣科,2042358,40.40,41.15,40.10,40.35,yearly_2023.zip
20230717,4916,事欣科,3542602,41.00,41.95,40.20,41.60,yearly_2023.zip
20230718,4916,事欣科,4478126,42.00,42.20,39.15,39.30,yearly_2023.zip
20230719,4916,事欣科,2349321,40.00,40.00,38.70,38.95,yearly_2023.zip
20230720,4916,事欣科,3373379,39.10,41.15,39.10,41.15,yearly_2023.zip
20230721,4916,事欣科,14042282,41.05,43.20,41.05,42.70,yearly_2023.zip
20230724,4916,事欣科,4479741,42.25,42.70,40.20,40.30,yearly_2023.zip
20230725,4916,事欣科,2658507,40.50,40.95,39.50,40.45,yearly_2023.zip
20230726,4916,事欣科,2035788,40.45,40.50,39.45,39.45,yearly_2023.zip
20230727,4916,事欣科,2201671,39.70,41.25,39.65,40.50,yearly_2023.zip
20230728,4916,事欣科,1284480,40.90,41.00,39.85,40.05,yearly_2023.zip
20230731,4916,事欣科,7360864,40.75,42.70,40.55,42.30,yearly_2023.zip
20230801,4916,事欣科,7363678,42.70,42.85,40.85,41.95,yearly_2023.zip
20230802,4916,事欣科,3600534,42.00,42.35,39.80,40.10,yearly_2023.zip
20230804,4916,事欣科,1347056,40.05,40.60,39.60,40.30,yearly_2023.zip
20230807,4916,事欣科,1766474,40.10,40.10,39.25,39.80,yearly_2023.zip
20230808,4916,事欣科,6002389,39.80,41.90,39.65,41.15,yearly_2023.zip
20230809,4916,事欣科,1722072,41.55,41.55,40.10,40.35,yearly_2023.zip
20230810,4916,事欣科,1661986,40.35,40.50,39.25,39.60,yearly_2023.zip
20230811,4916,事欣科,2159797,40.00,40.80,39.70,39.85,yearly_2023.zip
20230814,4916,事欣科,3053402,40.00,40.25,37.00,37.00,yearly_2023.zip
20230815,4916,事欣科,1806634,37.60,37.70,36.40,37.20,yearly_2023.zip
20230816,4916,事欣科,1778458,36.70,37.70,35.60,37.25,yearly_2023.zip
20230817,4916,事欣科,1414126,37.00,38.30,36.40,38.15,yearly_2023.zip
20230818,4916,事欣科,1207954,38.10,38.50,37.30,37.65,yearly_2023.zip
20230821,4916,事欣科,771633,38.00,38.30,37.70,37.70,yearly_2023.zip
20230822,4916,事欣科,1163363,38.05,38.15,36.60,36.80,yearly_2023.zip
20230823,4916,事欣科,3515009,38.00,38.95,37.45,38.00,yearly_2023.zip
20230824,4916,事欣科,7950685,38.05,41.15,38.00,40.75,yearly_2023.zip
20230825,4916,事欣科,6101901,40.90,41.80,40.10,40.40,yearly_2023.zip
20230828,4916,事欣科,6557207,40.50,41.85,40.10,40.10,yearly_2023.zip
20230829,4916,事欣科,5519214,40.50,41.60,39.50,40.95,yearly_2023.zip
20230830,4916,事欣科,3578100,41.00,41.60,40.30,41.25,yearly_2023.zip
20230831,4916,事欣科,3122141,41.35,41.60,40.95,40.95,yearly_2023.zip
20230901,4916,事欣科,1557610,41.00,41.30,40.70,40.75,yearly_2023.zip
20230904,4916,事欣科,1355820,41.05,41.15,40.25,40.80,yearly_2023.zip
20230905,4916,事欣科,2031443,41.00,41.50,40.65,40.65,yearly_2023.zip
20230906,4916,事欣科,2452744,40.80,40.85,39.60,39.60,yearly_2023.zip
20230907,4916,事欣科,2118324,39.50,39.85,38.40,38.40,yearly_2023.zip
20230908,4916,事欣科,1716779,38.40,39.60,38.15,39.20,yearly_2023.zip
20230911,4916,事欣科,8711327,40.00,42.20,39.50,39.50,yearly_2023.zip
20230912,4916,事欣科,7276972,40.20,42.20,39.50,39.85,yearly_2023.zip
20230913,4916,事欣科,1903789,39.95,40.55,39.65,40.45,yearly_2023.zip
20230914,4916,事欣科,3332109,41.70,41.70,40.65,40.95,yearly_2023.zip
20230915,4916,事欣科,2741719,41.20,41.25,39.55,39.55,yearly_2023.zip
20230918,4916,事欣科,1546378,39.55,40.55,39.05,39.20,yearly_2023.zip
20230919,4916,事欣科,1965309,39.05,39.10,38.20,38.20,yearly_2023.zip
20230920,4916,事欣科,1022018,38.20,38.50,37.65,37.70,yearly_2023.zip
20230921,4916,事欣科,1165895,37.70,37.70,36.80,37.00,yearly_2023.zip
20230922,4916,事欣科,748246,36.70,37.50,36.50,37.30,yearly_2023.zip
20230925,4916,事欣科,534501,37.30,38.20,37.30,37.85,yearly_2023.zip
20230926,4916,事欣科,661424,37.85,37.95,37.00,37.00,yearly_2023.zip
20230927,4916,事欣科,454429,36.80,37.20,36.60,36.70,yearly_2023.zip
20230928,4916,事欣科,326236,36.80,37.45,36.80,37.00,yearly_2023.zip
20231002,4916,事欣科,527179,37.20,37.95,37.20,37.95,yearly_2023.zip
20231003,4916,事欣科,482683,37.85,37.95,37.30,37.30,yearly_2023.zip
20231004,4916,事欣科,389640,36.95,37.20,36.65,37.00,yearly_2023.zip
20231005,4916,事欣科,368257,37.20,37.60,37.10,37.25,yearly_2023.zip
20231006,4916,事欣科,292786,37.35,37.50,37.15,37.50,yearly_2023.zip
20231011,4916,事欣科,4767361,38.30,39.30,37.60,38.70,yearly_2023.zip
20231012,4916,事欣科,2084686,38.30,38.80,37.75,38.65,yearly_2023.zip
20231013,4916,事欣科,744258,38.40,38.50,37.80,37.80,yearly_2023.zip
20231016,4916,事欣科,756360,37.60,38.05,36.90,36.90,yearly_2023.zip
20231017,4916,事欣科,827412,37.05,37.20,36.20,36.20,yearly_2023.zip
20231018,4916,事欣科,859634,36.20,36.40,35.10,35.15,yearly_2023.zip
20231019,4916,事欣科,581186,35.00,35.50,34.75,34.75,yearly_2023.zip
20231020,4916,事欣科,761769,34.75,34.75,33.75,34.10,yearly_2023.zip
20231023,4916,事欣科,416594,34.20,35.05,33.90,34.50,yearly_2023.zip
20231024,4916,事欣科,475664,34.70,35.35,34.30,35.30,yearly_2023.zip
20231025,4916,事欣科,421943,35.50,35.75,35.15,35.25,yearly_2023.zip
20231026,4916,事欣科,347527,34.50,35.20,34.45,34.50,yearly_2023.zip
20231027,4916,事欣科,336243,34.50,34.90,34.25,34.25,yearly_2023.zip
20231030,4916,事欣科,258269,34.30,34.50,34.15,34.15,yearly_2023.zip
20231031,4916,事欣科,642794,34.45,35.25,33.60,33.60,yearly_2023.zip
20231101,4916,事欣科,220895,34.05,34.25,33.85,33.90,yearly_2023.zip
20231102,4916,事欣科,341133,34.20,34.80,34.20,34.65,yearly_2023.zip
20231103,4916,事欣科,375161,34.75,35.30,34.75,35.30,yearly_2023.zip
20231106,4916,事欣科,340011,35.15,35.60,35.15,35.45,yearly_2023.zip
20231107,4916,事欣科,254498,35.25,35.25,34.80,34.90,yearly_2023.zip
20231108,4916,事欣科,255695,34.95,35.35,34.90,35.10,yearly_2023.zip
20231109,4916,事欣科,276117,35.10,35.10,34.45,34.50,yearly_2023.zip
20231110,4916,事欣科,472459,34.80,35.50,34.80,34.85,yearly_2023.zip
20231113,4916,事欣科,1171949,35.65,36.40,35.25,36.20,yearly_2023.zip
20231114,4916,事欣科,552950,36.60,36.80,35.85,36.30,yearly_2023.zip
20231115,4916,事欣科,699192,36.50,36.75,36.30,36.50,yearly_2023.zip
20231116,4916,事欣科,3727305,36.70,37.95,36.60,37.20,yearly_2023.zip
20231117,4916,事欣科,1071083,37.70,37.80,37.30,37.40,yearly_2023.zip
20231120,4916,事欣科,561479,37.70,37.70,37.15,37.45,yearly_2023.zip
20231121,4916,事欣科,768567,37.70,37.85,37.25,37.45,yearly_2023.zip
20231122,4916,事欣科,514594,37.50,37.95,37.50,37.50,yearly_2023.zip
20231123,4916,事欣科,532227,37.60,37.80,37.30,37.30,yearly_2023.zip
20231124,4916,事欣科,2122589,37.80,38.40,37.45,37.45,yearly_2023.zip
20231127,4916,事欣科,1024387,37.55,37.80,36.30,36.30,yearly_2023.zip
20231128,4916,事欣科,306330,36.40,36.70,36.35,36.65,yearly_2023.zip
20231129,4916,事欣科,538017,36.80,37.45,36.70,37.30,yearly_2023.zip
20231130,4916,事欣科,587076,37.40,37.65,37.00,37.20,yearly_2023.zip
20231201,4916,事欣科,416104,37.20,37.60,37.10,37.40,yearly_2023.zip
20231204,4916,事欣科,911821,37.50,37.85,37.30,37.45,yearly_2023.zip
20231205,4916,事欣科,658182,37.45,37.45,36.70,36.75,yearly_2023.zip
20231206,4916,事欣科,344730,36.80,37.00,36.65,36.70,yearly_2023.zip
20231207,4916,事欣科,582332,36.60,37.30,36.30,36.35,yearly_2023.zip
20231208,4916,事欣科,394560,36.60,36.70,36.30,36.35,yearly_2023.zip
20231211,4916,事欣科,1524828,35.50,35.50,35.05,35.05,yearly_2023.zip
20231212,4916,事欣科,984304,35.35,35.60,34.75,35.00,yearly_2023.zip
20231213,4916,事欣科,781395,35.50,35.50,34.70,34.70,yearly_2023.zip
20231214,4916,事欣科,604272,34.60,35.30,34.60,34.95,yearly_2023.zip
20231215,4916,事欣科,694635,35.05,35.70,34.85,35.20,yearly_2023.zip
20231218,4916,事欣科,368604,35.20,35.30,34.80,35.00,yearly_2023.zip
20231219,4916,事欣科,526421,35.05,35.20,34.30,34.55,yearly_2023.zip
20231220,4916,事欣科,631003,35.05,35.90,35.05,35.30,yearly_2023.zip
20231221,4916,事欣科,550689,34.95,35.70,34.95,35.00,yearly_2023.zip
20231222,4916,事欣科,273556,35.10,35.30,34.85,34.85,yearly_2023.zip
20231225,4916,事欣科,241843,34.85,35.20,34.85,35.10,yearly_2023.zip
20231226,4916,事欣科,279373,35.35,35.40,35.10,35.30,yearly_2023.zip
20231227,4916,事欣科,427088,35.30,35.60,35.20,35.40,yearly_2023.zip
20231228,4916,事欣科,223254,35.40,35.40,35.15,35.30,yearly_2023.zip
20231229,4916,事欣科,310162,35.35,35.65,35.25,35.45,yearly_2023.zip
20240102,4916,事欣科,505564,35.45,35.70,35.20,35.60,yearly_2024.zip
20240103,4916,事欣科,334871,35.60,35.75,35.45,35.55,yearly_2024.zip
20240104,4916,事欣科,492205,35.45,35.70,35.25,35.30,yearly_2024.zip
20240105,4916,事欣科,389857,35.60,35.75,35.40,35.60,yearly_2024.zip
20240108,4916,事欣科,507583,35.85,36.10,35.40,35.40,yearly_2024.zip
20240109,4916,事欣科,546277,35.45,35.45,34.70,34.70,yearly_2024.zip
20240110,4916,事欣科,895077,34.95,36.10,34.40,34.40,yearly_2024.zip
20240111,4916,事欣科,589212,34.40,34.40,33.80,34.00,yearly_2024.zip
20240112,4916,事欣科,511887,34.30,35.00,33.95,34.40,yearly_2024.zip
20240115,4916,事欣科,664858,35.30,35.65,34.80,34.90,yearly_2024.zip
20240116,4916,事欣科,553133,34.90,34.90,34.00,34.05,yearly_2024.zip
20240117,4916,事欣科,609401,33.95,34.00,33.45,33.45,yearly_2024.zip
20240118,4916,事欣科,275198,33.60,34.00,33.25,33.25,yearly_2024.zip
20240119,4916,事欣科,289071,33.60,33.80,33.15,33.30,yearly_2024.zip
20240122,4916,事欣科,297678,33.45,34.00,33.40,33.90,yearly_2024.zip
20240123,4916,事欣科,291620,33.90,34.20,33.60,33.90,yearly_2024.zip
20240124,4916,事欣科,278563,34.10,34.30,33.95,34.25,yearly_2024.zip
20240125,4916,事欣科,229362,34.30,34.30,33.90,33.95,yearly_2024.zip
20240126,4916,事欣科,203549,34.00,34.00,33.75,33.80,yearly_2024.zip
20240129,4916,事欣科,250766,33.80,34.20,33.80,34.10,yearly_2024.zip
20240130,4916,事欣科,192445,34.20,34.20,33.65,33.75,yearly_2024.zip
20240131,4916,事欣科,242383,33.70,33.75,33.30,33.35,yearly_2024.zip
20240201,4916,事欣科,545064,33.35,33.60,33.00,33.40,yearly_2024.zip
20240202,4916,事欣科,290722,33.50,33.70,33.35,33.40,yearly_2024.zip
20240205,4916,事欣科,480716,33.50,33.50,32.90,33.00,yearly_2024.zip
20240215,4916,事欣科,438574,33.15,33.25,32.50,33.25,yearly_2024.zip
20240216,4916,事欣科,679310,33.70,34.50,33.50,34.50,yearly_2024.zip
20240219,4916,事欣科,513236,34.55,34.70,34.40,34.40,yearly_2024.zip
20240220,4916,事欣科,278494,34.50,34.50,34.00,34.20,yearly_2024.zip
20240221,4916,事欣科,288041,34.15,34.40,34.15,34.30,yearly_2024.zip
20240222,4916,事欣科,523746,34.35,34.45,33.95,34.05,yearly_2024.zip
20240223,4916,事欣科,632580,34.20,34.80,34.20,34.25,yearly_2024.zip
20240226,4916,事欣科,436528,34.25,34.60,34.00,34.55,yearly_2024.zip
20240227,4916,事欣科,590584,34.55,34.75,33.70,33.85,yearly_2024.zip
20240229,4916,事欣科,433710,33.90,34.55,33.90,34.40,yearly_2024.zip
20240301,4916,事欣科,462930,34.35,34.55,34.25,34.45,yearly_2024.zip
20240304,4916,事欣科,623867,34.50,34.75,34.25,34.40,yearly_2024.zip
20240305,4916,事欣科,529646,34.30,34.60,33.95,34.15,yearly_2024.zip
20240306,4916,事欣科,2944258,34.10,35.95,33.95,35.40,yearly_2024.zip
20240307,4916,事欣科,1078427,35.20,35.40,34.30,34.50,yearly_2024.zip
20240308,4916,事欣科,1482031,34.50,34.50,32.95,33.05,yearly_2024.zip
20240311,4916,事欣科,600717,33.70,34.10,33.20,33.95,yearly_2024.zip
20240312,4916,事欣科,1017581,34.05,35.25,34.05,35.00,yearly_2024.zip
20240313,4916,事欣科,479981,35.25,35.25,34.10,34.15,yearly_2024.zip
20240314,4916,事欣科,2297932,33.35,33.45,31.50,31.75,yearly_2024.zip
20240315,4916,事欣科,544877,32.00,32.05,31.70,31.75,yearly_2024.zip
20240318,4916,事欣科,710508,32.20,32.20,31.10,31.25,yearly_2024.zip
20240319,4916,事欣科,607063,31.55,31.55,31.05,31.10,yearly_2024.zip
20240320,4916,事欣科,683929,31.05,31.05,30.50,30.70,yearly_2024.zip
20240321,4916,事欣科,292977,30.80,31.25,30.80,31.00,yearly_2024.zip
20240322,4916,事欣科,1246923,31.20,32.65,31.00,32.25,yearly_2024.zip
20240325,4916,事欣科,648277,32.25,32.30,31.80,32.00,yearly_2024.zip
20240326,4916,事欣科,508857,32.25,32.25,31.25,31.35,yearly_2024.zip
20240327,4916,事欣科,658220,31.20,32.35,31.20,32.10,yearly_2024.zip
20240328,4916,事欣科,605392,32.10,32.80,31.70,32.00,yearly_2024.zip
20240329,4916,事欣科,313557,31.90,32.10,31.50,31.60,yearly_2024.zip
20240401,4916,事欣科,341798,31.70,32.05,31.55,31.80,yearly_2024.zip
20240402,4916,事欣科,265582,31.85,32.00,31.70,31.90,yearly_2024.zip
20240403,4916,事欣科,344156,31.85,31.90,31.25,31.40,yearly_2024.zip
20240408,4916,事欣科,362496,31.65,32.35,31.55,31.75,yearly_2024.zip
20240409,4916,事欣科,434838,31.85,32.45,31.80,32.25,yearly_2024.zip
20240410,4916,事欣科,547354,32.30,32.75,32.30,32.30,yearly_2024.zip
20240411,4916,事欣科,2739247,33.50,34.70,33.15,34.00,yearly_2024.zip
20240412,4916,事欣科,1547859,34.20,34.95,33.65,34.45,yearly_2024.zip
20240415,4916,事欣科,2509948,34.75,35.40,33.90,33.90,yearly_2024.zip
20240416,4916,事欣科,1124805,33.95,34.30,32.65,32.75,yearly_2024.zip
20240417,4916,事欣科,433642,33.20,33.70,33.15,33.35,yearly_2024.zip
20240418,4916,事欣科,511385,33.45,33.75,32.95,33.10,yearly_2024.zip
20240419,4916,事欣科,873525,33.00,33.15,31.55,32.15,yearly_2024.zip
20240422,4916,事欣科,541062,32.55,32.80,32.10,32.10,yearly_2024.zip
20240423,4916,事欣科,261002,32.35,32.75,32.10,32.55,yearly_2024.zip
20240424,4916,事欣科,402149,32.70,32.90,32.55,32.90,yearly_2024.zip
20240425,4916,事欣科,249782,33.00,33.00,32.45,32.60,yearly_2024.zip
20240426,4916,事欣科,283319,32.70,33.05,32.70,32.95,yearly_2024.zip
20240429,4916,事欣科,233023,33.10,33.30,32.80,32.95,yearly_2024.zip
20240430,4916,事欣科,207195,32.95,33.15,32.80,33.15,yearly_2024.zip
20240502,4916,事欣科,286032,33.25,33.25,32.90,33.00,yearly_2024.zip
20240503,4916,事欣科,273616,33.20,33.25,32.80,32.90,yearly_2024.zip
20240506,4916,事欣科,489813,33.05,33.05,32.25,32.35,yearly_2024.zip
20240507,4916,事欣科,304574,32.75,32.75,32.10,32.40,yearly_2024.zip
20240508,4916,事欣科,341131,32.40,33.05,32.40,33.00,yearly_2024.zip
20240509,4916,事欣科,450287,33.05,33.60,32.75,32.80,yearly_2024.zip
20240510,4916,事欣科,4950199,30.85,30.90,29.55,29.75,yearly_2024.zip
20240513,4916,事欣科,1093479,29.60,30.00,29.25,29.65,yearly_2024.zip
20240514,4916,事欣科,688150,29.50,30.40,29.50,30.05,yearly_2024.zip
20240515,4916,事欣科,722274,30.40,30.40,29.70,29.70,yearly_2024.zip
20240516,4916,事欣科,359366,29.95,29.95,29.60,29.70,yearly_2024.zip
20240517,4916,事欣科,424671,29.65,30.05,29.65,30.00,yearly_2024.zip
20240520,4916,事欣科,386980,30.35,30.35,29.75,30.15,yearly_2024.zip
20240521,4916,事欣科,267710,30.35,30.35,29.85,30.15,yearly_2024.zip
20240522,4916,事欣科,393741,30.35,30.40,30.20,30.30,yearly_2024.zip
20240523,4916,事欣科,1225306,30.60,31.00,30.35,30.35,yearly_2024.zip
20240524,4916,事欣科,413927,30.25,30.50,29.85,30.15,yearly_2024.zip
20240527,4916,事欣科,522509,30.15,30.35,30.05,30.35,yearly_2024.zip
20240528,4916,事欣科,518669,30.25,30.80,30.25,30.80,yearly_2024.zip
20240529,4916,事欣科,581028,30.60,31.10,30.60,30.95,yearly_2024.zip
20240530,4916,事欣科,363626,30.85,30.95,30.30,30.40,yearly_2024.zip
20240531,4916,事欣科,265558,30.45,30.80,30.30,30.45,yearly_2024.zip
20240603,4916,事欣科,335300,30.85,30.85,30.50,30.60,yearly_2024.zip
20240604,4916,事欣科,407656,30.70,30.90,30.50,30.50,yearly_2024.zip
20240605,4916,事欣科,368102,30.60,30.60,30.05,30.05,yearly_2024.zip
20240606,4916,事欣科,326038,30.25,30.25,29.85,30.00,yearly_2024.zip
20240607,4916,事欣科,293749,30.25,30.60,30.10,30.55,yearly_2024.zip
20240611,4916,事欣科,428179,30.35,30.40,29.90,30.00,yearly_2024.zip
20240612,4916,事欣科,572049,30.00,30.05,29.30,29.70,yearly_2024.zip
20240613,4916,事欣科,408401,29.70,29.70,29.45,29.60,yearly_2024.zip
20240614,4916,事欣科,483265,29.70,30.40,29.70,30.15,yearly_2024.zip
20240617,4916,事欣科,276276,30.40,30.55,30.30,30.30,yearly_2024.zip
20240618,4916,事欣科,246647,30.55,30.55,30.05,30.15,yearly_2024.zip
20240619,4916,事欣科,376680,30.20,30.30,29.90,29.90,yearly_2024.zip
20240620,4916,事欣科,351070,30.20,30.40,29.90,30.05,yearly_2024.zip
20240621,4916,事欣科,309599,30.30,30.30,29.90,30.10,yearly_2024.zip
20240624,4916,事欣科,411729,30.20,30.65,30.10,30.10,yearly_2024.zip
20240625,4916,事欣科,324826,30.40,30.40,29.50,30.15,yearly_2024.zip
20240626,4916,事欣科,238000,30.30,30.50,30.10,30.15,yearly_2024.zip
20240627,4916,事欣科,265103,30.10,30.20,29.90,30.15,yearly_2024.zip
20240628,4916,事欣科,376295,30.40,30.40,29.80,30.30,yearly_2024.zip
20240701,4916,事欣科,266908,30.50,30.50,29.95,29.95,yearly_2024.zip
20240702,4916,事欣科,223422,30.10,30.10,29.80,30.00,yearly_2024.zip
20240703,4916,事欣科,413806,30.00,30.40,30.00,30.40,yearly_2024.zip
20240704,4916,事欣科,446789,30.50,30.60,30.30,30.40,yearly_2024.zip
20240705,4916,事欣科,1301792,30.40,31.65,30.40,31.45,yearly_2024.zip
20240708,4916,事欣科,4893409,31.60,34.30,31.60,33.00,yearly_2024.zip
20240709,4916,事欣科,1296286,32.60,32.60,31.50,32.20,yearly_2024.zip
20240710,4916,事欣科,2807422,32.15,34.25,31.80,33.05,yearly_2024.zip
20240711,4916,事欣科,1396493,32.20,32.25,31.60,31.80,yearly_2024.zip
20240712,4916,事欣科,532808,31.70,32.05,31.50,31.50,yearly_2024.zip
20240715,4916,事欣科,392212,31.50,31.80,30.95,31.00,yearly_2024.zip
20240716,4916,事欣科,824434,31.05,32.15,31.00,31.10,yearly_2024.zip
20240717,4916,事欣科,334435,31.45,31.90,31.35,31.45,yearly_2024.zip
20240718,4916,事欣科,10524717,32.60,34.55,32.30,34.55,yearly_2024.zip
20240719,4916,事欣科,25404131,35.30,37.90,35.20,35.90,yearly_2024.zip
20240722,4916,事欣科,23789655,36.50,38.50,36.10,37.55,yearly_2024.zip
20240723,4916,事欣科,10634398,37.55,37.60,33.80,33.85,yearly_2024.zip
20240726,4916,事欣科,2397200,32.60,33.50,32.00,32.50,yearly_2024.zip
20240729,4916,事欣科,2490915,32.80,33.20,30.70,30.80,yearly_2024.zip
20240730,4916,事欣科,1334643,30.55,31.90,30.55,31.90,yearly_2024.zip
20240731,4916,事欣科,919311,31.45,31.70,31.05,31.25,yearly_2024.zip
20240801,4916,事欣科,1250875,31.80,32.40,31.50,31.85,yearly_2024.zip
20240802,4916,事欣科,1245763,31.35,31.35,30.45,30.45,yearly_2024.zip
20240805,4916,事欣科,1843069,29.60,29.60,27.45,27.45,yearly_2024.zip
20240806,4916,事欣科,2326134,27.00,27.45,24.75,25.75,yearly_2024.zip
20240807,4916,事欣科,883212,25.80,27.75,25.80,27.45,yearly_2024.zip
20240808,4916,事欣科,429037,27.10,27.25,26.50,26.90,yearly_2024.zip
20240809,4916,事欣科,579082,27.40,27.70,27.15,27.20,yearly_2024.zip
20240812,4916,事欣科,401759,27.20,27.75,27.20,27.70,yearly_2024.zip
20240813,4916,事欣科,380218,27.75,27.85,27.15,27.55,yearly_2024.zip
20240814,4916,事欣科,2406168,27.10,27.30,26.20,27.30,yearly_2024.zip
20240815,4916,事欣科,512820,27.30,27.60,26.85,27.05,yearly_2024.zip
20240816,4916,事欣科,468789,27.15,27.60,27.15,27.20,yearly_2024.zip
20240819,4916,事欣科,400721,27.20,27.35,26.85,26.95,yearly_2024.zip
20240820,4916,事欣科,701203,27.05,27.90,27.05,27.35,yearly_2024.zip
20240821,4916,事欣科,305544,27.35,27.65,27.10,27.35,yearly_2024.zip
20240822,4916,事欣科,372140,27.35,27.65,27.30,27.60,yearly_2024.zip
20240823,4916,事欣科,329390,27.45,27.45,26.95,27.35,yearly_2024.zip
20240826,4916,事欣科,619226,27.40,28.10,27.40,27.75,yearly_2024.zip
20240827,4916,事欣科,360125,27.75,27.75,27.20,27.40,yearly_2024.zip
20240828,4916,事欣科,262349,27.50,27.65,27.30,27.60,yearly_2024.zip
20240829,4916,事欣科,390760,27.35,27.45,27.25,27.40,yearly_2024.zip
20240830,4916,事欣科,502422,27.50,27.65,27.30,27.60,yearly_2024.zip
20240902,4916,事欣科,623339,27.75,28.35,27.65,28.05,yearly_2024.zip
20240903,4916,事欣科,580628,28.05,28.25,27.40,27.40,yearly_2024.zip
20240904,4916,事欣科,732859,26.60,26.60,25.30,25.80,yearly_2024.zip
20240905,4916,事欣科,275769,26.70,26.70,25.75,25.80,yearly_2024.zip
20240906,4916,事欣科,194748,25.90,26.00,25.55,25.90,yearly_2024.zip
20240909,4916,事欣科,294495,25.20,25.75,25.15,25.75,yearly_2024.zip
20240910,4916,事欣科,321242,26.15,26.15,24.80,25.25,yearly_2024.zip
20240911,4916,事欣科,187547,25.50,25.60,25.25,25.30,yearly_2024.zip
20240912,4916,事欣科,254143,25.75,25.90,25.55,25.65,yearly_2024.zip
20240913,4916,事欣科,152326,25.60,26.15,25.60,26.00,yearly_2024.zip
20240916,4916,事欣科,182029,26.00,26.35,25.85,26.30,yearly_2024.zip
20240918,4916,事欣科,452678,26.30,26.85,26.10,26.30,yearly_2024.zip
20240919,4916,事欣科,934362,26.70,27.90,26.25,27.40,yearly_2024.zip
20240920,4916,事欣科,375538,27.75,27.80,27.00,27.20,yearly_2024.zip
20240923,4916,事欣科,253059,27.00,27.50,27.00,27.35,yearly_2024.zip
20240924,4916,事欣科,3036186,29.00,29.50,28.05,28.40,yearly_2024.zip
20240925,4916,事欣科,812310,28.50,28.65,28.20,28.45,yearly_2024.zip
20240926,4916,事欣科,370913,28.65,29.00,28.05,28.05,yearly_2024.zip
20240927,4916,事欣科,384279,28.40,28.60,28.10,28.35,yearly_2024.zip
20240930,4916,事欣科,727272,28.80,29.25,28.40,28.65,yearly_2024.zip
20241001,4916,事欣科,344110,28.90,29.00,28.45,28.70,yearly_2024.zip
20241004,4916,事欣科,426525,29.20,29.20,28.50,28.70,yearly_2024.zip
20241007,4916,事欣科,484019,28.80,29.30,28.80,28.90,yearly_2024.zip
20241008,4916,事欣科,302344,29.20,29.20,28.25,28.25,yearly_2024.zip
20241009,4916,事欣科,326501,28.35,28.65,28.00,28.10,yearly_2024.zip
20241011,4916,事欣科,519837,27.70,27.90,27.00,27.35,yearly_2024.zip
20241014,4916,事欣科,1011147,28.10,28.85,27.70,27.95,yearly_2024.zip
20241015,4916,事欣科,505432,28.35,28.55,28.00,28.00,yearly_2024.zip
20241016,4916,事欣科,545573,28.40,28.80,28.25,28.60,yearly_2024.zip
20241017,4916,事欣科,645567,28.85,29.00,28.40,28.40,yearly_2024.zip
20241018,4916,事欣科,318566,28.40,28.65,28.20,28.25,yearly_2024.zip
20241021,4916,事欣科,200253,27.95,28.40,27.95,28.30,yearly_2024.zip
20241022,4916,事欣科,877513,28.35,29.20,28.35,29.10,yearly_2024.zip
20241023,4916,事欣科,3743467,29.40,31.55,29.05,31.05,yearly_2024.zip
20241024,4916,事欣科,2573003,30.70,31.45,29.65,29.85,yearly_2024.zip
20241025,4916,事欣科,1042265,30.00,30.50,29.50,29.80,yearly_2024.zip
20241028,4916,事欣科,2503971,29.95,30.85,29.20,29.85,yearly_2024.zip
20241029,4916,事欣科,1692901,29.80,30.50,29.45,30.05,yearly_2024.zip
20241030,4916,事欣科,1007051,29.75,30.05,28.95,29.30,yearly_2024.zip
20241101,4916,事欣科,323140,29.00,29.30,28.60,29.30,yearly_2024.zip
20241104,4916,事欣科,292575,29.30,29.30,28.50,28.50,yearly_2024.zip
20241105,4916,事欣科,206377,28.50,29.00,28.40,28.45,yearly_2024.zip
20241106,4916,事欣科,1283373,28.45,30.30,28.45,30.00,yearly_2024.zip
20241107,4916,事欣科,4952854,31.00,32.35,30.50,32.35,yearly_2024.zip
20241108,4916,事欣科,6534262,34.80,35.55,34.05,35.55,yearly_2024.zip
20241111,4916,事欣科,13582825,35.55,35.60,32.00,32.00,yearly_2024.zip
20241112,4916,事欣科,3673317,31.90,31.90,30.00,31.20,yearly_2024.zip
20241113,4916,事欣科,2760617,30.55,32.70,30.55,31.55,yearly_2024.zip
20241114,4916,事欣科,1406061,31.55,32.15,30.30,30.30,yearly_2024.zip
20241115,4916,事欣科,956289,30.60,31.30,30.50,30.55,yearly_2024.zip
20241118,4916,事欣科,842921,30.60,30.75,29.75,30.00,yearly_2024.zip
20241119,4916,事欣科,1827578,30.20,32.00,30.00,31.35,yearly_2024.zip
20241120,4916,事欣科,1940044,31.45,31.75,30.35,30.95,yearly_2024.zip
20241121,4916,事欣科,836383,30.70,31.50,30.70,31.00,yearly_2024.zip
20241122,4916,事欣科,1744014,31.00,32.30,31.00,31.60,yearly_2024.zip
20241125,4916,事欣科,1174806,31.40,31.80,30.80,30.90,yearly_2024.zip
20241126,4916,事欣科,6235445,31.15,33.30,31.00,32.20,yearly_2024.zip
20241127,4916,事欣科,3229410,32.60,33.05,31.50,33.05,yearly_2024.zip
20241128,4916,事欣科,14943249,33.50,35.80,32.55,33.90,yearly_2024.zip
20241129,4916,事欣科,2476956,33.50,33.55,32.80,32.80,yearly_2024.zip
20241202,4916,事欣科,1952714,32.80,33.80,32.15,32.15,yearly_2024.zip
20241203,4916,事欣科,930611,32.50,32.50,31.90,32.05,yearly_2024.zip
20241204,4916,事欣科,798289,32.40,32.70,31.80,32.00,yearly_2024.zip
20241205,4916,事欣科,1232027,32.40,33.10,32.05,32.10,yearly_2024.zip
20241206,4916,事欣科,1116810,32.20,32.25,31.00,31.40,yearly_2024.zip
20241209,4916,事欣科,1063760,31.50,31.50,30.00,30.20,yearly_2024.zip
20241210,4916,事欣科,593532,30.40,31.30,30.25,30.70,yearly_2024.zip
20241211,4916,事欣科,1935017,30.45,32.25,30.45,31.65,yearly_2024.zip
20241212,4916,事欣科,825443,31.55,31.65,30.60,30.85,yearly_2024.zip
20241213,4916,事欣科,489258,30.85,30.90,30.10,30.15,yearly_2024.zip
20241216,4916,事欣科,322577,30.60,30.60,29.85,30.00,yearly_2024.zip
20241217,4916,事欣科,345275,30.15,30.50,29.85,30.05,yearly_2024.zip
20241218,4916,事欣科,730437,30.05,30.25,29.00,29.55,yearly_2024.zip
20241219,4916,事欣科,356136,28.95,29.50,28.95,29.30,yearly_2024.zip
20241220,4916,事欣科,388953,29.30,29.95,29.15,29.70,yearly_2024.zip
20241223,4916,事欣科,338667,30.45,30.50,29.95,30.50,yearly_2024.zip
20241224,4916,事欣科,414854,31.05,31.05,29.95,29.95,yearly_2024.zip
20241225,4916,事欣科,465311,30.50,30.95,30.10,30.30,yearly_2024.zip
20241226,4916,事欣科,260874,30.35,30.50,29.95,30.00,yearly_2024.zip
20241227,4916,事欣科,540254,30.05,30.75,29.90,29.90,yearly_2024.zip
20241230,4916,事欣科,5256394,30.40,32.80,30.25,32.55,yearly_2024.zip
20241231,4916,事欣科,15995585,33.15,35.50,32.20,32.35,yearly_2024.zip
20250102,4916,事欣科,1565475,32.20,32.30,31.25,31.50,yearly_2025.zip
20250103,4916,事欣科,2335843,31.65,32.80,31.30,31.55,yearly_2025.zip
20250106,4916,事欣科,989502,31.80,32.25,30.80,31.50,yearly_2025.zip
20250107,4916,事欣科,812509,31.70,31.70,30.80,31.05,yearly_2025.zip
20250108,4916,事欣科,549832,31.00,31.80,31.00,31.30,yearly_2025.zip
20250109,4916,事欣科,1015182,31.30,31.35,30.00,30.00,yearly_2025.zip
20250110,4916,事欣科,381249,30.10,30.30,30.00,30.05,yearly_2025.zip
20250113,4916,事欣科,947389,30.05,30.60,29.40,29.65,yearly_2025.zip
20250114,4916,事欣科,285490,29.85,30.20,29.50,30.10,yearly_2025.zip
20250115,4916,事欣科,325508,29.85,30.45,29.80,29.95,yearly_2025.zip
20250116,4916,事欣科,426617,30.20,30.55,30.10,30.40,yearly_2025.zip
20250117,4916,事欣科,213899,30.60,30.60,30.05,30.40,yearly_2025.zip
20250120,4916,事欣科,330107,30.95,30.95,30.20,30.55,yearly_2025.zip
20250121,4916,事欣科,923757,30.45,31.60,30.45,31.45,yearly_2025.zip
20250122,4916,事欣科,4427846,32.20,33.35,31.45,33.00,yearly_2025.zip
20250203,4916,事欣科,1767053,33.00,33.45,32.00,32.75,yearly_2025.zip
20250204,4916,事欣科,806951,32.15,32.30,31.65,32.00,yearly_2025.zip
20250205,4916,事欣科,5880355,32.45,35.20,32.15,35.20,yearly_2025.zip
20250207,4916,事欣科,18119506,36.50,39.50,36.50,38.30,yearly_2025.zip
20250210,4916,事欣科,12232306,38.85,39.80,38.05,38.90,yearly_2025.zip
20250211,4916,事欣科,17322030,38.85,41.65,38.35,38.35,yearly_2025.zip
20250212,4916,事欣科,12756047,39.50,41.15,38.80,38.85,yearly_2025.zip
20250213,4916,事欣科,6798503,39.80,39.80,37.35,38.65,yearly_2025.zip
20250214,4916,事欣科,6442265,39.60,39.70,37.45,37.85,yearly_2025.zip
20250217,4916,事欣科,26581167,38.45,41.60,38.45,41.60,yearly_2025.zip
20250218,4916,事欣科,50579541,42.50,43.90,41.80,43.05,yearly_2025.zip
20250219,4916,事欣科,33838821,43.75,47.35,43.40,47.35,yearly_2025.zip
20250220,4916,事欣科,68449136,49.25,50.30,46.20,46.80,yearly_2025.zip
20250221,4916,事欣科,70294534,48.00,51.40,47.55,51.40,yearly_2025.zip
20250224,4916,事欣科,64349317,51.70,53.20,50.20,52.30,yearly_2025.zip
20250225,4916,事欣科,44264895,51.70,54.80,51.10,51.80,yearly_2025.zip
20250226,4916,事欣科,35870280,52.00,55.50,51.80,52.50,yearly_2025.zip
20250227,4916,事欣科,19949067,52.50,53.60,49.85,52.50,yearly_2025.zip
20250303,4916,事欣科,17522347,51.80,53.00,49.00,50.50,yearly_2025.zip
20250304,4916,事欣科,19147105,50.50,52.40,48.10,52.20,yearly_2025.zip
20250305,4916,事欣科,39798428,53.30,56.20,51.60,52.40,yearly_2025.zip
20250306,4916,事欣科,18594598,53.20,54.50,52.20,52.50,yearly_2025.zip
20250307,4916,事欣科,14646489,52.70,52.70,49.30,49.30,yearly_2025.zip
20250310,4916,事欣科,9440553,49.25,49.90,47.40,48.75,yearly_2025.zip
20250311,4916,事欣科,13168389,45.50,46.10,43.95,45.35,yearly_2025.zip
20250312,4916,事欣科,12339772,46.35,47.40,44.50,45.65,yearly_2025.zip
20250313,4916,事欣科,10940973,45.95,46.35,43.45,43.60,yearly_2025.zip
20250314,4916,事欣科,6932502,43.80,45.00,43.05,44.15,yearly_2025.zip
20250317,4916,事欣科,16015517,45.15,47.90,44.30,46.95,yearly_2025.zip
20250318,4916,事欣科,15273628,47.00,47.80,46.35,47.25,yearly_2025.zip
20250319,4916,事欣科,14760572,46.90,47.35,45.15,46.55,yearly_2025.zip
20250320,4916,事欣科,10451127,47.45,48.60,46.80,46.80,yearly_2025.zip
20250321,4916,事欣科,7113708,46.55,47.20,44.70,44.70,yearly_2025.zip
20250324,4916,事欣科,10680116,45.20,47.65,44.35,44.35,yearly_2025.zip
20250325,4916,事欣科,4903385,44.95,45.55,43.60,43.60,yearly_2025.zip
20250326,4916,事欣科,5316705,44.20,44.50,41.70,41.70,yearly_2025.zip
20250327,4916,事欣科,4976129,41.65,42.70,41.20,41.55,yearly_2025.zip
20250328,4916,事欣科,5381044,41.55,42.40,39.80,40.30,yearly_2025.zip
20250331,4916,事欣科,10697954,39.70,41.25,39.00,39.60,yearly_2025.zip
20250401,4916,事欣科,13009220,39.90,42.25,39.45,41.10,yearly_2025.zip
20250402,4916,事欣科,5858850,40.70,41.10,39.70,39.90,yearly_2025.zip
20250407,4916,事欣科,184817,35.95,35.95,35.95,35.95,yearly_2025.zip
20250408,4916,事欣科,5483358,32.40,33.50,32.40,32.40,yearly_2025.zip
20250409,4916,事欣科,13345315,33.15,33.25,29.20,29.85,yearly_2025.zip
20250410,4916,事欣科,1054418,32.80,32.80,32.80,32.80,yearly_2025.zip
20250411,4916,事欣科,6949955,31.80,33.65,30.35,32.85,yearly_2025.zip
20250414,4916,事欣科,6406873,32.95,34.80,32.95,34.15,yearly_2025.zip
20250415,4916,事欣科,6323990,34.60,37.55,34.60,37.55,yearly_2025.zip
20250416,4916,事欣科,20718757,38.45,39.45,37.65,38.70,yearly_2025.zip
20250417,4916,事欣科,8432339,38.50,38.50,36.70,37.35,yearly_2025.zip
20250418,4916,事欣科,25303353,37.80,41.00,37.55,38.90,yearly_2025.zip
20250421,4916,事欣科,8888603,38.65,39.15,37.00,37.20,yearly_2025.zip
20250422,4916,事欣科,4682226,36.80,38.05,36.40,36.65,yearly_2025.zip
20250423,4916,事欣科,13864918,37.25,40.30,37.25,40.30,yearly_2025.zip
20250424,4916,事欣科,32671704,42.20,42.35,39.20,39.70,yearly_2025.zip
20250425,4916,事欣科,35008479,40.50,43.20,40.30,41.00,yearly_2025.zip
20250428,4916,事欣科,10790959,41.45,42.00,41.05,41.80,yearly_2025.zip
20250429,4916,事欣科,33299053,41.90,45.40,41.35,43.70,yearly_2025.zip
20250430,4916,事欣科,14854113,43.70,44.60,42.50,43.00,yearly_2025.zip
20250502,4916,事欣科,10878606,43.75,43.90,42.10,43.90,yearly_2025.zip
20250505,4916,事欣科,10822426,43.90,44.00,40.15,41.20,yearly_2025.zip
20250506,4916,事欣科,12561367,41.15,42.70,40.40,41.50,yearly_2025.zip
20250507,4916,事欣科,39916334,42.30,44.90,42.20,43.70,yearly_2025.zip
20250508,4916,事欣科,42432698,44.80,45.60,43.50,44.80,yearly_2025.zip
20250509,4916,事欣科,24352335,45.20,46.50,43.80,44.00,yearly_2025.zip
20250512,4916,事欣科,20647904,44.50,46.85,43.35,45.70,yearly_2025.zip
20250513,4916,事欣科,17077483,45.80,47.40,45.15,45.85,yearly_2025.zip
20250514,4916,事欣科,11729650,46.40,46.70,45.40,45.90,yearly_2025.zip
20250515,4916,事欣科,12850736,46.30,47.65,45.65,46.30,yearly_2025.zip
20250516,4916,事欣科,8292034,46.90,46.90,44.40,44.95,yearly_2025.zip
20250519,4916,事欣科,5786801,45.05,45.25,43.55,43.55,yearly_2025.zip
20250520,4916,事欣科,11456209,44.20,45.45,44.00,45.30,yearly_2025.zip
20250521,4916,事欣科,39713151,46.40,48.50,46.20,47.35,yearly_2025.zip
20250522,4916,事欣科,9915055,46.85,47.15,45.45,45.45,yearly_2025.zip
20250523,4916,事欣科,7095489,45.60,46.05,44.05,44.45,yearly_2025.zip
20250526,4916,事欣科,12170418,45.35,46.40,45.35,45.70,yearly_2025.zip
20250527,4916,事欣科,7697400,45.70,46.45,44.50,45.00,yearly_2025.zip
20250528,4916,事欣科,5685092,45.85,45.90,42.90,43.50,yearly_2025.zip
20250529,4916,事欣科,4076421,44.20,44.35,42.85,42.85,yearly_2025.zip
20250602,4916,事欣科,12591659,42.95,45.30,42.50,44.80,yearly_2025.zip
20250603,4916,事欣科,28953436,45.20,47.45,44.50,46.15,yearly_2025.zip
20250604,4916,事欣科,16174090,46.15,46.50,44.80,45.00,yearly_2025.zip
20250605,4916,事欣科,6927259,45.10,45.30,43.65,43.85,yearly_2025.zip
20250606,4916,事欣科,8862931,42.90,43.45,41.80,41.95,yearly_2025.zip
20250609,4916,事欣科,5738523,42.05,42.55,40.90,41.55,yearly_2025.zip
20250610,4916,事欣科,4238951,41.95,42.90,41.05,41.10,yearly_2025.zip
20250611,4916,事欣科,5440690,41.40,41.50,40.00,40.85,yearly_2025.zip
20250612,4916,事欣科,5881484,40.40,42.20,40.40,42.15,yearly_2025.zip
20250613,4916,事欣科,12560304,42.70,43.75,41.80,41.90,yearly_2025.zip
20250616,4916,事欣科,4189926,41.45,42.85,41.05,41.60,yearly_2025.zip
20250617,4916,事欣科,5618353,42.25,43.15,41.90,42.80,yearly_2025.zip
20250618,4916,事欣科,5919543,43.20,43.50,42.60,43.05,yearly_2025.zip
20250619,4916,事欣科,4913203,43.00,43.10,41.85,42.75,yearly_2025.zip
20250620,4916,事欣科,4569183,42.85,42.95,41.20,41.20,yearly_2025.zip
20250623,4916,事欣科,5544930,40.80,42.10,40.70,41.65,yearly_2025.zip
20250624,4916,事欣科,4496779,41.65,42.80,41.35,42.80,yearly_2025.zip
20250625,4916,事欣科,7424026,43.05,43.80,42.60,43.10,yearly_2025.zip
20250626,4916,事欣科,2653327,43.00,43.40,42.20,42.20,yearly_2025.zip
20250627,4916,事欣科,2024859,42.15,42.35,41.45,41.45,yearly_2025.zip
20250630,4916,事欣科,2676307,41.20,41.30,40.20,40.20,yearly_2025.zip
20250701,4916,事欣科,1907638,40.25,40.55,39.90,39.90,yearly_2025.zip
20250702,4916,事欣科,1708617,40.00,40.30,39.70,39.70,yearly_2025.zip
20250703,4916,事欣科,1219894,40.00,40.20,39.70,39.70,yearly_2025.zip
20250704,4916,事欣科,2380117,39.80,40.20,38.40,38.70,yearly_2025.zip
20250707,4916,事欣科,1275136,38.60,39.15,38.10,38.20,yearly_2025.zip
20250708,4916,事欣科,1742003,38.50,38.95,38.05,38.60,yearly_2025.zip
20250709,4916,事欣科,863433,38.60,38.75,38.25,38.60,yearly_2025.zip
20250710,4916,事欣科,6862169,39.55,41.10,39.55,40.60,yearly_2025.zip
20250711,4916,事欣科,3033384,40.50,41.30,40.10,40.70,yearly_2025.zip
20250714,4916,事欣科,1266706,40.55,41.00,40.15,40.20,yearly_2025.zip
20250715,4916,事欣科,3061851,40.30,41.70,40.25,40.70,yearly_2025.zip
20250716,4916,事欣科,1417973,40.90,41.10,40.30,40.35,yearly_2025.zip
20250717,4916,事欣科,1606651,40.40,41.00,40.00,40.95,yearly_2025.zip
20250718,4916,事欣科,1462199,41.05,41.15,40.35,40.70,yearly_2025.zip
20250721,4916,事欣科,2113327,40.55,41.70,40.30,41.00,yearly_2025.zip
20250722,4916,事欣科,2955914,41.05,41.60,39.50,41.00,yearly_2025.zip
20250723,4916,事欣科,4635815,41.70,42.25,40.95,41.65,yearly_2025.zip
20250724,4916,事欣科,20874144,42.60,45.80,42.55,45.80,yearly_2025.zip
20250725,4916,事欣科,45322420,46.90,49.35,46.75,47.15,yearly_2025.zip
20250728,4916,事欣科,24114853,47.25,48.60,46.90,47.80,yearly_2025.zip
20250729,4916,事欣科,33288060,49.00,51.90,48.80,49.80,yearly_2025.zip
20250730,4916,事欣科,50077107,51.00,53.00,50.50,52.40,yearly_2025.zip
20250731,4916,事欣科,50585398,52.50,57.00,51.10,55.00,yearly_2025.zip
20250801,4916,事欣科,49176384,55.00,60.50,54.70,60.50,yearly_2025.zip
20250804,4916,事欣科,60716193,60.50,61.90,58.50,59.50,yearly_2025.zip
20250805,4916,事欣科,22533365,60.10,60.80,58.70,59.90,yearly_2025.zip
20250806,4916,事欣科,56346273,61.00,65.00,59.90,61.20,yearly_2025.zip
20250807,4916,事欣科,43082745,62.20,64.90,60.50,63.90,yearly_2025.zip
20250808,4916,事欣科,32967897,64.20,65.70,61.90,62.20,yearly_2025.zip
20250811,4916,事欣科,27819815,60.20,63.20,58.80,60.70,yearly_2025.zip
20250812,4916,事欣科,15536154,61.70,62.00,59.90,61.00,yearly_2025.zip
20250813,4916,事欣科,26601560,61.30,61.70,56.50,56.60,yearly_2025.zip
20250814,4916,事欣科,18397090,57.20,57.70,54.50,57.00,yearly_2025.zip
20250815,4916,事欣科,29779722,57.00,62.70,56.40,62.70,yearly_2025.zip
20250818,4916,事欣科,64868772,64.80,68.90,64.40,68.90,yearly_2025.zip
20250819,4916,事欣科,60613250,70.90,72.30,66.20,66.40,yearly_2025.zip
20250820,4916,事欣科,22181255,66.00,66.30,61.20,62.70,yearly_2025.zip
20250821,4916,事欣科,35559210,63.80,65.50,60.60,61.70,yearly_2025.zip
20250822,4916,事欣科,45495420,62.50,66.00,60.40,60.60,yearly_2025.zip
20250825,4916,事欣科,20425491,62.40,63.40,61.10,61.90,yearly_2025.zip
20250826,4916,事欣科,43728052,62.00,65.80,61.10,64.90,yearly_2025.zip
20250827,4916,事欣科,44910138,65.50,68.60,65.00,67.00,yearly_2025.zip
20250828,4916,事欣科,42494046,67.90,71.00,66.70,68.30,yearly_2025.zip
20250829,4916,事欣科,27501916,69.20,69.90,66.20,66.50,yearly_2025.zip
20250901,4916,事欣科,16111747,66.80,67.70,63.80,63.80,yearly_2025.zip
20250902,4916,事欣科,12935767,64.80,65.30,61.00,61.90,yearly_2025.zip
20250903,4916,事欣科,29444091,62.50,67.90,61.60,66.20,yearly_2025.zip
20250904,4916,事欣科,39508053,68.00,68.30,62.70,62.80,yearly_2025.zip
20250905,4916,事欣科,10061864,63.00,64.30,62.00,63.60,yearly_2025.zip
20250908,4916,事欣科,38333071,65.30,68.60,63.90,68.00,yearly_2025.zip
20250909,4916,事欣科,51192396,69.50,71.00,66.70,68.90,yearly_2025.zip
20250910,4916,事欣科,43407726,68.80,72.00,67.80,68.60,yearly_2025.zip
20250911,4916,事欣科,17882266,69.00,69.30,64.80,65.50,yearly_2025.zip
20250912,4916,事欣科,11033592,66.10,66.10,63.30,63.30,yearly_2025.zip
20250915,4916,事欣科,12062028,63.00,65.00,61.30,62.80,yearly_2025.zip
20250916,4916,事欣科,5425553,63.40,63.40,61.60,62.00,yearly_2025.zip
20250917,4916,事欣科,6093640,62.90,62.90,60.60,60.80,yearly_2025.zip
20250918,4916,事欣科,8741629,61.30,62.40,58.70,59.20,yearly_2025.zip
20250919,4916,事欣科,5980233,59.80,60.40,58.60,59.00,yearly_2025.zip
20250922,4916,事欣科,11978992,59.00,62.60,58.30,61.60,yearly_2025.zip
20250923,4916,事欣科,6738506,61.00,61.90,59.40,59.60,yearly_2025.zip
20250924,4916,事欣科,4841015,59.60,60.50,58.00,58.10,yearly_2025.zip
20250925,4916,事欣科,3300218,58.20,59.40,57.60,58.80,yearly_2025.zip
20250926,4916,事欣科,4384451,58.50,59.20,55.90,56.10,yearly_2025.zip
20250930,4916,事欣科,2262184,56.40,58.20,56.10,58.20,yearly_2025.zip
20251001,4916,事欣科,11088814,57.80,62.00,57.80,61.20,yearly_2025.zip
20251002,4916,事欣科,5632872,60.90,61.50,60.00,60.80,yearly_2025.zip
20251003,4916,事欣科,6722855,59.50,62.00,59.40,60.00,yearly_2025.zip
20251007,4916,事欣科,3718755,60.10,61.20,59.20,60.20,yearly_2025.zip
20251008,4916,事欣科,2508726,59.80,60.00,58.90,59.00,yearly_2025.zip
20251009,4916,事欣科,3335616,59.20,59.50,57.80,58.80,yearly_2025.zip
20251013,4916,事欣科,7778377,54.50,59.90,54.30,58.60,yearly_2025.zip
20251014,4916,事欣科,8471798,59.80,60.90,54.50,55.80,yearly_2025.zip
20251015,4916,事欣科,3256260,56.80,56.80,54.90,55.00,yearly_2025.zip
20251016,4916,事欣科,3544988,55.30,56.30,54.90,55.30,yearly_2025.zip
20251017,4916,事欣科,2972345,55.00,55.30,53.70,54.10,yearly_2025.zip
20251020,4916,事欣科,2621198,54.10,54.30,53.00,53.40,yearly_2025.zip
20251021,4916,事欣科,2721789,53.70,54.50,53.50,53.60,yearly_2025.zip
20251022,4916,事欣科,1974257,53.80,54.40,53.40,54.10,yearly_2025.zip
20251023,4916,事欣科,1850529,53.50,54.30,52.90,53.20,yearly_2025.zip
20251027,4916,事欣科,2560385,53.70,55.30,52.50,54.60,yearly_2025.zip
20251028,4916,事欣科,3968558,54.40,54.60,52.60,52.80,yearly_2025.zip
20251029,4916,事欣科,1796161,53.10,53.90,53.00,53.20,yearly_2025.zip
20251030,4916,事欣科,2321940,53.20,53.50,51.40,51.60,yearly_2025.zip
20251031,4916,事欣科,1692978,51.80,53.00,51.70,52.80,yearly_2025.zip
20251103,4916,事欣科,3406162,53.10,55.00,52.70,53.30,yearly_2025.zip
20251104,4916,事欣科,3848636,54.00,54.90,52.20,52.20,yearly_2025.zip
20251105,4916,事欣科,2264576,51.50,53.40,51.00,52.20,yearly_2025.zip
20251106,4916,事欣科,2469003,52.80,54.20,51.90,53.10,yearly_2025.zip
20251107,4916,事欣科,1675643,52.40,52.70,51.40,51.50,yearly_2025.zip
20251110,4916,事欣科,2317562,51.20,51.50,49.85,50.90,yearly_2025.zip
20251111,4916,事欣科,3669685,50.90,51.30,49.50,49.50,yearly_2025.zip
20251112,4916,事欣科,1660898,49.60,50.60,49.60,50.00,yearly_2025.zip
20251113,4916,事欣科,1808764,50.40,50.40,49.10,49.10,yearly_2025.zip
20251114,4916,事欣科,2518373,48.50,49.55,47.50,47.50,yearly_2025.zip
20251117,4916,事欣科,2236904,48.00,48.45,46.60,46.80,yearly_2025.zip
20251118,4916,事欣科,2933091,47.00,47.25,45.20,45.45,yearly_2025.zip
20251119,4916,事欣科,1632110,45.85,45.85,44.65,44.80,yearly_2025.zip
20251120,4916,事欣科,1382077,45.40,46.05,45.15,45.55,yearly_2025.zip
20251121,4916,事欣科,1879809,44.60,45.10,43.50,43.85,yearly_2025.zip
20251124,4916,事欣科,2815451,44.25,45.45,43.85,44.95,yearly_2025.zip
20251125,4916,事欣科,2781854,45.60,46.75,45.40,46.00,yearly_2025.zip
20251126,4916,事欣科,8777345,47.30,50.60,47.30,50.60,yearly_2025.zip
20251127,4916,事欣科,16160896,52.40,52.60,47.40,47.40,yearly_2025.zip
20251128,4916,事欣科,3658039,47.50,47.90,46.35,46.80,yearly_2025.zip
20251201,4916,事欣科,1774300,46.80,47.45,46.45,47.10,yearly_2025.zip
20251202,4916,事欣科,1531658,47.45,47.45,46.40,46.40,yearly_2025.zip
20251203,4916,事欣科,1700448,46.55,46.85,46.00,46.05,yearly_2025.zip
20251204,4916,事欣科,1609986,46.40,47.15,46.40,47.00,yearly_2025.zip
20251205,4916,事欣科,1704942,47.35,47.75,46.80,47.75,yearly_2025.zip
20251208,4916,事欣科,3991902,48.50,49.75,48.00,49.60,yearly_2025.zip
20251209,4916,事欣科,6407960,50.20,52.50,50.20,50.70,yearly_2025.zip
20251210,4916,事欣科,15531427,51.70,55.00,51.40,52.20,yearly_2025.zip
20251211,4916,事欣科,5180526,52.20,52.70,50.80,52.20,yearly_2025.zip
20251212,4916,事欣科,20328836,53.30,57.20,52.60,56.00,yearly_2025.zip
20251215,4916,事欣科,26342450,55.10,59.70,54.60,58.10,yearly_2025.zip
20251216,4916,事欣科,15602689,57.50,59.50,55.00,55.70,yearly_2025.zip
20251217,4916,事欣科,8155915,55.70,56.70,53.80,54.50,yearly_2025.zip
20251218,4916,事欣科,3642092,54.10,54.40,53.30,54.00,yearly_2025.zip
20251219,4916,事欣科,8212249,54.30,56.50,54.10,56.20,yearly_2025.zip
20251222,4916,事欣科,5405018,56.50,57.10,55.30,56.50,yearly_2025.zip
20251223,4916,事欣科,21698466,57.70,60.50,56.60,60.00,yearly_2025.zip
20251224,4916,事欣科,26005133,61.20,62.50,58.70,60.50,yearly_2025.zip
20251226,4916,事欣科,5320439,60.00,60.10,58.90,59.20,yearly_2025.zip
20251229,4916,事欣科,6301609,59.00,60.90,59.00,59.60,yearly_2025.zip
20251230,4916,事欣科,8591414,60.70,61.50,57.70,58.10,yearly_2025.zip
20251231,4916,事欣科,4005118,58.00,58.70,57.00,57.00,yearly_2025.zip
20260102,4916,事欣科,4387255,57.20,59.30,56.80,58.30,weekly_2026_W01.zip
20260105,4916,事欣科,5429810,58.20,59.70,56.50,56.50,weekly_2026_W02.zip
20260106,4916,事欣科,2802274,56.50,57.50,56.10,56.10,weekly_2026_W02.zip
20260107,4916,事欣科,3537041,56.10,57.10,55.50,57.00,weekly_2026_W02.zip
20260108,4916,事欣科,15296994,57.50,61.50,57.50,58.60,weekly_2026_W02.zip
20260109,4916,事欣科,10627935,60.50,61.40,57.60,58.20,weekly_2026_W02.zip
20260112,4916,事欣科,19246726,59.10,62.50,58.80,62.00,weekly_2026_W03.zip
20260113,4916,事欣科,15207645,62.50,62.50,59.80,62.00,weekly_2026_W03.zip
20260114,4916,事欣科,22953236,63.00,63.60,61.80,63.40,weekly_2026_W03.zip
20260115,4916,事欣科,14800753,62.70,65.10,62.40,62.50,weekly_2026_W03.zip
20260116,4916,事欣科,8539215,62.80,62.90,60.60,61.00,weekly_2026_W03.zip
20260119,4916,事欣科,5108938,61.10,62.80,61.00,61.40,weekly_2026_W04.zip
20260120,4916,事欣科,9889440,62.10,64.50,62.00,62.90,weekly_2026_W04.zip
20260121,4916,事欣科,15321248,62.50,64.90,61.60,64.70,weekly_2026_W04.zip
20260122,4916,事欣科,27091966,67.10,68.00,63.00,63.90,weekly_2026_W04.zip
20260123,4916,事欣科,11669856,64.50,66.30,62.50,64.80,weekly_2026_W04.zip
20260126,4916,事欣科,31863743,69.00,71.00,67.30,69.00,weekly_2026_W05.zip
20260127,4916,事欣科,35546649,70.00,74.20,69.10,69.70,weekly_2026_W05.zip
20260128,4916,事欣科,14549381,68.50,68.70,66.00,66.40,weekly_2026_W05.zip
20260129,4916,事欣科,17228581,66.90,69.50,64.50,66.50,weekly_2026_W05.zip
20260130,4916,事欣科,9188887,66.00,66.10,62.40,64.10,weekly_2026_W05.zip
20260202,4916,事欣科,7671885,63.50,65.40,61.50,62.00,weekly_2026_W06.zip
20260203,4916,事欣科,9667901,63.40,66.50,63.00,64.50,weekly_2026_W06.zip
20260204,4916,事欣科,11768213,64.60,67.40,63.50,66.80,weekly_2026_W06.zip
20260205,4916,事欣科,8355322,66.00,66.50,62.20,62.20,weekly_2026_W06.zip
20260206,4916,事欣科,6595403,61.50,61.60,58.00,59.80,weekly_2026_W06.zip
20260209,4916,事欣科,6069542,61.80,64.40,60.90,61.60,weekly_2026_W07.zip
20260210,4916,事欣科,4604302,63.00,63.40,60.30,63.30,weekly_2026_W07.zip
20260211,4916,事欣科,7453582,61.60,61.60,60.00,60.20,weekly_2026_W07.zip
20260223,4916,事欣科,6479995,61.40,64.60,61.00,63.70,weekly_2026_W09.zip
20260224,4916,事欣科,5972004,64.10,65.20,63.00,64.70,weekly_2026_W09.zip
20260225,4916,事欣科,4015400,65.10,65.50,63.30,63.60,weekly_2026_W09.zip
20260226,4916,事欣科,3415791,63.60,64.30,62.60,63.80,weekly_2026_W09.zip
20260302,4916,事欣科,9981820,65.00,66.00,62.60,63.50,weekly_2026_W10.zip
20260303,4916,事欣科,5156376,63.50,64.30,60.10,60.10,weekly_2026_W10.zip
20260304,4916,事欣科,5437115,59.40,61.10,56.20,57.20,weekly_2026_W10.zip
20260305,4916,事欣科,3978826,60.50,61.50,58.90,60.90,weekly_2026_W10.zip
20260306,4916,事欣科,5686110,61.30,63.00,60.60,61.30,weekly_2026_W10.zip
20260309,4916,事欣科,3836598,56.60,57.20,55.20,56.10,weekly_2026_W11.zip
20260310,4916,事欣科,2670128,58.00,58.80,57.30,57.80,weekly_2026_W11.zip
20260311,4916,事欣科,2546391,58.50,60.70,58.40,60.00,weekly_2026_W11.zip
20260312,4916,事欣科,4044671,60.00,63.40,59.50,61.10,weekly_2026_W11.zip
20260313,4916,事欣科,2422369,60.20,61.50,59.80,60.70,weekly_2026_W11.zip
20260316,4916,事欣科,2103197,60.70,61.10,59.50,59.70,weekly_2026_W12.zip
20260317,4916,事欣科,4455573,60.70,63.00,60.30,62.40,weekly_2026_W12.zip
20260318,4916,事欣科,4635966,63.30,64.00,61.00,61.80,weekly_2026_W12.zip
20260319,4916,事欣科,9653113,61.30,65.50,60.70,63.90,weekly_2026_W12.zip
20260320,4916,事欣科,5630138,64.10,64.90,61.30,61.50,weekly_2026_W12.zip
20260323,4916,事欣科,6023964,60.00,64.00,58.60,61.30,weekly_2026_W13.zip
20260324,4916,事欣科,3280603,62.90,62.90,59.20,59.80,weekly_2026_W13.zip
20260325,4916,事欣科,3146415,61.20,61.40,60.00,60.10,weekly_2026_W13.zip
20260326,4916,事欣科,4658117,60.90,62.20,57.80,57.80,weekly_2026_W13.zip
20260327,4916,事欣科,1955973,57.00,59.30,56.80,58.80,weekly_2026_W13.zip
20260330,4916,事欣科,5468152,58.00,61.40,57.60,58.80,weekly_2026_W14.zip
20260331,4916,事欣科,3412912,59.40,60.00,56.00,56.10,weekly_2026_W14.zip
20260401,4916,事欣科,2213318,58.00,58.30,56.70,57.40,weekly_2026_W14.zip
20260402,4916,事欣科,2884387,57.50,58.50,54.60,54.60,weekly_2026_W14.zip
20260407,4916,事欣科,1831079,55.10,55.80,53.20,54.30,weekly_2026_W15.zip
20260408,4916,事欣科,1929542,56.30,57.00,55.40,56.90,weekly_2026_W15.zip
20260409,4916,事欣科,1695819,57.50,57.50,55.30,55.70,weekly_2026_W15.zip
20260410,4916,事欣科,1644738,56.20,57.00,56.00,56.60,weekly_2026_W15.zip
20260413,4916,事欣科,3296637,55.90,58.40,55.90,58.00,weekly_2026_W16.zip
20260414,4916,事欣科,2834487,59.30,59.30,57.80,58.40,weekly_2026_W16.zip
20260415,4916,事欣科,4708888,59.10,60.80,58.70,60.30,weekly_2026_W16.zip
20260416,4916,事欣科,20846578,61.60,66.30,61.60,65.20,weekly_2026_W16.zip
20260417,4916,事欣科,21622503,67.00,68.90,66.40,67.80,weekly_2026_W16.zip
20260420,4916,事欣科,18874503,68.60,71.20,67.40,68.50,weekly_2026_W17.zip
20260421,4916,事欣科,9901193,67.50,70.30,66.60,67.20,weekly_2026_W17.zip
20260422,4916,事欣科,14586077,68.40,71.80,67.70,69.50,weekly_2026_W17.zip
20260423,4916,事欣科,13035755,70.70,70.70,62.60,66.10,weekly_2026_W17.zip
20260424,4916,事欣科,7118398,67.20,68.40,63.90,65.80,weekly_2026_W17.zip
20260427,4916,事欣科,7035224,66.40,66.70,60.40,62.40,weekly_2026_W18.zip
20260428,4916,事欣科,3476529,62.10,63.40,60.60,62.00,weekly_2026_W18.zip
20260429,4916,事欣科,2683669,61.50,63.00,61.40,62.50,weekly_2026_W18.zip
20260430,4916,事欣科,2561314,62.50,62.90,61.60,61.60,weekly_2026_W18.zip
20260504,4916,事欣科,3795247,62.00,64.50,61.90,63.30,weekly_2026_W19.zip
20260505,4916,事欣科,3908514,63.30,65.10,62.40,65.10,weekly_2026_W19.zip
20260506,4916,事欣科,4187329,66.00,66.00,62.60,63.30,weekly_2026_W19.zip
20260507,4916,事欣科,3414935,63.90,64.30,62.20,63.10,weekly_2026_W19.zip
20260508,4916,事欣科,7070240,63.60,66.00,61.70,62.00,weekly_2026_W19.zip
20260511,4916,事欣科,9440717,64.70,67.70,62.60,67.00,weekly_2026_W20.zip
20260512,4916,事欣科,10916516,67.90,69.50,66.90,68.40,weekly_2026_W20.zip
20260513,4916,事欣科,5730833,67.50,67.70,64.70,65.20,weekly_2026_W20.zip
20260514,4916,事欣科,6166037,65.90,68.50,65.70,66.90,weekly_2026_W20.zip
20260515,4916,事欣科,14924154,68.50,72.30,67.20,67.70,weekly_2026_W20.zip
20260518,4916,事欣科,8465884,73.80,74.40,73.50,74.40,weekly_2026_W21.zip
20260519,4916,事欣科,3578609,81.80,81.80,81.80,81.80,weekly_2026_W21.zip
20260520,4916,事欣科,36726561,83.10,89.90,80.20,89.90,weekly_2026_W21.zip
20260521,4916,事欣科,46915796,92.80,98.80,87.00,98.80,weekly_2026_W21.zip
20260522,4916,事欣科,50432884,100.00,105.00,97.40,98.30,weekly_2026_W21.zip
20260525,4916,事欣科,25271124,100.00,105.00,99.20,101.50,weekly_2026_W22.zip
20260526,4916,事欣科,5515128,100.00,101.00,95.00,100.50,weekly_2026_W22.zip
20260527,4916,事欣科,3292175,102.50,102.50,98.00,99.40,weekly_2026_W22.zip
20260529,4916,事欣科,6667076,108.00,112.50,104.00,112.50,weekly_2026_W22.zip
20260601,4916,事欣科,6365233,117.00,123.50,115.50,119.00,weekly_2026_W23.zip
20260602,4916,事欣科,4086731,116.00,116.00,110.00,114.00,weekly_2026_W23.zip
20260603,4916,事欣科,3693035,120.00,124.50,118.00,124.50,weekly_2026_W23.zip
20260604,4916,事欣科,2939889,122.00,127.50,120.00,122.50,weekly_2026_W23.zip
20260605,4916,事欣科,3292659,122.00,122.00,111.00,120.00,weekly_2026_W23.zip
20260608,4916,事欣科,3708077,108.00,119.00,108.00,116.00,weekly_2026_W24.zip
20260609,4916,事欣科,13605010,118.00,125.00,108.50,119.50,weekly_2026_W24.zip
20260610,4916,事欣科,13995793,120.00,122.50,111.00,111.50,weekly_2026_W24.zip
20260611,4916,事欣科,16647738,114.00,121.00,110.50,114.50,weekly_2026_W24.zip
20260612,4916,事欣科,14018208,118.50,120.50,106.50,107.50,weekly_2026_W24.zip
20260615,4916,事欣科,15514853,107.50,108.00,99.20,99.50,weekly_2026_W25.zip
20260616,4916,事欣科,7504184,101.00,101.50,97.60,99.00,weekly_2026_W25.zip
20260617,4916,事欣科,7385383,99.70,102.50,97.20,98.70,weekly_2026_W25.zip
20260618,4916,事欣科,8356190,99.00,103.50,97.20,103.50,weekly_2026_W25.zip
20260622,4916,事欣科,10090947,107.50,110.00,104.50,105.00,weekly_2026_W26.zip
20260623,4916,事欣科,7663722,104.00,104.00,98.10,100.00,weekly_2026_W26.zip
20260624,4916,事欣科,3951290,98.50,102.50,98.20,101.50,weekly_2026_W26.zip
20260625,4916,事欣科,3232523,102.50,102.50,99.30,99.50,weekly_2026_W26.zip
20260626,4916,事欣科,4953365,99.00,100.50,95.50,95.70,weekly_2026_W26.zip
20260629,4916,事欣科,5309267,95.70,100.50,95.70,96.20,weekly_2026_W27.zip
20260630,4916,事欣科,6170493,99.20,104.00,98.50,102.50,weekly_2026_W27.zip
20260701,4916,事欣科,16681767,103.50,112.50,102.50,112.50,weekly_2026_W27.zip
20260702,4916,事欣科,29875027,114.00,116.00,110.50,115.00,weekly_2026_W27.zip
20260703,4916,事欣科,14790538,113.50,119.50,113.50,115.00,weekly_2026_W27.zip
20260706,4916,事欣科,8222338,116.00,117.00,112.00,112.50,weekly_2026_W28.zip
20260707,4916,事欣科,8136874,113.00,113.00,107.00,107.50,weekly_2026_W28.zip
20260708,4916,事欣科,6614148,108.50,112.00,104.50,111.00,weekly_2026_W28.zip
20260709,4916,事欣科,4720470,109.00,111.50,108.00,108.00,weekly_2026_W28.zip
20260713,4916,事欣科,21558219,112.50,118.50,112.50,118.00,weekly_2026_W29.zip
20260714,4916,事欣科,16101066,115.00,117.00,106.50,110.00,weekly_2026_W29.zip
20260715,4916,事欣科,6549209,111.50,113.00,110.00,113.00,weekly_2026_W29.zip
20260716,4916,事欣科,4695699,111.00,113.00,109.00,110.50,weekly_2026_W29.zip
20260717,4916,事欣科,6467375,106.00,108.50,100.00,102.00,weekly_2026_W29.zip
20260720,4916,事欣科,5480006,102.00,104.00,96.50,97.70,weekly_2026_W30.zip
20260721,4916,事欣科,4515662,100.00,107.00,99.00,107.00,weekly_2026_W30.zip
20260722,4916,事欣科,8787291,109.00,112.50,106.00,106.50,weekly_2026_W30.zip
20260723,4916,事欣科,3625577,108.00,108.00,101.50,103.50,weekly_2026_W30.zip
20260724,4916,事欣科,4630010,103.00,108.00,102.00,103.00,weekly_2026_W30.zip
20260727,4916,事欣科,2144382,103.00,103.50,99.70,102.00,weekly_2026_W31.zip
20260728,4916,事欣科,2590639,99.00,101.00,97.10,97.10,weekly_2026_W31.zip
20260729,4916,事欣科,5060226,97.50,99.60,87.40,90.20,weekly_2026_W31.zip
20260730,4916,事欣科,3452652,90.00,94.40,88.00,88.50,weekly_2026_W31.zip
20260731,4916,事欣科,2721628,95.00,96.00,93.10,95.00,weekly_2026_W31.zip
20260803,4916,事欣科,3020607,94.00,98.80,93.90,95.00,weekly_2026_W32.zip
20260804,4916,事欣科,4927410,95.00,103.00,94.10,101.50,weekly_2026_W32.zip
20260805,4916,事欣科,4991120,103.00,107.00,103.00,104.50,weekly_2026_W32.zip
20260806,4916,事欣科,5058435,104.00,109.50,104.00,108.00,weekly_2026_W32.zip
20260807,4916,事欣科,5054760,108.00,111.00,106.50,108.00,weekly_2026_W32.zip
20260810,4916,事欣科,8850710,103.50,106.00,100.50,104.00,weekly_2026_W33.zip
20260811,4916,事欣科,6366135,104.00,108.00,102.50,104.50,weekly_2026_W33.zip
20260812,4916,事欣科,2747205,105.00,105.00,102.50,103.00,weekly_2026_W33.zip
20260813,4916,事欣科,2882164,103.50,105.00,101.50,101.50,weekly_2026_W33.zip
20260814,4916,事欣科,7652239,102.00,108.00,101.00,106.00,weekly_2026_W33.zip
20260817,4916,事欣科,6825530,108.00,111.00,103.00,104.00,weekly_2026_W34.zip
