date,symbol,name,open,high,low,close,volume,turnover_value,source,source_url,pit_available_date
2023-01-03,2345,智邦,238.0,243.0,237.5,242.0,1553903.0,374326358.0,TWSE STOCK_DAY,https://www.twse.com.tw/rwd/zh/afterTrading/STOCK_DAY?date=20230101&stockNo=2345&response=json,2023-01-03
2023-01-04,2345,智邦,243.5,246.5,241.0,244.5,1982277.0,483266669.0,TWSE STOCK_DAY,https://www.twse.com.tw/rwd/zh/afterTrading/STOCK_DAY?date=20230101&stockNo=2345&response=json,2023-01-04
2023-01-05,2345,智邦,247.0,249.0,243.5,248.5,2398785.0,593042923.0,TWSE STOCK_DAY,https://www.twse.com.tw/rwd/zh/afterTrading/STOCK_DAY?date=20230101&stockNo=2345&response=json,2023-01-05
2023-01-06,2345,智邦,250.0,257.5,248.5,255.5,4782624.0,1215173269.0,TWSE STOCK_DAY,https://www.twse.com.tw/rwd/zh/afterTrading/STOCK_DAY?date=20230101&stockNo=2345&response=json,2023-01-06
2023-01-09,2345,智邦,253.0,254.0,243.0,248.0,6112690.0,1508430168.0,TWSE STOCK_DAY,https://www.twse.com.tw/rwd/zh/afterTrading/STOCK_DAY?date=20230101&stockNo=2345&response=json,2023-01-09
2023-01-10,2345,智邦,249.5,258.5,249.0,253.0,4213122.0,1070979110.0,TWSE STOCK_DAY,https://www.twse.com.tw/rwd/zh/afterTrading/STOCK_DAY?date=20230101&stockNo=2345&response=json,2023-01-10
2023-01-11,2345,智邦,254.0,257.0,251.5,253.5,2235529.0,566912942.0,TWSE STOCK_DAY,https://www.twse.com.tw/rwd/zh/afterTrading/STOCK_DAY?date=20230101&stockNo=2345&response=json,2023-01-11
2023-01-12,2345,智邦,254.0,256.0,251.5,253.0,2098490.0,533231146.0,TWSE STOCK_DAY,https://www.twse.com.tw/rwd/zh/afterTrading/STOCK_DAY?date=20230101&stockNo=2345&response=json,2023-01-12
2023-01-13,2345,智邦,256.0,256.0,243.0,243.0,2790485.0,687422468.0,TWSE STOCK_DAY,https://www.twse.com.tw/rwd/zh/afterTrading/STOCK_DAY?date=20230101&stockNo=2345&response=json,2023-01-13
2023-01-16,2345,智邦,246.0,248.0,244.0,247.5,2014284.0,496966549.0,TWSE STOCK_DAY,https://www.twse.com.tw/rwd/zh/afterTrading/STOCK_DAY?date=20230101&stockNo=2345&response=json,2023-01-16
2023-01-17,2345,智邦,247.0,253.0,247.0,252.5,1772928.0,445117907.0,TWSE STOCK_DAY,https://www.twse.com.tw/rwd/zh/afterTrading/STOCK_DAY?date=20230101&stockNo=2345&response=json,2023-01-17
2023-01-30,2345,智邦,262.0,262.0,250.5,251.5,5448701.0,1387080939.0,TWSE STOCK_DAY,https://www.twse.com.tw/rwd/zh/afterTrading/STOCK_DAY?date=20230101&stockNo=2345&response=json,2023-01-30
2023-01-31,2345,智邦,252.0,257.5,243.0,243.5,5733009.0,1422873035.0,TWSE STOCK_DAY,https://www.twse.com.tw/rwd/zh/afterTrading/STOCK_DAY?date=20230101&stockNo=2345&response=json,2023-01-31
2023-02-01,2345,智邦,248.5,251.5,245.0,247.5,4523130.0,1119193730.0,TWSE STOCK_DAY,https://www.twse.com.tw/rwd/zh/afterTrading/STOCK_DAY?date=20230201&stockNo=2345&response=json,2023-02-01
2023-02-02,2345,智邦,252.5,257.0,250.0,255.5,5289118.0,1339791966.0,TWSE STOCK_DAY,https://www.twse.com.tw/rwd/zh/afterTrading/STOCK_DAY?date=20230201&stockNo=2345&response=json,2023-02-02
2023-02-03,2345,智邦,257.5,258.0,251.5,256.5,2267372.0,579324008.0,TWSE STOCK_DAY,https://www.twse.com.tw/rwd/zh/afterTrading/STOCK_DAY?date=20230201&stockNo=2345&response=json,2023-02-03
2023-02-06,2345,智邦,256.5,259.5,253.5,257.5,1762621.0,453906454.0,TWSE STOCK_DAY,https://www.twse.com.tw/rwd/zh/afterTrading/STOCK_DAY?date=20230201&stockNo=2345&response=json,2023-02-06
2023-02-07,2345,智邦,260.0,273.5,259.0,273.0,7520697.0,2011402791.0,TWSE STOCK_DAY,https://www.twse.com.tw/rwd/zh/afterTrading/STOCK_DAY?date=20230201&stockNo=2345&response=json,2023-02-07
2023-02-08,2345,智邦,275.5,277.5,270.5,274.0,4881504.0,1336629045.0,TWSE STOCK_DAY,https://www.twse.com.tw/rwd/zh/afterTrading/STOCK_DAY?date=20230201&stockNo=2345&response=json,2023-02-08
2023-02-09,2345,智邦,274.5,275.5,270.5,274.0,2667414.0,729338766.0,TWSE STOCK_DAY,https://www.twse.com.tw/rwd/zh/afterTrading/STOCK_DAY?date=20230201&stockNo=2345&response=json,2023-02-09
2023-02-10,2345,智邦,275.0,275.5,267.5,273.5,3859262.0,1050161193.0,TWSE STOCK_DAY,https://www.twse.com.tw/rwd/zh/afterTrading/STOCK_DAY?date=20230201&stockNo=2345&response=json,2023-02-10
2023-02-13,2345,智邦,272.5,273.0,268.5,271.0,1685637.0,456430456.0,TWSE STOCK_DAY,https://www.twse.com.tw/rwd/zh/afterTrading/STOCK_DAY?date=20230201&stockNo=2345&response=json,2023-02-13
2023-02-14,2345,智邦,275.0,277.0,272.0,277.0,2715519.0,747785209.0,TWSE STOCK_DAY,https://www.twse.com.tw/rwd/zh/afterTrading/STOCK_DAY?date=20230201&stockNo=2345&response=json,2023-02-14
2023-02-15,2345,智邦,274.5,279.5,273.5,274.5,2873254.0,791745475.0,TWSE STOCK_DAY,https://www.twse.com.tw/rwd/zh/afterTrading/STOCK_DAY?date=20230201&stockNo=2345&response=json,2023-02-15
2023-02-16,2345,智邦,279.0,285.0,276.0,283.5,3174150.0,891989054.0,TWSE STOCK_DAY,https://www.twse.com.tw/rwd/zh/afterTrading/STOCK_DAY?date=20230201&stockNo=2345&response=json,2023-02-16
2023-02-17,2345,智邦,281.5,290.0,280.5,283.0,5392072.0,1537964961.0,TWSE STOCK_DAY,https://www.twse.com.tw/rwd/zh/afterTrading/STOCK_DAY?date=20230201&stockNo=2345&response=json,2023-02-17
2023-02-20,2345,智邦,283.0,283.0,274.0,276.5,3056729.0,846126147.0,TWSE STOCK_DAY,https://www.twse.com.tw/rwd/zh/afterTrading/STOCK_DAY?date=20230201&stockNo=2345&response=json,2023-02-20
2023-02-21,2345,智邦,276.5,278.5,274.0,276.5,1585247.0,437101705.0,TWSE STOCK_DAY,https://www.twse.com.tw/rwd/zh/afterTrading/STOCK_DAY?date=20230201&stockNo=2345&response=json,2023-02-21
2023-02-22,2345,智邦,272.0,276.0,268.0,276.0,3168127.0,863522082.0,TWSE STOCK_DAY,https://www.twse.com.tw/rwd/zh/afterTrading/STOCK_DAY?date=20230201&stockNo=2345&response=json,2023-02-22
2023-02-23,2345,智邦,275.0,284.5,274.5,283.5,3418993.0,954831021.0,TWSE STOCK_DAY,https://www.twse.com.tw/rwd/zh/afterTrading/STOCK_DAY?date=20230201&stockNo=2345&response=json,2023-02-23
2023-02-24,2345,智邦,284.0,288.0,279.5,283.0,3225453.0,917868415.0,TWSE STOCK_DAY,https://www.twse.com.tw/rwd/zh/afterTrading/STOCK_DAY?date=20230201&stockNo=2345&response=json,2023-02-24
2023-03-01,2345,智邦,272.0,290.0,272.0,287.5,3386898.0,962445139.0,TWSE STOCK_DAY,https://www.twse.com.tw/rwd/zh/afterTrading/STOCK_DAY?date=20230301&stockNo=2345&response=json,2023-03-01
2023-03-02,2345,智邦,288.0,291.5,283.0,284.5,2141201.0,610972027.0,TWSE STOCK_DAY,https://www.twse.com.tw/rwd/zh/afterTrading/STOCK_DAY?date=20230301&stockNo=2345&response=json,2023-03-02
2023-03-03,2345,智邦,290.0,290.0,284.0,285.5,2493246.0,714688196.0,TWSE STOCK_DAY,https://www.twse.com.tw/rwd/zh/afterTrading/STOCK_DAY?date=20230301&stockNo=2345&response=json,2023-03-03
2023-03-06,2345,智邦,292.0,309.0,290.5,305.5,6397552.0,1937584848.0,TWSE STOCK_DAY,https://www.twse.com.tw/rwd/zh/afterTrading/STOCK_DAY?date=20230301&stockNo=2345&response=json,2023-03-06
2023-03-07,2345,智邦,311.0,317.5,301.5,303.5,7040317.0,2167857001.0,TWSE STOCK_DAY,https://www.twse.com.tw/rwd/zh/afterTrading/STOCK_DAY?date=20230301&stockNo=2345&response=json,2023-03-07
2023-03-08,2345,智邦,301.0,302.0,295.0,300.0,3224573.0,962774271.0,TWSE STOCK_DAY,https://www.twse.com.tw/rwd/zh/afterTrading/STOCK_DAY?date=20230301&stockNo=2345&response=json,2023-03-08
2023-03-09,2345,智邦,303.0,306.5,302.5,305.5,3388187.0,1031750232.0,TWSE STOCK_DAY,https://www.twse.com.tw/rwd/zh/afterTrading/STOCK_DAY?date=20230301&stockNo=2345&response=json,2023-03-09
2023-03-10,2345,智邦,299.5,308.0,297.0,298.0,3807692.0,1143849773.0,TWSE STOCK_DAY,https://www.twse.com.tw/rwd/zh/afterTrading/STOCK_DAY?date=20230301&stockNo=2345&response=json,2023-03-10
2023-03-13,2345,智邦,296.0,301.0,291.5,300.5,3312144.0,982718066.0,TWSE STOCK_DAY,https://www.twse.com.tw/rwd/zh/afterTrading/STOCK_DAY?date=20230301&stockNo=2345&response=json,2023-03-13
2023-03-14,2345,智邦,292.0,295.0,289.5,290.5,4698545.0,1369375925.0,TWSE STOCK_DAY,https://www.twse.com.tw/rwd/zh/afterTrading/STOCK_DAY?date=20230301&stockNo=2345&response=json,2023-03-14
2023-03-15,2345,智邦,295.0,309.0,294.5,302.0,5453737.0,1655208602.0,TWSE STOCK_DAY,https://www.twse.com.tw/rwd/zh/afterTrading/STOCK_DAY?date=20230301&stockNo=2345&response=json,2023-03-15
2023-03-16,2345,智邦,302.0,304.5,292.0,295.5,5074202.0,1501083435.0,TWSE STOCK_DAY,https://www.twse.com.tw/rwd/zh/afterTrading/STOCK_DAY?date=20230301&stockNo=2345&response=json,2023-03-16
2023-03-17,2345,智邦,300.5,301.0,292.5,294.5,4490528.0,1333152049.0,TWSE STOCK_DAY,https://www.twse.com.tw/rwd/zh/afterTrading/STOCK_DAY?date=20230301&stockNo=2345&response=json,2023-03-17
2023-03-20,2345,智邦,297.5,298.0,291.5,294.5,2208032.0,648303022.0,TWSE STOCK_DAY,https://www.twse.com.tw/rwd/zh/afterTrading/STOCK_DAY?date=20230301&stockNo=2345&response=json,2023-03-20
2023-03-21,2345,智邦,297.0,308.0,297.0,304.5,5750770.0,1747562477.0,TWSE STOCK_DAY,https://www.twse.com.tw/rwd/zh/afterTrading/STOCK_DAY?date=20230301&stockNo=2345&response=json,2023-03-21
2023-03-22,2345,智邦,306.5,312.5,304.0,309.5,4783968.0,1479972182.0,TWSE STOCK_DAY,https://www.twse.com.tw/rwd/zh/afterTrading/STOCK_DAY?date=20230301&stockNo=2345&response=json,2023-03-22
2023-03-23,2345,智邦,309.0,313.5,308.0,313.0,2077377.0,647032711.0,TWSE STOCK_DAY,https://www.twse.com.tw/rwd/zh/afterTrading/STOCK_DAY?date=20230301&stockNo=2345&response=json,2023-03-23
2023-03-24,2345,智邦,315.0,319.0,310.0,315.5,3472759.0,1093820783.0,TWSE STOCK_DAY,https://www.twse.com.tw/rwd/zh/afterTrading/STOCK_DAY?date=20230301&stockNo=2345&response=json,2023-03-24
2023-03-27,2345,智邦,317.0,317.0,304.0,305.0,3218064.0,989132538.0,TWSE STOCK_DAY,https://www.twse.com.tw/rwd/zh/afterTrading/STOCK_DAY?date=20230301&stockNo=2345&response=json,2023-03-27
2023-03-28,2345,智邦,308.0,312.0,301.5,305.5,5492473.0,1677047901.0,TWSE STOCK_DAY,https://www.twse.com.tw/rwd/zh/afterTrading/STOCK_DAY?date=20230301&stockNo=2345&response=json,2023-03-28
2023-03-29,2345,智邦,310.0,311.0,303.5,307.0,1846556.0,566104045.0,TWSE STOCK_DAY,https://www.twse.com.tw/rwd/zh/afterTrading/STOCK_DAY?date=20230301&stockNo=2345&response=json,2023-03-29
2023-03-30,2345,智邦,308.5,313.0,307.0,312.0,4011015.0,1246001849.0,TWSE STOCK_DAY,https://www.twse.com.tw/rwd/zh/afterTrading/STOCK_DAY?date=20230301&stockNo=2345&response=json,2023-03-30
2023-03-31,2345,智邦,312.0,319.0,311.0,319.0,5404522.0,1710146582.0,TWSE STOCK_DAY,https://www.twse.com.tw/rwd/zh/afterTrading/STOCK_DAY?date=20230301&stockNo=2345&response=json,2023-03-31
2023-04-06,2345,智邦,317.0,323.5,305.5,316.5,7459507.0,2357835339.0,TWSE STOCK_DAY,https://www.twse.com.tw/rwd/zh/afterTrading/STOCK_DAY?date=20230401&stockNo=2345&response=json,2023-04-06
2023-04-07,2345,智邦,321.5,323.5,306.5,309.0,3932799.0,1226553244.0,TWSE STOCK_DAY,https://www.twse.com.tw/rwd/zh/afterTrading/STOCK_DAY?date=20230401&stockNo=2345&response=json,2023-04-07
2023-04-10,2345,智邦,307.5,309.0,303.5,308.5,3302303.0,1012150301.0,TWSE STOCK_DAY,https://www.twse.com.tw/rwd/zh/afterTrading/STOCK_DAY?date=20230401&stockNo=2345&response=json,2023-04-10
2023-04-11,2345,智邦,309.5,313.5,307.5,311.5,4100394.0,1274232295.0,TWSE STOCK_DAY,https://www.twse.com.tw/rwd/zh/afterTrading/STOCK_DAY?date=20230401&stockNo=2345&response=json,2023-04-11
2023-04-12,2345,智邦,314.0,314.0,309.5,313.0,3304963.0,1032103050.0,TWSE STOCK_DAY,https://www.twse.com.tw/rwd/zh/afterTrading/STOCK_DAY?date=20230401&stockNo=2345&response=json,2023-04-12
2023-04-13,2345,智邦,315.5,316.5,301.5,302.5,4536562.0,1384758175.0,TWSE STOCK_DAY,https://www.twse.com.tw/rwd/zh/afterTrading/STOCK_DAY?date=20230401&stockNo=2345&response=json,2023-04-13
2023-04-14,2345,智邦,305.5,316.0,304.5,315.5,3125031.0,975582107.0,TWSE STOCK_DAY,https://www.twse.com.tw/rwd/zh/afterTrading/STOCK_DAY?date=20230401&stockNo=2345&response=json,2023-04-14
2023-04-17,2345,智邦,315.5,315.5,311.5,313.0,1968449.0,616791600.0,TWSE STOCK_DAY,https://www.twse.com.tw/rwd/zh/afterTrading/STOCK_DAY?date=20230401&stockNo=2345&response=json,2023-04-17
2023-04-18,2345,智邦,314.5,316.5,308.0,313.5,2373324.0,744203846.0,TWSE STOCK_DAY,https://www.twse.com.tw/rwd/zh/afterTrading/STOCK_DAY?date=20230401&stockNo=2345&response=json,2023-04-18
2023-04-19,2345,智邦,315.5,322.5,315.5,319.5,2449240.0,780543788.0,TWSE STOCK_DAY,https://www.twse.com.tw/rwd/zh/afterTrading/STOCK_DAY?date=20230401&stockNo=2345&response=json,2023-04-19
2023-04-20,2345,智邦,316.0,316.0,298.0,298.5,4602016.0,1398235963.0,TWSE STOCK_DAY,https://www.twse.com.tw/rwd/zh/afterTrading/STOCK_DAY?date=20230401&stockNo=2345&response=json,2023-04-20
2023-04-21,2345,智邦,300.0,302.0,289.0,295.5,3980937.0,1173541833.0,TWSE STOCK_DAY,https://www.twse.com.tw/rwd/zh/afterTrading/STOCK_DAY?date=20230401&stockNo=2345&response=json,2023-04-21
2023-04-24,2345,智邦,293.0,300.0,291.5,298.5,1399102.0,415982762.0,TWSE STOCK_DAY,https://www.twse.com.tw/rwd/zh/afterTrading/STOCK_DAY?date=20230401&stockNo=2345&response=json,2023-04-24
2023-04-25,2345,智邦,295.0,297.5,286.5,287.5,2630494.0,761111719.0,TWSE STOCK_DAY,https://www.twse.com.tw/rwd/zh/afterTrading/STOCK_DAY?date=20230401&stockNo=2345&response=json,2023-04-25
2023-04-26,2345,智邦,290.0,293.5,285.0,292.5,3755467.0,1093358600.0,TWSE STOCK_DAY,https://www.twse.com.tw/rwd/zh/afterTrading/STOCK_DAY?date=20230401&stockNo=2345&response=json,2023-04-26
2023-04-27,2345,智邦,288.5,294.5,287.0,289.0,3462238.0,1005637864.0,TWSE STOCK_DAY,https://www.twse.com.tw/rwd/zh/afterTrading/STOCK_DAY?date=20230401&stockNo=2345&response=json,2023-04-27
2023-04-28,2345,智邦,293.5,299.0,291.0,299.0,2436502.0,722752247.0,TWSE STOCK_DAY,https://www.twse.com.tw/rwd/zh/afterTrading/STOCK_DAY?date=20230401&stockNo=2345&response=json,2023-04-28
2023-05-02,2345,智邦,304.5,304.5,297.0,298.0,2460452.0,736132932.0,TWSE STOCK_DAY,https://www.twse.com.tw/rwd/zh/afterTrading/STOCK_DAY?date=20230501&stockNo=2345&response=json,2023-05-02
2023-05-03,2345,智邦,293.0,296.5,288.5,295.0,3009267.0,883261483.0,TWSE STOCK_DAY,https://www.twse.com.tw/rwd/zh/afterTrading/STOCK_DAY?date=20230501&stockNo=2345&response=json,2023-05-03
2023-05-04,2345,智邦,291.5,299.5,291.5,298.0,2239179.0,664711064.0,TWSE STOCK_DAY,https://www.twse.com.tw/rwd/zh/afterTrading/STOCK_DAY?date=20230501&stockNo=2345&response=json,2023-05-04
2023-05-05,2345,智邦,295.5,295.5,285.5,288.5,5361083.0,1551856604.0,TWSE STOCK_DAY,https://www.twse.com.tw/rwd/zh/afterTrading/STOCK_DAY?date=20230501&stockNo=2345&response=json,2023-05-05
2023-05-08,2345,智邦,290.5,297.0,290.5,295.0,2370380.0,698362846.0,TWSE STOCK_DAY,https://www.twse.com.tw/rwd/zh/afterTrading/STOCK_DAY?date=20230501&stockNo=2345&response=json,2023-05-08
2023-05-09,2345,智邦,295.0,296.0,291.5,292.5,2241296.0,657977337.0,TWSE STOCK_DAY,https://www.twse.com.tw/rwd/zh/afterTrading/STOCK_DAY?date=20230501&stockNo=2345&response=json,2023-05-09
2023-05-10,2345,智邦,288.0,289.5,283.5,286.5,2020920.0,579074955.0,TWSE STOCK_DAY,https://www.twse.com.tw/rwd/zh/afterTrading/STOCK_DAY?date=20230501&stockNo=2345&response=json,2023-05-10
2023-05-11,2345,智邦,285.0,287.0,279.5,282.0,2287578.0,645044613.0,TWSE STOCK_DAY,https://www.twse.com.tw/rwd/zh/afterTrading/STOCK_DAY?date=20230501&stockNo=2345&response=json,2023-05-11
2023-05-12,2345,智邦,284.5,288.5,281.0,288.0,2256792.0,646448018.0,TWSE STOCK_DAY,https://www.twse.com.tw/rwd/zh/afterTrading/STOCK_DAY?date=20230501&stockNo=2345&response=json,2023-05-12
2023-05-15,2345,智邦,285.0,292.5,283.5,287.5,2102708.0,603881824.0,TWSE STOCK_DAY,https://www.twse.com.tw/rwd/zh/afterTrading/STOCK_DAY?date=20230501&stockNo=2345&response=json,2023-05-15
2023-05-16,2345,智邦,292.0,296.5,290.5,295.5,2216544.0,653160588.0,TWSE STOCK_DAY,https://www.twse.com.tw/rwd/zh/afterTrading/STOCK_DAY?date=20230501&stockNo=2345&response=json,2023-05-16
2023-05-17,2345,智邦,297.0,300.0,294.0,295.5,2018949.0,597998300.0,TWSE STOCK_DAY,https://www.twse.com.tw/rwd/zh/afterTrading/STOCK_DAY?date=20230501&stockNo=2345&response=json,2023-05-17
2023-05-18,2345,智邦,299.5,301.0,296.5,296.5,2183418.0,651130568.0,TWSE STOCK_DAY,https://www.twse.com.tw/rwd/zh/afterTrading/STOCK_DAY?date=20230501&stockNo=2345&response=json,2023-05-18
2023-05-19,2345,智邦,298.0,299.5,287.5,291.0,3115040.0,907093112.0,TWSE STOCK_DAY,https://www.twse.com.tw/rwd/zh/afterTrading/STOCK_DAY?date=20230501&stockNo=2345&response=json,2023-05-19
2023-05-22,2345,智邦,289.0,289.0,281.0,284.0,2660860.0,754209294.0,TWSE STOCK_DAY,https://www.twse.com.tw/rwd/zh/afterTrading/STOCK_DAY?date=20230501&stockNo=2345&response=json,2023-05-22
2023-05-23,2345,智邦,286.5,289.0,286.0,286.0,1433521.0,412310193.0,TWSE STOCK_DAY,https://www.twse.com.tw/rwd/zh/afterTrading/STOCK_DAY?date=20230501&stockNo=2345&response=json,2023-05-23
2023-05-24,2345,智邦,287.0,287.5,281.0,283.0,1819894.0,514768822.0,TWSE STOCK_DAY,https://www.twse.com.tw/rwd/zh/afterTrading/STOCK_DAY?date=20230501&stockNo=2345&response=json,2023-05-24
2023-05-25,2345,智邦,287.0,298.5,283.5,295.5,4416716.0,1297839535.0,TWSE STOCK_DAY,https://www.twse.com.tw/rwd/zh/afterTrading/STOCK_DAY?date=20230501&stockNo=2345&response=json,2023-05-25
2023-05-26,2345,智邦,313.0,325.0,310.0,325.0,10731861.0,3455188737.0,TWSE STOCK_DAY,https://www.twse.com.tw/rwd/zh/afterTrading/STOCK_DAY?date=20230501&stockNo=2345&response=json,2023-05-26
2023-05-29,2345,智邦,357.5,357.5,346.5,357.5,9468808.0,3368803251.0,TWSE STOCK_DAY,https://www.twse.com.tw/rwd/zh/afterTrading/STOCK_DAY?date=20230501&stockNo=2345&response=json,2023-05-29
2023-05-30,2345,智邦,374.0,378.5,346.5,354.0,17296251.0,6236458543.0,TWSE STOCK_DAY,https://www.twse.com.tw/rwd/zh/afterTrading/STOCK_DAY?date=20230501&stockNo=2345&response=json,2023-05-30
2023-05-31,2345,智邦,358.0,364.5,343.5,353.0,9987402.0,3526990380.0,TWSE STOCK_DAY,https://www.twse.com.tw/rwd/zh/afterTrading/STOCK_DAY?date=20230501&stockNo=2345&response=json,2023-05-31
2023-06-01,2345,智邦,347.0,347.5,336.5,342.0,8853883.0,3010191116.0,TWSE STOCK_DAY,https://www.twse.com.tw/rwd/zh/afterTrading/STOCK_DAY?date=20230601&stockNo=2345&response=json,2023-06-01
2023-06-02,2345,智邦,335.5,348.0,333.0,343.0,6963175.0,2383466445.0,TWSE STOCK_DAY,https://www.twse.com.tw/rwd/zh/afterTrading/STOCK_DAY?date=20230601&stockNo=2345&response=json,2023-06-02
2023-06-05,2345,智邦,341.0,348.0,339.0,345.0,3186993.0,1098470008.0,TWSE STOCK_DAY,https://www.twse.com.tw/rwd/zh/afterTrading/STOCK_DAY?date=20230601&stockNo=2345&response=json,2023-06-05
2023-06-06,2345,智邦,347.0,359.5,345.5,354.0,6825309.0,2419989167.0,TWSE STOCK_DAY,https://www.twse.com.tw/rwd/zh/afterTrading/STOCK_DAY?date=20230601&stockNo=2345&response=json,2023-06-06
2023-06-07,2345,智邦,357.0,358.5,349.0,355.5,4111261.0,1455797058.0,TWSE STOCK_DAY,https://www.twse.com.tw/rwd/zh/afterTrading/STOCK_DAY?date=20230601&stockNo=2345&response=json,2023-06-07
2023-06-08,2345,智邦,349.0,352.5,339.5,339.5,5280103.0,1809483293.0,TWSE STOCK_DAY,https://www.twse.com.tw/rwd/zh/afterTrading/STOCK_DAY?date=20230601&stockNo=2345&response=json,2023-06-08
2023-06-09,2345,智邦,343.0,349.0,341.0,343.0,2938927.0,1011667985.0,TWSE STOCK_DAY,https://www.twse.com.tw/rwd/zh/afterTrading/STOCK_DAY?date=20230601&stockNo=2345&response=json,2023-06-09
2023-06-12,2345,智邦,347.5,354.5,342.0,348.5,2379647.0,829436778.0,TWSE STOCK_DAY,https://www.twse.com.tw/rwd/zh/afterTrading/STOCK_DAY?date=20230601&stockNo=2345&response=json,2023-06-12
2023-06-13,2345,智邦,352.0,364.0,350.0,359.0,4003823.0,1433783920.0,TWSE STOCK_DAY,https://www.twse.com.tw/rwd/zh/afterTrading/STOCK_DAY?date=20230601&stockNo=2345&response=json,2023-06-13
2023-06-14,2345,智邦,358.5,370.0,358.5,370.0,3743175.0,1371575835.0,TWSE STOCK_DAY,https://www.twse.com.tw/rwd/zh/afterTrading/STOCK_DAY?date=20230601&stockNo=2345&response=json,2023-06-14
2023-06-15,2345,智邦,376.0,385.0,370.0,382.0,5399056.0,2041104164.0,TWSE STOCK_DAY,https://www.twse.com.tw/rwd/zh/afterTrading/STOCK_DAY?date=20230601&stockNo=2345&response=json,2023-06-15
2023-06-16,2345,智邦,382.0,382.0,356.5,363.0,7342959.0,2674393989.0,TWSE STOCK_DAY,https://www.twse.com.tw/rwd/zh/afterTrading/STOCK_DAY?date=20230601&stockNo=2345&response=json,2023-06-16
2023-06-19,2345,智邦,360.0,367.5,355.5,364.5,2745116.0,999724523.0,TWSE STOCK_DAY,https://www.twse.com.tw/rwd/zh/afterTrading/STOCK_DAY?date=20230601&stockNo=2345&response=json,2023-06-19
2023-06-20,2345,智邦,362.5,363.5,356.0,359.0,1951049.0,700682246.0,TWSE STOCK_DAY,https://www.twse.com.tw/rwd/zh/afterTrading/STOCK_DAY?date=20230601&stockNo=2345&response=json,2023-06-20
2023-06-21,2345,智邦,359.0,359.0,352.0,358.0,2958577.0,1051971215.0,TWSE STOCK_DAY,https://www.twse.com.tw/rwd/zh/afterTrading/STOCK_DAY?date=20230601&stockNo=2345&response=json,2023-06-21
2023-06-26,2345,智邦,333.0,350.5,329.0,350.0,4500583.0,1547051022.0,TWSE STOCK_DAY,https://www.twse.com.tw/rwd/zh/afterTrading/STOCK_DAY?date=20230601&stockNo=2345&response=json,2023-06-26
2023-06-27,2345,智邦,345.5,350.5,341.0,341.0,2163240.0,745543300.0,TWSE STOCK_DAY,https://www.twse.com.tw/rwd/zh/afterTrading/STOCK_DAY?date=20230601&stockNo=2345&response=json,2023-06-27
2023-06-28,2345,智邦,347.5,353.0,339.0,341.0,2368611.0,814617472.0,TWSE STOCK_DAY,https://www.twse.com.tw/rwd/zh/afterTrading/STOCK_DAY?date=20230601&stockNo=2345&response=json,2023-06-28
2023-06-29,2345,智邦,343.5,348.0,342.5,347.0,2326451.0,804273108.0,TWSE STOCK_DAY,https://www.twse.com.tw/rwd/zh/afterTrading/STOCK_DAY?date=20230601&stockNo=2345&response=json,2023-06-29
2023-06-30,2345,智邦,345.0,350.5,340.5,349.0,2041581.0,709760942.0,TWSE STOCK_DAY,https://www.twse.com.tw/rwd/zh/afterTrading/STOCK_DAY?date=20230601&stockNo=2345&response=json,2023-06-30
2023-07-03,2345,智邦,353.0,374.0,349.5,367.5,5189079.0,1908814769.0,TWSE STOCK_DAY,https://www.twse.com.tw/rwd/zh/afterTrading/STOCK_DAY?date=20230701&stockNo=2345&response=json,2023-07-03
2023-07-04,2345,智邦,365.5,376.0,365.5,370.5,2761304.0,1026074777.0,TWSE STOCK_DAY,https://www.twse.com.tw/rwd/zh/afterTrading/STOCK_DAY?date=20230701&stockNo=2345&response=json,2023-07-04
2023-07-05,2345,智邦,368.5,376.0,364.0,371.0,2201135.0,818568298.0,TWSE STOCK_DAY,https://www.twse.com.tw/rwd/zh/afterTrading/STOCK_DAY?date=20230701&stockNo=2345&response=json,2023-07-05
2023-07-06,2345,智邦,361.0,368.0,358.0,361.0,3186689.0,1154408915.0,TWSE STOCK_DAY,https://www.twse.com.tw/rwd/zh/afterTrading/STOCK_DAY?date=20230701&stockNo=2345&response=json,2023-07-06
2023-07-07,2345,智邦,349.0,359.0,348.5,351.0,3910702.0,1381474408.0,TWSE STOCK_DAY,https://www.twse.com.tw/rwd/zh/afterTrading/STOCK_DAY?date=20230701&stockNo=2345&response=json,2023-07-07
2023-07-10,2345,智邦,353.0,361.5,349.0,357.5,2153499.0,767799483.0,TWSE STOCK_DAY,https://www.twse.com.tw/rwd/zh/afterTrading/STOCK_DAY?date=20230701&stockNo=2345&response=json,2023-07-10
2023-07-11,2345,智邦,361.0,372.5,360.0,369.5,2733594.0,1009164691.0,TWSE STOCK_DAY,https://www.twse.com.tw/rwd/zh/afterTrading/STOCK_DAY?date=20230701&stockNo=2345&response=json,2023-07-11
2023-07-12,2345,智邦,367.0,392.5,367.0,390.0,6378626.0,2460857966.0,TWSE STOCK_DAY,https://www.twse.com.tw/rwd/zh/afterTrading/STOCK_DAY?date=20230701&stockNo=2345&response=json,2023-07-12
2023-07-13,2345,智邦,392.0,421.5,392.0,408.5,6315013.0,2598757511.0,TWSE STOCK_DAY,https://www.twse.com.tw/rwd/zh/afterTrading/STOCK_DAY?date=20230701&stockNo=2345&response=json,2023-07-13
2023-07-14,2345,智邦,408.5,410.0,386.0,403.0,4247528.0,1692600915.0,TWSE STOCK_DAY,https://www.twse.com.tw/rwd/zh/afterTrading/STOCK_DAY?date=20230701&stockNo=2345&response=json,2023-07-14
2023-07-17,2345,智邦,396.0,400.0,391.5,394.5,3027375.0,1198077875.0,TWSE STOCK_DAY,https://www.twse.com.tw/rwd/zh/afterTrading/STOCK_DAY?date=20230701&stockNo=2345&response=json,2023-07-17
2023-07-18,2345,智邦,394.0,399.0,385.0,394.0,2904094.0,1144158730.0,TWSE STOCK_DAY,https://www.twse.com.tw/rwd/zh/afterTrading/STOCK_DAY?date=20230701&stockNo=2345&response=json,2023-07-18
2023-07-19,2345,智邦,396.0,397.5,383.0,385.5,3340024.0,1293555407.0,TWSE STOCK_DAY,https://www.twse.com.tw/rwd/zh/afterTrading/STOCK_DAY?date=20230701&stockNo=2345&response=json,2023-07-19
2023-07-20,2345,智邦,380.0,385.0,380.0,384.0,2227442.0,853206743.0,TWSE STOCK_DAY,https://www.twse.com.tw/rwd/zh/afterTrading/STOCK_DAY?date=20230701&stockNo=2345&response=json,2023-07-20
2023-07-21,2345,智邦,376.0,390.0,373.0,389.0,2965062.0,1139364760.0,TWSE STOCK_DAY,https://www.twse.com.tw/rwd/zh/afterTrading/STOCK_DAY?date=20230701&stockNo=2345&response=json,2023-07-21
2023-07-24,2345,智邦,387.5,406.0,387.0,401.5,3101768.0,1241584330.0,TWSE STOCK_DAY,https://www.twse.com.tw/rwd/zh/afterTrading/STOCK_DAY?date=20230701&stockNo=2345&response=json,2023-07-24
2023-07-25,2345,智邦,404.0,405.5,393.0,400.0,2414889.0,966892519.0,TWSE STOCK_DAY,https://www.twse.com.tw/rwd/zh/afterTrading/STOCK_DAY?date=20230701&stockNo=2345&response=json,2023-07-25
2023-07-26,2345,智邦,401.0,408.0,393.0,394.5,1803715.0,718548259.0,TWSE STOCK_DAY,https://www.twse.com.tw/rwd/zh/afterTrading/STOCK_DAY?date=20230701&stockNo=2345&response=json,2023-07-26
2023-07-27,2345,智邦,393.5,398.0,368.0,382.5,5153685.0,1955660684.0,TWSE STOCK_DAY,https://www.twse.com.tw/rwd/zh/afterTrading/STOCK_DAY?date=20230701&stockNo=2345&response=json,2023-07-27
2023-07-28,2345,智邦,382.5,394.0,378.0,390.0,2722016.0,1057797477.0,TWSE STOCK_DAY,https://www.twse.com.tw/rwd/zh/afterTrading/STOCK_DAY?date=20230701&stockNo=2345&response=json,2023-07-28
2023-07-31,2345,智邦,396.5,410.0,380.5,382.0,3953567.0,1552010347.0,TWSE STOCK_DAY,https://www.twse.com.tw/rwd/zh/afterTrading/STOCK_DAY?date=20230701&stockNo=2345&response=json,2023-07-31
2023-08-01,2345,智邦,420.0,420.0,388.0,394.5,7729049.0,3106890260.0,TWSE STOCK_DAY,https://www.twse.com.tw/rwd/zh/afterTrading/STOCK_DAY?date=20230801&stockNo=2345&response=json,2023-08-01
2023-08-02,2345,智邦,385.0,387.0,366.0,366.0,5620836.0,2110223650.0,TWSE STOCK_DAY,https://www.twse.com.tw/rwd/zh/afterTrading/STOCK_DAY?date=20230801&stockNo=2345&response=json,2023-08-02
2023-08-04,2345,智邦,367.0,380.0,361.0,369.0,3105054.0,1156848048.0,TWSE STOCK_DAY,https://www.twse.com.tw/rwd/zh/afterTrading/STOCK_DAY?date=20230801&stockNo=2345&response=json,2023-08-04
2023-08-07,2345,智邦,378.0,397.5,373.5,390.0,3412362.0,1329991157.0,TWSE STOCK_DAY,https://www.twse.com.tw/rwd/zh/afterTrading/STOCK_DAY?date=20230801&stockNo=2345&response=json,2023-08-07
2023-08-08,2345,智邦,403.0,403.0,385.0,388.0,3149552.0,1235992401.0,TWSE STOCK_DAY,https://www.twse.com.tw/rwd/zh/afterTrading/STOCK_DAY?date=20230801&stockNo=2345&response=json,2023-08-08
2023-08-09,2345,智邦,390.0,397.5,378.5,380.0,2383983.0,919065065.0,TWSE STOCK_DAY,https://www.twse.com.tw/rwd/zh/afterTrading/STOCK_DAY?date=20230801&stockNo=2345&response=json,2023-08-09
2023-08-10,2345,智邦,375.0,377.0,361.0,366.0,2469195.0,903117025.0,TWSE STOCK_DAY,https://www.twse.com.tw/rwd/zh/afterTrading/STOCK_DAY?date=20230801&stockNo=2345&response=json,2023-08-10
2023-08-11,2345,智邦,376.0,388.5,375.5,384.0,3641882.0,1393717342.0,TWSE STOCK_DAY,https://www.twse.com.tw/rwd/zh/afterTrading/STOCK_DAY?date=20230801&stockNo=2345&response=json,2023-08-11
2023-08-14,2345,智邦,383.5,396.0,375.0,385.0,3227574.0,1247895647.0,TWSE STOCK_DAY,https://www.twse.com.tw/rwd/zh/afterTrading/STOCK_DAY?date=20230801&stockNo=2345&response=json,2023-08-14
2023-08-15,2345,智邦,396.0,399.5,381.0,384.0,3216275.0,1253694394.0,TWSE STOCK_DAY,https://www.twse.com.tw/rwd/zh/afterTrading/STOCK_DAY?date=20230801&stockNo=2345&response=json,2023-08-15
2023-08-16,2345,智邦,395.0,398.5,385.0,398.5,5508739.0,2165343913.0,TWSE STOCK_DAY,https://www.twse.com.tw/rwd/zh/afterTrading/STOCK_DAY?date=20230801&stockNo=2345&response=json,2023-08-16
2023-08-17,2345,智邦,398.0,404.0,392.0,403.0,3885255.0,1553826376.0,TWSE STOCK_DAY,https://www.twse.com.tw/rwd/zh/afterTrading/STOCK_DAY?date=20230801&stockNo=2345&response=json,2023-08-17
2023-08-18,2345,智邦,405.0,420.0,398.5,411.5,5288062.0,2166966960.0,TWSE STOCK_DAY,https://www.twse.com.tw/rwd/zh/afterTrading/STOCK_DAY?date=20230801&stockNo=2345&response=json,2023-08-18
2023-08-21,2345,智邦,418.5,452.5,411.5,452.5,6711888.0,2908712131.0,TWSE STOCK_DAY,https://www.twse.com.tw/rwd/zh/afterTrading/STOCK_DAY?date=20230801&stockNo=2345&response=json,2023-08-21
2023-08-22,2345,智邦,464.5,481.5,442.0,473.0,12972151.0,6037496904.0,TWSE STOCK_DAY,https://www.twse.com.tw/rwd/zh/afterTrading/STOCK_DAY?date=20230801&stockNo=2345&response=json,2023-08-22
2023-08-23,2345,智邦,465.0,475.5,465.0,468.0,6467886.0,3035077818.0,TWSE STOCK_DAY,https://www.twse.com.tw/rwd/zh/afterTrading/STOCK_DAY?date=20230801&stockNo=2345&response=json,2023-08-23
2023-08-24,2345,智邦,481.0,514.0,477.0,514.0,8284083.0,4155202466.0,TWSE STOCK_DAY,https://www.twse.com.tw/rwd/zh/afterTrading/STOCK_DAY?date=20230801&stockNo=2345&response=json,2023-08-24
2023-08-25,2345,智邦,489.0,500.0,466.0,472.0,7682116.0,3672031402.0,TWSE STOCK_DAY,https://www.twse.com.tw/rwd/zh/afterTrading/STOCK_DAY?date=20230801&stockNo=2345&response=json,2023-08-25
2023-08-28,2345,智邦,472.0,486.0,466.0,480.0,3850215.0,1840677762.0,TWSE STOCK_DAY,https://www.twse.com.tw/rwd/zh/afterTrading/STOCK_DAY?date=20230801&stockNo=2345&response=json,2023-08-28
2023-08-29,2345,智邦,475.5,481.5,463.0,473.5,3823354.0,1803903380.0,TWSE STOCK_DAY,https://www.twse.com.tw/rwd/zh/afterTrading/STOCK_DAY?date=20230801&stockNo=2345&response=json,2023-08-29
2023-08-30,2345,智邦,480.0,484.0,474.0,477.0,2829770.0,1355021220.0,TWSE STOCK_DAY,https://www.twse.com.tw/rwd/zh/afterTrading/STOCK_DAY?date=20230801&stockNo=2345&response=json,2023-08-30
2023-08-31,2345,智邦,480.5,492.0,478.0,478.0,4101016.0,1977938438.0,TWSE STOCK_DAY,https://www.twse.com.tw/rwd/zh/afterTrading/STOCK_DAY?date=20230801&stockNo=2345&response=json,2023-08-31
2023-09-01,2345,智邦,483.0,483.5,462.5,470.0,2962137.0,1393351250.0,TWSE STOCK_DAY,https://www.twse.com.tw/rwd/zh/afterTrading/STOCK_DAY?date=20230901&stockNo=2345&response=json,2023-09-01
2023-09-04,2345,智邦,478.0,478.0,463.5,470.0,3091746.0,1448499853.0,TWSE STOCK_DAY,https://www.twse.com.tw/rwd/zh/afterTrading/STOCK_DAY?date=20230901&stockNo=2345&response=json,2023-09-04
2023-09-05,2345,智邦,470.5,481.0,469.0,472.0,2977456.0,1411988316.0,TWSE STOCK_DAY,https://www.twse.com.tw/rwd/zh/afterTrading/STOCK_DAY?date=20230901&stockNo=2345&response=json,2023-09-05
2023-09-06,2345,智邦,477.0,479.0,470.0,477.0,2067603.0,981904485.0,TWSE STOCK_DAY,https://www.twse.com.tw/rwd/zh/afterTrading/STOCK_DAY?date=20230901&stockNo=2345&response=json,2023-09-06
2023-09-07,2345,智邦,472.5,473.0,466.5,470.0,2106418.0,989926191.0,TWSE STOCK_DAY,https://www.twse.com.tw/rwd/zh/afterTrading/STOCK_DAY?date=20230901&stockNo=2345&response=json,2023-09-07
2023-09-08,2345,智邦,464.0,465.0,455.5,460.5,3069432.0,1411101220.0,TWSE STOCK_DAY,https://www.twse.com.tw/rwd/zh/afterTrading/STOCK_DAY?date=20230901&stockNo=2345&response=json,2023-09-08
2023-09-11,2345,智邦,463.0,464.5,449.0,455.0,1890270.0,858961111.0,TWSE STOCK_DAY,https://www.twse.com.tw/rwd/zh/afterTrading/STOCK_DAY?date=20230901&stockNo=2345&response=json,2023-09-11
2023-09-12,2345,智邦,453.5,458.5,443.5,452.5,2150738.0,974043011.0,TWSE STOCK_DAY,https://www.twse.com.tw/rwd/zh/afterTrading/STOCK_DAY?date=20230901&stockNo=2345&response=json,2023-09-12
2023-09-13,2345,智邦,448.0,454.0,441.0,454.0,3754611.0,1680715673.0,TWSE STOCK_DAY,https://www.twse.com.tw/rwd/zh/afterTrading/STOCK_DAY?date=20230901&stockNo=2345&response=json,2023-09-13
2023-09-14,2345,智邦,452.5,488.5,452.5,482.5,7889073.0,3775886712.0,TWSE STOCK_DAY,https://www.twse.com.tw/rwd/zh/afterTrading/STOCK_DAY?date=20230901&stockNo=2345&response=json,2023-09-14
2023-09-15,2345,智邦,480.5,504.0,480.5,503.0,15239892.0,7596604159.0,TWSE STOCK_DAY,https://www.twse.com.tw/rwd/zh/afterTrading/STOCK_DAY?date=20230901&stockNo=2345&response=json,2023-09-15
2023-09-18,2345,智邦,495.0,502.0,491.0,493.5,4228474.0,2096578214.0,TWSE STOCK_DAY,https://www.twse.com.tw/rwd/zh/afterTrading/STOCK_DAY?date=20230901&stockNo=2345&response=json,2023-09-18
2023-09-19,2345,智邦,494.5,534.0,492.0,503.0,6983086.0,3580199011.0,TWSE STOCK_DAY,https://www.twse.com.tw/rwd/zh/afterTrading/STOCK_DAY?date=20230901&stockNo=2345&response=json,2023-09-19
2023-09-20,2345,智邦,499.5,500.0,468.5,472.0,7742875.0,3708435248.0,TWSE STOCK_DAY,https://www.twse.com.tw/rwd/zh/afterTrading/STOCK_DAY?date=20230901&stockNo=2345&response=json,2023-09-20
2023-09-21,2345,智邦,463.0,468.5,451.5,453.5,7526138.0,3437551079.0,TWSE STOCK_DAY,https://www.twse.com.tw/rwd/zh/afterTrading/STOCK_DAY?date=20230901&stockNo=2345&response=json,2023-09-21
2023-09-22,2345,智邦,448.0,468.0,445.0,463.5,4546293.0,2085887657.0,TWSE STOCK_DAY,https://www.twse.com.tw/rwd/zh/afterTrading/STOCK_DAY?date=20230901&stockNo=2345&response=json,2023-09-22
2023-09-25,2345,智邦,475.0,493.5,474.0,481.5,5994790.0,2909358372.0,TWSE STOCK_DAY,https://www.twse.com.tw/rwd/zh/afterTrading/STOCK_DAY?date=20230901&stockNo=2345&response=json,2023-09-25
2023-09-26,2345,智邦,477.5,491.5,477.0,486.5,3664363.0,1786855472.0,TWSE STOCK_DAY,https://www.twse.com.tw/rwd/zh/afterTrading/STOCK_DAY?date=20230901&stockNo=2345&response=json,2023-09-26
2023-09-27,2345,智邦,480.0,490.5,472.0,486.5,3853487.0,1862159959.0,TWSE STOCK_DAY,https://www.twse.com.tw/rwd/zh/afterTrading/STOCK_DAY?date=20230901&stockNo=2345&response=json,2023-09-27
2023-09-28,2345,智邦,484.5,497.0,481.5,493.0,5320246.0,2608041933.0,TWSE STOCK_DAY,https://www.twse.com.tw/rwd/zh/afterTrading/STOCK_DAY?date=20230901&stockNo=2345&response=json,2023-09-28
2023-10-02,2345,智邦,496.0,513.0,496.0,500.0,3662644.0,1843237904.0,TWSE STOCK_DAY,https://www.twse.com.tw/rwd/zh/afterTrading/STOCK_DAY?date=20231001&stockNo=2345&response=json,2023-10-02
2023-10-03,2345,智邦,495.5,499.5,481.5,482.0,3347542.0,1631266417.0,TWSE STOCK_DAY,https://www.twse.com.tw/rwd/zh/afterTrading/STOCK_DAY?date=20231001&stockNo=2345&response=json,2023-10-03
2023-10-04,2345,智邦,476.0,491.5,466.0,490.5,4736891.0,2263606433.0,TWSE STOCK_DAY,https://www.twse.com.tw/rwd/zh/afterTrading/STOCK_DAY?date=20231001&stockNo=2345&response=json,2023-10-04
2023-10-05,2345,智邦,505.0,521.0,498.0,516.0,7138734.0,3652119808.0,TWSE STOCK_DAY,https://www.twse.com.tw/rwd/zh/afterTrading/STOCK_DAY?date=20231001&stockNo=2345&response=json,2023-10-05
2023-10-06,2345,智邦,515.0,527.0,510.0,522.0,3834233.0,1998350236.0,TWSE STOCK_DAY,https://www.twse.com.tw/rwd/zh/afterTrading/STOCK_DAY?date=20231001&stockNo=2345&response=json,2023-10-06
2023-10-11,2345,智邦,542.0,552.0,532.0,536.0,6915141.0,3747099838.0,TWSE STOCK_DAY,https://www.twse.com.tw/rwd/zh/afterTrading/STOCK_DAY?date=20231001&stockNo=2345&response=json,2023-10-11
2023-10-12,2345,智邦,534.0,540.0,523.0,530.0,3740133.0,1980434804.0,TWSE STOCK_DAY,https://www.twse.com.tw/rwd/zh/afterTrading/STOCK_DAY?date=20231001&stockNo=2345&response=json,2023-10-12
2023-10-13,2345,智邦,535.0,551.0,531.0,545.0,4496815.0,2448713668.0,TWSE STOCK_DAY,https://www.twse.com.tw/rwd/zh/afterTrading/STOCK_DAY?date=20231001&stockNo=2345&response=json,2023-10-13
2023-10-16,2345,智邦,540.0,548.0,528.0,534.0,2187543.0,1173397535.0,TWSE STOCK_DAY,https://www.twse.com.tw/rwd/zh/afterTrading/STOCK_DAY?date=20231001&stockNo=2345&response=json,2023-10-16
2023-10-17,2345,智邦,540.0,542.0,523.0,526.0,2780722.0,1473271504.0,TWSE STOCK_DAY,https://www.twse.com.tw/rwd/zh/afterTrading/STOCK_DAY?date=20231001&stockNo=2345&response=json,2023-10-17
2023-10-18,2345,智邦,495.0,511.0,481.0,484.0,8737615.0,4289295581.0,TWSE STOCK_DAY,https://www.twse.com.tw/rwd/zh/afterTrading/STOCK_DAY?date=20231001&stockNo=2345&response=json,2023-10-18
2023-10-19,2345,智邦,477.0,500.0,477.0,496.0,6946967.0,3435007265.0,TWSE STOCK_DAY,https://www.twse.com.tw/rwd/zh/afterTrading/STOCK_DAY?date=20231001&stockNo=2345&response=json,2023-10-19
2023-10-20,2345,智邦,486.0,507.0,486.0,507.0,3096953.0,1548317293.0,TWSE STOCK_DAY,https://www.twse.com.tw/rwd/zh/afterTrading/STOCK_DAY?date=20231001&stockNo=2345&response=json,2023-10-20
2023-10-23,2345,智邦,511.0,514.0,498.5,500.0,2442124.0,1229788392.0,TWSE STOCK_DAY,https://www.twse.com.tw/rwd/zh/afterTrading/STOCK_DAY?date=20231001&stockNo=2345&response=json,2023-10-23
2023-10-24,2345,智邦,504.0,511.0,490.0,511.0,3502705.0,1755275608.0,TWSE STOCK_DAY,https://www.twse.com.tw/rwd/zh/afterTrading/STOCK_DAY?date=20231001&stockNo=2345&response=json,2023-10-24
2023-10-25,2345,智邦,511.0,517.0,505.0,506.0,2089228.0,1065296600.0,TWSE STOCK_DAY,https://www.twse.com.tw/rwd/zh/afterTrading/STOCK_DAY?date=20231001&stockNo=2345&response=json,2023-10-25
2023-10-26,2345,智邦,494.5,508.0,491.0,491.0,2248719.0,1119096913.0,TWSE STOCK_DAY,https://www.twse.com.tw/rwd/zh/afterTrading/STOCK_DAY?date=20231001&stockNo=2345&response=json,2023-10-26
2023-10-27,2345,智邦,495.5,514.0,489.0,511.0,3830933.0,1934111297.0,TWSE STOCK_DAY,https://www.twse.com.tw/rwd/zh/afterTrading/STOCK_DAY?date=20231001&stockNo=2345&response=json,2023-10-27
2023-10-30,2345,智邦,513.0,517.0,505.0,507.0,1528633.0,779638643.0,TWSE STOCK_DAY,https://www.twse.com.tw/rwd/zh/afterTrading/STOCK_DAY?date=20231001&stockNo=2345&response=json,2023-10-30
2023-10-31,2345,智邦,515.0,528.0,497.5,498.5,4352071.0,2238619611.0,TWSE STOCK_DAY,https://www.twse.com.tw/rwd/zh/afterTrading/STOCK_DAY?date=20231001&stockNo=2345&response=json,2023-10-31
2023-11-01,2345,智邦,508.0,508.0,492.5,497.5,4185538.0,2083621495.0,TWSE STOCK_DAY,https://www.twse.com.tw/rwd/zh/afterTrading/STOCK_DAY?date=20231101&stockNo=2345&response=json,2023-11-01
2023-11-02,2345,智邦,504.0,522.0,503.0,511.0,2938674.0,1505591137.0,TWSE STOCK_DAY,https://www.twse.com.tw/rwd/zh/afterTrading/STOCK_DAY?date=20231101&stockNo=2345&response=json,2023-11-02
2023-11-03,2345,智邦,522.0,539.0,512.0,536.0,4908653.0,2613662726.0,TWSE STOCK_DAY,https://www.twse.com.tw/rwd/zh/afterTrading/STOCK_DAY?date=20231101&stockNo=2345&response=json,2023-11-03
2023-11-06,2345,智邦,540.0,545.0,534.0,535.0,2318159.0,1249926767.0,TWSE STOCK_DAY,https://www.twse.com.tw/rwd/zh/afterTrading/STOCK_DAY?date=20231101&stockNo=2345&response=json,2023-11-06
2023-11-07,2345,智邦,534.0,550.0,526.0,550.0,2661757.0,1449648317.0,TWSE STOCK_DAY,https://www.twse.com.tw/rwd/zh/afterTrading/STOCK_DAY?date=20231101&stockNo=2345&response=json,2023-11-07
2023-11-08,2345,智邦,547.0,562.0,546.0,554.0,2457621.0,1361340360.0,TWSE STOCK_DAY,https://www.twse.com.tw/rwd/zh/afterTrading/STOCK_DAY?date=20231101&stockNo=2345&response=json,2023-11-08
2023-11-09,2345,智邦,552.0,560.0,546.0,554.0,1870719.0,1035176840.0,TWSE STOCK_DAY,https://www.twse.com.tw/rwd/zh/afterTrading/STOCK_DAY?date=20231101&stockNo=2345&response=json,2023-11-09
2023-11-10,2345,智邦,554.0,558.0,540.0,545.0,2723725.0,1493436746.0,TWSE STOCK_DAY,https://www.twse.com.tw/rwd/zh/afterTrading/STOCK_DAY?date=20231101&stockNo=2345&response=json,2023-11-10
2023-11-13,2345,智邦,540.0,549.0,530.0,533.0,4401871.0,2363154394.0,TWSE STOCK_DAY,https://www.twse.com.tw/rwd/zh/afterTrading/STOCK_DAY?date=20231101&stockNo=2345&response=json,2023-11-13
2023-11-14,2345,智邦,541.0,543.0,524.0,524.0,3711320.0,1971231317.0,TWSE STOCK_DAY,https://www.twse.com.tw/rwd/zh/afterTrading/STOCK_DAY?date=20231101&stockNo=2345&response=json,2023-11-14
2023-11-15,2345,智邦,538.0,556.0,533.0,534.0,5370048.0,2916755227.0,TWSE STOCK_DAY,https://www.twse.com.tw/rwd/zh/afterTrading/STOCK_DAY?date=20231101&stockNo=2345&response=json,2023-11-15
2023-11-16,2345,智邦,534.0,542.0,523.0,525.0,3486345.0,1843522716.0,TWSE STOCK_DAY,https://www.twse.com.tw/rwd/zh/afterTrading/STOCK_DAY?date=20231101&stockNo=2345&response=json,2023-11-16
2023-11-17,2345,智邦,525.0,542.0,523.0,532.0,2161568.0,1153630319.0,TWSE STOCK_DAY,https://www.twse.com.tw/rwd/zh/afterTrading/STOCK_DAY?date=20231101&stockNo=2345&response=json,2023-11-17
2023-11-20,2345,智邦,542.0,560.0,536.0,555.0,5005067.0,2769074561.0,TWSE STOCK_DAY,https://www.twse.com.tw/rwd/zh/afterTrading/STOCK_DAY?date=20231101&stockNo=2345&response=json,2023-11-20
2023-11-21,2345,智邦,556.0,576.0,556.0,560.0,4555954.0,2579720154.0,TWSE STOCK_DAY,https://www.twse.com.tw/rwd/zh/afterTrading/STOCK_DAY?date=20231101&stockNo=2345&response=json,2023-11-21
2023-11-22,2345,智邦,560.0,566.0,548.0,562.0,2376796.0,1324367068.0,TWSE STOCK_DAY,https://www.twse.com.tw/rwd/zh/afterTrading/STOCK_DAY?date=20231101&stockNo=2345&response=json,2023-11-22
2023-11-23,2345,智邦,564.0,564.0,546.0,549.0,2215174.0,1224144358.0,TWSE STOCK_DAY,https://www.twse.com.tw/rwd/zh/afterTrading/STOCK_DAY?date=20231101&stockNo=2345&response=json,2023-11-23
2023-11-24,2345,智邦,551.0,551.0,539.0,540.0,1807474.0,979666390.0,TWSE STOCK_DAY,https://www.twse.com.tw/rwd/zh/afterTrading/STOCK_DAY?date=20231101&stockNo=2345&response=json,2023-11-24
2023-11-27,2345,智邦,540.0,547.0,527.0,527.0,1968419.0,1048133043.0,TWSE STOCK_DAY,https://www.twse.com.tw/rwd/zh/afterTrading/STOCK_DAY?date=20231101&stockNo=2345&response=json,2023-11-27
2023-11-28,2345,智邦,525.0,543.0,522.0,538.0,2991266.0,1599364216.0,TWSE STOCK_DAY,https://www.twse.com.tw/rwd/zh/afterTrading/STOCK_DAY?date=20231101&stockNo=2345&response=json,2023-11-28
2023-11-29,2345,智邦,537.0,554.0,533.0,538.0,3126532.0,1693507009.0,TWSE STOCK_DAY,https://www.twse.com.tw/rwd/zh/afterTrading/STOCK_DAY?date=20231101&stockNo=2345&response=json,2023-11-29
2023-11-30,2345,智邦,541.0,541.0,526.0,533.0,4605262.0,2451219419.0,TWSE STOCK_DAY,https://www.twse.com.tw/rwd/zh/afterTrading/STOCK_DAY?date=20231101&stockNo=2345&response=json,2023-11-30
2023-12-01,2345,智邦,528.0,543.0,528.0,536.0,1694746.0,909053629.0,TWSE STOCK_DAY,https://www.twse.com.tw/rwd/zh/afterTrading/STOCK_DAY?date=20231201&stockNo=2345&response=json,2023-12-01
2023-12-04,2345,智邦,536.0,536.0,515.0,521.0,4177752.0,2180826771.0,TWSE STOCK_DAY,https://www.twse.com.tw/rwd/zh/afterTrading/STOCK_DAY?date=20231201&stockNo=2345&response=json,2023-12-04
2023-12-05,2345,智邦,525.0,531.0,520.0,527.0,2710646.0,1425682077.0,TWSE STOCK_DAY,https://www.twse.com.tw/rwd/zh/afterTrading/STOCK_DAY?date=20231201&stockNo=2345&response=json,2023-12-05
2023-12-06,2345,智邦,532.0,537.0,528.0,534.0,2425778.0,1293646791.0,TWSE STOCK_DAY,https://www.twse.com.tw/rwd/zh/afterTrading/STOCK_DAY?date=20231201&stockNo=2345&response=json,2023-12-06
2023-12-07,2345,智邦,539.0,539.0,524.0,528.0,1666745.0,879807807.0,TWSE STOCK_DAY,https://www.twse.com.tw/rwd/zh/afterTrading/STOCK_DAY?date=20231201&stockNo=2345&response=json,2023-12-07
2023-12-08,2345,智邦,536.0,540.0,532.0,532.0,1805968.0,967662878.0,TWSE STOCK_DAY,https://www.twse.com.tw/rwd/zh/afterTrading/STOCK_DAY?date=20231201&stockNo=2345&response=json,2023-12-08
2023-12-11,2345,智邦,532.0,538.0,526.0,533.0,2612205.0,1389999410.0,TWSE STOCK_DAY,https://www.twse.com.tw/rwd/zh/afterTrading/STOCK_DAY?date=20231201&stockNo=2345&response=json,2023-12-11
2023-12-12,2345,智邦,543.0,549.0,525.0,526.0,3581020.0,1905301476.0,TWSE STOCK_DAY,https://www.twse.com.tw/rwd/zh/afterTrading/STOCK_DAY?date=20231201&stockNo=2345&response=json,2023-12-12
2023-12-13,2345,智邦,526.0,535.0,516.0,533.0,5336822.0,2790162298.0,TWSE STOCK_DAY,https://www.twse.com.tw/rwd/zh/afterTrading/STOCK_DAY?date=20231201&stockNo=2345&response=json,2023-12-13
2023-12-14,2345,智邦,539.0,545.0,526.0,530.0,3206084.0,1712119221.0,TWSE STOCK_DAY,https://www.twse.com.tw/rwd/zh/afterTrading/STOCK_DAY?date=20231201&stockNo=2345&response=json,2023-12-14
2023-12-15,2345,智邦,527.0,532.0,506.0,506.0,5810727.0,2981232878.0,TWSE STOCK_DAY,https://www.twse.com.tw/rwd/zh/afterTrading/STOCK_DAY?date=20231201&stockNo=2345&response=json,2023-12-15
2023-12-18,2345,智邦,502.0,516.0,498.0,514.0,3322499.0,1692073697.0,TWSE STOCK_DAY,https://www.twse.com.tw/rwd/zh/afterTrading/STOCK_DAY?date=20231201&stockNo=2345&response=json,2023-12-18
2023-12-19,2345,智邦,510.0,517.0,507.0,512.0,1816652.0,931294884.0,TWSE STOCK_DAY,https://www.twse.com.tw/rwd/zh/afterTrading/STOCK_DAY?date=20231201&stockNo=2345&response=json,2023-12-19
2023-12-20,2345,智邦,511.0,511.0,486.5,496.0,7179726.0,3558411690.0,TWSE STOCK_DAY,https://www.twse.com.tw/rwd/zh/afterTrading/STOCK_DAY?date=20231201&stockNo=2345&response=json,2023-12-20
2023-12-21,2345,智邦,483.5,495.5,483.5,488.5,4727658.0,2311127170.0,TWSE STOCK_DAY,https://www.twse.com.tw/rwd/zh/afterTrading/STOCK_DAY?date=20231201&stockNo=2345&response=json,2023-12-21
2023-12-22,2345,智邦,490.5,504.0,488.5,489.5,2654261.0,1309795466.0,TWSE STOCK_DAY,https://www.twse.com.tw/rwd/zh/afterTrading/STOCK_DAY?date=20231201&stockNo=2345&response=json,2023-12-22
2023-12-25,2345,智邦,495.0,501.0,494.5,498.0,1330614.0,662361337.0,TWSE STOCK_DAY,https://www.twse.com.tw/rwd/zh/afterTrading/STOCK_DAY?date=20231201&stockNo=2345&response=json,2023-12-25
2023-12-26,2345,智邦,500.0,511.0,496.5,510.0,2373282.0,1203494355.0,TWSE STOCK_DAY,https://www.twse.com.tw/rwd/zh/afterTrading/STOCK_DAY?date=20231201&stockNo=2345&response=json,2023-12-26
2023-12-27,2345,智邦,510.0,521.0,510.0,519.0,2826930.0,1460292679.0,TWSE STOCK_DAY,https://www.twse.com.tw/rwd/zh/afterTrading/STOCK_DAY?date=20231201&stockNo=2345&response=json,2023-12-27
2023-12-28,2345,智邦,520.0,527.0,519.0,523.0,2689634.0,1407041183.0,TWSE STOCK_DAY,https://www.twse.com.tw/rwd/zh/afterTrading/STOCK_DAY?date=20231201&stockNo=2345&response=json,2023-12-28
2023-12-29,2345,智邦,523.0,526.0,514.0,523.0,1513002.0,786107754.0,TWSE STOCK_DAY,https://www.twse.com.tw/rwd/zh/afterTrading/STOCK_DAY?date=20231201&stockNo=2345&response=json,2023-12-29
2024-01-02,2345,智邦,525.0,525.0,492.5,493.5,3136639.0,1570259629.0,TWSE STOCK_DAY,https://www.twse.com.tw/rwd/zh/afterTrading/STOCK_DAY?date=20240101&stockNo=2345&response=json,2024-01-02
2024-01-03,2345,智邦,486.0,494.5,481.0,490.0,4015096.0,1957640468.0,TWSE STOCK_DAY,https://www.twse.com.tw/rwd/zh/afterTrading/STOCK_DAY?date=20240101&stockNo=2345&response=json,2024-01-03
2024-01-04,2345,智邦,491.0,496.0,488.0,491.0,1613858.0,792569707.0,TWSE STOCK_DAY,https://www.twse.com.tw/rwd/zh/afterTrading/STOCK_DAY?date=20240101&stockNo=2345&response=json,2024-01-04
2024-01-05,2345,智邦,491.0,502.0,486.5,486.5,2495974.0,1232589060.0,TWSE STOCK_DAY,https://www.twse.com.tw/rwd/zh/afterTrading/STOCK_DAY?date=20240101&stockNo=2345&response=json,2024-01-05
2024-01-08,2345,智邦,492.0,499.5,489.5,496.5,2073770.0,1027751797.0,TWSE STOCK_DAY,https://www.twse.com.tw/rwd/zh/afterTrading/STOCK_DAY?date=20240101&stockNo=2345&response=json,2024-01-08
2024-01-09,2345,智邦,508.0,522.0,508.0,516.0,4460587.0,2300638540.0,TWSE STOCK_DAY,https://www.twse.com.tw/rwd/zh/afterTrading/STOCK_DAY?date=20240101&stockNo=2345&response=json,2024-01-09
2024-01-10,2345,智邦,511.0,518.0,506.0,508.0,1382870.0,705419561.0,TWSE STOCK_DAY,https://www.twse.com.tw/rwd/zh/afterTrading/STOCK_DAY?date=20240101&stockNo=2345&response=json,2024-01-10
2024-01-11,2345,智邦,518.0,524.0,509.0,520.0,2652282.0,1374173777.0,TWSE STOCK_DAY,https://www.twse.com.tw/rwd/zh/afterTrading/STOCK_DAY?date=20240101&stockNo=2345&response=json,2024-01-11
2024-01-12,2345,智邦,513.0,517.0,505.0,510.0,2390089.0,1220912678.0,TWSE STOCK_DAY,https://www.twse.com.tw/rwd/zh/afterTrading/STOCK_DAY?date=20240101&stockNo=2345&response=json,2024-01-12
2024-01-15,2345,智邦,522.0,522.0,508.0,516.0,1905160.0,983333014.0,TWSE STOCK_DAY,https://www.twse.com.tw/rwd/zh/afterTrading/STOCK_DAY?date=20240101&stockNo=2345&response=json,2024-01-15
2024-01-16,2345,智邦,511.0,518.0,509.0,513.0,1445884.0,740665163.0,TWSE STOCK_DAY,https://www.twse.com.tw/rwd/zh/afterTrading/STOCK_DAY?date=20240101&stockNo=2345&response=json,2024-01-16
2024-01-17,2345,智邦,506.0,515.0,506.0,509.0,2564998.0,1307016247.0,TWSE STOCK_DAY,https://www.twse.com.tw/rwd/zh/afterTrading/STOCK_DAY?date=20240101&stockNo=2345&response=json,2024-01-17
2024-01-18,2345,智邦,510.0,514.0,502.0,504.0,2153614.0,1089438049.0,TWSE STOCK_DAY,https://www.twse.com.tw/rwd/zh/afterTrading/STOCK_DAY?date=20240101&stockNo=2345&response=json,2024-01-18
2024-01-19,2345,智邦,510.0,520.0,506.0,517.0,1942377.0,998869160.0,TWSE STOCK_DAY,https://www.twse.com.tw/rwd/zh/afterTrading/STOCK_DAY?date=20240101&stockNo=2345&response=json,2024-01-19
2024-01-22,2345,智邦,528.0,543.0,519.0,542.0,3970319.0,2130609619.0,TWSE STOCK_DAY,https://www.twse.com.tw/rwd/zh/afterTrading/STOCK_DAY?date=20240101&stockNo=2345&response=json,2024-01-22
2024-01-23,2345,智邦,539.0,541.0,522.0,522.0,2767511.0,1461370341.0,TWSE STOCK_DAY,https://www.twse.com.tw/rwd/zh/afterTrading/STOCK_DAY?date=20240101&stockNo=2345&response=json,2024-01-23
2024-01-24,2345,智邦,520.0,526.0,516.0,522.0,1839402.0,959575703.0,TWSE STOCK_DAY,https://www.twse.com.tw/rwd/zh/afterTrading/STOCK_DAY?date=20240101&stockNo=2345&response=json,2024-01-24
2024-01-25,2345,智邦,521.0,530.0,513.0,513.0,1848091.0,958549117.0,TWSE STOCK_DAY,https://www.twse.com.tw/rwd/zh/afterTrading/STOCK_DAY?date=20240101&stockNo=2345&response=json,2024-01-25
2024-01-26,2345,智邦,512.0,516.0,509.0,510.0,1104240.0,566321391.0,TWSE STOCK_DAY,https://www.twse.com.tw/rwd/zh/afterTrading/STOCK_DAY?date=20240101&stockNo=2345&response=json,2024-01-26
2024-01-29,2345,智邦,510.0,524.0,508.0,519.0,1299603.0,673579270.0,TWSE STOCK_DAY,https://www.twse.com.tw/rwd/zh/afterTrading/STOCK_DAY?date=20240101&stockNo=2345&response=json,2024-01-29
2024-01-30,2345,智邦,519.0,522.0,511.0,515.0,2338352.0,1206700263.0,TWSE STOCK_DAY,https://www.twse.com.tw/rwd/zh/afterTrading/STOCK_DAY?date=20240101&stockNo=2345&response=json,2024-01-30
2024-01-31,2345,智邦,516.0,533.0,514.0,529.0,2361768.0,1247930910.0,TWSE STOCK_DAY,https://www.twse.com.tw/rwd/zh/afterTrading/STOCK_DAY?date=20240101&stockNo=2345&response=json,2024-01-31
2024-02-01,2345,智邦,533.0,544.0,529.0,542.0,2662752.0,1434203367.0,TWSE STOCK_DAY,https://www.twse.com.tw/rwd/zh/afterTrading/STOCK_DAY?date=20240201&stockNo=2345&response=json,2024-02-01
2024-02-02,2345,智邦,548.0,564.0,542.0,562.0,3589295.0,1993265812.0,TWSE STOCK_DAY,https://www.twse.com.tw/rwd/zh/afterTrading/STOCK_DAY?date=20240201&stockNo=2345&response=json,2024-02-02
2024-02-05,2345,智邦,553.0,559.0,536.0,548.0,2841038.0,1550368794.0,TWSE STOCK_DAY,https://www.twse.com.tw/rwd/zh/afterTrading/STOCK_DAY?date=20240201&stockNo=2345&response=json,2024-02-05
2024-02-15,2345,智邦,530.0,539.0,498.0,539.0,12182567.0,6301254444.0,TWSE STOCK_DAY,https://www.twse.com.tw/rwd/zh/afterTrading/STOCK_DAY?date=20240201&stockNo=2345&response=json,2024-02-15
2024-02-16,2345,智邦,539.0,558.0,539.0,558.0,3807147.0,2102033530.0,TWSE STOCK_DAY,https://www.twse.com.tw/rwd/zh/afterTrading/STOCK_DAY?date=20240201&stockNo=2345&response=json,2024-02-16
2024-02-19,2345,智邦,561.0,570.0,554.0,564.0,3841425.0,2166489688.0,TWSE STOCK_DAY,https://www.twse.com.tw/rwd/zh/afterTrading/STOCK_DAY?date=20240201&stockNo=2345&response=json,2024-02-19
2024-02-20,2345,智邦,561.0,580.0,559.0,569.0,3315023.0,1887292677.0,TWSE STOCK_DAY,https://www.twse.com.tw/rwd/zh/afterTrading/STOCK_DAY?date=20240201&stockNo=2345&response=json,2024-02-20
2024-02-21,2345,智邦,555.0,561.0,542.0,547.0,2987196.0,1638717484.0,TWSE STOCK_DAY,https://www.twse.com.tw/rwd/zh/afterTrading/STOCK_DAY?date=20240201&stockNo=2345&response=json,2024-02-21
2024-02-22,2345,智邦,550.0,555.0,526.0,535.0,4347276.0,2328747230.0,TWSE STOCK_DAY,https://www.twse.com.tw/rwd/zh/afterTrading/STOCK_DAY?date=20240201&stockNo=2345&response=json,2024-02-22
2024-02-23,2345,智邦,545.0,550.0,531.0,532.0,3028269.0,1629757016.0,TWSE STOCK_DAY,https://www.twse.com.tw/rwd/zh/afterTrading/STOCK_DAY?date=20240201&stockNo=2345&response=json,2024-02-23
2024-02-26,2345,智邦,535.0,544.0,514.0,520.0,6298390.0,3278955327.0,TWSE STOCK_DAY,https://www.twse.com.tw/rwd/zh/afterTrading/STOCK_DAY?date=20240201&stockNo=2345&response=json,2024-02-26
2024-02-27,2345,智邦,515.0,518.0,500.0,502.0,6291991.0,3170976229.0,TWSE STOCK_DAY,https://www.twse.com.tw/rwd/zh/afterTrading/STOCK_DAY?date=20240201&stockNo=2345&response=json,2024-02-27
2024-02-29,2345,智邦,505.0,519.0,498.0,519.0,5187190.0,2632545872.0,TWSE STOCK_DAY,https://www.twse.com.tw/rwd/zh/afterTrading/STOCK_DAY?date=20240201&stockNo=2345&response=json,2024-02-29
2024-03-01,2345,智邦,510.0,512.0,504.0,504.0,2979475.0,1511002708.0,TWSE STOCK_DAY,https://www.twse.com.tw/rwd/zh/afterTrading/STOCK_DAY?date=20240301&stockNo=2345&response=json,2024-03-01
2024-03-04,2345,智邦,509.0,516.0,508.0,508.0,2158331.0,1103073030.0,TWSE STOCK_DAY,https://www.twse.com.tw/rwd/zh/afterTrading/STOCK_DAY?date=20240301&stockNo=2345&response=json,2024-03-04
2024-03-05,2345,智邦,509.0,520.0,505.0,514.0,3302461.0,1697355551.0,TWSE STOCK_DAY,https://www.twse.com.tw/rwd/zh/afterTrading/STOCK_DAY?date=20240301&stockNo=2345&response=json,2024-03-05
2024-03-06,2345,智邦,509.0,517.0,503.0,515.0,2523374.0,1294096989.0,TWSE STOCK_DAY,https://www.twse.com.tw/rwd/zh/afterTrading/STOCK_DAY?date=20240301&stockNo=2345&response=json,2024-03-06
2024-03-07,2345,智邦,511.0,529.0,504.0,507.0,4367994.0,2237285763.0,TWSE STOCK_DAY,https://www.twse.com.tw/rwd/zh/afterTrading/STOCK_DAY?date=20240301&stockNo=2345&response=json,2024-03-07
2024-03-08,2345,智邦,515.0,517.0,484.5,491.0,8924138.0,4424795116.0,TWSE STOCK_DAY,https://www.twse.com.tw/rwd/zh/afterTrading/STOCK_DAY?date=20240301&stockNo=2345&response=json,2024-03-08
2024-03-11,2345,智邦,485.0,496.5,476.5,491.0,5163625.0,2518108782.0,TWSE STOCK_DAY,https://www.twse.com.tw/rwd/zh/afterTrading/STOCK_DAY?date=20240301&stockNo=2345&response=json,2024-03-11
2024-03-12,2345,智邦,478.0,486.5,468.0,475.5,8278451.0,3936318458.0,TWSE STOCK_DAY,https://www.twse.com.tw/rwd/zh/afterTrading/STOCK_DAY?date=20240301&stockNo=2345&response=json,2024-03-12
2024-03-13,2345,智邦,472.0,475.5,462.0,465.0,6053959.0,2822943611.0,TWSE STOCK_DAY,https://www.twse.com.tw/rwd/zh/afterTrading/STOCK_DAY?date=20240301&stockNo=2345&response=json,2024-03-13
2024-03-14,2345,智邦,467.0,473.5,460.0,465.5,5475272.0,2551683354.0,TWSE STOCK_DAY,https://www.twse.com.tw/rwd/zh/afterTrading/STOCK_DAY?date=20240301&stockNo=2345&response=json,2024-03-14
2024-03-15,2345,智邦,459.0,465.0,450.5,454.0,5496297.0,2504829898.0,TWSE STOCK_DAY,https://www.twse.com.tw/rwd/zh/afterTrading/STOCK_DAY?date=20240301&stockNo=2345&response=json,2024-03-15
2024-03-18,2345,智邦,458.0,468.0,453.0,457.5,5031196.0,2303632334.0,TWSE STOCK_DAY,https://www.twse.com.tw/rwd/zh/afterTrading/STOCK_DAY?date=20240301&stockNo=2345&response=json,2024-03-18
2024-03-19,2345,智邦,455.5,459.0,444.0,444.0,3870783.0,1742691057.0,TWSE STOCK_DAY,https://www.twse.com.tw/rwd/zh/afterTrading/STOCK_DAY?date=20240301&stockNo=2345&response=json,2024-03-19
2024-03-20,2345,智邦,446.0,453.0,437.5,437.5,7309258.0,3229346022.0,TWSE STOCK_DAY,https://www.twse.com.tw/rwd/zh/afterTrading/STOCK_DAY?date=20240301&stockNo=2345&response=json,2024-03-20
2024-03-21,2345,智邦,445.5,464.5,444.0,459.0,7505117.0,3423768035.0,TWSE STOCK_DAY,https://www.twse.com.tw/rwd/zh/afterTrading/STOCK_DAY?date=20240301&stockNo=2345&response=json,2024-03-21
2024-03-22,2345,智邦,468.0,484.0,465.0,481.0,7371698.0,3530782290.0,TWSE STOCK_DAY,https://www.twse.com.tw/rwd/zh/afterTrading/STOCK_DAY?date=20240301&stockNo=2345&response=json,2024-03-22
2024-03-25,2345,智邦,486.0,486.0,471.0,475.0,2740643.0,1305397211.0,TWSE STOCK_DAY,https://www.twse.com.tw/rwd/zh/afterTrading/STOCK_DAY?date=20240301&stockNo=2345&response=json,2024-03-25
2024-03-26,2345,智邦,480.0,480.0,463.5,465.5,3198396.0,1500711403.0,TWSE STOCK_DAY,https://www.twse.com.tw/rwd/zh/afterTrading/STOCK_DAY?date=20240301&stockNo=2345&response=json,2024-03-26
2024-03-27,2345,智邦,460.0,466.5,452.0,453.0,3158230.0,1442406109.0,TWSE STOCK_DAY,https://www.twse.com.tw/rwd/zh/afterTrading/STOCK_DAY?date=20240301&stockNo=2345&response=json,2024-03-27
2024-03-28,2345,智邦,451.0,462.0,448.0,458.5,2384149.0,1089788154.0,TWSE STOCK_DAY,https://www.twse.com.tw/rwd/zh/afterTrading/STOCK_DAY?date=20240301&stockNo=2345&response=json,2024-03-28
2024-03-29,2345,智邦,458.5,466.0,458.0,463.0,1467629.0,678353642.0,TWSE STOCK_DAY,https://www.twse.com.tw/rwd/zh/afterTrading/STOCK_DAY?date=20240301&stockNo=2345&response=json,2024-03-29
2024-04-01,2345,智邦,465.5,470.0,458.0,460.5,2128143.0,983534588.0,TWSE STOCK_DAY,https://www.twse.com.tw/rwd/zh/afterTrading/STOCK_DAY?date=20240401&stockNo=2345&response=json,2024-04-01
2024-04-02,2345,智邦,466.0,471.0,451.5,456.0,2645137.0,1212878461.0,TWSE STOCK_DAY,https://www.twse.com.tw/rwd/zh/afterTrading/STOCK_DAY?date=20240401&stockNo=2345&response=json,2024-04-02
2024-04-03,2345,智邦,454.5,463.5,449.0,461.0,2226258.0,1017274710.0,TWSE STOCK_DAY,https://www.twse.com.tw/rwd/zh/afterTrading/STOCK_DAY?date=20240401&stockNo=2345&response=json,2024-04-03
2024-04-08,2345,智邦,457.0,477.0,457.0,466.0,3018234.0,1413363406.0,TWSE STOCK_DAY,https://www.twse.com.tw/rwd/zh/afterTrading/STOCK_DAY?date=20240401&stockNo=2345&response=json,2024-04-08
2024-04-09,2345,智邦,498.0,498.0,462.5,465.0,3704127.0,1756979924.0,TWSE STOCK_DAY,https://www.twse.com.tw/rwd/zh/afterTrading/STOCK_DAY?date=20240401&stockNo=2345&response=json,2024-04-09
2024-04-10,2345,智邦,468.5,482.5,466.0,476.0,3022767.0,1443313551.0,TWSE STOCK_DAY,https://www.twse.com.tw/rwd/zh/afterTrading/STOCK_DAY?date=20240401&stockNo=2345&response=json,2024-04-10
2024-04-11,2345,智邦,476.0,484.0,472.5,473.0,3147584.0,1503739898.0,TWSE STOCK_DAY,https://www.twse.com.tw/rwd/zh/afterTrading/STOCK_DAY?date=20240401&stockNo=2345&response=json,2024-04-11
2024-04-12,2345,智邦,468.5,471.5,456.0,456.0,4531880.0,2085032080.0,TWSE STOCK_DAY,https://www.twse.com.tw/rwd/zh/afterTrading/STOCK_DAY?date=20240401&stockNo=2345&response=json,2024-04-12
2024-04-15,2345,智邦,450.0,451.5,431.0,431.0,4911960.0,2156122488.0,TWSE STOCK_DAY,https://www.twse.com.tw/rwd/zh/afterTrading/STOCK_DAY?date=20240401&stockNo=2345&response=json,2024-04-15
2024-04-16,2345,智邦,431.0,431.0,415.5,416.5,4415313.0,1856303779.0,TWSE STOCK_DAY,https://www.twse.com.tw/rwd/zh/afterTrading/STOCK_DAY?date=20240401&stockNo=2345&response=json,2024-04-16
2024-04-17,2345,智邦,409.5,420.0,407.5,408.0,4283937.0,1763708376.0,TWSE STOCK_DAY,https://www.twse.com.tw/rwd/zh/afterTrading/STOCK_DAY?date=20240401&stockNo=2345&response=json,2024-04-17
2024-04-18,2345,智邦,404.5,412.0,401.5,409.0,3816125.0,1547641265.0,TWSE STOCK_DAY,https://www.twse.com.tw/rwd/zh/afterTrading/STOCK_DAY?date=20240401&stockNo=2345&response=json,2024-04-18
2024-04-19,2345,智邦,402.0,406.5,387.0,401.0,4608298.0,1839847250.0,TWSE STOCK_DAY,https://www.twse.com.tw/rwd/zh/afterTrading/STOCK_DAY?date=20240401&stockNo=2345&response=json,2024-04-19
2024-04-22,2345,智邦,395.5,399.5,383.0,384.5,3323592.0,1290878910.0,TWSE STOCK_DAY,https://www.twse.com.tw/rwd/zh/afterTrading/STOCK_DAY?date=20240401&stockNo=2345&response=json,2024-04-22
2024-04-23,2345,智邦,397.0,410.5,394.0,405.0,6595342.0,2669533470.0,TWSE STOCK_DAY,https://www.twse.com.tw/rwd/zh/afterTrading/STOCK_DAY?date=20240401&stockNo=2345&response=json,2024-04-23
2024-04-24,2345,智邦,425.5,427.0,408.0,412.0,4101715.0,1704367337.0,TWSE STOCK_DAY,https://www.twse.com.tw/rwd/zh/afterTrading/STOCK_DAY?date=20240401&stockNo=2345&response=json,2024-04-24
2024-04-25,2345,智邦,410.0,415.0,401.0,401.0,2400974.0,978040606.0,TWSE STOCK_DAY,https://www.twse.com.tw/rwd/zh/afterTrading/STOCK_DAY?date=20240401&stockNo=2345&response=json,2024-04-25
2024-04-26,2345,智邦,405.0,432.0,405.0,428.0,5021390.0,2123287775.0,TWSE STOCK_DAY,https://www.twse.com.tw/rwd/zh/afterTrading/STOCK_DAY?date=20240401&stockNo=2345&response=json,2024-04-26
2024-04-29,2345,智邦,450.0,467.0,447.0,447.5,7682176.0,3488151340.0,TWSE STOCK_DAY,https://www.twse.com.tw/rwd/zh/afterTrading/STOCK_DAY?date=20240401&stockNo=2345&response=json,2024-04-29
2024-04-30,2345,智邦,448.0,482.0,448.0,461.5,6150678.0,2868835592.0,TWSE STOCK_DAY,https://www.twse.com.tw/rwd/zh/afterTrading/STOCK_DAY?date=20240401&stockNo=2345&response=json,2024-04-30
2024-05-02,2345,智邦,456.0,478.0,452.0,469.0,4963458.0,2323865528.0,TWSE STOCK_DAY,https://www.twse.com.tw/rwd/zh/afterTrading/STOCK_DAY?date=20240501&stockNo=2345&response=json,2024-05-02
2024-05-03,2345,智邦,470.0,470.5,435.5,442.5,7370581.0,3315426603.0,TWSE STOCK_DAY,https://www.twse.com.tw/rwd/zh/afterTrading/STOCK_DAY?date=20240501&stockNo=2345&response=json,2024-05-03
2024-05-06,2345,智邦,450.0,464.5,446.0,458.5,3748237.0,1713814250.0,TWSE STOCK_DAY,https://www.twse.com.tw/rwd/zh/afterTrading/STOCK_DAY?date=20240501&stockNo=2345&response=json,2024-05-06
2024-05-07,2345,智邦,458.0,460.0,440.0,446.0,3617548.0,1614508683.0,TWSE STOCK_DAY,https://www.twse.com.tw/rwd/zh/afterTrading/STOCK_DAY?date=20240501&stockNo=2345&response=json,2024-05-07
2024-05-08,2345,智邦,446.0,455.0,438.0,445.0,3760072.0,1668621724.0,TWSE STOCK_DAY,https://www.twse.com.tw/rwd/zh/afterTrading/STOCK_DAY?date=20240501&stockNo=2345&response=json,2024-05-08
2024-05-09,2345,智邦,443.5,454.5,442.0,444.0,2922848.0,1313154311.0,TWSE STOCK_DAY,https://www.twse.com.tw/rwd/zh/afterTrading/STOCK_DAY?date=20240501&stockNo=2345&response=json,2024-05-09
2024-05-10,2345,智邦,455.0,475.0,454.5,461.5,6469378.0,3008330321.0,TWSE STOCK_DAY,https://www.twse.com.tw/rwd/zh/afterTrading/STOCK_DAY?date=20240501&stockNo=2345&response=json,2024-05-10
2024-05-13,2345,智邦,461.5,463.0,450.0,454.0,2934760.0,1338307570.0,TWSE STOCK_DAY,https://www.twse.com.tw/rwd/zh/afterTrading/STOCK_DAY?date=20240501&stockNo=2345&response=json,2024-05-13
2024-05-14,2345,智邦,462.5,472.0,462.5,470.0,3312484.0,1549838762.0,TWSE STOCK_DAY,https://www.twse.com.tw/rwd/zh/afterTrading/STOCK_DAY?date=20240501&stockNo=2345&response=json,2024-05-14
2024-05-15,2345,智邦,468.5,474.0,461.5,469.5,2040752.0,958460861.0,TWSE STOCK_DAY,https://www.twse.com.tw/rwd/zh/afterTrading/STOCK_DAY?date=20240501&stockNo=2345&response=json,2024-05-15
2024-05-16,2345,智邦,485.0,504.0,484.5,494.5,9267355.0,4574780176.0,TWSE STOCK_DAY,https://www.twse.com.tw/rwd/zh/afterTrading/STOCK_DAY?date=20240501&stockNo=2345&response=json,2024-05-16
2024-05-17,2345,智邦,493.5,505.0,489.0,499.5,4857838.0,2428846330.0,TWSE STOCK_DAY,https://www.twse.com.tw/rwd/zh/afterTrading/STOCK_DAY?date=20240501&stockNo=2345&response=json,2024-05-17
2024-05-20,2345,智邦,500.0,506.0,496.5,504.0,3265999.0,1637803760.0,TWSE STOCK_DAY,https://www.twse.com.tw/rwd/zh/afterTrading/STOCK_DAY?date=20240501&stockNo=2345&response=json,2024-05-20
2024-05-21,2345,智邦,504.0,505.0,495.0,500.0,3027080.0,1515556670.0,TWSE STOCK_DAY,https://www.twse.com.tw/rwd/zh/afterTrading/STOCK_DAY?date=20240501&stockNo=2345&response=json,2024-05-21
2024-05-22,2345,智邦,498.0,512.0,498.0,506.0,2396534.0,1214133669.0,TWSE STOCK_DAY,https://www.twse.com.tw/rwd/zh/afterTrading/STOCK_DAY?date=20240501&stockNo=2345&response=json,2024-05-22
2024-05-23,2345,智邦,506.0,515.0,500.0,510.0,3452070.0,1758558281.0,TWSE STOCK_DAY,https://www.twse.com.tw/rwd/zh/afterTrading/STOCK_DAY?date=20240501&stockNo=2345&response=json,2024-05-23
2024-05-24,2345,智邦,510.0,526.0,506.0,512.0,3691626.0,1900409450.0,TWSE STOCK_DAY,https://www.twse.com.tw/rwd/zh/afterTrading/STOCK_DAY?date=20240501&stockNo=2345&response=json,2024-05-24
2024-05-27,2345,智邦,513.0,523.0,511.0,514.0,2430390.0,1255959574.0,TWSE STOCK_DAY,https://www.twse.com.tw/rwd/zh/afterTrading/STOCK_DAY?date=20240501&stockNo=2345&response=json,2024-05-27
2024-05-28,2345,智邦,515.0,518.0,502.0,502.0,2551214.0,1292584824.0,TWSE STOCK_DAY,https://www.twse.com.tw/rwd/zh/afterTrading/STOCK_DAY?date=20240501&stockNo=2345&response=json,2024-05-28
2024-05-29,2345,智邦,497.5,535.0,493.0,527.0,6585127.0,3436142348.0,TWSE STOCK_DAY,https://www.twse.com.tw/rwd/zh/afterTrading/STOCK_DAY?date=20240501&stockNo=2345&response=json,2024-05-29
2024-05-30,2345,智邦,520.0,536.0,517.0,525.0,4510824.0,2387094306.0,TWSE STOCK_DAY,https://www.twse.com.tw/rwd/zh/afterTrading/STOCK_DAY?date=20240501&stockNo=2345&response=json,2024-05-30
2024-05-31,2345,智邦,524.0,529.0,504.0,504.0,5720387.0,2917497822.0,TWSE STOCK_DAY,https://www.twse.com.tw/rwd/zh/afterTrading/STOCK_DAY?date=20240501&stockNo=2345&response=json,2024-05-31
2024-06-03,2345,智邦,520.0,530.0,511.0,525.0,2686167.0,1404764235.0,TWSE STOCK_DAY,https://www.twse.com.tw/rwd/zh/afterTrading/STOCK_DAY?date=20240601&stockNo=2345&response=json,2024-06-03
2024-06-04,2345,智邦,525.0,537.0,525.0,535.0,4877936.0,2599213728.0,TWSE STOCK_DAY,https://www.twse.com.tw/rwd/zh/afterTrading/STOCK_DAY?date=20240601&stockNo=2345&response=json,2024-06-04
2024-06-05,2345,智邦,531.0,539.0,522.0,528.0,2991124.0,1583742682.0,TWSE STOCK_DAY,https://www.twse.com.tw/rwd/zh/afterTrading/STOCK_DAY?date=20240601&stockNo=2345&response=json,2024-06-05
2024-06-06,2345,智邦,554.0,560.0,534.0,544.0,9393607.0,5143089435.0,TWSE STOCK_DAY,https://www.twse.com.tw/rwd/zh/afterTrading/STOCK_DAY?date=20240601&stockNo=2345&response=json,2024-06-06
2024-06-07,2345,智邦,540.0,540.0,522.0,532.0,4920215.0,2613016016.0,TWSE STOCK_DAY,https://www.twse.com.tw/rwd/zh/afterTrading/STOCK_DAY?date=20240601&stockNo=2345&response=json,2024-06-07
2024-06-11,2345,智邦,545.0,548.0,524.0,529.0,3961430.0,2101307345.0,TWSE STOCK_DAY,https://www.twse.com.tw/rwd/zh/afterTrading/STOCK_DAY?date=20240601&stockNo=2345&response=json,2024-06-11
2024-06-12,2345,智邦,526.0,548.0,525.0,536.0,2951337.0,1592046006.0,TWSE STOCK_DAY,https://www.twse.com.tw/rwd/zh/afterTrading/STOCK_DAY?date=20240601&stockNo=2345&response=json,2024-06-12
2024-06-13,2345,智邦,547.0,554.0,537.0,543.0,4228035.0,2303040921.0,TWSE STOCK_DAY,https://www.twse.com.tw/rwd/zh/afterTrading/STOCK_DAY?date=20240601&stockNo=2345&response=json,2024-06-13
2024-06-14,2345,智邦,581.0,581.0,546.0,556.0,6356349.0,3557360673.0,TWSE STOCK_DAY,https://www.twse.com.tw/rwd/zh/afterTrading/STOCK_DAY?date=20240601&stockNo=2345&response=json,2024-06-14
2024-06-17,2345,智邦,557.0,559.0,539.0,543.0,2272209.0,1236347956.0,TWSE STOCK_DAY,https://www.twse.com.tw/rwd/zh/afterTrading/STOCK_DAY?date=20240601&stockNo=2345&response=json,2024-06-17
2024-06-18,2345,智邦,543.0,549.0,536.0,545.0,1334394.0,724590384.0,TWSE STOCK_DAY,https://www.twse.com.tw/rwd/zh/afterTrading/STOCK_DAY?date=20240601&stockNo=2345&response=json,2024-06-18
2024-06-19,2345,智邦,550.0,554.0,543.0,552.0,1977683.0,1087241247.0,TWSE STOCK_DAY,https://www.twse.com.tw/rwd/zh/afterTrading/STOCK_DAY?date=20240601&stockNo=2345&response=json,2024-06-19
2024-06-20,2345,智邦,552.0,558.0,548.0,553.0,1553948.0,858544559.0,TWSE STOCK_DAY,https://www.twse.com.tw/rwd/zh/afterTrading/STOCK_DAY?date=20240601&stockNo=2345&response=json,2024-06-20
2024-06-21,2345,智邦,551.0,563.0,549.0,555.0,2941497.0,1636672965.0,TWSE STOCK_DAY,https://www.twse.com.tw/rwd/zh/afterTrading/STOCK_DAY?date=20240601&stockNo=2345&response=json,2024-06-21
2024-06-24,2345,智邦,555.0,557.0,537.0,537.0,1431614.0,778169460.0,TWSE STOCK_DAY,https://www.twse.com.tw/rwd/zh/afterTrading/STOCK_DAY?date=20240601&stockNo=2345&response=json,2024-06-24
2024-06-25,2345,智邦,531.0,534.0,521.0,532.0,2770273.0,1458266242.0,TWSE STOCK_DAY,https://www.twse.com.tw/rwd/zh/afterTrading/STOCK_DAY?date=20240601&stockNo=2345&response=json,2024-06-25
2024-06-26,2345,智邦,528.0,540.0,526.0,535.0,1346964.0,719442381.0,TWSE STOCK_DAY,https://www.twse.com.tw/rwd/zh/afterTrading/STOCK_DAY?date=20240601&stockNo=2345&response=json,2024-06-26
2024-06-27,2345,智邦,529.0,539.0,529.0,535.0,1329211.0,710054877.0,TWSE STOCK_DAY,https://www.twse.com.tw/rwd/zh/afterTrading/STOCK_DAY?date=20240601&stockNo=2345&response=json,2024-06-27
2024-06-28,2345,智邦,541.0,562.0,541.0,555.0,3155486.0,1750328678.0,TWSE STOCK_DAY,https://www.twse.com.tw/rwd/zh/afterTrading/STOCK_DAY?date=20240601&stockNo=2345&response=json,2024-06-28
2024-07-01,2345,智邦,555.0,563.0,547.0,549.0,2203571.0,1219234912.0,TWSE STOCK_DAY,https://www.twse.com.tw/rwd/zh/afterTrading/STOCK_DAY?date=20240701&stockNo=2345&response=json,2024-07-01
2024-07-02,2345,智邦,546.0,554.0,538.0,551.0,1885147.0,1030393129.0,TWSE STOCK_DAY,https://www.twse.com.tw/rwd/zh/afterTrading/STOCK_DAY?date=20240701&stockNo=2345&response=json,2024-07-02
2024-07-03,2345,智邦,552.0,556.0,543.0,543.0,1307900.0,715554157.0,TWSE STOCK_DAY,https://www.twse.com.tw/rwd/zh/afterTrading/STOCK_DAY?date=20240701&stockNo=2345&response=json,2024-07-03
2024-07-04,2345,智邦,554.0,574.0,550.0,571.0,3587306.0,2039910987.0,TWSE STOCK_DAY,https://www.twse.com.tw/rwd/zh/afterTrading/STOCK_DAY?date=20240701&stockNo=2345&response=json,2024-07-04
2024-07-05,2345,智邦,569.0,570.0,557.0,557.0,1836123.0,1030181874.0,TWSE STOCK_DAY,https://www.twse.com.tw/rwd/zh/afterTrading/STOCK_DAY?date=20240701&stockNo=2345&response=json,2024-07-05
2024-07-08,2345,智邦,557.0,565.0,547.0,563.0,2772627.0,1549920034.0,TWSE STOCK_DAY,https://www.twse.com.tw/rwd/zh/afterTrading/STOCK_DAY?date=20240701&stockNo=2345&response=json,2024-07-08
2024-07-09,2345,智邦,560.0,570.0,559.0,567.0,2014456.0,1135604265.0,TWSE STOCK_DAY,https://www.twse.com.tw/rwd/zh/afterTrading/STOCK_DAY?date=20240701&stockNo=2345&response=json,2024-07-09
2024-07-10,2345,智邦,570.0,576.0,564.0,575.0,1580257.0,903819917.0,TWSE STOCK_DAY,https://www.twse.com.tw/rwd/zh/afterTrading/STOCK_DAY?date=20240701&stockNo=2345&response=json,2024-07-10
2024-07-11,2345,智邦,576.0,583.0,573.0,578.0,2270485.0,1311858798.0,TWSE STOCK_DAY,https://www.twse.com.tw/rwd/zh/afterTrading/STOCK_DAY?date=20240701&stockNo=2345&response=json,2024-07-11
2024-07-12,2345,智邦,578.0,588.0,566.0,571.0,2964456.0,1701103680.0,TWSE STOCK_DAY,https://www.twse.com.tw/rwd/zh/afterTrading/STOCK_DAY?date=20240701&stockNo=2345&response=json,2024-07-12
2024-07-15,2345,智邦,571.0,571.0,539.0,542.0,3574143.0,1955939736.0,TWSE STOCK_DAY,https://www.twse.com.tw/rwd/zh/afterTrading/STOCK_DAY?date=20240701&stockNo=2345&response=json,2024-07-15
2024-07-16,2345,智邦,542.0,548.0,535.0,544.0,2111320.0,1143639990.0,TWSE STOCK_DAY,https://www.twse.com.tw/rwd/zh/afterTrading/STOCK_DAY?date=20240701&stockNo=2345&response=json,2024-07-16
2024-07-17,2345,智邦,540.0,545.0,523.0,526.0,2184187.0,1158614682.0,TWSE STOCK_DAY,https://www.twse.com.tw/rwd/zh/afterTrading/STOCK_DAY?date=20240701&stockNo=2345&response=json,2024-07-17
2024-07-18,2345,智邦,515.0,515.0,497.0,503.0,4516090.0,2267467803.0,TWSE STOCK_DAY,https://www.twse.com.tw/rwd/zh/afterTrading/STOCK_DAY?date=20240701&stockNo=2345&response=json,2024-07-18
2024-07-19,2345,智邦,501.0,523.0,495.0,521.0,3876472.0,1967371179.0,TWSE STOCK_DAY,https://www.twse.com.tw/rwd/zh/afterTrading/STOCK_DAY?date=20240701&stockNo=2345&response=json,2024-07-19
2024-07-22,2345,智邦,516.0,528.0,501.0,511.0,3919908.0,2001579583.0,TWSE STOCK_DAY,https://www.twse.com.tw/rwd/zh/afterTrading/STOCK_DAY?date=20240701&stockNo=2345&response=json,2024-07-22
2024-07-23,2345,智邦,518.0,522.0,501.0,512.0,3523316.0,1794709433.0,TWSE STOCK_DAY,https://www.twse.com.tw/rwd/zh/afterTrading/STOCK_DAY?date=20240701&stockNo=2345&response=json,2024-07-23
2024-07-26,2345,智邦,485.0,516.0,485.0,511.0,4003347.0,2022391191.0,TWSE STOCK_DAY,https://www.twse.com.tw/rwd/zh/afterTrading/STOCK_DAY?date=20240701&stockNo=2345&response=json,2024-07-26
2024-07-29,2345,智邦,522.0,536.0,503.0,505.0,2935455.0,1522515844.0,TWSE STOCK_DAY,https://www.twse.com.tw/rwd/zh/afterTrading/STOCK_DAY?date=20240701&stockNo=2345&response=json,2024-07-29
2024-07-30,2345,智邦,505.0,512.0,497.5,510.0,1803048.0,911978746.0,TWSE STOCK_DAY,https://www.twse.com.tw/rwd/zh/afterTrading/STOCK_DAY?date=20240701&stockNo=2345&response=json,2024-07-30
2024-07-31,2345,智邦,498.0,511.0,496.0,507.0,2132920.0,1074382971.0,TWSE STOCK_DAY,https://www.twse.com.tw/rwd/zh/afterTrading/STOCK_DAY?date=20240701&stockNo=2345&response=json,2024-07-31
2024-08-01,2345,智邦,521.0,528.0,515.0,520.0,2287009.0,1194384156.0,TWSE STOCK_DAY,https://www.twse.com.tw/rwd/zh/afterTrading/STOCK_DAY?date=20240801&stockNo=2345&response=json,2024-08-01
2024-08-02,2345,智邦,510.0,521.0,495.0,496.0,2326556.0,1172789567.0,TWSE STOCK_DAY,https://www.twse.com.tw/rwd/zh/afterTrading/STOCK_DAY?date=20240801&stockNo=2345&response=json,2024-08-02
2024-08-05,2345,智邦,470.0,470.0,446.5,446.5,2566698.0,1161478183.0,TWSE STOCK_DAY,https://www.twse.com.tw/rwd/zh/afterTrading/STOCK_DAY?date=20240801&stockNo=2345&response=json,2024-08-05
2024-08-06,2345,智邦,465.0,468.5,426.5,453.5,3612585.0,1635202667.0,TWSE STOCK_DAY,https://www.twse.com.tw/rwd/zh/afterTrading/STOCK_DAY?date=20240801&stockNo=2345&response=json,2024-08-06
2024-08-07,2345,智邦,451.5,498.5,450.0,495.5,5432903.0,2662538231.0,TWSE STOCK_DAY,https://www.twse.com.tw/rwd/zh/afterTrading/STOCK_DAY?date=20240801&stockNo=2345&response=json,2024-08-07
2024-08-08,2345,智邦,489.5,511.0,489.5,491.0,3148659.0,1559961935.0,TWSE STOCK_DAY,https://www.twse.com.tw/rwd/zh/afterTrading/STOCK_DAY?date=20240801&stockNo=2345&response=json,2024-08-08
2024-08-09,2345,智邦,502.0,505.0,491.0,493.0,3840240.0,1912324767.0,TWSE STOCK_DAY,https://www.twse.com.tw/rwd/zh/afterTrading/STOCK_DAY?date=20240801&stockNo=2345&response=json,2024-08-09
2024-08-12,2345,智邦,495.5,518.0,495.5,509.0,2345792.0,1198473653.0,TWSE STOCK_DAY,https://www.twse.com.tw/rwd/zh/afterTrading/STOCK_DAY?date=20240801&stockNo=2345&response=json,2024-08-12
2024-08-13,2345,智邦,512.0,515.0,502.0,502.0,1562350.0,792100644.0,TWSE STOCK_DAY,https://www.twse.com.tw/rwd/zh/afterTrading/STOCK_DAY?date=20240801&stockNo=2345&response=json,2024-08-13
2024-08-14,2345,智邦,512.0,515.0,501.0,502.0,1906255.0,963750500.0,TWSE STOCK_DAY,https://www.twse.com.tw/rwd/zh/afterTrading/STOCK_DAY?date=20240801&stockNo=2345&response=json,2024-08-14
2024-08-15,2345,智邦,506.0,511.0,500.0,500.0,1495183.0,753686936.0,TWSE STOCK_DAY,https://www.twse.com.tw/rwd/zh/afterTrading/STOCK_DAY?date=20240801&stockNo=2345&response=json,2024-08-15
2024-08-16,2345,智邦,509.0,524.0,505.0,515.0,3476424.0,1798324518.0,TWSE STOCK_DAY,https://www.twse.com.tw/rwd/zh/afterTrading/STOCK_DAY?date=20240801&stockNo=2345&response=json,2024-08-16
2024-08-19,2345,智邦,519.0,525.0,518.0,525.0,940623.0,491628082.0,TWSE STOCK_DAY,https://www.twse.com.tw/rwd/zh/afterTrading/STOCK_DAY?date=20240801&stockNo=2345&response=json,2024-08-19
2024-08-20,2345,智邦,530.0,545.0,528.0,533.0,2143826.0,1149881367.0,TWSE STOCK_DAY,https://www.twse.com.tw/rwd/zh/afterTrading/STOCK_DAY?date=20240801&stockNo=2345&response=json,2024-08-20
2024-08-21,2345,智邦,535.0,537.0,526.0,530.0,1218494.0,645476824.0,TWSE STOCK_DAY,https://www.twse.com.tw/rwd/zh/afterTrading/STOCK_DAY?date=20240801&stockNo=2345&response=json,2024-08-21
2024-08-22,2345,智邦,530.0,533.0,518.0,520.0,1028720.0,536998900.0,TWSE STOCK_DAY,https://www.twse.com.tw/rwd/zh/afterTrading/STOCK_DAY?date=20240801&stockNo=2345&response=json,2024-08-22
2024-08-23,2345,智邦,520.0,520.0,511.0,515.0,1500507.0,771499668.0,TWSE STOCK_DAY,https://www.twse.com.tw/rwd/zh/afterTrading/STOCK_DAY?date=20240801&stockNo=2345&response=json,2024-08-23
2024-08-26,2345,智邦,516.0,528.0,512.0,519.0,1161140.0,604307077.0,TWSE STOCK_DAY,https://www.twse.com.tw/rwd/zh/afterTrading/STOCK_DAY?date=20240801&stockNo=2345&response=json,2024-08-26
2024-08-27,2345,智邦,519.0,532.0,516.0,522.0,1189113.0,623591538.0,TWSE STOCK_DAY,https://www.twse.com.tw/rwd/zh/afterTrading/STOCK_DAY?date=20240801&stockNo=2345&response=json,2024-08-27
2024-08-28,2345,智邦,523.0,524.0,510.0,510.0,1208016.0,620455995.0,TWSE STOCK_DAY,https://www.twse.com.tw/rwd/zh/afterTrading/STOCK_DAY?date=20240801&stockNo=2345&response=json,2024-08-28
2024-08-29,2345,智邦,510.0,517.0,502.0,514.0,984190.0,502821555.0,TWSE STOCK_DAY,https://www.twse.com.tw/rwd/zh/afterTrading/STOCK_DAY?date=20240801&stockNo=2345&response=json,2024-08-29
2024-08-30,2345,智邦,517.0,524.0,508.0,508.0,3062253.0,1567662540.0,TWSE STOCK_DAY,https://www.twse.com.tw/rwd/zh/afterTrading/STOCK_DAY?date=20240801&stockNo=2345&response=json,2024-08-30
2024-09-02,2345,智邦,519.0,540.0,515.0,531.0,5069459.0,2691258916.0,TWSE STOCK_DAY,https://www.twse.com.tw/rwd/zh/afterTrading/STOCK_DAY?date=20240901&stockNo=2345&response=json,2024-09-02
2024-09-03,2345,智邦,529.0,532.0,521.0,527.0,1901419.0,1000502383.0,TWSE STOCK_DAY,https://www.twse.com.tw/rwd/zh/afterTrading/STOCK_DAY?date=20240901&stockNo=2345&response=json,2024-09-03
2024-09-04,2345,智邦,504.0,517.0,498.0,502.0,2870811.0,1450839601.0,TWSE STOCK_DAY,https://www.twse.com.tw/rwd/zh/afterTrading/STOCK_DAY?date=20240901&stockNo=2345&response=json,2024-09-04
2024-09-05,2345,智邦,512.0,528.0,507.0,514.0,2665708.0,1383002265.0,TWSE STOCK_DAY,https://www.twse.com.tw/rwd/zh/afterTrading/STOCK_DAY?date=20240901&stockNo=2345&response=json,2024-09-05
2024-09-06,2345,智邦,516.0,525.0,503.0,520.0,3200708.0,1655789975.0,TWSE STOCK_DAY,https://www.twse.com.tw/rwd/zh/afterTrading/STOCK_DAY?date=20240901&stockNo=2345&response=json,2024-09-06
2024-09-09,2345,智邦,507.0,517.0,507.0,515.0,1456263.0,745295542.0,TWSE STOCK_DAY,https://www.twse.com.tw/rwd/zh/afterTrading/STOCK_DAY?date=20240901&stockNo=2345&response=json,2024-09-09
2024-09-10,2345,智邦,517.0,520.0,495.0,495.0,2189642.0,1109205942.0,TWSE STOCK_DAY,https://www.twse.com.tw/rwd/zh/afterTrading/STOCK_DAY?date=20240901&stockNo=2345&response=json,2024-09-10
2024-09-11,2345,智邦,499.0,504.0,494.0,494.5,2053233.0,1020831986.0,TWSE STOCK_DAY,https://www.twse.com.tw/rwd/zh/afterTrading/STOCK_DAY?date=20240901&stockNo=2345&response=json,2024-09-11
2024-09-12,2345,智邦,505.0,524.0,505.0,518.0,3721436.0,1924792335.0,TWSE STOCK_DAY,https://www.twse.com.tw/rwd/zh/afterTrading/STOCK_DAY?date=20240901&stockNo=2345&response=json,2024-09-12
2024-09-13,2345,智邦,516.0,526.0,515.0,526.0,1665497.0,871532274.0,TWSE STOCK_DAY,https://www.twse.com.tw/rwd/zh/afterTrading/STOCK_DAY?date=20240901&stockNo=2345&response=json,2024-09-13
2024-09-16,2345,智邦,529.0,552.0,521.0,550.0,4562459.0,2471077593.0,TWSE STOCK_DAY,https://www.twse.com.tw/rwd/zh/afterTrading/STOCK_DAY?date=20240901&stockNo=2345&response=json,2024-09-16
2024-09-18,2345,智邦,546.0,547.0,520.0,521.0,2506204.0,1333027262.0,TWSE STOCK_DAY,https://www.twse.com.tw/rwd/zh/afterTrading/STOCK_DAY?date=20240901&stockNo=2345&response=json,2024-09-18
2024-09-19,2345,智邦,523.0,547.0,519.0,547.0,2484563.0,1331129745.0,TWSE STOCK_DAY,https://www.twse.com.tw/rwd/zh/afterTrading/STOCK_DAY?date=20240901&stockNo=2345&response=json,2024-09-19
2024-09-20,2345,智邦,552.0,559.0,543.0,545.0,2932211.0,1609345306.0,TWSE STOCK_DAY,https://www.twse.com.tw/rwd/zh/afterTrading/STOCK_DAY?date=20240901&stockNo=2345&response=json,2024-09-20
2024-09-23,2345,智邦,545.0,562.0,545.0,552.0,2317657.0,1285223872.0,TWSE STOCK_DAY,https://www.twse.com.tw/rwd/zh/afterTrading/STOCK_DAY?date=20240901&stockNo=2345&response=json,2024-09-23
2024-09-24,2345,智邦,550.0,566.0,546.0,566.0,2353995.0,1312120599.0,TWSE STOCK_DAY,https://www.twse.com.tw/rwd/zh/afterTrading/STOCK_DAY?date=20240901&stockNo=2345&response=json,2024-09-24
2024-09-25,2345,智邦,580.0,583.0,543.0,550.0,7880765.0,4383215783.0,TWSE STOCK_DAY,https://www.twse.com.tw/rwd/zh/afterTrading/STOCK_DAY?date=20240901&stockNo=2345&response=json,2024-09-25
2024-09-26,2345,智邦,546.0,555.0,530.0,532.0,7883511.0,4259976436.0,TWSE STOCK_DAY,https://www.twse.com.tw/rwd/zh/afterTrading/STOCK_DAY?date=20240901&stockNo=2345&response=json,2024-09-26
2024-09-27,2345,智邦,542.0,548.0,536.0,542.0,4526106.0,2454145896.0,TWSE STOCK_DAY,https://www.twse.com.tw/rwd/zh/afterTrading/STOCK_DAY?date=20240901&stockNo=2345&response=json,2024-09-27
2024-09-30,2345,智邦,530.0,545.0,528.0,532.0,3029800.0,1620333951.0,TWSE STOCK_DAY,https://www.twse.com.tw/rwd/zh/afterTrading/STOCK_DAY?date=20240901&stockNo=2345&response=json,2024-09-30
2024-10-01,2345,智邦,532.0,536.0,517.0,524.0,2313696.0,1213298065.0,TWSE STOCK_DAY,https://www.twse.com.tw/rwd/zh/afterTrading/STOCK_DAY?date=20241001&stockNo=2345&response=json,2024-10-01
2024-10-04,2345,智邦,515.0,528.0,492.0,492.0,5374120.0,2722413414.0,TWSE STOCK_DAY,https://www.twse.com.tw/rwd/zh/afterTrading/STOCK_DAY?date=20241001&stockNo=2345&response=json,2024-10-04
2024-10-07,2345,智邦,507.0,521.0,502.0,506.0,3974192.0,2026616934.0,TWSE STOCK_DAY,https://www.twse.com.tw/rwd/zh/afterTrading/STOCK_DAY?date=20241001&stockNo=2345&response=json,2024-10-07
2024-10-08,2345,智邦,495.5,520.0,495.5,520.0,5994674.0,3066475080.0,TWSE STOCK_DAY,https://www.twse.com.tw/rwd/zh/afterTrading/STOCK_DAY?date=20241001&stockNo=2345&response=json,2024-10-08
2024-10-09,2345,智邦,533.0,549.0,529.0,532.0,5886532.0,3178029248.0,TWSE STOCK_DAY,https://www.twse.com.tw/rwd/zh/afterTrading/STOCK_DAY?date=20241001&stockNo=2345&response=json,2024-10-09
2024-10-11,2345,智邦,527.0,538.0,525.0,537.0,2275294.0,1211906857.0,TWSE STOCK_DAY,https://www.twse.com.tw/rwd/zh/afterTrading/STOCK_DAY?date=20241001&stockNo=2345&response=json,2024-10-11
2024-10-14,2345,智邦,533.0,557.0,532.0,556.0,2606058.0,1430966413.0,TWSE STOCK_DAY,https://www.twse.com.tw/rwd/zh/afterTrading/STOCK_DAY?date=20241001&stockNo=2345&response=json,2024-10-14
2024-10-15,2345,智邦,562.0,562.0,546.0,558.0,2998098.0,1662453601.0,TWSE STOCK_DAY,https://www.twse.com.tw/rwd/zh/afterTrading/STOCK_DAY?date=20241001&stockNo=2345&response=json,2024-10-15
2024-10-16,2345,智邦,546.0,555.0,536.0,554.0,2962421.0,1625990907.0,TWSE STOCK_DAY,https://www.twse.com.tw/rwd/zh/afterTrading/STOCK_DAY?date=20241001&stockNo=2345&response=json,2024-10-16
2024-10-17,2345,智邦,554.0,554.0,540.0,543.0,2465150.0,1341441184.0,TWSE STOCK_DAY,https://www.twse.com.tw/rwd/zh/afterTrading/STOCK_DAY?date=20241001&stockNo=2345&response=json,2024-10-17
2024-10-18,2345,智邦,553.0,576.0,553.0,569.0,5449083.0,3093041776.0,TWSE STOCK_DAY,https://www.twse.com.tw/rwd/zh/afterTrading/STOCK_DAY?date=20241001&stockNo=2345&response=json,2024-10-18
2024-10-21,2345,智邦,563.0,582.0,563.0,578.0,3812997.0,2190548880.0,TWSE STOCK_DAY,https://www.twse.com.tw/rwd/zh/afterTrading/STOCK_DAY?date=20241001&stockNo=2345&response=json,2024-10-21
2024-10-22,2345,智邦,573.0,586.0,568.0,586.0,3737675.0,2162085813.0,TWSE STOCK_DAY,https://www.twse.com.tw/rwd/zh/afterTrading/STOCK_DAY?date=20241001&stockNo=2345&response=json,2024-10-22
2024-10-23,2345,智邦,580.0,585.0,563.0,565.0,2865641.0,1629703581.0,TWSE STOCK_DAY,https://www.twse.com.tw/rwd/zh/afterTrading/STOCK_DAY?date=20241001&stockNo=2345&response=json,2024-10-23
2024-10-24,2345,智邦,562.0,573.0,556.0,570.0,2218262.0,1258040090.0,TWSE STOCK_DAY,https://www.twse.com.tw/rwd/zh/afterTrading/STOCK_DAY?date=20241001&stockNo=2345&response=json,2024-10-24
2024-10-25,2345,智邦,580.0,596.0,577.0,596.0,5449030.0,3223903056.0,TWSE STOCK_DAY,https://www.twse.com.tw/rwd/zh/afterTrading/STOCK_DAY?date=20241001&stockNo=2345&response=json,2024-10-25
2024-10-28,2345,智邦,590.0,598.0,573.0,573.0,4289118.0,2497076105.0,TWSE STOCK_DAY,https://www.twse.com.tw/rwd/zh/afterTrading/STOCK_DAY?date=20241001&stockNo=2345&response=json,2024-10-28
2024-10-29,2345,智邦,567.0,567.0,549.0,553.0,4521159.0,2506025031.0,TWSE STOCK_DAY,https://www.twse.com.tw/rwd/zh/afterTrading/STOCK_DAY?date=20241001&stockNo=2345&response=json,2024-10-29
2024-10-30,2345,智邦,553.0,568.0,548.0,552.0,4432910.0,2466095740.0,TWSE STOCK_DAY,https://www.twse.com.tw/rwd/zh/afterTrading/STOCK_DAY?date=20241001&stockNo=2345&response=json,2024-10-30
2024-11-01,2345,智邦,530.0,553.0,530.0,553.0,4620793.0,2525485322.0,TWSE STOCK_DAY,https://www.twse.com.tw/rwd/zh/afterTrading/STOCK_DAY?date=20241101&stockNo=2345&response=json,2024-11-01
2024-11-04,2345,智邦,553.0,553.0,535.0,542.0,2964068.0,1606704695.0,TWSE STOCK_DAY,https://www.twse.com.tw/rwd/zh/afterTrading/STOCK_DAY?date=20241101&stockNo=2345&response=json,2024-11-04
2024-11-05,2345,智邦,539.0,556.0,539.0,551.0,3862502.0,2120968088.0,TWSE STOCK_DAY,https://www.twse.com.tw/rwd/zh/afterTrading/STOCK_DAY?date=20241101&stockNo=2345&response=json,2024-11-05
2024-11-06,2345,智邦,568.0,586.0,559.0,574.0,5616413.0,3223054307.0,TWSE STOCK_DAY,https://www.twse.com.tw/rwd/zh/afterTrading/STOCK_DAY?date=20241101&stockNo=2345&response=json,2024-11-06
2024-11-07,2345,智邦,572.0,594.0,570.0,588.0,4473589.0,2612522745.0,TWSE STOCK_DAY,https://www.twse.com.tw/rwd/zh/afterTrading/STOCK_DAY?date=20241101&stockNo=2345&response=json,2024-11-07
2024-11-08,2345,智邦,594.0,603.0,579.0,584.0,9124830.0,5369133743.0,TWSE STOCK_DAY,https://www.twse.com.tw/rwd/zh/afterTrading/STOCK_DAY?date=20241101&stockNo=2345&response=json,2024-11-08
2024-11-11,2345,智邦,587.0,599.0,572.0,579.0,3285616.0,1916769892.0,TWSE STOCK_DAY,https://www.twse.com.tw/rwd/zh/afterTrading/STOCK_DAY?date=20241101&stockNo=2345&response=json,2024-11-11
2024-11-12,2345,智邦,575.0,576.0,564.0,564.0,3462271.0,1971107778.0,TWSE STOCK_DAY,https://www.twse.com.tw/rwd/zh/afterTrading/STOCK_DAY?date=20241101&stockNo=2345&response=json,2024-11-12
2024-11-13,2345,智邦,567.0,617.0,567.0,608.0,8029567.0,4812371781.0,TWSE STOCK_DAY,https://www.twse.com.tw/rwd/zh/afterTrading/STOCK_DAY?date=20241101&stockNo=2345&response=json,2024-11-13
2024-11-14,2345,智邦,608.0,622.0,593.0,594.0,4974241.0,3024217484.0,TWSE STOCK_DAY,https://www.twse.com.tw/rwd/zh/afterTrading/STOCK_DAY?date=20241101&stockNo=2345&response=json,2024-11-14
2024-11-15,2345,智邦,600.0,606.0,591.0,600.0,2938458.0,1758198787.0,TWSE STOCK_DAY,https://www.twse.com.tw/rwd/zh/afterTrading/STOCK_DAY?date=20241101&stockNo=2345&response=json,2024-11-15
2024-11-18,2345,智邦,600.0,606.0,590.0,592.0,3970727.0,2372942136.0,TWSE STOCK_DAY,https://www.twse.com.tw/rwd/zh/afterTrading/STOCK_DAY?date=20241101&stockNo=2345&response=json,2024-11-18
2024-11-19,2345,智邦,605.0,612.0,596.0,606.0,2247514.0,1358439667.0,TWSE STOCK_DAY,https://www.twse.com.tw/rwd/zh/afterTrading/STOCK_DAY?date=20241101&stockNo=2345&response=json,2024-11-19
2024-11-20,2345,智邦,606.0,626.0,605.0,625.0,4204044.0,2595501608.0,TWSE STOCK_DAY,https://www.twse.com.tw/rwd/zh/afterTrading/STOCK_DAY?date=20241101&stockNo=2345&response=json,2024-11-20
2024-11-21,2345,智邦,616.0,638.0,606.0,630.0,5380345.0,3357242227.0,TWSE STOCK_DAY,https://www.twse.com.tw/rwd/zh/afterTrading/STOCK_DAY?date=20241101&stockNo=2345&response=json,2024-11-21
2024-11-22,2345,智邦,633.0,662.0,633.0,640.0,5209057.0,3367331724.0,TWSE STOCK_DAY,https://www.twse.com.tw/rwd/zh/afterTrading/STOCK_DAY?date=20241101&stockNo=2345&response=json,2024-11-22
2024-11-25,2345,智邦,646.0,666.0,640.0,640.0,6613545.0,4309480623.0,TWSE STOCK_DAY,https://www.twse.com.tw/rwd/zh/afterTrading/STOCK_DAY?date=20241101&stockNo=2345&response=json,2024-11-25
2024-11-26,2345,智邦,642.0,653.0,632.0,632.0,3665012.0,2353740006.0,TWSE STOCK_DAY,https://www.twse.com.tw/rwd/zh/afterTrading/STOCK_DAY?date=20241101&stockNo=2345&response=json,2024-11-26
2024-11-27,2345,智邦,637.0,675.0,637.0,658.0,8213811.0,5418535074.0,TWSE STOCK_DAY,https://www.twse.com.tw/rwd/zh/afterTrading/STOCK_DAY?date=20241101&stockNo=2345&response=json,2024-11-27
2024-11-28,2345,智邦,659.0,669.0,642.0,647.0,4396733.0,2861191595.0,TWSE STOCK_DAY,https://www.twse.com.tw/rwd/zh/afterTrading/STOCK_DAY?date=20241101&stockNo=2345&response=json,2024-11-28
2024-11-29,2345,智邦,635.0,663.0,634.0,657.0,4082417.0,2659178062.0,TWSE STOCK_DAY,https://www.twse.com.tw/rwd/zh/afterTrading/STOCK_DAY?date=20241101&stockNo=2345&response=json,2024-11-29
2024-12-02,2345,智邦,651.0,722.0,651.0,704.0,12850120.0,9052549187.0,TWSE STOCK_DAY,https://www.twse.com.tw/rwd/zh/afterTrading/STOCK_DAY?date=20241201&stockNo=2345&response=json,2024-12-02
2024-12-03,2345,智邦,718.0,718.0,699.0,708.0,6926459.0,4903866724.0,TWSE STOCK_DAY,https://www.twse.com.tw/rwd/zh/afterTrading/STOCK_DAY?date=20241201&stockNo=2345&response=json,2024-12-03
2024-12-04,2345,智邦,703.0,735.0,703.0,735.0,6189540.0,4457873081.0,TWSE STOCK_DAY,https://www.twse.com.tw/rwd/zh/afterTrading/STOCK_DAY?date=20241201&stockNo=2345&response=json,2024-12-04
2024-12-05,2345,智邦,730.0,733.0,703.0,709.0,8829575.0,6291338604.0,TWSE STOCK_DAY,https://www.twse.com.tw/rwd/zh/afterTrading/STOCK_DAY?date=20241201&stockNo=2345&response=json,2024-12-05
2024-12-06,2345,智邦,720.0,725.0,704.0,705.0,6979389.0,4982929994.0,TWSE STOCK_DAY,https://www.twse.com.tw/rwd/zh/afterTrading/STOCK_DAY?date=20241201&stockNo=2345&response=json,2024-12-06
2024-12-09,2345,智邦,701.0,733.0,701.0,720.0,6887078.0,4969531952.0,TWSE STOCK_DAY,https://www.twse.com.tw/rwd/zh/afterTrading/STOCK_DAY?date=20241201&stockNo=2345&response=json,2024-12-09
2024-12-10,2345,智邦,718.0,734.0,699.0,706.0,7572105.0,5391684146.0,TWSE STOCK_DAY,https://www.twse.com.tw/rwd/zh/afterTrading/STOCK_DAY?date=20241201&stockNo=2345&response=json,2024-12-10
2024-12-11,2345,智邦,708.0,745.0,708.0,730.0,10129731.0,7410047336.0,TWSE STOCK_DAY,https://www.twse.com.tw/rwd/zh/afterTrading/STOCK_DAY?date=20241201&stockNo=2345&response=json,2024-12-11
2024-12-12,2345,智邦,740.0,746.0,712.0,712.0,6898219.0,5012823450.0,TWSE STOCK_DAY,https://www.twse.com.tw/rwd/zh/afterTrading/STOCK_DAY?date=20241201&stockNo=2345&response=json,2024-12-12
2024-12-13,2345,智邦,719.0,762.0,719.0,746.0,11713996.0,8702866051.0,TWSE STOCK_DAY,https://www.twse.com.tw/rwd/zh/afterTrading/STOCK_DAY?date=20241201&stockNo=2345&response=json,2024-12-13
2024-12-16,2345,智邦,752.0,765.0,730.0,736.0,8400916.0,6257800067.0,TWSE STOCK_DAY,https://www.twse.com.tw/rwd/zh/afterTrading/STOCK_DAY?date=20241201&stockNo=2345&response=json,2024-12-16
2024-12-17,2345,智邦,734.0,741.0,725.0,740.0,4781948.0,3508898314.0,TWSE STOCK_DAY,https://www.twse.com.tw/rwd/zh/afterTrading/STOCK_DAY?date=20241201&stockNo=2345&response=json,2024-12-17
2024-12-18,2345,智邦,733.0,737.0,718.0,735.0,4764059.0,3466264822.0,TWSE STOCK_DAY,https://www.twse.com.tw/rwd/zh/afterTrading/STOCK_DAY?date=20241201&stockNo=2345&response=json,2024-12-18
2024-12-19,2345,智邦,715.0,755.0,714.0,742.0,6600977.0,4857086005.0,TWSE STOCK_DAY,https://www.twse.com.tw/rwd/zh/afterTrading/STOCK_DAY?date=20241201&stockNo=2345&response=json,2024-12-19
2024-12-20,2345,智邦,740.0,787.0,740.0,757.0,10810607.0,8283211667.0,TWSE STOCK_DAY,https://www.twse.com.tw/rwd/zh/afterTrading/STOCK_DAY?date=20241201&stockNo=2345&response=json,2024-12-20
2024-12-23,2345,智邦,769.0,772.0,750.0,763.0,3755120.0,2855479012.0,TWSE STOCK_DAY,https://www.twse.com.tw/rwd/zh/afterTrading/STOCK_DAY?date=20241201&stockNo=2345&response=json,2024-12-23
2024-12-24,2345,智邦,767.0,774.0,753.0,755.0,4097990.0,3124982903.0,TWSE STOCK_DAY,https://www.twse.com.tw/rwd/zh/afterTrading/STOCK_DAY?date=20241201&stockNo=2345&response=json,2024-12-24
2024-12-25,2345,智邦,765.0,774.0,752.0,760.0,2934466.0,2234702724.0,TWSE STOCK_DAY,https://www.twse.com.tw/rwd/zh/afterTrading/STOCK_DAY?date=20241201&stockNo=2345&response=json,2024-12-25
2024-12-26,2345,智邦,763.0,765.0,753.0,754.0,2037551.0,1543245929.0,TWSE STOCK_DAY,https://www.twse.com.tw/rwd/zh/afterTrading/STOCK_DAY?date=20241201&stockNo=2345&response=json,2024-12-26
2024-12-27,2345,智邦,754.0,784.0,754.0,777.0,4043832.0,3130656364.0,TWSE STOCK_DAY,https://www.twse.com.tw/rwd/zh/afterTrading/STOCK_DAY?date=20241201&stockNo=2345&response=json,2024-12-27
2024-12-30,2345,智邦,773.0,775.0,760.0,761.0,1589992.0,1216783315.0,TWSE STOCK_DAY,https://www.twse.com.tw/rwd/zh/afterTrading/STOCK_DAY?date=20241201&stockNo=2345&response=json,2024-12-30
2024-12-31,2345,智邦,758.0,787.0,756.0,773.0,3477710.0,2683706411.0,TWSE STOCK_DAY,https://www.twse.com.tw/rwd/zh/afterTrading/STOCK_DAY?date=20241201&stockNo=2345&response=json,2024-12-31
2025-01-02,2345,智邦,769.0,784.0,745.0,754.0,5227858.0,3969736075.0,TWSE STOCK_DAY,https://www.twse.com.tw/rwd/zh/afterTrading/STOCK_DAY?date=20250101&stockNo=2345&response=json,2025-01-02
2025-01-03,2345,智邦,761.0,767.0,749.0,766.0,4391132.0,3337108537.0,TWSE STOCK_DAY,https://www.twse.com.tw/rwd/zh/afterTrading/STOCK_DAY?date=20250101&stockNo=2345&response=json,2025-01-03
2025-01-06,2345,智邦,780.0,781.0,754.0,774.0,4477816.0,3437499705.0,TWSE STOCK_DAY,https://www.twse.com.tw/rwd/zh/afterTrading/STOCK_DAY?date=20250101&stockNo=2345&response=json,2025-01-06
2025-01-07,2345,智邦,776.0,782.0,762.0,766.0,4098054.0,3152007540.0,TWSE STOCK_DAY,https://www.twse.com.tw/rwd/zh/afterTrading/STOCK_DAY?date=20250101&stockNo=2345&response=json,2025-01-07
2025-01-08,2345,智邦,785.0,806.0,755.0,768.0,16413396.0,12766426743.0,TWSE STOCK_DAY,https://www.twse.com.tw/rwd/zh/afterTrading/STOCK_DAY?date=20250101&stockNo=2345&response=json,2025-01-08
2025-01-09,2345,智邦,771.0,780.0,743.0,743.0,5001095.0,3789507177.0,TWSE STOCK_DAY,https://www.twse.com.tw/rwd/zh/afterTrading/STOCK_DAY?date=20250101&stockNo=2345&response=json,2025-01-09
2025-01-10,2345,智邦,746.0,746.0,721.0,729.0,6603539.0,4818479874.0,TWSE STOCK_DAY,https://www.twse.com.tw/rwd/zh/afterTrading/STOCK_DAY?date=20250101&stockNo=2345&response=json,2025-01-10
2025-01-13,2345,智邦,715.0,728.0,690.0,699.0,8128016.0,5730453229.0,TWSE STOCK_DAY,https://www.twse.com.tw/rwd/zh/afterTrading/STOCK_DAY?date=20250101&stockNo=2345&response=json,2025-01-13
2025-01-14,2345,智邦,700.0,743.0,695.0,737.0,6584927.0,4777955699.0,TWSE STOCK_DAY,https://www.twse.com.tw/rwd/zh/afterTrading/STOCK_DAY?date=20250101&stockNo=2345&response=json,2025-01-14
2025-01-15,2345,智邦,735.0,740.0,717.0,724.0,4196892.0,3048656476.0,TWSE STOCK_DAY,https://www.twse.com.tw/rwd/zh/afterTrading/STOCK_DAY?date=20250101&stockNo=2345&response=json,2025-01-15
2025-01-16,2345,智邦,748.0,752.0,728.0,731.0,4476931.0,3308841935.0,TWSE STOCK_DAY,https://www.twse.com.tw/rwd/zh/afterTrading/STOCK_DAY?date=20250101&stockNo=2345&response=json,2025-01-16
2025-01-17,2345,智邦,731.0,737.0,718.0,734.0,2935624.0,2138672270.0,TWSE STOCK_DAY,https://www.twse.com.tw/rwd/zh/afterTrading/STOCK_DAY?date=20250101&stockNo=2345&response=json,2025-01-17
2025-01-20,2345,智邦,728.0,739.0,726.0,736.0,2443232.0,1789131374.0,TWSE STOCK_DAY,https://www.twse.com.tw/rwd/zh/afterTrading/STOCK_DAY?date=20250101&stockNo=2345&response=json,2025-01-20
2025-01-21,2345,智邦,736.0,751.0,732.0,743.0,3470625.0,2582273480.0,TWSE STOCK_DAY,https://www.twse.com.tw/rwd/zh/afterTrading/STOCK_DAY?date=20250101&stockNo=2345&response=json,2025-01-21
2025-01-22,2345,智邦,749.0,768.0,741.0,763.0,6744630.0,5112487754.0,TWSE STOCK_DAY,https://www.twse.com.tw/rwd/zh/afterTrading/STOCK_DAY?date=20250101&stockNo=2345&response=json,2025-01-22
2025-02-03,2345,智邦,700.0,725.0,688.0,714.0,9908554.0,6958189384.0,TWSE STOCK_DAY,https://www.twse.com.tw/rwd/zh/afterTrading/STOCK_DAY?date=20250201&stockNo=2345&response=json,2025-02-03
2025-02-04,2345,智邦,729.0,741.0,720.0,734.0,7324330.0,5346365599.0,TWSE STOCK_DAY,https://www.twse.com.tw/rwd/zh/afterTrading/STOCK_DAY?date=20250201&stockNo=2345&response=json,2025-02-04
2025-02-05,2345,智邦,744.0,760.0,740.0,759.0,4899965.0,3696419804.0,TWSE STOCK_DAY,https://www.twse.com.tw/rwd/zh/afterTrading/STOCK_DAY?date=20250201&stockNo=2345&response=json,2025-02-05
2025-02-06,2345,智邦,765.0,770.0,747.0,759.0,4765786.0,3607246271.0,TWSE STOCK_DAY,https://www.twse.com.tw/rwd/zh/afterTrading/STOCK_DAY?date=20250201&stockNo=2345&response=json,2025-02-06
2025-02-07,2345,智邦,760.0,778.0,755.0,774.0,5059615.0,3879606752.0,TWSE STOCK_DAY,https://www.twse.com.tw/rwd/zh/afterTrading/STOCK_DAY?date=20250201&stockNo=2345&response=json,2025-02-07
2025-02-10,2345,智邦,781.0,781.0,750.0,755.0,4587907.0,3488711020.0,TWSE STOCK_DAY,https://www.twse.com.tw/rwd/zh/afterTrading/STOCK_DAY?date=20250201&stockNo=2345&response=json,2025-02-10
2025-02-11,2345,智邦,760.0,778.0,759.0,773.0,4844210.0,3724061323.0,TWSE STOCK_DAY,https://www.twse.com.tw/rwd/zh/afterTrading/STOCK_DAY?date=20250201&stockNo=2345&response=json,2025-02-11
2025-02-12,2345,智邦,782.0,782.0,732.0,732.0,6525803.0,4900070452.0,TWSE STOCK_DAY,https://www.twse.com.tw/rwd/zh/afterTrading/STOCK_DAY?date=20250201&stockNo=2345&response=json,2025-02-12
2025-02-13,2345,智邦,728.0,741.0,722.0,725.0,6080201.0,4436059684.0,TWSE STOCK_DAY,https://www.twse.com.tw/rwd/zh/afterTrading/STOCK_DAY?date=20250201&stockNo=2345&response=json,2025-02-13
2025-02-14,2345,智邦,725.0,737.0,716.0,725.0,4589555.0,3329193728.0,TWSE STOCK_DAY,https://www.twse.com.tw/rwd/zh/afterTrading/STOCK_DAY?date=20250201&stockNo=2345&response=json,2025-02-14
2025-02-17,2345,智邦,729.0,758.0,729.0,758.0,5114368.0,3822119437.0,TWSE STOCK_DAY,https://www.twse.com.tw/rwd/zh/afterTrading/STOCK_DAY?date=20250201&stockNo=2345&response=json,2025-02-17
2025-02-18,2345,智邦,764.0,767.0,745.0,758.0,2983648.0,2256022746.0,TWSE STOCK_DAY,https://www.twse.com.tw/rwd/zh/afterTrading/STOCK_DAY?date=20250201&stockNo=2345&response=json,2025-02-18
2025-02-19,2345,智邦,700.0,726.0,700.0,713.0,14131004.0,10108669208.0,TWSE STOCK_DAY,https://www.twse.com.tw/rwd/zh/afterTrading/STOCK_DAY?date=20250201&stockNo=2345&response=json,2025-02-19
2025-02-20,2345,智邦,721.0,724.0,706.0,706.0,7878586.0,5630994871.0,TWSE STOCK_DAY,https://www.twse.com.tw/rwd/zh/afterTrading/STOCK_DAY?date=20250201&stockNo=2345&response=json,2025-02-20
2025-02-21,2345,智邦,720.0,733.0,707.0,721.0,9820888.0,7063216390.0,TWSE STOCK_DAY,https://www.twse.com.tw/rwd/zh/afterTrading/STOCK_DAY?date=20250201&stockNo=2345&response=json,2025-02-21
2025-02-24,2345,智邦,698.0,709.0,679.0,705.0,10247928.0,7156104405.0,TWSE STOCK_DAY,https://www.twse.com.tw/rwd/zh/afterTrading/STOCK_DAY?date=20250201&stockNo=2345&response=json,2025-02-24
2025-02-25,2345,智邦,700.0,705.0,678.0,680.0,8004664.0,5497343940.0,TWSE STOCK_DAY,https://www.twse.com.tw/rwd/zh/afterTrading/STOCK_DAY?date=20250201&stockNo=2345&response=json,2025-02-25
2025-02-26,2345,智邦,677.0,697.0,676.0,695.0,5105560.0,3526446148.0,TWSE STOCK_DAY,https://www.twse.com.tw/rwd/zh/afterTrading/STOCK_DAY?date=20250201&stockNo=2345&response=json,2025-02-26
2025-02-27,2345,智邦,700.0,705.0,669.0,673.0,8291139.0,5615210320.0,TWSE STOCK_DAY,https://www.twse.com.tw/rwd/zh/afterTrading/STOCK_DAY?date=20250201&stockNo=2345&response=json,2025-02-27
2025-03-03,2345,智邦,658.0,673.0,656.0,656.0,7377245.0,4886286216.0,TWSE STOCK_DAY,https://www.twse.com.tw/rwd/zh/afterTrading/STOCK_DAY?date=20250301&stockNo=2345&response=json,2025-03-03
2025-03-04,2345,智邦,648.0,682.0,648.0,681.0,7697350.0,5168651346.0,TWSE STOCK_DAY,https://www.twse.com.tw/rwd/zh/afterTrading/STOCK_DAY?date=20250301&stockNo=2345&response=json,2025-03-04
2025-03-05,2345,智邦,690.0,692.0,673.0,687.0,4865577.0,3326127057.0,TWSE STOCK_DAY,https://www.twse.com.tw/rwd/zh/afterTrading/STOCK_DAY?date=20250301&stockNo=2345&response=json,2025-03-05
2025-03-06,2345,智邦,681.0,705.0,681.0,695.0,6926137.0,4810598217.0,TWSE STOCK_DAY,https://www.twse.com.tw/rwd/zh/afterTrading/STOCK_DAY?date=20250301&stockNo=2345&response=json,2025-03-06
2025-03-07,2345,智邦,681.0,686.0,662.0,662.0,9028042.0,6047229512.0,TWSE STOCK_DAY,https://www.twse.com.tw/rwd/zh/afterTrading/STOCK_DAY?date=20250301&stockNo=2345&response=json,2025-03-07
2025-03-10,2345,智邦,658.0,665.0,649.0,649.0,7258471.0,4762066479.0,TWSE STOCK_DAY,https://www.twse.com.tw/rwd/zh/afterTrading/STOCK_DAY?date=20250301&stockNo=2345&response=json,2025-03-10
2025-03-11,2345,智邦,630.0,634.0,613.0,634.0,5422055.0,3384731760.0,TWSE STOCK_DAY,https://www.twse.com.tw/rwd/zh/afterTrading/STOCK_DAY?date=20250301&stockNo=2345&response=json,2025-03-11
2025-03-12,2345,智邦,635.0,651.0,635.0,639.0,3952710.0,2536900225.0,TWSE STOCK_DAY,https://www.twse.com.tw/rwd/zh/afterTrading/STOCK_DAY?date=20250301&stockNo=2345&response=json,2025-03-12
2025-03-13,2345,智邦,653.0,665.0,645.0,650.0,5680807.0,3714659093.0,TWSE STOCK_DAY,https://www.twse.com.tw/rwd/zh/afterTrading/STOCK_DAY?date=20250301&stockNo=2345&response=json,2025-03-13
2025-03-14,2345,智邦,641.0,646.0,605.0,639.0,9123037.0,5752807237.0,TWSE STOCK_DAY,https://www.twse.com.tw/rwd/zh/afterTrading/STOCK_DAY?date=20250301&stockNo=2345&response=json,2025-03-14
2025-03-17,2345,智邦,653.0,661.0,647.0,653.0,3918577.0,2567231852.0,TWSE STOCK_DAY,https://www.twse.com.tw/rwd/zh/afterTrading/STOCK_DAY?date=20250301&stockNo=2345&response=json,2025-03-17
2025-03-18,2345,智邦,660.0,669.0,657.0,667.0,3873778.0,2571225266.0,TWSE STOCK_DAY,https://www.twse.com.tw/rwd/zh/afterTrading/STOCK_DAY?date=20250301&stockNo=2345&response=json,2025-03-18
2025-03-19,2345,智邦,665.0,669.0,642.0,644.0,3636487.0,2369092291.0,TWSE STOCK_DAY,https://www.twse.com.tw/rwd/zh/afterTrading/STOCK_DAY?date=20250301&stockNo=2345&response=json,2025-03-19
2025-03-20,2345,智邦,654.0,660.0,642.0,642.0,3793477.0,2461663377.0,TWSE STOCK_DAY,https://www.twse.com.tw/rwd/zh/afterTrading/STOCK_DAY?date=20250301&stockNo=2345&response=json,2025-03-20
2025-03-21,2345,智邦,650.0,664.0,647.0,663.0,4636102.0,3056270495.0,TWSE STOCK_DAY,https://www.twse.com.tw/rwd/zh/afterTrading/STOCK_DAY?date=20250301&stockNo=2345&response=json,2025-03-21
2025-03-24,2345,智邦,667.0,668.0,643.0,643.0,2031542.0,1327888163.0,TWSE STOCK_DAY,https://www.twse.com.tw/rwd/zh/afterTrading/STOCK_DAY?date=20250301&stockNo=2345&response=json,2025-03-24
2025-03-25,2345,智邦,655.0,664.0,652.0,659.0,2950105.0,1940986836.0,TWSE STOCK_DAY,https://www.twse.com.tw/rwd/zh/afterTrading/STOCK_DAY?date=20250301&stockNo=2345&response=json,2025-03-25
2025-03-26,2345,智邦,656.0,665.0,648.0,655.0,1907968.0,1250486959.0,TWSE STOCK_DAY,https://www.twse.com.tw/rwd/zh/afterTrading/STOCK_DAY?date=20250301&stockNo=2345&response=json,2025-03-26
2025-03-27,2345,智邦,632.0,635.0,616.0,634.0,5739169.0,3593393509.0,TWSE STOCK_DAY,https://www.twse.com.tw/rwd/zh/afterTrading/STOCK_DAY?date=20250301&stockNo=2345&response=json,2025-03-27
2025-03-28,2345,智邦,610.0,627.0,607.0,610.0,4749603.0,2913620977.0,TWSE STOCK_DAY,https://www.twse.com.tw/rwd/zh/afterTrading/STOCK_DAY?date=20250301&stockNo=2345&response=json,2025-03-28
2025-03-31,2345,智邦,586.0,598.0,576.0,576.0,5335222.0,3119172340.0,TWSE STOCK_DAY,https://www.twse.com.tw/rwd/zh/afterTrading/STOCK_DAY?date=20250301&stockNo=2345&response=json,2025-03-31
2025-04-01,2345,智邦,591.0,592.0,580.0,589.0,2476238.0,1454122420.0,TWSE STOCK_DAY,https://www.twse.com.tw/rwd/zh/afterTrading/STOCK_DAY?date=20250401&stockNo=2345&response=json,2025-04-01
2025-04-02,2345,智邦,595.0,607.0,582.0,589.0,3315470.0,1957682487.0,TWSE STOCK_DAY,https://www.twse.com.tw/rwd/zh/afterTrading/STOCK_DAY?date=20250401&stockNo=2345&response=json,2025-04-02
2025-04-07,2345,智邦,531.0,531.0,531.0,531.0,660647.0,350803557.0,TWSE STOCK_DAY,https://www.twse.com.tw/rwd/zh/afterTrading/STOCK_DAY?date=20250401&stockNo=2345&response=json,2025-04-07
2025-04-08,2345,智邦,478.0,489.0,478.0,478.0,7442893.0,3573763423.0,TWSE STOCK_DAY,https://www.twse.com.tw/rwd/zh/afterTrading/STOCK_DAY?date=20250401&stockNo=2345&response=json,2025-04-08
2025-04-09,2345,智邦,442.0,466.0,430.5,435.0,11599946.0,5163920654.0,TWSE STOCK_DAY,https://www.twse.com.tw/rwd/zh/afterTrading/STOCK_DAY?date=20250401&stockNo=2345&response=json,2025-04-09
2025-04-10,2345,智邦,478.5,478.5,478.5,478.5,828819.0,396589591.0,TWSE STOCK_DAY,https://www.twse.com.tw/rwd/zh/afterTrading/STOCK_DAY?date=20250401&stockNo=2345&response=json,2025-04-10
2025-04-11,2345,智邦,480.5,512.0,465.0,509.0,11233578.0,5583051971.0,TWSE STOCK_DAY,https://www.twse.com.tw/rwd/zh/afterTrading/STOCK_DAY?date=20250401&stockNo=2345&response=json,2025-04-11
2025-04-14,2345,智邦,529.0,539.0,519.0,525.0,8958676.0,4727216826.0,TWSE STOCK_DAY,https://www.twse.com.tw/rwd/zh/afterTrading/STOCK_DAY?date=20250401&stockNo=2345&response=json,2025-04-14
2025-04-15,2345,智邦,525.0,550.0,516.0,546.0,4733890.0,2547420948.0,TWSE STOCK_DAY,https://www.twse.com.tw/rwd/zh/afterTrading/STOCK_DAY?date=20250401&stockNo=2345&response=json,2025-04-15
2025-04-16,2345,智邦,544.0,545.0,521.0,521.0,4435834.0,2357089283.0,TWSE STOCK_DAY,https://www.twse.com.tw/rwd/zh/afterTrading/STOCK_DAY?date=20250401&stockNo=2345&response=json,2025-04-16
2025-04-17,2345,智邦,526.0,529.0,514.0,523.0,3648221.0,1903047636.0,TWSE STOCK_DAY,https://www.twse.com.tw/rwd/zh/afterTrading/STOCK_DAY?date=20250401&stockNo=2345&response=json,2025-04-17
2025-04-18,2345,智邦,526.0,535.0,519.0,525.0,1866954.0,982579349.0,TWSE STOCK_DAY,https://www.twse.com.tw/rwd/zh/afterTrading/STOCK_DAY?date=20250401&stockNo=2345&response=json,2025-04-18
2025-04-21,2345,智邦,523.0,523.0,505.0,506.0,2468865.0,1262912459.0,TWSE STOCK_DAY,https://www.twse.com.tw/rwd/zh/afterTrading/STOCK_DAY?date=20250401&stockNo=2345&response=json,2025-04-21
2025-04-22,2345,智邦,490.0,500.0,482.5,484.0,4295903.0,2105037025.0,TWSE STOCK_DAY,https://www.twse.com.tw/rwd/zh/afterTrading/STOCK_DAY?date=20250401&stockNo=2345&response=json,2025-04-22
2025-04-23,2345,智邦,505.0,513.0,499.0,507.0,3826690.0,1938630771.0,TWSE STOCK_DAY,https://www.twse.com.tw/rwd/zh/afterTrading/STOCK_DAY?date=20250401&stockNo=2345&response=json,2025-04-23
2025-04-24,2345,智邦,522.0,524.0,513.0,516.0,3283066.0,1701346350.0,TWSE STOCK_DAY,https://www.twse.com.tw/rwd/zh/afterTrading/STOCK_DAY?date=20250401&stockNo=2345&response=json,2025-04-24
2025-04-25,2345,智邦,540.0,557.0,536.0,552.0,7909049.0,4322187413.0,TWSE STOCK_DAY,https://www.twse.com.tw/rwd/zh/afterTrading/STOCK_DAY?date=20250401&stockNo=2345&response=json,2025-04-25
2025-04-28,2345,智邦,565.0,568.0,554.0,555.0,4625243.0,2589932486.0,TWSE STOCK_DAY,https://www.twse.com.tw/rwd/zh/afterTrading/STOCK_DAY?date=20250401&stockNo=2345&response=json,2025-04-28
2025-04-29,2345,智邦,560.0,598.0,557.0,598.0,6837384.0,3990022843.0,TWSE STOCK_DAY,https://www.twse.com.tw/rwd/zh/afterTrading/STOCK_DAY?date=20250401&stockNo=2345&response=json,2025-04-29
2025-04-30,2345,智邦,593.0,597.0,586.0,594.0,4362459.0,2582444142.0,TWSE STOCK_DAY,https://www.twse.com.tw/rwd/zh/afterTrading/STOCK_DAY?date=20250401&stockNo=2345&response=json,2025-04-30
2025-05-02,2345,智邦,610.0,646.0,608.0,621.0,8430256.0,5261234250.0,TWSE STOCK_DAY,https://www.twse.com.tw/rwd/zh/afterTrading/STOCK_DAY?date=20250501&stockNo=2345&response=json,2025-05-02
2025-05-05,2345,智邦,623.0,629.0,600.0,612.0,4989270.0,3066486176.0,TWSE STOCK_DAY,https://www.twse.com.tw/rwd/zh/afterTrading/STOCK_DAY?date=20250501&stockNo=2345&response=json,2025-05-05
2025-05-06,2345,智邦,615.0,649.0,610.0,638.0,7025766.0,4478332753.0,TWSE STOCK_DAY,https://www.twse.com.tw/rwd/zh/afterTrading/STOCK_DAY?date=20250501&stockNo=2345&response=json,2025-05-06
2025-05-07,2345,智邦,650.0,664.0,627.0,632.0,6607863.0,4246524938.0,TWSE STOCK_DAY,https://www.twse.com.tw/rwd/zh/afterTrading/STOCK_DAY?date=20250501&stockNo=2345&response=json,2025-05-07
2025-05-08,2345,智邦,647.0,652.0,635.0,648.0,4428316.0,2850208482.0,TWSE STOCK_DAY,https://www.twse.com.tw/rwd/zh/afterTrading/STOCK_DAY?date=20250501&stockNo=2345&response=json,2025-05-08
2025-05-09,2345,智邦,676.0,709.0,661.0,666.0,14469504.0,9827756369.0,TWSE STOCK_DAY,https://www.twse.com.tw/rwd/zh/afterTrading/STOCK_DAY?date=20250501&stockNo=2345&response=json,2025-05-09
2025-05-12,2345,智邦,685.0,695.0,670.0,674.0,5291455.0,3596676400.0,TWSE STOCK_DAY,https://www.twse.com.tw/rwd/zh/afterTrading/STOCK_DAY?date=20250501&stockNo=2345&response=json,2025-05-12
2025-05-13,2345,智邦,698.0,699.0,678.0,681.0,5539818.0,3800457005.0,TWSE STOCK_DAY,https://www.twse.com.tw/rwd/zh/afterTrading/STOCK_DAY?date=20250501&stockNo=2345&response=json,2025-05-13
2025-05-14,2345,智邦,691.0,718.0,686.0,718.0,7726710.0,5442733494.0,TWSE STOCK_DAY,https://www.twse.com.tw/rwd/zh/afterTrading/STOCK_DAY?date=20250501&stockNo=2345&response=json,2025-05-14
2025-05-15,2345,智邦,718.0,725.0,713.0,724.0,4397393.0,3165541494.0,TWSE STOCK_DAY,https://www.twse.com.tw/rwd/zh/afterTrading/STOCK_DAY?date=20250501&stockNo=2345&response=json,2025-05-15
2025-05-16,2345,智邦,714.0,720.0,711.0,716.0,2718411.0,1943438694.0,TWSE STOCK_DAY,https://www.twse.com.tw/rwd/zh/afterTrading/STOCK_DAY?date=20250501&stockNo=2345&response=json,2025-05-16
2025-05-19,2345,智邦,711.0,722.0,701.0,705.0,4254912.0,3023376064.0,TWSE STOCK_DAY,https://www.twse.com.tw/rwd/zh/afterTrading/STOCK_DAY?date=20250501&stockNo=2345&response=json,2025-05-19
2025-05-20,2345,智邦,715.0,719.0,701.0,704.0,3192502.0,2256484534.0,TWSE STOCK_DAY,https://www.twse.com.tw/rwd/zh/afterTrading/STOCK_DAY?date=20250501&stockNo=2345&response=json,2025-05-20
2025-05-21,2345,智邦,707.0,738.0,707.0,735.0,6352540.0,4627406470.0,TWSE STOCK_DAY,https://www.twse.com.tw/rwd/zh/afterTrading/STOCK_DAY?date=20250501&stockNo=2345&response=json,2025-05-21
2025-05-22,2345,智邦,730.0,743.0,723.0,743.0,4595935.0,3378776044.0,TWSE STOCK_DAY,https://www.twse.com.tw/rwd/zh/afterTrading/STOCK_DAY?date=20250501&stockNo=2345&response=json,2025-05-22
2025-05-23,2345,智邦,744.0,756.0,723.0,726.0,4147955.0,3042238043.0,TWSE STOCK_DAY,https://www.twse.com.tw/rwd/zh/afterTrading/STOCK_DAY?date=20250501&stockNo=2345&response=json,2025-05-23
2025-05-26,2345,智邦,725.0,747.0,723.0,727.0,3504336.0,2578618107.0,TWSE STOCK_DAY,https://www.twse.com.tw/rwd/zh/afterTrading/STOCK_DAY?date=20250501&stockNo=2345&response=json,2025-05-26
2025-05-27,2345,智邦,725.0,732.0,718.0,721.0,2829872.0,2049294957.0,TWSE STOCK_DAY,https://www.twse.com.tw/rwd/zh/afterTrading/STOCK_DAY?date=20250501&stockNo=2345&response=json,2025-05-27
2025-05-28,2345,智邦,735.0,748.0,732.0,736.0,4604887.0,3404426690.0,TWSE STOCK_DAY,https://www.twse.com.tw/rwd/zh/afterTrading/STOCK_DAY?date=20250501&stockNo=2345&response=json,2025-05-28
2025-05-29,2345,智邦,750.0,752.0,741.0,745.0,5620879.0,4192249990.0,TWSE STOCK_DAY,https://www.twse.com.tw/rwd/zh/afterTrading/STOCK_DAY?date=20250501&stockNo=2345&response=json,2025-05-29
2025-06-02,2345,智邦,742.0,746.0,718.0,725.0,4347890.0,3176065342.0,TWSE STOCK_DAY,https://www.twse.com.tw/rwd/zh/afterTrading/STOCK_DAY?date=20250601&stockNo=2345&response=json,2025-06-02
2025-06-03,2345,智邦,730.0,741.0,723.0,724.0,3541966.0,2586533355.0,TWSE STOCK_DAY,https://www.twse.com.tw/rwd/zh/afterTrading/STOCK_DAY?date=20250601&stockNo=2345&response=json,2025-06-03
2025-06-04,2345,智邦,733.0,748.0,724.0,733.0,5394292.0,3968454117.0,TWSE STOCK_DAY,https://www.twse.com.tw/rwd/zh/afterTrading/STOCK_DAY?date=20250601&stockNo=2345&response=json,2025-06-04
2025-06-05,2345,智邦,730.0,737.0,726.0,733.0,3575380.0,2612827130.0,TWSE STOCK_DAY,https://www.twse.com.tw/rwd/zh/afterTrading/STOCK_DAY?date=20250601&stockNo=2345&response=json,2025-06-05
2025-06-06,2345,智邦,737.0,739.0,719.0,723.0,3717877.0,2699070504.0,TWSE STOCK_DAY,https://www.twse.com.tw/rwd/zh/afterTrading/STOCK_DAY?date=20250601&stockNo=2345&response=json,2025-06-06
2025-06-09,2345,智邦,730.0,747.0,726.0,737.0,4230320.0,3112491542.0,TWSE STOCK_DAY,https://www.twse.com.tw/rwd/zh/afterTrading/STOCK_DAY?date=20250601&stockNo=2345&response=json,2025-06-09
2025-06-10,2345,智邦,740.0,790.0,737.0,786.0,8842961.0,6808057487.0,TWSE STOCK_DAY,https://www.twse.com.tw/rwd/zh/afterTrading/STOCK_DAY?date=20250601&stockNo=2345&response=json,2025-06-10
2025-06-11,2345,智邦,795.0,809.0,792.0,805.0,6282179.0,5031890839.0,TWSE STOCK_DAY,https://www.twse.com.tw/rwd/zh/afterTrading/STOCK_DAY?date=20250601&stockNo=2345&response=json,2025-06-11
2025-06-12,2345,智邦,803.0,812.0,793.0,795.0,3588380.0,2875477274.0,TWSE STOCK_DAY,https://www.twse.com.tw/rwd/zh/afterTrading/STOCK_DAY?date=20250601&stockNo=2345&response=json,2025-06-12
2025-06-13,2345,智邦,800.0,807.0,788.0,797.0,3852008.0,3076740485.0,TWSE STOCK_DAY,https://www.twse.com.tw/rwd/zh/afterTrading/STOCK_DAY?date=20250601&stockNo=2345&response=json,2025-06-13
2025-06-16,2345,智邦,790.0,796.0,783.0,787.0,2828270.0,2229391342.0,TWSE STOCK_DAY,https://www.twse.com.tw/rwd/zh/afterTrading/STOCK_DAY?date=20250601&stockNo=2345&response=json,2025-06-16
2025-06-17,2345,智邦,791.0,791.0,747.0,749.0,8212880.0,6249284718.0,TWSE STOCK_DAY,https://www.twse.com.tw/rwd/zh/afterTrading/STOCK_DAY?date=20250601&stockNo=2345&response=json,2025-06-17
2025-06-18,2345,智邦,745.0,754.0,729.0,730.0,6003036.0,4431851869.0,TWSE STOCK_DAY,https://www.twse.com.tw/rwd/zh/afterTrading/STOCK_DAY?date=20250601&stockNo=2345&response=json,2025-06-18
2025-06-19,2345,智邦,728.0,734.0,713.0,715.0,4697416.0,3379520946.0,TWSE STOCK_DAY,https://www.twse.com.tw/rwd/zh/afterTrading/STOCK_DAY?date=20250601&stockNo=2345&response=json,2025-06-19
2025-06-20,2345,智邦,718.0,731.0,703.0,713.0,5117310.0,3659041891.0,TWSE STOCK_DAY,https://www.twse.com.tw/rwd/zh/afterTrading/STOCK_DAY?date=20250601&stockNo=2345&response=json,2025-06-20
2025-06-23,2345,智邦,704.0,720.0,699.0,714.0,3062879.0,2177700519.0,TWSE STOCK_DAY,https://www.twse.com.tw/rwd/zh/afterTrading/STOCK_DAY?date=20250601&stockNo=2345&response=json,2025-06-23
2025-06-24,2345,智邦,730.0,736.0,721.0,723.0,4379998.0,3179894287.0,TWSE STOCK_DAY,https://www.twse.com.tw/rwd/zh/afterTrading/STOCK_DAY?date=20250601&stockNo=2345&response=json,2025-06-24
2025-06-25,2345,智邦,734.0,749.0,734.0,743.0,4383417.0,3255842035.0,TWSE STOCK_DAY,https://www.twse.com.tw/rwd/zh/afterTrading/STOCK_DAY?date=20250601&stockNo=2345&response=json,2025-06-25
2025-06-26,2345,智邦,754.0,756.0,740.0,743.0,3554212.0,2655045558.0,TWSE STOCK_DAY,https://www.twse.com.tw/rwd/zh/afterTrading/STOCK_DAY?date=20250601&stockNo=2345&response=json,2025-06-26
2025-06-27,2345,智邦,744.0,748.0,729.0,732.0,3025568.0,2226669967.0,TWSE STOCK_DAY,https://www.twse.com.tw/rwd/zh/afterTrading/STOCK_DAY?date=20250601&stockNo=2345&response=json,2025-06-27
2025-06-30,2345,智邦,732.0,739.0,725.0,730.0,3124944.0,2279641576.0,TWSE STOCK_DAY,https://www.twse.com.tw/rwd/zh/afterTrading/STOCK_DAY?date=20250601&stockNo=2345&response=json,2025-06-30
2025-07-01,2345,智邦,736.0,787.0,736.0,763.0,8326535.0,6374889420.0,TWSE STOCK_DAY,https://www.twse.com.tw/rwd/zh/afterTrading/STOCK_DAY?date=20250701&stockNo=2345&response=json,2025-07-01
2025-07-02,2345,智邦,763.0,778.0,758.0,768.0,5103811.0,3907777760.0,TWSE STOCK_DAY,https://www.twse.com.tw/rwd/zh/afterTrading/STOCK_DAY?date=20250701&stockNo=2345&response=json,2025-07-02
2025-07-03,2345,智邦,770.0,781.0,762.0,781.0,4376081.0,3388138152.0,TWSE STOCK_DAY,https://www.twse.com.tw/rwd/zh/afterTrading/STOCK_DAY?date=20250701&stockNo=2345&response=json,2025-07-03
2025-07-04,2345,智邦,785.0,787.0,766.0,768.0,3155380.0,2440042103.0,TWSE STOCK_DAY,https://www.twse.com.tw/rwd/zh/afterTrading/STOCK_DAY?date=20250701&stockNo=2345&response=json,2025-07-04
2025-07-07,2345,智邦,769.0,769.0,727.0,738.0,5079116.0,3753481464.0,TWSE STOCK_DAY,https://www.twse.com.tw/rwd/zh/afterTrading/STOCK_DAY?date=20250701&stockNo=2345&response=json,2025-07-07
2025-07-08,2345,智邦,738.0,762.0,738.0,760.0,3748907.0,2829213932.0,TWSE STOCK_DAY,https://www.twse.com.tw/rwd/zh/afterTrading/STOCK_DAY?date=20250701&stockNo=2345&response=json,2025-07-08
2025-07-09,2345,智邦,791.0,798.0,780.0,796.0,10960427.0,8678929863.0,TWSE STOCK_DAY,https://www.twse.com.tw/rwd/zh/afterTrading/STOCK_DAY?date=20250701&stockNo=2345&response=json,2025-07-09
2025-07-10,2345,智邦,799.0,819.0,791.0,813.0,6766592.0,5462914495.0,TWSE STOCK_DAY,https://www.twse.com.tw/rwd/zh/afterTrading/STOCK_DAY?date=20250701&stockNo=2345&response=json,2025-07-10
2025-07-11,2345,智邦,812.0,813.0,782.0,797.0,6429137.0,5117210880.0,TWSE STOCK_DAY,https://www.twse.com.tw/rwd/zh/afterTrading/STOCK_DAY?date=20250701&stockNo=2345&response=json,2025-07-11
2025-07-14,2345,智邦,791.0,791.0,759.0,761.0,4911412.0,3785275094.0,TWSE STOCK_DAY,https://www.twse.com.tw/rwd/zh/afterTrading/STOCK_DAY?date=20250701&stockNo=2345&response=json,2025-07-14
2025-07-15,2345,智邦,765.0,780.0,765.0,776.0,4502120.0,3492120017.0,TWSE STOCK_DAY,https://www.twse.com.tw/rwd/zh/afterTrading/STOCK_DAY?date=20250701&stockNo=2345&response=json,2025-07-15
2025-07-16,2345,智邦,772.0,783.0,769.0,769.0,4056789.0,3144145470.0,TWSE STOCK_DAY,https://www.twse.com.tw/rwd/zh/afterTrading/STOCK_DAY?date=20250701&stockNo=2345&response=json,2025-07-16
2025-07-17,2345,智邦,776.0,783.0,750.0,764.0,4686304.0,3579005278.0,TWSE STOCK_DAY,https://www.twse.com.tw/rwd/zh/afterTrading/STOCK_DAY?date=20250701&stockNo=2345&response=json,2025-07-17
2025-07-18,2345,智邦,775.0,808.0,768.0,798.0,5365465.0,4240426718.0,TWSE STOCK_DAY,https://www.twse.com.tw/rwd/zh/afterTrading/STOCK_DAY?date=20250701&stockNo=2345&response=json,2025-07-18
2025-07-21,2345,智邦,808.0,808.0,784.0,793.0,4081305.0,3241665127.0,TWSE STOCK_DAY,https://www.twse.com.tw/rwd/zh/afterTrading/STOCK_DAY?date=20250701&stockNo=2345&response=json,2025-07-21
2025-07-22,2345,智邦,799.0,805.0,769.0,769.0,4587677.0,3606204267.0,TWSE STOCK_DAY,https://www.twse.com.tw/rwd/zh/afterTrading/STOCK_DAY?date=20250701&stockNo=2345&response=json,2025-07-22
2025-07-23,2345,智邦,786.0,800.0,770.0,777.0,5022396.0,3931573263.0,TWSE STOCK_DAY,https://www.twse.com.tw/rwd/zh/afterTrading/STOCK_DAY?date=20250701&stockNo=2345&response=json,2025-07-23
2025-07-24,2345,智邦,783.0,790.0,773.0,773.0,3345988.0,2607439749.0,TWSE STOCK_DAY,https://www.twse.com.tw/rwd/zh/afterTrading/STOCK_DAY?date=20250701&stockNo=2345&response=json,2025-07-24
2025-07-25,2345,智邦,780.0,793.0,772.0,793.0,3396865.0,2670326519.0,TWSE STOCK_DAY,https://www.twse.com.tw/rwd/zh/afterTrading/STOCK_DAY?date=20250701&stockNo=2345&response=json,2025-07-25
2025-07-28,2345,智邦,795.0,857.0,791.0,851.0,8102654.0,6747026752.0,TWSE STOCK_DAY,https://www.twse.com.tw/rwd/zh/afterTrading/STOCK_DAY?date=20250701&stockNo=2345&response=json,2025-07-28
2025-07-29,2345,智邦,853.0,864.0,846.0,852.0,5546904.0,4742203455.0,TWSE STOCK_DAY,https://www.twse.com.tw/rwd/zh/afterTrading/STOCK_DAY?date=20250701&stockNo=2345&response=json,2025-07-29
2025-07-30,2345,智邦,857.0,885.0,843.0,843.0,7049482.0,6081723642.0,TWSE STOCK_DAY,https://www.twse.com.tw/rwd/zh/afterTrading/STOCK_DAY?date=20250701&stockNo=2345&response=json,2025-07-30
2025-07-31,2345,智邦,841.0,901.0,841.0,892.0,6490127.0,5728885274.0,TWSE STOCK_DAY,https://www.twse.com.tw/rwd/zh/afterTrading/STOCK_DAY?date=20250701&stockNo=2345&response=json,2025-07-31
2025-08-01,2345,智邦,871.0,889.0,867.0,884.0,5475385.0,4818139396.0,TWSE STOCK_DAY,https://www.twse.com.tw/rwd/zh/afterTrading/STOCK_DAY?date=20250801&stockNo=2345&response=json,2025-08-01
2025-08-04,2345,智邦,876.0,886.0,870.0,885.0,3739411.0,3289857640.0,TWSE STOCK_DAY,https://www.twse.com.tw/rwd/zh/afterTrading/STOCK_DAY?date=20250801&stockNo=2345&response=json,2025-08-04
2025-08-05,2345,智邦,895.0,930.0,893.0,901.0,7526926.0,6845536147.0,TWSE STOCK_DAY,https://www.twse.com.tw/rwd/zh/afterTrading/STOCK_DAY?date=20250801&stockNo=2345&response=json,2025-08-05
2025-08-06,2345,智邦,903.0,923.0,892.0,901.0,5310970.0,4805454892.0,TWSE STOCK_DAY,https://www.twse.com.tw/rwd/zh/afterTrading/STOCK_DAY?date=20250801&stockNo=2345&response=json,2025-08-06
2025-08-07,2345,智邦,920.0,986.0,910.0,975.0,8153810.0,7782427891.0,TWSE STOCK_DAY,https://www.twse.com.tw/rwd/zh/afterTrading/STOCK_DAY?date=20250801&stockNo=2345&response=json,2025-08-07
2025-08-08,2345,智邦,975.0,1000.0,966.0,989.0,7966670.0,7823935302.0,TWSE STOCK_DAY,https://www.twse.com.tw/rwd/zh/afterTrading/STOCK_DAY?date=20250801&stockNo=2345&response=json,2025-08-08
2025-08-11,2345,智邦,989.0,1020.0,988.0,1020.0,4537164.0,4562229516.0,TWSE STOCK_DAY,https://www.twse.com.tw/rwd/zh/afterTrading/STOCK_DAY?date=20250801&stockNo=2345&response=json,2025-08-11
2025-08-12,2345,智邦,1030.0,1030.0,1010.0,1020.0,3006813.0,3064329171.0,TWSE STOCK_DAY,https://www.twse.com.tw/rwd/zh/afterTrading/STOCK_DAY?date=20250801&stockNo=2345&response=json,2025-08-12
2025-08-13,2345,智邦,1030.0,1060.0,1020.0,1045.0,4106241.0,4276347828.0,TWSE STOCK_DAY,https://www.twse.com.tw/rwd/zh/afterTrading/STOCK_DAY?date=20250801&stockNo=2345&response=json,2025-08-13
2025-08-14,2345,智邦,1055.0,1055.0,1015.0,1035.0,4438452.0,4596601520.0,TWSE STOCK_DAY,https://www.twse.com.tw/rwd/zh/afterTrading/STOCK_DAY?date=20250801&stockNo=2345&response=json,2025-08-14
2025-08-15,2345,智邦,1025.0,1050.0,1005.0,1035.0,2980015.0,3089731735.0,TWSE STOCK_DAY,https://www.twse.com.tw/rwd/zh/afterTrading/STOCK_DAY?date=20250801&stockNo=2345&response=json,2025-08-15
2025-08-18,2345,智邦,1045.0,1085.0,1040.0,1080.0,4732042.0,5065417405.0,TWSE STOCK_DAY,https://www.twse.com.tw/rwd/zh/afterTrading/STOCK_DAY?date=20250801&stockNo=2345&response=json,2025-08-18
2025-08-19,2345,智邦,1075.0,1075.0,1005.0,1015.0,5321561.0,5461058535.0,TWSE STOCK_DAY,https://www.twse.com.tw/rwd/zh/afterTrading/STOCK_DAY?date=20250801&stockNo=2345&response=json,2025-08-19
2025-08-20,2345,智邦,967.0,993.0,956.0,956.0,7411887.0,7202959044.0,TWSE STOCK_DAY,https://www.twse.com.tw/rwd/zh/afterTrading/STOCK_DAY?date=20250801&stockNo=2345&response=json,2025-08-20
2025-08-21,2345,智邦,961.0,966.0,940.0,950.0,6187186.0,5888353496.0,TWSE STOCK_DAY,https://www.twse.com.tw/rwd/zh/afterTrading/STOCK_DAY?date=20250801&stockNo=2345&response=json,2025-08-21
2025-08-22,2345,智邦,964.0,970.0,940.0,940.0,4128896.0,3931133735.0,TWSE STOCK_DAY,https://www.twse.com.tw/rwd/zh/afterTrading/STOCK_DAY?date=20250801&stockNo=2345&response=json,2025-08-22
2025-08-25,2345,智邦,961.0,972.0,950.0,962.0,4316425.0,4150411615.0,TWSE STOCK_DAY,https://www.twse.com.tw/rwd/zh/afterTrading/STOCK_DAY?date=20250801&stockNo=2345&response=json,2025-08-25
2025-08-26,2345,智邦,962.0,987.0,942.0,981.0,5767906.0,5574288193.0,TWSE STOCK_DAY,https://www.twse.com.tw/rwd/zh/afterTrading/STOCK_DAY?date=20250801&stockNo=2345&response=json,2025-08-26
2025-08-27,2345,智邦,983.0,994.0,976.0,983.0,3013775.0,2970501149.0,TWSE STOCK_DAY,https://www.twse.com.tw/rwd/zh/afterTrading/STOCK_DAY?date=20250801&stockNo=2345&response=json,2025-08-27
2025-08-28,2345,智邦,986.0,996.0,974.0,984.0,3010774.0,2971902995.0,TWSE STOCK_DAY,https://www.twse.com.tw/rwd/zh/afterTrading/STOCK_DAY?date=20250801&stockNo=2345&response=json,2025-08-28
2025-08-29,2345,智邦,997.0,1045.0,997.0,1015.0,5508276.0,5606899869.0,TWSE STOCK_DAY,https://www.twse.com.tw/rwd/zh/afterTrading/STOCK_DAY?date=20250801&stockNo=2345&response=json,2025-08-29
2025-09-01,2345,智邦,1035.0,1050.0,935.0,944.0,8356646.0,8177192985.0,TWSE STOCK_DAY,https://www.twse.com.tw/rwd/zh/afterTrading/STOCK_DAY?date=20250901&stockNo=2345&response=json,2025-09-01
2025-09-02,2345,智邦,957.0,968.0,945.0,963.0,4337024.0,4153443196.0,TWSE STOCK_DAY,https://www.twse.com.tw/rwd/zh/afterTrading/STOCK_DAY?date=20250901&stockNo=2345&response=json,2025-09-02
2025-09-03,2345,智邦,961.0,975.0,952.0,970.0,3399440.0,3278094337.0,TWSE STOCK_DAY,https://www.twse.com.tw/rwd/zh/afterTrading/STOCK_DAY?date=20250901&stockNo=2345&response=json,2025-09-03
2025-09-04,2345,智邦,985.0,990.0,961.0,975.0,3496523.0,3421692850.0,TWSE STOCK_DAY,https://www.twse.com.tw/rwd/zh/afterTrading/STOCK_DAY?date=20250901&stockNo=2345&response=json,2025-09-04
2025-09-05,2345,智邦,995.0,1025.0,992.0,1020.0,4434047.0,4477155807.0,TWSE STOCK_DAY,https://www.twse.com.tw/rwd/zh/afterTrading/STOCK_DAY?date=20250901&stockNo=2345&response=json,2025-09-05
2025-09-08,2345,智邦,1035.0,1035.0,1000.0,1020.0,4486950.0,4583037495.0,TWSE STOCK_DAY,https://www.twse.com.tw/rwd/zh/afterTrading/STOCK_DAY?date=20250901&stockNo=2345&response=json,2025-09-08
2025-09-09,2345,智邦,1025.0,1040.0,1010.0,1020.0,3806219.0,3907972560.0,TWSE STOCK_DAY,https://www.twse.com.tw/rwd/zh/afterTrading/STOCK_DAY?date=20250901&stockNo=2345&response=json,2025-09-09
2025-09-10,2345,智邦,1050.0,1110.0,1050.0,1090.0,7250097.0,7885285849.0,TWSE STOCK_DAY,https://www.twse.com.tw/rwd/zh/afterTrading/STOCK_DAY?date=20250901&stockNo=2345&response=json,2025-09-10
2025-09-11,2345,智邦,1100.0,1170.0,1090.0,1120.0,9416506.0,10695945755.0,TWSE STOCK_DAY,https://www.twse.com.tw/rwd/zh/afterTrading/STOCK_DAY?date=20250901&stockNo=2345&response=json,2025-09-11
2025-09-12,2345,智邦,1140.0,1145.0,1085.0,1105.0,4094679.0,4545456610.0,TWSE STOCK_DAY,https://www.twse.com.tw/rwd/zh/afterTrading/STOCK_DAY?date=20250901&stockNo=2345&response=json,2025-09-12
2025-09-15,2345,智邦,1100.0,1105.0,1060.0,1070.0,3199619.0,3451501565.0,TWSE STOCK_DAY,https://www.twse.com.tw/rwd/zh/afterTrading/STOCK_DAY?date=20250901&stockNo=2345&response=json,2025-09-15
2025-09-16,2345,智邦,1070.0,1105.0,1060.0,1070.0,3652277.0,3944128665.0,TWSE STOCK_DAY,https://www.twse.com.tw/rwd/zh/afterTrading/STOCK_DAY?date=20250901&stockNo=2345&response=json,2025-09-16
2025-09-17,2345,智邦,1070.0,1085.0,1050.0,1065.0,3018891.0,3220309430.0,TWSE STOCK_DAY,https://www.twse.com.tw/rwd/zh/afterTrading/STOCK_DAY?date=20250901&stockNo=2345&response=json,2025-09-17
2025-09-18,2345,智邦,1060.0,1090.0,1055.0,1080.0,2852245.0,3061063571.0,TWSE STOCK_DAY,https://www.twse.com.tw/rwd/zh/afterTrading/STOCK_DAY?date=20250901&stockNo=2345&response=json,2025-09-18
2025-09-19,2345,智邦,1080.0,1085.0,1010.0,1015.0,7175640.0,7414547910.0,TWSE STOCK_DAY,https://www.twse.com.tw/rwd/zh/afterTrading/STOCK_DAY?date=20250901&stockNo=2345&response=json,2025-09-19
2025-09-22,2345,智邦,1015.0,1020.0,985.0,989.0,5683298.0,5655703367.0,TWSE STOCK_DAY,https://www.twse.com.tw/rwd/zh/afterTrading/STOCK_DAY?date=20250901&stockNo=2345&response=json,2025-09-22
2025-09-23,2345,智邦,992.0,1020.0,992.0,1005.0,4067579.0,4101486022.0,TWSE STOCK_DAY,https://www.twse.com.tw/rwd/zh/afterTrading/STOCK_DAY?date=20250901&stockNo=2345&response=json,2025-09-23
2025-09-24,2345,智邦,1015.0,1020.0,988.0,1005.0,2737685.0,2751695883.0,TWSE STOCK_DAY,https://www.twse.com.tw/rwd/zh/afterTrading/STOCK_DAY?date=20250901&stockNo=2345&response=json,2025-09-24
2025-09-25,2345,智邦,992.0,995.0,975.0,976.0,3363127.0,3310107682.0,TWSE STOCK_DAY,https://www.twse.com.tw/rwd/zh/afterTrading/STOCK_DAY?date=20250901&stockNo=2345&response=json,2025-09-25
2025-09-26,2345,智邦,999.0,1010.0,970.0,984.0,5294217.0,5218742555.0,TWSE STOCK_DAY,https://www.twse.com.tw/rwd/zh/afterTrading/STOCK_DAY?date=20250901&stockNo=2345&response=json,2025-09-26
2025-09-30,2345,智邦,1020.0,1070.0,1010.0,1045.0,6773964.0,7097647200.0,TWSE STOCK_DAY,https://www.twse.com.tw/rwd/zh/afterTrading/STOCK_DAY?date=20250901&stockNo=2345&response=json,2025-09-30
2025-10-01,2345,智邦,1060.0,1065.0,1030.0,1040.0,4080004.0,4270523120.0,TWSE STOCK_DAY,https://www.twse.com.tw/rwd/zh/afterTrading/STOCK_DAY?date=20251001&stockNo=2345&response=json,2025-10-01
2025-10-02,2345,智邦,1075.0,1090.0,1035.0,1075.0,5171322.0,5514716075.0,TWSE STOCK_DAY,https://www.twse.com.tw/rwd/zh/afterTrading/STOCK_DAY?date=20251001&stockNo=2345&response=json,2025-10-02
2025-10-03,2345,智邦,1085.0,1115.0,1070.0,1105.0,4868875.0,5345381139.0,TWSE STOCK_DAY,https://www.twse.com.tw/rwd/zh/afterTrading/STOCK_DAY?date=20251001&stockNo=2345&response=json,2025-10-03
2025-10-07,2345,智邦,1115.0,1130.0,1020.0,1025.0,6300071.0,6648172550.0,TWSE STOCK_DAY,https://www.twse.com.tw/rwd/zh/afterTrading/STOCK_DAY?date=20251001&stockNo=2345&response=json,2025-10-07
2025-10-08,2345,智邦,1035.0,1055.0,1025.0,1045.0,3286879.0,3421571410.0,TWSE STOCK_DAY,https://www.twse.com.tw/rwd/zh/afterTrading/STOCK_DAY?date=20251001&stockNo=2345&response=json,2025-10-08
2025-10-09,2345,智邦,1070.0,1080.0,1040.0,1050.0,3446722.0,3655489210.0,TWSE STOCK_DAY,https://www.twse.com.tw/rwd/zh/afterTrading/STOCK_DAY?date=20251001&stockNo=2345&response=json,2025-10-09
2025-10-13,2345,智邦,1005.0,1040.0,1000.0,1035.0,4085523.0,4181629015.0,TWSE STOCK_DAY,https://www.twse.com.tw/rwd/zh/afterTrading/STOCK_DAY?date=20251001&stockNo=2345&response=json,2025-10-13
2025-10-14,2345,智邦,1050.0,1055.0,1000.0,1000.0,5082279.0,5202073160.0,TWSE STOCK_DAY,https://www.twse.com.tw/rwd/zh/afterTrading/STOCK_DAY?date=20251001&stockNo=2345&response=json,2025-10-14
2025-10-15,2345,智邦,1000.0,1020.0,987.0,1020.0,4825391.0,4862045298.0,TWSE STOCK_DAY,https://www.twse.com.tw/rwd/zh/afterTrading/STOCK_DAY?date=20251001&stockNo=2345&response=json,2025-10-15
2025-10-16,2345,智邦,1025.0,1030.0,998.0,1000.0,3729673.0,3747620000.0,TWSE STOCK_DAY,https://www.twse.com.tw/rwd/zh/afterTrading/STOCK_DAY?date=20251001&stockNo=2345&response=json,2025-10-16
2025-10-17,2345,智邦,1000.0,1005.0,954.0,956.0,7283305.0,7076291793.0,TWSE STOCK_DAY,https://www.twse.com.tw/rwd/zh/afterTrading/STOCK_DAY?date=20251001&stockNo=2345&response=json,2025-10-17
2025-10-20,2345,智邦,966.0,992.0,966.0,979.0,3125920.0,3060078448.0,TWSE STOCK_DAY,https://www.twse.com.tw/rwd/zh/afterTrading/STOCK_DAY?date=20251001&stockNo=2345&response=json,2025-10-20
2025-10-21,2345,智邦,976.0,977.0,960.0,960.0,4167477.0,4032713101.0,TWSE STOCK_DAY,https://www.twse.com.tw/rwd/zh/afterTrading/STOCK_DAY?date=20251001&stockNo=2345&response=json,2025-10-21
2025-10-22,2345,智邦,926.0,934.0,884.0,904.0,13065307.0,11846196904.0,TWSE STOCK_DAY,https://www.twse.com.tw/rwd/zh/afterTrading/STOCK_DAY?date=20251001&stockNo=2345&response=json,2025-10-22
2025-10-23,2345,智邦,904.0,945.0,904.0,934.0,5763013.0,5353035977.0,TWSE STOCK_DAY,https://www.twse.com.tw/rwd/zh/afterTrading/STOCK_DAY?date=20251001&stockNo=2345&response=json,2025-10-23
2025-10-27,2345,智邦,970.0,971.0,956.0,962.0,4805585.0,4632058738.0,TWSE STOCK_DAY,https://www.twse.com.tw/rwd/zh/afterTrading/STOCK_DAY?date=20251001&stockNo=2345&response=json,2025-10-27
2025-10-28,2345,智邦,959.0,987.0,959.0,965.0,4823859.0,4684943916.0,TWSE STOCK_DAY,https://www.twse.com.tw/rwd/zh/afterTrading/STOCK_DAY?date=20251001&stockNo=2345&response=json,2025-10-28
2025-10-29,2345,智邦,970.0,990.0,964.0,973.0,4580387.0,4467562801.0,TWSE STOCK_DAY,https://www.twse.com.tw/rwd/zh/afterTrading/STOCK_DAY?date=20251001&stockNo=2345&response=json,2025-10-29
2025-10-30,2345,智邦,987.0,1030.0,983.0,1020.0,7378885.0,7434452652.0,TWSE STOCK_DAY,https://www.twse.com.tw/rwd/zh/afterTrading/STOCK_DAY?date=20251001&stockNo=2345&response=json,2025-10-30
2025-10-31,2345,智邦,1055.0,1105.0,1035.0,1080.0,10011411.0,10784205800.0,TWSE STOCK_DAY,https://www.twse.com.tw/rwd/zh/afterTrading/STOCK_DAY?date=20251001&stockNo=2345&response=json,2025-10-31
2025-11-03,2345,智邦,1075.0,1090.0,1065.0,1075.0,4831461.0,5198147055.0,TWSE STOCK_DAY,https://www.twse.com.tw/rwd/zh/afterTrading/STOCK_DAY?date=20251101&stockNo=2345&response=json,2025-11-03
2025-11-04,2345,智邦,1145.0,1180.0,1120.0,1150.0,12623495.0,14707424740.0,TWSE STOCK_DAY,https://www.twse.com.tw/rwd/zh/afterTrading/STOCK_DAY?date=20251101&stockNo=2345&response=json,2025-11-04
2025-11-05,2345,智邦,1095.0,1100.0,1035.0,1045.0,10947428.0,11613892040.0,TWSE STOCK_DAY,https://www.twse.com.tw/rwd/zh/afterTrading/STOCK_DAY?date=20251101&stockNo=2345&response=json,2025-11-05
2025-11-06,2345,智邦,1060.0,1085.0,1045.0,1055.0,5986345.0,6377614835.0,TWSE STOCK_DAY,https://www.twse.com.tw/rwd/zh/afterTrading/STOCK_DAY?date=20251101&stockNo=2345&response=json,2025-11-06
2025-11-07,2345,智邦,1065.0,1080.0,1000.0,1005.0,7291182.0,7440285735.0,TWSE STOCK_DAY,https://www.twse.com.tw/rwd/zh/afterTrading/STOCK_DAY?date=20251101&stockNo=2345&response=json,2025-11-07
2025-11-10,2345,智邦,994.0,1030.0,992.0,998.0,5938489.0,5960426534.0,TWSE STOCK_DAY,https://www.twse.com.tw/rwd/zh/afterTrading/STOCK_DAY?date=20251101&stockNo=2345&response=json,2025-11-10
2025-11-11,2345,智邦,1010.0,1010.0,979.0,979.0,5088593.0,5045456564.0,TWSE STOCK_DAY,https://www.twse.com.tw/rwd/zh/afterTrading/STOCK_DAY?date=20251101&stockNo=2345&response=json,2025-11-11
2025-11-12,2345,智邦,985.0,999.0,957.0,983.0,5791879.0,5669031086.0,TWSE STOCK_DAY,https://www.twse.com.tw/rwd/zh/afterTrading/STOCK_DAY?date=20251101&stockNo=2345&response=json,2025-11-12
2025-11-13,2345,智邦,980.0,996.0,974.0,980.0,3018194.0,2969770852.0,TWSE STOCK_DAY,https://www.twse.com.tw/rwd/zh/afterTrading/STOCK_DAY?date=20251101&stockNo=2345&response=json,2025-11-13
2025-11-14,2345,智邦,965.0,1005.0,965.0,983.0,5212674.0,5150472380.0,TWSE STOCK_DAY,https://www.twse.com.tw/rwd/zh/afterTrading/STOCK_DAY?date=20251101&stockNo=2345&response=json,2025-11-14
2025-11-17,2345,智邦,999.0,1020.0,985.0,998.0,3518543.0,3520451073.0,TWSE STOCK_DAY,https://www.twse.com.tw/rwd/zh/afterTrading/STOCK_DAY?date=20251101&stockNo=2345&response=json,2025-11-17
2025-11-18,2345,智邦,996.0,996.0,919.0,921.0,9752781.0,9149513531.0,TWSE STOCK_DAY,https://www.twse.com.tw/rwd/zh/afterTrading/STOCK_DAY?date=20251101&stockNo=2345&response=json,2025-11-18
2025-11-19,2345,智邦,912.0,940.0,912.0,914.0,4332190.0,3998842472.0,TWSE STOCK_DAY,https://www.twse.com.tw/rwd/zh/afterTrading/STOCK_DAY?date=20251101&stockNo=2345&response=json,2025-11-19
2025-11-20,2345,智邦,958.0,964.0,938.0,945.0,4158187.0,3949850309.0,TWSE STOCK_DAY,https://www.twse.com.tw/rwd/zh/afterTrading/STOCK_DAY?date=20251101&stockNo=2345&response=json,2025-11-20
2025-11-21,2345,智邦,913.0,919.0,888.0,907.0,6647068.0,5986305598.0,TWSE STOCK_DAY,https://www.twse.com.tw/rwd/zh/afterTrading/STOCK_DAY?date=20251101&stockNo=2345&response=json,2025-11-21
2025-11-24,2345,智邦,914.0,952.0,911.0,944.0,5409211.0,5060736164.0,TWSE STOCK_DAY,https://www.twse.com.tw/rwd/zh/afterTrading/STOCK_DAY?date=20251101&stockNo=2345&response=json,2025-11-24
2025-11-25,2345,智邦,966.0,971.0,939.0,965.0,5354797.0,5135571416.0,TWSE STOCK_DAY,https://www.twse.com.tw/rwd/zh/afterTrading/STOCK_DAY?date=20251101&stockNo=2345&response=json,2025-11-25
2025-11-26,2345,智邦,985.0,999.0,975.0,999.0,3873724.0,3822523801.0,TWSE STOCK_DAY,https://www.twse.com.tw/rwd/zh/afterTrading/STOCK_DAY?date=20251101&stockNo=2345&response=json,2025-11-26
2025-11-27,2345,智邦,1025.0,1080.0,1015.0,1030.0,8314814.0,8666550755.0,TWSE STOCK_DAY,https://www.twse.com.tw/rwd/zh/afterTrading/STOCK_DAY?date=20251101&stockNo=2345&response=json,2025-11-27
2025-11-28,2345,智邦,1030.0,1040.0,1010.0,1025.0,4688223.0,4808715030.0,TWSE STOCK_DAY,https://www.twse.com.tw/rwd/zh/afterTrading/STOCK_DAY?date=20251101&stockNo=2345&response=json,2025-11-28
2025-12-01,2345,智邦,1035.0,1060.0,1000.0,1020.0,7069203.0,7281765005.0,TWSE STOCK_DAY,https://www.twse.com.tw/rwd/zh/afterTrading/STOCK_DAY?date=20251201&stockNo=2345&response=json,2025-12-01
2025-12-02,2345,智邦,1045.0,1075.0,1035.0,1050.0,6741724.0,7077912750.0,TWSE STOCK_DAY,https://www.twse.com.tw/rwd/zh/afterTrading/STOCK_DAY?date=20251201&stockNo=2345&response=json,2025-12-02
2025-12-03,2345,智邦,1060.0,1065.0,985.0,986.0,6774557.0,6819841677.0,TWSE STOCK_DAY,https://www.twse.com.tw/rwd/zh/afterTrading/STOCK_DAY?date=20251201&stockNo=2345&response=json,2025-12-03
2025-12-04,2345,智邦,989.0,992.0,965.0,965.0,4742665.0,4618387931.0,TWSE STOCK_DAY,https://www.twse.com.tw/rwd/zh/afterTrading/STOCK_DAY?date=20251201&stockNo=2345&response=json,2025-12-04
2025-12-05,2345,智邦,974.0,995.0,951.0,990.0,4700921.0,4587461642.0,TWSE STOCK_DAY,https://www.twse.com.tw/rwd/zh/afterTrading/STOCK_DAY?date=20251201&stockNo=2345&response=json,2025-12-05
2025-12-08,2345,智邦,994.0,1005.0,977.0,977.0,4168557.0,4115348034.0,TWSE STOCK_DAY,https://www.twse.com.tw/rwd/zh/afterTrading/STOCK_DAY?date=20251201&stockNo=2345&response=json,2025-12-08
2025-12-09,2345,智邦,994.0,1055.0,991.0,995.0,10648469.0,10834244503.0,TWSE STOCK_DAY,https://www.twse.com.tw/rwd/zh/afterTrading/STOCK_DAY?date=20251201&stockNo=2345&response=json,2025-12-09
2025-12-10,2345,智邦,1045.0,1090.0,1045.0,1090.0,12245842.0,13193120350.0,TWSE STOCK_DAY,https://www.twse.com.tw/rwd/zh/afterTrading/STOCK_DAY?date=20251201&stockNo=2345&response=json,2025-12-10
2025-12-11,2345,智邦,1120.0,1195.0,1115.0,1135.0,16597109.0,19253357130.0,TWSE STOCK_DAY,https://www.twse.com.tw/rwd/zh/afterTrading/STOCK_DAY?date=20251201&stockNo=2345&response=json,2025-12-11
2025-12-12,2345,智邦,1160.0,1160.0,1120.0,1155.0,5584329.0,6373395570.0,TWSE STOCK_DAY,https://www.twse.com.tw/rwd/zh/afterTrading/STOCK_DAY?date=20251201&stockNo=2345&response=json,2025-12-12
2025-12-15,2345,智邦,1100.0,1215.0,1095.0,1210.0,9081714.0,10638471450.0,TWSE STOCK_DAY,https://www.twse.com.tw/rwd/zh/afterTrading/STOCK_DAY?date=20251201&stockNo=2345&response=json,2025-12-15
2025-12-16,2345,智邦,1185.0,1190.0,1130.0,1160.0,8153657.0,9478142245.0,TWSE STOCK_DAY,https://www.twse.com.tw/rwd/zh/afterTrading/STOCK_DAY?date=20251201&stockNo=2345&response=json,2025-12-16
2025-12-17,2345,智邦,1160.0,1205.0,1140.0,1185.0,6644754.0,7843664980.0,TWSE STOCK_DAY,https://www.twse.com.tw/rwd/zh/afterTrading/STOCK_DAY?date=20251201&stockNo=2345&response=json,2025-12-17
2025-12-18,2345,智邦,1165.0,1185.0,1155.0,1180.0,4629909.0,5429810565.0,TWSE STOCK_DAY,https://www.twse.com.tw/rwd/zh/afterTrading/STOCK_DAY?date=20251201&stockNo=2345&response=json,2025-12-18
2025-12-19,2345,智邦,1200.0,1210.0,1165.0,1175.0,6311693.0,7439714885.0,TWSE STOCK_DAY,https://www.twse.com.tw/rwd/zh/afterTrading/STOCK_DAY?date=20251201&stockNo=2345&response=json,2025-12-19
2025-12-22,2345,智邦,1180.0,1215.0,1145.0,1170.0,4448509.0,5201361690.0,TWSE STOCK_DAY,https://www.twse.com.tw/rwd/zh/afterTrading/STOCK_DAY?date=20251201&stockNo=2345&response=json,2025-12-22
2025-12-23,2345,智邦,1175.0,1205.0,1170.0,1185.0,3032302.0,3598565835.0,TWSE STOCK_DAY,https://www.twse.com.tw/rwd/zh/afterTrading/STOCK_DAY?date=20251201&stockNo=2345&response=json,2025-12-23
2025-12-24,2345,智邦,1200.0,1230.0,1185.0,1190.0,4707677.0,5677653305.0,TWSE STOCK_DAY,https://www.twse.com.tw/rwd/zh/afterTrading/STOCK_DAY?date=20251201&stockNo=2345&response=json,2025-12-24
2025-12-26,2345,智邦,1205.0,1215.0,1180.0,1215.0,2702035.0,3237164655.0,TWSE STOCK_DAY,https://www.twse.com.tw/rwd/zh/afterTrading/STOCK_DAY?date=20251201&stockNo=2345&response=json,2025-12-26
2025-12-29,2345,智邦,1230.0,1230.0,1185.0,1215.0,3297684.0,3980759400.0,TWSE STOCK_DAY,https://www.twse.com.tw/rwd/zh/afterTrading/STOCK_DAY?date=20251201&stockNo=2345&response=json,2025-12-29
2025-12-30,2345,智邦,1200.0,1210.0,1190.0,1190.0,2071470.0,2483425040.0,TWSE STOCK_DAY,https://www.twse.com.tw/rwd/zh/afterTrading/STOCK_DAY?date=20251201&stockNo=2345&response=json,2025-12-30
2025-12-31,2345,智邦,1190.0,1195.0,1165.0,1185.0,3320103.0,3924799740.0,TWSE STOCK_DAY,https://www.twse.com.tw/rwd/zh/afterTrading/STOCK_DAY?date=20251201&stockNo=2345&response=json,2025-12-31
2026-01-02,2345,智邦,1190.0,1190.0,1145.0,1145.0,4120258.0,4764707735.0,TWSE STOCK_DAY,https://www.twse.com.tw/rwd/zh/afterTrading/STOCK_DAY?date=20260101&stockNo=2345&response=json,2026-01-02
2026-01-05,2345,智邦,1145.0,1200.0,1145.0,1185.0,5294117.0,6256405230.0,TWSE STOCK_DAY,https://www.twse.com.tw/rwd/zh/afterTrading/STOCK_DAY?date=20260101&stockNo=2345&response=json,2026-01-05
2026-01-06,2345,智邦,1195.0,1270.0,1185.0,1240.0,6798559.0,8394245910.0,TWSE STOCK_DAY,https://www.twse.com.tw/rwd/zh/afterTrading/STOCK_DAY?date=20260101&stockNo=2345&response=json,2026-01-06
2026-01-07,2345,智邦,1265.0,1265.0,1190.0,1205.0,4013280.0,4861299360.0,TWSE STOCK_DAY,https://www.twse.com.tw/rwd/zh/afterTrading/STOCK_DAY?date=20260101&stockNo=2345&response=json,2026-01-07
2026-01-08,2345,智邦,1235.0,1270.0,1195.0,1265.0,7786306.0,9656480519.0,TWSE STOCK_DAY,https://www.twse.com.tw/rwd/zh/afterTrading/STOCK_DAY?date=20260101&stockNo=2345&response=json,2026-01-08
2026-01-09,2345,智邦,1250.0,1320.0,1210.0,1215.0,9091786.0,11380652640.0,TWSE STOCK_DAY,https://www.twse.com.tw/rwd/zh/afterTrading/STOCK_DAY?date=20260101&stockNo=2345&response=json,2026-01-09
2026-01-12,2345,智邦,1235.0,1240.0,1180.0,1205.0,4120740.0,4959339110.0,TWSE STOCK_DAY,https://www.twse.com.tw/rwd/zh/afterTrading/STOCK_DAY?date=20260101&stockNo=2345&response=json,2026-01-12
2026-01-13,2345,智邦,1225.0,1245.0,1170.0,1180.0,4446910.0,5295539975.0,TWSE STOCK_DAY,https://www.twse.com.tw/rwd/zh/afterTrading/STOCK_DAY?date=20260101&stockNo=2345&response=json,2026-01-13
2026-01-14,2345,智邦,1205.0,1225.0,1185.0,1215.0,3274971.0,3965142725.0,TWSE STOCK_DAY,https://www.twse.com.tw/rwd/zh/afterTrading/STOCK_DAY?date=20260101&stockNo=2345&response=json,2026-01-14
2026-01-15,2345,智邦,1225.0,1285.0,1215.0,1240.0,7324019.0,9189020100.0,TWSE STOCK_DAY,https://www.twse.com.tw/rwd/zh/afterTrading/STOCK_DAY?date=20260101&stockNo=2345&response=json,2026-01-15
2026-01-16,2345,智邦,1265.0,1270.0,1220.0,1230.0,3473159.0,4297930990.0,TWSE STOCK_DAY,https://www.twse.com.tw/rwd/zh/afterTrading/STOCK_DAY?date=20260101&stockNo=2345&response=json,2026-01-16
2026-01-19,2345,智邦,1230.0,1235.0,1160.0,1165.0,4631438.0,5474751990.0,TWSE STOCK_DAY,https://www.twse.com.tw/rwd/zh/afterTrading/STOCK_DAY?date=20260101&stockNo=2345&response=json,2026-01-19
2026-01-20,2345,智邦,1165.0,1220.0,1160.0,1185.0,3573823.0,4261251853.0,TWSE STOCK_DAY,https://www.twse.com.tw/rwd/zh/afterTrading/STOCK_DAY?date=20260101&stockNo=2345&response=json,2026-01-20
2026-01-21,2345,智邦,1175.0,1230.0,1150.0,1150.0,3893637.0,4620058965.0,TWSE STOCK_DAY,https://www.twse.com.tw/rwd/zh/afterTrading/STOCK_DAY?date=20260101&stockNo=2345&response=json,2026-01-21
2026-01-22,2345,智邦,1185.0,1195.0,1125.0,1150.0,7228506.0,8349187990.0,TWSE STOCK_DAY,https://www.twse.com.tw/rwd/zh/afterTrading/STOCK_DAY?date=20260101&stockNo=2345&response=json,2026-01-22
2026-01-23,2345,智邦,1175.0,1190.0,1145.0,1175.0,4301221.0,5013380310.0,TWSE STOCK_DAY,https://www.twse.com.tw/rwd/zh/afterTrading/STOCK_DAY?date=20260101&stockNo=2345&response=json,2026-01-23
2026-01-26,2345,智邦,1185.0,1185.0,1135.0,1150.0,4773611.0,5486401285.0,TWSE STOCK_DAY,https://www.twse.com.tw/rwd/zh/afterTrading/STOCK_DAY?date=20260101&stockNo=2345&response=json,2026-01-26
2026-01-27,2345,智邦,1160.0,1195.0,1155.0,1155.0,3771267.0,4411664885.0,TWSE STOCK_DAY,https://www.twse.com.tw/rwd/zh/afterTrading/STOCK_DAY?date=20260101&stockNo=2345&response=json,2026-01-27
2026-01-28,2345,智邦,1180.0,1190.0,1150.0,1170.0,3406180.0,3973258445.0,TWSE STOCK_DAY,https://www.twse.com.tw/rwd/zh/afterTrading/STOCK_DAY?date=20260101&stockNo=2345&response=json,2026-01-28
2026-01-29,2345,智邦,1165.0,1195.0,1135.0,1170.0,4811517.0,5623079220.0,TWSE STOCK_DAY,https://www.twse.com.tw/rwd/zh/afterTrading/STOCK_DAY?date=20260101&stockNo=2345&response=json,2026-01-29
2026-01-30,2345,智邦,1175.0,1180.0,1110.0,1115.0,4328349.0,4889050220.0,TWSE STOCK_DAY,https://www.twse.com.tw/rwd/zh/afterTrading/STOCK_DAY?date=20260101&stockNo=2345&response=json,2026-01-30
2026-02-02,2345,智邦,1100.0,1160.0,1100.0,1140.0,4368011.0,4977238780.0,TWSE STOCK_DAY,https://www.twse.com.tw/rwd/zh/afterTrading/STOCK_DAY?date=20260201&stockNo=2345&response=json,2026-02-02
2026-02-03,2345,智邦,1190.0,1205.0,1160.0,1185.0,5512844.0,6538168795.0,TWSE STOCK_DAY,https://www.twse.com.tw/rwd/zh/afterTrading/STOCK_DAY?date=20260201&stockNo=2345&response=json,2026-02-03
2026-02-04,2345,智邦,1155.0,1190.0,1140.0,1185.0,3351774.0,3917622970.0,TWSE STOCK_DAY,https://www.twse.com.tw/rwd/zh/afterTrading/STOCK_DAY?date=20260201&stockNo=2345&response=json,2026-02-04
2026-02-05,2345,智邦,1170.0,1185.0,1125.0,1125.0,3576402.0,4112151480.0,TWSE STOCK_DAY,https://www.twse.com.tw/rwd/zh/afterTrading/STOCK_DAY?date=20260201&stockNo=2345&response=json,2026-02-05
2026-02-06,2345,智邦,1125.0,1195.0,1090.0,1190.0,5997300.0,6942039280.0,TWSE STOCK_DAY,https://www.twse.com.tw/rwd/zh/afterTrading/STOCK_DAY?date=20260201&stockNo=2345&response=json,2026-02-06
2026-02-09,2345,智邦,1270.0,1305.0,1245.0,1305.0,8165564.0,10446468375.0,TWSE STOCK_DAY,https://www.twse.com.tw/rwd/zh/afterTrading/STOCK_DAY?date=20260201&stockNo=2345&response=json,2026-02-09
2026-02-10,2345,智邦,1365.0,1395.0,1325.0,1390.0,9630459.0,13137197460.0,TWSE STOCK_DAY,https://www.twse.com.tw/rwd/zh/afterTrading/STOCK_DAY?date=20260201&stockNo=2345&response=json,2026-02-10
2026-02-11,2345,智邦,1355.0,1455.0,1355.0,1450.0,7612726.0,10842388375.0,TWSE STOCK_DAY,https://www.twse.com.tw/rwd/zh/afterTrading/STOCK_DAY?date=20260201&stockNo=2345&response=json,2026-02-11
2026-02-23,2345,智邦,1475.0,1480.0,1355.0,1400.0,7796001.0,10943691810.0,TWSE STOCK_DAY,https://www.twse.com.tw/rwd/zh/afterTrading/STOCK_DAY?date=20260201&stockNo=2345&response=json,2026-02-23
2026-02-24,2345,智邦,1405.0,1440.0,1385.0,1405.0,3441769.0,4862593915.0,TWSE STOCK_DAY,https://www.twse.com.tw/rwd/zh/afterTrading/STOCK_DAY?date=20260201&stockNo=2345&response=json,2026-02-24
2026-02-25,2345,智邦,1410.0,1495.0,1405.0,1450.0,4862429.0,7087602720.0,TWSE STOCK_DAY,https://www.twse.com.tw/rwd/zh/afterTrading/STOCK_DAY?date=20260201&stockNo=2345&response=json,2026-02-25
2026-02-26,2345,智邦,1450.0,1460.0,1400.0,1400.0,5719491.0,8113457350.0,TWSE STOCK_DAY,https://www.twse.com.tw/rwd/zh/afterTrading/STOCK_DAY?date=20260201&stockNo=2345&response=json,2026-02-26
2026-03-02,2345,智邦,1360.0,1435.0,1360.0,1415.0,4142561.0,5844537320.0,TWSE STOCK_DAY,https://www.twse.com.tw/rwd/zh/afterTrading/STOCK_DAY?date=20260301&stockNo=2345&response=json,2026-03-02
2026-03-03,2345,智邦,1415.0,1475.0,1415.0,1420.0,4810084.0,6940928660.0,TWSE STOCK_DAY,https://www.twse.com.tw/rwd/zh/afterTrading/STOCK_DAY?date=20260301&stockNo=2345&response=json,2026-03-03
2026-03-04,2345,智邦,1360.0,1380.0,1290.0,1305.0,5102273.0,6760425930.0,TWSE STOCK_DAY,https://www.twse.com.tw/rwd/zh/afterTrading/STOCK_DAY?date=20260301&stockNo=2345&response=json,2026-03-04
2026-03-05,2345,智邦,1375.0,1435.0,1350.0,1420.0,4477821.0,6258603705.0,TWSE STOCK_DAY,https://www.twse.com.tw/rwd/zh/afterTrading/STOCK_DAY?date=20260301&stockNo=2345&response=json,2026-03-05
2026-03-06,2345,智邦,1435.0,1515.0,1415.0,1465.0,6338751.0,9360000880.0,TWSE STOCK_DAY,https://www.twse.com.tw/rwd/zh/afterTrading/STOCK_DAY?date=20260301&stockNo=2345&response=json,2026-03-06
2026-03-09,2345,智邦,1355.0,1380.0,1330.0,1380.0,5813708.0,7865151440.0,TWSE STOCK_DAY,https://www.twse.com.tw/rwd/zh/afterTrading/STOCK_DAY?date=20260301&stockNo=2345&response=json,2026-03-09
2026-03-10,2345,智邦,1430.0,1455.0,1400.0,1435.0,5374084.0,7672020655.0,TWSE STOCK_DAY,https://www.twse.com.tw/rwd/zh/afterTrading/STOCK_DAY?date=20260301&stockNo=2345&response=json,2026-03-10
2026-03-11,2345,智邦,1505.0,1515.0,1465.0,1485.0,4197255.0,6256262779.0,TWSE STOCK_DAY,https://www.twse.com.tw/rwd/zh/afterTrading/STOCK_DAY?date=20260301&stockNo=2345&response=json,2026-03-11
2026-03-12,2345,智邦,1470.0,1510.0,1445.0,1505.0,4026146.0,5959729121.0,TWSE STOCK_DAY,https://www.twse.com.tw/rwd/zh/afterTrading/STOCK_DAY?date=20260301&stockNo=2345&response=json,2026-03-12
2026-03-13,2345,智邦,1480.0,1490.0,1420.0,1420.0,6551351.0,9503071545.0,TWSE STOCK_DAY,https://www.twse.com.tw/rwd/zh/afterTrading/STOCK_DAY?date=20260301&stockNo=2345&response=json,2026-03-13
2026-03-16,2345,智邦,1435.0,1445.0,1380.0,1390.0,4426977.0,6206293105.0,TWSE STOCK_DAY,https://www.twse.com.tw/rwd/zh/afterTrading/STOCK_DAY?date=20260301&stockNo=2345&response=json,2026-03-16
2026-03-17,2345,智邦,1420.0,1465.0,1420.0,1455.0,3563204.0,5159444565.0,TWSE STOCK_DAY,https://www.twse.com.tw/rwd/zh/afterTrading/STOCK_DAY?date=20260301&stockNo=2345&response=json,2026-03-17
2026-03-18,2345,智邦,1470.0,1600.0,1465.0,1600.0,8456080.0,13172891465.0,TWSE STOCK_DAY,https://www.twse.com.tw/rwd/zh/afterTrading/STOCK_DAY?date=20260301&stockNo=2345&response=json,2026-03-18
2026-03-19,2345,智邦,1585.0,1620.0,1560.0,1590.0,7188691.0,11445614540.0,TWSE STOCK_DAY,https://www.twse.com.tw/rwd/zh/afterTrading/STOCK_DAY?date=20260301&stockNo=2345&response=json,2026-03-19
2026-03-20,2345,智邦,1610.0,1675.0,1580.0,1610.0,5787071.0,9414436075.0,TWSE STOCK_DAY,https://www.twse.com.tw/rwd/zh/afterTrading/STOCK_DAY?date=20260301&stockNo=2345&response=json,2026-03-20
2026-03-23,2345,智邦,1540.0,1610.0,1535.0,1565.0,3284775.0,5160806550.0,TWSE STOCK_DAY,https://www.twse.com.tw/rwd/zh/afterTrading/STOCK_DAY?date=20260301&stockNo=2345&response=json,2026-03-23
2026-03-24,2345,智邦,1600.0,1610.0,1515.0,1535.0,4590394.0,7162730540.0,TWSE STOCK_DAY,https://www.twse.com.tw/rwd/zh/afterTrading/STOCK_DAY?date=20260301&stockNo=2345&response=json,2026-03-24
2026-03-25,2345,智邦,1580.0,1685.0,1580.0,1685.0,6912402.0,11429706845.0,TWSE STOCK_DAY,https://www.twse.com.tw/rwd/zh/afterTrading/STOCK_DAY?date=20260301&stockNo=2345&response=json,2026-03-25
2026-03-26,2345,智邦,1690.0,1750.0,1660.0,1675.0,7062091.0,12018485940.0,TWSE STOCK_DAY,https://www.twse.com.tw/rwd/zh/afterTrading/STOCK_DAY?date=20260301&stockNo=2345&response=json,2026-03-26
2026-03-27,2345,智邦,1625.0,1670.0,1600.0,1655.0,4485957.0,7351432015.0,TWSE STOCK_DAY,https://www.twse.com.tw/rwd/zh/afterTrading/STOCK_DAY?date=20260301&stockNo=2345&response=json,2026-03-27
2026-03-30,2345,智邦,1620.0,1650.0,1590.0,1635.0,3927435.0,6352029895.0,TWSE STOCK_DAY,https://www.twse.com.tw/rwd/zh/afterTrading/STOCK_DAY?date=20260301&stockNo=2345&response=json,2026-03-30
2026-03-31,2345,智邦,1600.0,1610.0,1495.0,1510.0,6030444.0,9267998168.0,TWSE STOCK_DAY,https://www.twse.com.tw/rwd/zh/afterTrading/STOCK_DAY?date=20260301&stockNo=2345&response=json,2026-03-31
2026-04-01,2345,智邦,1585.0,1660.0,1575.0,1660.0,4304379.0,7001411990.0,TWSE STOCK_DAY,https://www.twse.com.tw/rwd/zh/afterTrading/STOCK_DAY?date=20260401&stockNo=2345&response=json,2026-04-01
2026-04-02,2345,智邦,1670.0,1685.0,1580.0,1590.0,3328016.0,5422781290.0,TWSE STOCK_DAY,https://www.twse.com.tw/rwd/zh/afterTrading/STOCK_DAY?date=20260401&stockNo=2345&response=json,2026-04-02
2026-04-07,2345,智邦,1660.0,1685.0,1600.0,1615.0,3376820.0,5529887570.0,TWSE STOCK_DAY,https://www.twse.com.tw/rwd/zh/afterTrading/STOCK_DAY?date=20260401&stockNo=2345&response=json,2026-04-07
2026-04-08,2345,智邦,1680.0,1765.0,1680.0,1710.0,5374240.0,9294478295.0,TWSE STOCK_DAY,https://www.twse.com.tw/rwd/zh/afterTrading/STOCK_DAY?date=20260401&stockNo=2345&response=json,2026-04-08
2026-04-09,2345,智邦,1730.0,1760.0,1670.0,1690.0,3271100.0,5621112190.0,TWSE STOCK_DAY,https://www.twse.com.tw/rwd/zh/afterTrading/STOCK_DAY?date=20260401&stockNo=2345&response=json,2026-04-09
2026-04-10,2345,智邦,1750.0,1855.0,1720.0,1835.0,5713072.0,10367894935.0,TWSE STOCK_DAY,https://www.twse.com.tw/rwd/zh/afterTrading/STOCK_DAY?date=20260401&stockNo=2345&response=json,2026-04-10
2026-04-13,2345,智邦,1820.0,1855.0,1785.0,1820.0,2933873.0,5348383290.0,TWSE STOCK_DAY,https://www.twse.com.tw/rwd/zh/afterTrading/STOCK_DAY?date=20260401&stockNo=2345&response=json,2026-04-13
2026-04-14,2345,智邦,1885.0,1910.0,1850.0,1890.0,4059621.0,7663781760.0,TWSE STOCK_DAY,https://www.twse.com.tw/rwd/zh/afterTrading/STOCK_DAY?date=20260401&stockNo=2345&response=json,2026-04-14
2026-04-15,2345,智邦,1900.0,2075.0,1870.0,1970.0,7294130.0,14661888290.0,TWSE STOCK_DAY,https://www.twse.com.tw/rwd/zh/afterTrading/STOCK_DAY?date=20260401&stockNo=2345&response=json,2026-04-15
2026-04-16,2345,智邦,2025.0,2050.0,1975.0,2035.0,3884881.0,7855307600.0,TWSE STOCK_DAY,https://www.twse.com.tw/rwd/zh/afterTrading/STOCK_DAY?date=20260401&stockNo=2345&response=json,2026-04-16
2026-04-17,2345,智邦,2035.0,2110.0,2020.0,2070.0,3419131.0,7100942455.0,TWSE STOCK_DAY,https://www.twse.com.tw/rwd/zh/afterTrading/STOCK_DAY?date=20260401&stockNo=2345&response=json,2026-04-17
2026-04-20,2345,智邦,2045.0,2060.0,1995.0,2005.0,4046599.0,8166168755.0,TWSE STOCK_DAY,https://www.twse.com.tw/rwd/zh/afterTrading/STOCK_DAY?date=20260401&stockNo=2345&response=json,2026-04-20
2026-04-21,2345,智邦,2100.0,2205.0,2060.0,2190.0,6399329.0,13739829545.0,TWSE STOCK_DAY,https://www.twse.com.tw/rwd/zh/afterTrading/STOCK_DAY?date=20260401&stockNo=2345&response=json,2026-04-21
2026-04-22,2345,智邦,2150.0,2250.0,2130.0,2200.0,4732097.0,10369281940.0,TWSE STOCK_DAY,https://www.twse.com.tw/rwd/zh/afterTrading/STOCK_DAY?date=20260401&stockNo=2345&response=json,2026-04-22
2026-04-23,2345,智邦,2220.0,2230.0,2010.0,2080.0,6588511.0,13900285926.0,TWSE STOCK_DAY,https://www.twse.com.tw/rwd/zh/afterTrading/STOCK_DAY?date=20260401&stockNo=2345&response=json,2026-04-23
2026-04-24,2345,智邦,2105.0,2170.0,2050.0,2140.0,5127676.0,10883355076.0,TWSE STOCK_DAY,https://www.twse.com.tw/rwd/zh/afterTrading/STOCK_DAY?date=20260401&stockNo=2345&response=json,2026-04-24
2026-04-27,2345,智邦,2205.0,2225.0,2105.0,2175.0,4986548.0,10848678485.0,TWSE STOCK_DAY,https://www.twse.com.tw/rwd/zh/afterTrading/STOCK_DAY?date=20260401&stockNo=2345&response=json,2026-04-27
2026-04-28,2345,智邦,2250.0,2340.0,2195.0,2295.0,5955672.0,13595882245.0,TWSE STOCK_DAY,https://www.twse.com.tw/rwd/zh/afterTrading/STOCK_DAY?date=20260401&stockNo=2345&response=json,2026-04-28
2026-04-29,2345,智邦,2245.0,2270.0,2190.0,2210.0,4561794.0,10098961145.0,TWSE STOCK_DAY,https://www.twse.com.tw/rwd/zh/afterTrading/STOCK_DAY?date=20260401&stockNo=2345&response=json,2026-04-29
2026-04-30,2345,智邦,2225.0,2315.0,2215.0,2280.0,3775578.0,8579401800.0,TWSE STOCK_DAY,https://www.twse.com.tw/rwd/zh/afterTrading/STOCK_DAY?date=20260401&stockNo=2345&response=json,2026-04-30
2026-05-04,2345,智邦,2380.0,2505.0,2360.0,2505.0,4412365.0,10867783650.0,TWSE STOCK_DAY,https://www.twse.com.tw/rwd/zh/afterTrading/STOCK_DAY?date=20260501&stockNo=2345&response=json,2026-05-04
2026-05-05,2345,智邦,2520.0,2550.0,2440.0,2495.0,3474551.0,8659162545.0,TWSE STOCK_DAY,https://www.twse.com.tw/rwd/zh/afterTrading/STOCK_DAY?date=20260501&stockNo=2345&response=json,2026-05-05
2026-05-06,2345,智邦,2545.0,2620.0,2325.0,2485.0,6256364.0,15328800450.0,TWSE STOCK_DAY,https://www.twse.com.tw/rwd/zh/afterTrading/STOCK_DAY?date=20260501&stockNo=2345&response=json,2026-05-06
2026-05-07,2345,智邦,2495.0,2560.0,2465.0,2560.0,3820023.0,9611011291.0,TWSE STOCK_DAY,https://www.twse.com.tw/rwd/zh/afterTrading/STOCK_DAY?date=20260501&stockNo=2345&response=json,2026-05-07
2026-05-08,2345,智邦,2400.0,2425.0,2305.0,2375.0,10934471.0,25609223875.0,TWSE STOCK_DAY,https://www.twse.com.tw/rwd/zh/afterTrading/STOCK_DAY?date=20260501&stockNo=2345&response=json,2026-05-08
2026-05-11,2345,智邦,2490.0,2610.0,2485.0,2590.0,8849256.0,22816501252.0,TWSE STOCK_DAY,https://www.twse.com.tw/rwd/zh/afterTrading/STOCK_DAY?date=20260501&stockNo=2345&response=json,2026-05-11
2026-05-12,2345,智邦,2675.0,2695.0,2520.0,2525.0,6056908.0,15608777104.0,TWSE STOCK_DAY,https://www.twse.com.tw/rwd/zh/afterTrading/STOCK_DAY?date=20260501&stockNo=2345&response=json,2026-05-12
2026-05-13,2345,智邦,2510.0,2555.0,2435.0,2435.0,4119903.0,10199950164.0,TWSE STOCK_DAY,https://www.twse.com.tw/rwd/zh/afterTrading/STOCK_DAY?date=20260501&stockNo=2345&response=json,2026-05-13
2026-05-14,2345,智邦,2625.0,2675.0,2605.0,2675.0,7660332.0,20426738501.0,TWSE STOCK_DAY,https://www.twse.com.tw/rwd/zh/afterTrading/STOCK_DAY?date=20260501&stockNo=2345&response=json,2026-05-14
2026-05-15,2345,智邦,2640.0,2640.0,2500.0,2505.0,7039823.0,17949880315.0,TWSE STOCK_DAY,https://www.twse.com.tw/rwd/zh/afterTrading/STOCK_DAY?date=20260501&stockNo=2345&response=json,2026-05-15
2026-05-18,2345,智邦,2375.0,2530.0,2375.0,2495.0,3138457.0,7784039070.0,TWSE STOCK_DAY,https://www.twse.com.tw/rwd/zh/afterTrading/STOCK_DAY?date=20260501&stockNo=2345&response=json,2026-05-18
2026-05-19,2345,智邦,2460.0,2505.0,2375.0,2390.0,4254714.0,10279446455.0,TWSE STOCK_DAY,https://www.twse.com.tw/rwd/zh/afterTrading/STOCK_DAY?date=20260501&stockNo=2345&response=json,2026-05-19
2026-05-20,2345,智邦,2330.0,2475.0,2325.0,2355.0,4381174.0,10465339855.0,TWSE STOCK_DAY,https://www.twse.com.tw/rwd/zh/afterTrading/STOCK_DAY?date=20260501&stockNo=2345&response=json,2026-05-20
2026-05-21,2345,智邦,2480.0,2530.0,2450.0,2480.0,5468981.0,13657335635.0,TWSE STOCK_DAY,https://www.twse.com.tw/rwd/zh/afterTrading/STOCK_DAY?date=20260501&stockNo=2345&response=json,2026-05-21
2026-05-22,2345,智邦,2535.0,2535.0,2450.0,2470.0,2750416.0,6848463020.0,TWSE STOCK_DAY,https://www.twse.com.tw/rwd/zh/afterTrading/STOCK_DAY?date=20260501&stockNo=2345&response=json,2026-05-22
2026-05-25,2345,智邦,2535.0,2600.0,2505.0,2540.0,2633850.0,6718326175.0,TWSE STOCK_DAY,https://www.twse.com.tw/rwd/zh/afterTrading/STOCK_DAY?date=20260501&stockNo=2345&response=json,2026-05-25
2026-05-26,2345,智邦,2610.0,2695.0,2560.0,2620.0,3688871.0,9679671770.0,TWSE STOCK_DAY,https://www.twse.com.tw/rwd/zh/afterTrading/STOCK_DAY?date=20260501&stockNo=2345&response=json,2026-05-26
2026-05-27,2345,智邦,2645.0,2670.0,2570.0,2620.0,3955442.0,10383502215.0,TWSE STOCK_DAY,https://www.twse.com.tw/rwd/zh/afterTrading/STOCK_DAY?date=20260501&stockNo=2345&response=json,2026-05-27
2026-05-28,2345,智邦,2575.0,2580.0,2395.0,2435.0,5051117.0,12517383459.0,TWSE STOCK_DAY,https://www.twse.com.tw/rwd/zh/afterTrading/STOCK_DAY?date=20260501&stockNo=2345&response=json,2026-05-28
2026-05-29,2345,智邦,2505.0,2530.0,2390.0,2430.0,6396739.0,15627596485.0,TWSE STOCK_DAY,https://www.twse.com.tw/rwd/zh/afterTrading/STOCK_DAY?date=20260501&stockNo=2345&response=json,2026-05-29
2026-06-01,2345,智邦,2460.0,2540.0,2430.0,2510.0,3363120.0,8424026480.0,TWSE STOCK_DAY,https://www.twse.com.tw/rwd/zh/afterTrading/STOCK_DAY?date=20260601&stockNo=2345&response=json,2026-06-01
2026-06-02,2345,智邦,2505.0,2520.0,2390.0,2425.0,3795060.0,9261935655.0,TWSE STOCK_DAY,https://www.twse.com.tw/rwd/zh/afterTrading/STOCK_DAY?date=20260601&stockNo=2345&response=json,2026-06-02
2026-06-03,2345,智邦,2470.0,2645.0,2470.0,2585.0,4091539.0,10555074850.0,TWSE STOCK_DAY,https://www.twse.com.tw/rwd/zh/afterTrading/STOCK_DAY?date=20260601&stockNo=2345&response=json,2026-06-03
2026-06-04,2345,智邦,2525.0,2550.0,2460.0,2510.0,2462108.0,6165558845.0,TWSE STOCK_DAY,https://www.twse.com.tw/rwd/zh/afterTrading/STOCK_DAY?date=20260601&stockNo=2345&response=json,2026-06-04
2026-06-05,2345,智邦,2460.0,2545.0,2430.0,2490.0,2517690.0,6263856840.0,TWSE STOCK_DAY,https://www.twse.com.tw/rwd/zh/afterTrading/STOCK_DAY?date=20260601&stockNo=2345&response=json,2026-06-05
2026-06-08,2345,智邦,2265.0,2435.0,2260.0,2420.0,3205900.0,7613217785.0,TWSE STOCK_DAY,https://www.twse.com.tw/rwd/zh/afterTrading/STOCK_DAY?date=20260601&stockNo=2345&response=json,2026-06-08
2026-06-09,2345,智邦,2420.0,2475.0,2345.0,2475.0,2691554.0,6536234705.0,TWSE STOCK_DAY,https://www.twse.com.tw/rwd/zh/afterTrading/STOCK_DAY?date=20260601&stockNo=2345&response=json,2026-06-09
2026-06-10,2345,智邦,2590.0,2630.0,2360.0,2365.0,4169145.0,10434916225.0,TWSE STOCK_DAY,https://www.twse.com.tw/rwd/zh/afterTrading/STOCK_DAY?date=20260601&stockNo=2345&response=json,2026-06-10
2026-06-11,2345,智邦,2330.0,2345.0,2170.0,2275.0,3682161.0,8313952610.0,TWSE STOCK_DAY,https://www.twse.com.tw/rwd/zh/afterTrading/STOCK_DAY?date=20260601&stockNo=2345&response=json,2026-06-11
2026-06-12,2345,智邦,2365.0,2390.0,2270.0,2335.0,2814268.0,6555879865.0,TWSE STOCK_DAY,https://www.twse.com.tw/rwd/zh/afterTrading/STOCK_DAY?date=20260601&stockNo=2345&response=json,2026-06-12
2026-06-15,2345,智邦,2435.0,2475.0,2335.0,2430.0,3350938.0,8079677345.0,TWSE STOCK_DAY,https://www.twse.com.tw/rwd/zh/afterTrading/STOCK_DAY?date=20260601&stockNo=2345&response=json,2026-06-15
2026-06-16,2345,智邦,2495.0,2555.0,2410.0,2520.0,3072890.0,7691526455.0,TWSE STOCK_DAY,https://www.twse.com.tw/rwd/zh/afterTrading/STOCK_DAY?date=20260601&stockNo=2345&response=json,2026-06-16
2026-06-17,2345,智邦,2555.0,2600.0,2470.0,2495.0,2648670.0,6691910405.0,TWSE STOCK_DAY,https://www.twse.com.tw/rwd/zh/afterTrading/STOCK_DAY?date=20260601&stockNo=2345&response=json,2026-06-17
2026-06-18,2345,智邦,2480.0,2490.0,2415.0,2435.0,4237239.0,10337317670.0,TWSE STOCK_DAY,https://www.twse.com.tw/rwd/zh/afterTrading/STOCK_DAY?date=20260601&stockNo=2345&response=json,2026-06-18
2026-06-22,2345,智邦,2495.0,2605.0,2485.0,2595.0,3410352.0,8738747610.0,TWSE STOCK_DAY,https://www.twse.com.tw/rwd/zh/afterTrading/STOCK_DAY?date=20260601&stockNo=2345&response=json,2026-06-22
2026-06-23,2345,智邦,2675.0,2720.0,2435.0,2435.0,3948138.0,10001722380.0,TWSE STOCK_DAY,https://www.twse.com.tw/rwd/zh/afterTrading/STOCK_DAY?date=20260601&stockNo=2345&response=json,2026-06-23
2026-06-24,2345,智邦,2410.0,2445.0,2340.0,2375.0,3033201.0,7227019445.0,TWSE STOCK_DAY,https://www.twse.com.tw/rwd/zh/afterTrading/STOCK_DAY?date=20260601&stockNo=2345&response=json,2026-06-24
2026-06-25,2345,智邦,2485.0,2545.0,2375.0,2380.0,4634360.0,11336448815.0,TWSE STOCK_DAY,https://www.twse.com.tw/rwd/zh/afterTrading/STOCK_DAY?date=20260601&stockNo=2345&response=json,2026-06-25
2026-06-26,2345,智邦,2395.0,2520.0,2335.0,2380.0,4874059.0,11798046417.0,TWSE STOCK_DAY,https://www.twse.com.tw/rwd/zh/afterTrading/STOCK_DAY?date=20260601&stockNo=2345&response=json,2026-06-26
2026-06-29,2345,智邦,2395.0,2430.0,2290.0,2340.0,3066800.0,7184716365.0,TWSE STOCK_DAY,https://www.twse.com.tw/rwd/zh/afterTrading/STOCK_DAY?date=20260601&stockNo=2345&response=json,2026-06-29
2026-06-30,2345,智邦,2445.0,2525.0,2420.0,2495.0,3513262.0,8748293785.0,TWSE STOCK_DAY,https://www.twse.com.tw/rwd/zh/afterTrading/STOCK_DAY?date=20260601&stockNo=2345&response=json,2026-06-30
2026-07-01,2345,智邦,2600.0,2695.0,2540.0,2660.0,4593489.0,12098866390.0,TWSE STOCK_DAY,https://www.twse.com.tw/rwd/zh/afterTrading/STOCK_DAY?date=20260701&stockNo=2345&response=json,2026-07-01
2026-07-02,2345,智邦,2660.0,2780.0,2610.0,2750.0,4236718.0,11492038315.0,TWSE STOCK_DAY,https://www.twse.com.tw/rwd/zh/afterTrading/STOCK_DAY?date=20260701&stockNo=2345&response=json,2026-07-02
2026-07-03,2345,智邦,2750.0,2800.0,2675.0,2735.0,3021446.0,8247191370.0,TWSE STOCK_DAY,https://www.twse.com.tw/rwd/zh/afterTrading/STOCK_DAY?date=20260701&stockNo=2345&response=json,2026-07-03
2026-07-06,2345,智邦,2825.0,2825.0,2600.0,2645.0,2283004.0,6124581505.0,TWSE STOCK_DAY,https://www.twse.com.tw/rwd/zh/afterTrading/STOCK_DAY?date=20260701&stockNo=2345&response=json,2026-07-06
2026-07-07,2345,智邦,2700.0,2700.0,2450.0,2455.0,3972983.0,10087420695.0,TWSE STOCK_DAY,https://www.twse.com.tw/rwd/zh/afterTrading/STOCK_DAY?date=20260701&stockNo=2345&response=json,2026-07-07
2026-07-08,2345,智邦,2440.0,2525.0,2370.0,2415.0,3644265.0,8864901406.0,TWSE STOCK_DAY,https://www.twse.com.tw/rwd/zh/afterTrading/STOCK_DAY?date=20260701&stockNo=2345&response=json,2026-07-08
2026-07-09,2345,智邦,2485.0,2540.0,2465.0,2470.0,2856685.0,7141466385.0,TWSE STOCK_DAY,https://www.twse.com.tw/rwd/zh/afterTrading/STOCK_DAY?date=20260701&stockNo=2345&response=json,2026-07-09
2026-07-13,2345,智邦,2565.0,2565.0,2400.0,2405.0,2111638.0,5182175855.0,TWSE STOCK_DAY,https://www.twse.com.tw/rwd/zh/afterTrading/STOCK_DAY?date=20260701&stockNo=2345&response=json,2026-07-13
2026-07-14,2345,智邦,2350.0,2415.0,2195.0,2280.0,3090709.0,7059061945.0,TWSE STOCK_DAY,https://www.twse.com.tw/rwd/zh/afterTrading/STOCK_DAY?date=20260701&stockNo=2345&response=json,2026-07-14
2026-07-15,2345,智邦,2395.0,2420.0,2315.0,2340.0,2058964.0,4860611625.0,TWSE STOCK_DAY,https://www.twse.com.tw/rwd/zh/afterTrading/STOCK_DAY?date=20260701&stockNo=2345&response=json,2026-07-15
2026-07-16,2345,智邦,2350.0,2350.0,2255.0,2320.0,1274880.0,2949065375.0,TWSE STOCK_DAY,https://www.twse.com.tw/rwd/zh/afterTrading/STOCK_DAY?date=20260701&stockNo=2345&response=json,2026-07-16
2026-07-17,2345,智邦,2190.0,2205.0,2090.0,2090.0,3429156.0,7356255795.0,TWSE STOCK_DAY,https://www.twse.com.tw/rwd/zh/afterTrading/STOCK_DAY?date=20260701&stockNo=2345&response=json,2026-07-17
2026-07-20,2345,智邦,2035.0,2150.0,2000.0,2090.0,3939531.0,8248378455.0,TWSE STOCK_DAY,https://www.twse.com.tw/rwd/zh/afterTrading/STOCK_DAY?date=20260701&stockNo=2345&response=json,2026-07-20
2026-07-21,2345,智邦,2150.0,2220.0,2140.0,2220.0,2272779.0,4991973340.0,TWSE STOCK_DAY,https://www.twse.com.tw/rwd/zh/afterTrading/STOCK_DAY?date=20260701&stockNo=2345&response=json,2026-07-21
2026-07-22,2345,智邦,2295.0,2310.0,2240.0,2285.0,3027115.0,6901041235.0,TWSE STOCK_DAY,https://www.twse.com.tw/rwd/zh/afterTrading/STOCK_DAY?date=20260701&stockNo=2345&response=json,2026-07-22
2026-07-23,2345,智邦,2305.0,2390.0,2280.0,2325.0,2178658.0,5083398420.0,TWSE STOCK_DAY,https://www.twse.com.tw/rwd/zh/afterTrading/STOCK_DAY?date=20260701&stockNo=2345&response=json,2026-07-23
2026-07-24,2345,智邦,2315.0,2330.0,2205.0,2220.0,1607977.0,3627658175.0,TWSE STOCK_DAY,https://www.twse.com.tw/rwd/zh/afterTrading/STOCK_DAY?date=20260701&stockNo=2345&response=json,2026-07-24
2026-07-27,2345,智邦,2280.0,2285.0,2170.0,2240.0,1809334.0,4015200700.0,TWSE STOCK_DAY,https://www.twse.com.tw/rwd/zh/afterTrading/STOCK_DAY?date=20260701&stockNo=2345&response=json,2026-07-27
2026-07-28,2345,智邦,2165.0,2180.0,2040.0,2040.0,2796586.0,5839505507.0,TWSE STOCK_DAY,https://www.twse.com.tw/rwd/zh/afterTrading/STOCK_DAY?date=20260701&stockNo=2345&response=json,2026-07-28
2026-07-29,2345,智邦,2040.0,2110.0,1840.0,1910.0,4161040.0,8092423465.0,TWSE STOCK_DAY,https://www.twse.com.tw/rwd/zh/afterTrading/STOCK_DAY?date=20260701&stockNo=2345&response=json,2026-07-29
2026-07-30,2345,智邦,1910.0,2050.0,1855.0,1935.0,3309765.0,6466321220.0,TWSE STOCK_DAY,https://www.twse.com.tw/rwd/zh/afterTrading/STOCK_DAY?date=20260701&stockNo=2345&response=json,2026-07-30
2026-07-31,2345,智邦,2125.0,2125.0,2125.0,2125.0,1009455.0,2145091875.0,TWSE STOCK_DAY,https://www.twse.com.tw/rwd/zh/afterTrading/STOCK_DAY?date=20260701&stockNo=2345&response=json,2026-07-31
2026-08-03,2345,智邦,2335.0,2335.0,2215.0,2335.0,3727502.0,8569943725.0,TWSE STOCK_DAY,https://www.twse.com.tw/rwd/zh/afterTrading/STOCK_DAY?date=20260801&stockNo=2345&response=json,2026-08-03
2026-08-04,2345,智邦,2355.0,2360.0,2280.0,2320.0,4443582.0,10304733550.0,TWSE STOCK_DAY,https://www.twse.com.tw/rwd/zh/afterTrading/STOCK_DAY?date=20260801&stockNo=2345&response=json,2026-08-04
2026-08-05,2345,智邦,2420.0,2480.0,2375.0,2385.0,2914548.0,7057301985.0,TWSE STOCK_DAY,https://www.twse.com.tw/rwd/zh/afterTrading/STOCK_DAY?date=20260801&stockNo=2345&response=json,2026-08-05
2026-08-06,2345,智邦,2590.0,2595.0,2390.0,2410.0,4044919.0,9993907220.0,TWSE STOCK_DAY,https://www.twse.com.tw/rwd/zh/afterTrading/STOCK_DAY?date=20260801&stockNo=2345&response=json,2026-08-06
2026-08-07,2345,智邦,2395.0,2395.0,2185.0,2215.0,4227407.0,9570245665.0,TWSE STOCK_DAY,https://www.twse.com.tw/rwd/zh/afterTrading/STOCK_DAY?date=20260801&stockNo=2345&response=json,2026-08-07
2026-08-10,2345,智邦,2255.0,2280.0,2135.0,2165.0,2810982.0,6182816405.0,TWSE STOCK_DAY,https://www.twse.com.tw/rwd/zh/afterTrading/STOCK_DAY?date=20260801&stockNo=2345&response=json,2026-08-10
2026-08-11,2345,智邦,2140.0,2150.0,2075.0,2135.0,3575999.0,7555776180.0,TWSE STOCK_DAY,https://www.twse.com.tw/rwd/zh/afterTrading/STOCK_DAY?date=20260801&stockNo=2345&response=json,2026-08-11
2026-08-12,2345,智邦,2140.0,2255.0,2125.0,2215.0,2859759.0,6316335620.0,TWSE STOCK_DAY,https://www.twse.com.tw/rwd/zh/afterTrading/STOCK_DAY?date=20260801&stockNo=2345&response=json,2026-08-12
2026-08-13,2345,智邦,2275.0,2310.0,2235.0,2270.0,3000738.0,6815329400.0,TWSE STOCK_DAY,https://www.twse.com.tw/rwd/zh/afterTrading/STOCK_DAY?date=20260801&stockNo=2345&response=json,2026-08-13
2026-08-14,2345,智邦,2305.0,2385.0,2275.0,2300.0,3328996.0,7750817310.0,TWSE STOCK_DAY,https://www.twse.com.tw/rwd/zh/afterTrading/STOCK_DAY?date=20260801&stockNo=2345&response=json,2026-08-14
2026-08-17,2345,智邦,2300.0,2335.0,2245.0,2290.0,2439612.0,5593399565.0,TWSE STOCK_DAY,https://www.twse.com.tw/rwd/zh/afterTrading/STOCK_DAY?date=20260801&stockNo=2345&response=json,2026-08-17
2026-08-18,2345,智邦,2280.0,2350.0,2210.0,2225.0,3175549.0,7214463640.0,TWSE STOCK_DAY,https://www.twse.com.tw/rwd/zh/afterTrading/STOCK_DAY?date=20260801&stockNo=2345&response=json,2026-08-18
2026-08-19,2345,智邦,2060.0,2145.0,2060.0,2125.0,4040971.0,8523677435.0,TWSE STOCK_DAY,https://www.twse.com.tw/rwd/zh/afterTrading/STOCK_DAY?date=20260801&stockNo=2345&response=json,2026-08-19
2026-08-20,2345,智邦,2125.0,2135.0,2070.0,2105.0,2410579.0,5061868285.0,TWSE STOCK_DAY,https://www.twse.com.tw/rwd/zh/afterTrading/STOCK_DAY?date=20260801&stockNo=2345&response=json,2026-08-20
2026-08-21,2345,智邦,2090.0,2110.0,2020.0,2035.0,2809274.0,5760513020.0,TWSE STOCK_DAY,https://www.twse.com.tw/rwd/zh/afterTrading/STOCK_DAY?date=20260801&stockNo=2345&response=json,2026-08-21
2026-08-24,2345,智邦,2055.0,2130.0,2045.0,2070.0,1772738.0,3694464730.0,TWSE STOCK_DAY,https://www.twse.com.tw/rwd/zh/afterTrading/STOCK_DAY?date=20260801&stockNo=2345&response=json,2026-08-24
2026-08-25,2345,智邦,2080.0,2080.0,1960.0,2030.0,2786151.0,5588513510.0,TWSE STOCK_DAY,https://www.twse.com.tw/rwd/zh/afterTrading/STOCK_DAY?date=20260801&stockNo=2345&response=json,2026-08-25
2026-08-26,2345,智邦,2040.0,2070.0,1985.0,2055.0,3430799.0,6924401265.0,TWSE STOCK_DAY,https://www.twse.com.tw/rwd/zh/afterTrading/STOCK_DAY?date=20260801&stockNo=2345&response=json,2026-08-26
2026-08-27,2345,智邦,2120.0,2130.0,2065.0,2090.0,2473876.0,5185113045.0,TWSE STOCK_DAY,https://www.twse.com.tw/rwd/zh/afterTrading/STOCK_DAY?date=20260801&stockNo=2345&response=json,2026-08-27
2026-08-28,2345,智邦,2120.0,2195.0,2100.0,2125.0,2374655.0,5081260310.0,TWSE STOCK_DAY,https://www.twse.com.tw/rwd/zh/afterTrading/STOCK_DAY?date=20260801&stockNo=2345&response=json,2026-08-28
2026-08-31,2345,智邦,2085.0,2085.0,1950.0,2035.0,4484579.0,9023851430.0,TWSE STOCK_DAY,https://www.twse.com.tw/rwd/zh/afterTrading/STOCK_DAY?date=20260801&stockNo=2345&response=json,2026-08-31
2026-09-01,2345,智邦,2085.0,2235.0,2050.0,2205.0,5313838.0,11473309020.0,TWSE STOCK_DAY,https://www.twse.com.tw/rwd/zh/afterTrading/STOCK_DAY?date=20260901&stockNo=2345&response=json,2026-09-01
2026-09-02,2345,智邦,2145.0,2205.0,2105.0,2140.0,3470248.0,7445083220.0,TWSE STOCK_DAY,https://www.twse.com.tw/rwd/zh/afterTrading/STOCK_DAY?date=20260901&stockNo=2345&response=json,2026-09-02
2026-09-03,2345,智邦,2150.0,2165.0,2060.0,2090.0,2730824.0,5790070715.0,TWSE STOCK_DAY,https://www.twse.com.tw/rwd/zh/afterTrading/STOCK_DAY?date=20260901&stockNo=2345&response=json,2026-09-03
2026-09-04,2345,智邦,2145.0,2190.0,2075.0,2100.0,2163787.0,4571878280.0,TWSE STOCK_DAY,https://www.twse.com.tw/rwd/zh/afterTrading/STOCK_DAY?date=20260901&stockNo=2345&response=json,2026-09-04
2026-09-07,2345,智邦,2150.0,2155.0,2090.0,2100.0,2076808.0,4403329290.0,TWSE STOCK_DAY,https://www.twse.com.tw/rwd/zh/afterTrading/STOCK_DAY?date=20260901&stockNo=2345&response=json,2026-09-07
2026-09-08,2345,智邦,2130.0,2140.0,1950.0,1955.0,6441295.0,12850208590.0,TWSE STOCK_DAY,https://www.twse.com.tw/rwd/zh/afterTrading/STOCK_DAY?date=20260901&stockNo=2345&response=json,2026-09-08
2026-09-09,2345,智邦,1960.0,2070.0,1960.0,2015.0,4715389.0,9567026060.0,TWSE STOCK_DAY,https://www.twse.com.tw/rwd/zh/afterTrading/STOCK_DAY?date=20260901&stockNo=2345&response=json,2026-09-09
2026-09-10,2345,智邦,1990.0,2005.0,1955.0,1965.0,2982489.0,5889536500.0,TWSE STOCK_DAY,https://www.twse.com.tw/rwd/zh/afterTrading/STOCK_DAY?date=20260901&stockNo=2345&response=json,2026-09-10
2026-09-11,2345,智邦,1910.0,1925.0,1870.0,1885.0,4090126.0,7719908410.0,TWSE STOCK_DAY,https://www.twse.com.tw/rwd/zh/afterTrading/STOCK_DAY?date=20260901&stockNo=2345&response=json,2026-09-11
2026-09-14,2345,智邦,1840.0,1895.0,1830.0,1875.0,3068576.0,5745651240.0,TWSE STOCK_DAY,https://www.twse.com.tw/rwd/zh/afterTrading/STOCK_DAY?date=20260901&stockNo=2345&response=json,2026-09-14
2026-09-15,2345,智邦,1870.0,1895.0,1830.0,1840.0,2272078.0,4228856595.0,TWSE STOCK_DAY,https://www.twse.com.tw/rwd/zh/afterTrading/STOCK_DAY?date=20260901&stockNo=2345&response=json,2026-09-15
2026-09-16,2345,智邦,1840.0,1860.0,1830.0,1840.0,3116998.0,5735394800.0,TWSE STOCK_DAY,https://www.twse.com.tw/rwd/zh/afterTrading/STOCK_DAY?date=20260901&stockNo=2345&response=json,2026-09-16
2026-09-17,2345,智邦,1865.0,1885.0,1790.0,1800.0,4448162.0,8074666930.0,TWSE STOCK_DAY,https://www.twse.com.tw/rwd/zh/afterTrading/STOCK_DAY?date=20260901&stockNo=2345&response=json,2026-09-17
2026-09-18,2345,智邦,1810.0,1855.0,1810.0,1855.0,5848473.0,10715225245.0,TWSE STOCK_DAY,https://www.twse.com.tw/rwd/zh/afterTrading/STOCK_DAY?date=20260901&stockNo=2345&response=json,2026-09-18
2026-09-21,2345,智邦,1840.0,1880.0,1810.0,1840.0,3499481.0,6439350105.0,TWSE STOCK_DAY,https://www.twse.com.tw/rwd/zh/afterTrading/STOCK_DAY?date=20260901&stockNo=2345&response=json,2026-09-21
2026-09-22,2345,智邦,1900.0,1935.0,1865.0,1915.0,3976822.0,7568598080.0,TWSE STOCK_DAY,https://www.twse.com.tw/rwd/zh/afterTrading/STOCK_DAY?date=20260901&stockNo=2345&response=json,2026-09-22
2026-09-23,2345,智邦,1935.0,1955.0,1845.0,1890.0,4143392.0,7840857285.0,TWSE STOCK_DAY,https://www.twse.com.tw/rwd/zh/afterTrading/STOCK_DAY?date=20260901&stockNo=2345&response=json,2026-09-23
2026-09-24,2345,智邦,1880.0,1905.0,1855.0,1895.0,2611500.0,4918443105.0,TWSE STOCK_DAY,https://www.twse.com.tw/rwd/zh/afterTrading/STOCK_DAY?date=20260901&stockNo=2345&response=json,2026-09-24
