date,symbol,name,open,high,low,close,volume,turnover_value,source,source_url,pit_available_date
2023-01-03,3017,奇鋐,111.0,113.5,110.5,112.5,1087634.0,122244503.0,TWSE STOCK_DAY,https://www.twse.com.tw/rwd/zh/afterTrading/STOCK_DAY?date=20230101&stockNo=3017&response=json,2023-01-03
2023-01-04,3017,奇鋐,112.5,113.5,111.5,112.0,953867.0,107264796.0,TWSE STOCK_DAY,https://www.twse.com.tw/rwd/zh/afterTrading/STOCK_DAY?date=20230101&stockNo=3017&response=json,2023-01-04
2023-01-05,3017,奇鋐,113.0,113.5,108.0,108.5,3011990.0,330920026.0,TWSE STOCK_DAY,https://www.twse.com.tw/rwd/zh/afterTrading/STOCK_DAY?date=20230101&stockNo=3017&response=json,2023-01-05
2023-01-06,3017,奇鋐,108.0,108.5,106.0,107.5,4081880.0,436636274.0,TWSE STOCK_DAY,https://www.twse.com.tw/rwd/zh/afterTrading/STOCK_DAY?date=20230101&stockNo=3017&response=json,2023-01-06
2023-01-09,3017,奇鋐,108.5,111.0,108.0,110.5,3612588.0,396023704.0,TWSE STOCK_DAY,https://www.twse.com.tw/rwd/zh/afterTrading/STOCK_DAY?date=20230101&stockNo=3017&response=json,2023-01-09
2023-01-10,3017,奇鋐,110.0,111.0,108.0,109.5,2117150.0,231611877.0,TWSE STOCK_DAY,https://www.twse.com.tw/rwd/zh/afterTrading/STOCK_DAY?date=20230101&stockNo=3017&response=json,2023-01-10
2023-01-11,3017,奇鋐,109.5,111.0,109.0,110.5,1240161.0,136565643.0,TWSE STOCK_DAY,https://www.twse.com.tw/rwd/zh/afterTrading/STOCK_DAY?date=20230101&stockNo=3017&response=json,2023-01-11
2023-01-12,3017,奇鋐,110.5,111.0,109.0,109.5,1330419.0,146004227.0,TWSE STOCK_DAY,https://www.twse.com.tw/rwd/zh/afterTrading/STOCK_DAY?date=20230101&stockNo=3017&response=json,2023-01-12
2023-01-13,3017,奇鋐,110.5,110.5,107.0,107.0,1751373.0,188969829.0,TWSE STOCK_DAY,https://www.twse.com.tw/rwd/zh/afterTrading/STOCK_DAY?date=20230101&stockNo=3017&response=json,2023-01-13
2023-01-16,3017,奇鋐,108.0,108.5,106.0,107.5,2343835.0,250675644.0,TWSE STOCK_DAY,https://www.twse.com.tw/rwd/zh/afterTrading/STOCK_DAY?date=20230101&stockNo=3017&response=json,2023-01-16
2023-01-17,3017,奇鋐,107.5,108.5,107.0,108.5,1403358.0,151148530.0,TWSE STOCK_DAY,https://www.twse.com.tw/rwd/zh/afterTrading/STOCK_DAY?date=20230101&stockNo=3017&response=json,2023-01-17
2023-01-30,3017,奇鋐,110.0,110.5,108.5,109.5,2817113.0,308051817.0,TWSE STOCK_DAY,https://www.twse.com.tw/rwd/zh/afterTrading/STOCK_DAY?date=20230101&stockNo=3017&response=json,2023-01-30
2023-01-31,3017,奇鋐,109.0,110.0,105.5,106.0,6156942.0,658187250.0,TWSE STOCK_DAY,https://www.twse.com.tw/rwd/zh/afterTrading/STOCK_DAY?date=20230101&stockNo=3017&response=json,2023-01-31
2023-02-01,3017,奇鋐,106.5,108.0,103.0,107.5,10937107.0,1155015150.0,TWSE STOCK_DAY,https://www.twse.com.tw/rwd/zh/afterTrading/STOCK_DAY?date=20230201&stockNo=3017&response=json,2023-02-01
2023-02-02,3017,奇鋐,108.0,112.0,107.5,112.0,9847993.0,1078529435.0,TWSE STOCK_DAY,https://www.twse.com.tw/rwd/zh/afterTrading/STOCK_DAY?date=20230201&stockNo=3017&response=json,2023-02-02
2023-02-03,3017,奇鋐,111.5,114.0,111.0,112.0,5681949.0,638725184.0,TWSE STOCK_DAY,https://www.twse.com.tw/rwd/zh/afterTrading/STOCK_DAY?date=20230201&stockNo=3017&response=json,2023-02-03
2023-02-06,3017,奇鋐,109.0,112.0,107.0,111.5,7947915.0,871687803.0,TWSE STOCK_DAY,https://www.twse.com.tw/rwd/zh/afterTrading/STOCK_DAY?date=20230201&stockNo=3017&response=json,2023-02-06
2023-02-07,3017,奇鋐,109.5,111.5,109.0,110.5,3356369.0,370017561.0,TWSE STOCK_DAY,https://www.twse.com.tw/rwd/zh/afterTrading/STOCK_DAY?date=20230201&stockNo=3017&response=json,2023-02-07
2023-02-08,3017,奇鋐,112.0,116.0,111.0,115.0,7926333.0,906007986.0,TWSE STOCK_DAY,https://www.twse.com.tw/rwd/zh/afterTrading/STOCK_DAY?date=20230201&stockNo=3017&response=json,2023-02-08
2023-02-09,3017,奇鋐,115.0,117.5,115.0,116.0,7747731.0,901142805.0,TWSE STOCK_DAY,https://www.twse.com.tw/rwd/zh/afterTrading/STOCK_DAY?date=20230201&stockNo=3017&response=json,2023-02-09
2023-02-10,3017,奇鋐,116.5,118.5,114.0,115.5,8025132.0,932767836.0,TWSE STOCK_DAY,https://www.twse.com.tw/rwd/zh/afterTrading/STOCK_DAY?date=20230201&stockNo=3017&response=json,2023-02-10
2023-02-13,3017,奇鋐,115.5,117.5,114.0,117.5,5476384.0,637367989.0,TWSE STOCK_DAY,https://www.twse.com.tw/rwd/zh/afterTrading/STOCK_DAY?date=20230201&stockNo=3017&response=json,2023-02-13
2023-02-14,3017,奇鋐,118.5,118.5,115.0,115.5,4299410.0,501274757.0,TWSE STOCK_DAY,https://www.twse.com.tw/rwd/zh/afterTrading/STOCK_DAY?date=20230201&stockNo=3017&response=json,2023-02-14
2023-02-15,3017,奇鋐,116.0,117.0,114.0,115.0,4751711.0,548400859.0,TWSE STOCK_DAY,https://www.twse.com.tw/rwd/zh/afterTrading/STOCK_DAY?date=20230201&stockNo=3017&response=json,2023-02-15
2023-02-16,3017,奇鋐,115.5,118.5,115.0,117.5,4937528.0,577875781.0,TWSE STOCK_DAY,https://www.twse.com.tw/rwd/zh/afterTrading/STOCK_DAY?date=20230201&stockNo=3017&response=json,2023-02-16
2023-02-17,3017,奇鋐,116.0,117.5,114.5,114.5,4748527.0,549682612.0,TWSE STOCK_DAY,https://www.twse.com.tw/rwd/zh/afterTrading/STOCK_DAY?date=20230201&stockNo=3017&response=json,2023-02-17
2023-02-20,3017,奇鋐,114.5,115.5,112.5,114.5,3760339.0,429757719.0,TWSE STOCK_DAY,https://www.twse.com.tw/rwd/zh/afterTrading/STOCK_DAY?date=20230201&stockNo=3017&response=json,2023-02-20
2023-02-21,3017,奇鋐,114.5,116.5,113.5,115.0,4000005.0,458148811.0,TWSE STOCK_DAY,https://www.twse.com.tw/rwd/zh/afterTrading/STOCK_DAY?date=20230201&stockNo=3017&response=json,2023-02-21
2023-02-22,3017,奇鋐,114.0,115.0,111.5,115.0,4160804.0,471093720.0,TWSE STOCK_DAY,https://www.twse.com.tw/rwd/zh/afterTrading/STOCK_DAY?date=20230201&stockNo=3017&response=json,2023-02-22
2023-02-23,3017,奇鋐,115.5,117.0,115.5,116.5,3154234.0,366866011.0,TWSE STOCK_DAY,https://www.twse.com.tw/rwd/zh/afterTrading/STOCK_DAY?date=20230201&stockNo=3017&response=json,2023-02-23
2023-02-24,3017,奇鋐,118.0,127.0,117.5,120.5,25175276.0,3067788791.0,TWSE STOCK_DAY,https://www.twse.com.tw/rwd/zh/afterTrading/STOCK_DAY?date=20230201&stockNo=3017&response=json,2023-02-24
2023-03-01,3017,奇鋐,119.5,120.0,115.5,119.0,8989612.0,1057394037.0,TWSE STOCK_DAY,https://www.twse.com.tw/rwd/zh/afterTrading/STOCK_DAY?date=20230301&stockNo=3017&response=json,2023-03-01
2023-03-02,3017,奇鋐,118.0,119.5,117.0,119.0,2457872.0,291133825.0,TWSE STOCK_DAY,https://www.twse.com.tw/rwd/zh/afterTrading/STOCK_DAY?date=20230301&stockNo=3017&response=json,2023-03-02
2023-03-03,3017,奇鋐,120.5,121.5,118.5,118.5,2503302.0,299161696.0,TWSE STOCK_DAY,https://www.twse.com.tw/rwd/zh/afterTrading/STOCK_DAY?date=20230301&stockNo=3017&response=json,2023-03-03
2023-03-06,3017,奇鋐,120.0,120.5,118.5,119.5,2803825.0,334656729.0,TWSE STOCK_DAY,https://www.twse.com.tw/rwd/zh/afterTrading/STOCK_DAY?date=20230301&stockNo=3017&response=json,2023-03-06
2023-03-07,3017,奇鋐,121.0,121.0,117.5,118.0,3049994.0,361193917.0,TWSE STOCK_DAY,https://www.twse.com.tw/rwd/zh/afterTrading/STOCK_DAY?date=20230301&stockNo=3017&response=json,2023-03-07
2023-03-08,3017,奇鋐,117.5,119.0,116.5,119.0,3506014.0,413283137.0,TWSE STOCK_DAY,https://www.twse.com.tw/rwd/zh/afterTrading/STOCK_DAY?date=20230301&stockNo=3017&response=json,2023-03-08
2023-03-09,3017,奇鋐,120.0,120.0,117.0,117.5,3283200.0,388098435.0,TWSE STOCK_DAY,https://www.twse.com.tw/rwd/zh/afterTrading/STOCK_DAY?date=20230301&stockNo=3017&response=json,2023-03-09
2023-03-10,3017,奇鋐,116.5,116.5,113.0,113.5,5365928.0,613935512.0,TWSE STOCK_DAY,https://www.twse.com.tw/rwd/zh/afterTrading/STOCK_DAY?date=20230301&stockNo=3017&response=json,2023-03-10
2023-03-13,3017,奇鋐,112.5,113.0,110.5,112.5,3646289.0,408506693.0,TWSE STOCK_DAY,https://www.twse.com.tw/rwd/zh/afterTrading/STOCK_DAY?date=20230301&stockNo=3017&response=json,2023-03-13
2023-03-14,3017,奇鋐,112.0,113.0,109.5,109.5,4820186.0,533878243.0,TWSE STOCK_DAY,https://www.twse.com.tw/rwd/zh/afterTrading/STOCK_DAY?date=20230301&stockNo=3017&response=json,2023-03-14
2023-03-15,3017,奇鋐,111.5,117.0,110.5,114.5,7778603.0,891826703.0,TWSE STOCK_DAY,https://www.twse.com.tw/rwd/zh/afterTrading/STOCK_DAY?date=20230301&stockNo=3017&response=json,2023-03-15
2023-03-16,3017,奇鋐,114.0,118.0,113.5,115.0,8107323.0,941797076.0,TWSE STOCK_DAY,https://www.twse.com.tw/rwd/zh/afterTrading/STOCK_DAY?date=20230301&stockNo=3017&response=json,2023-03-16
2023-03-17,3017,奇鋐,116.5,117.5,115.0,115.5,4865502.0,565309646.0,TWSE STOCK_DAY,https://www.twse.com.tw/rwd/zh/afterTrading/STOCK_DAY?date=20230301&stockNo=3017&response=json,2023-03-17
2023-03-20,3017,奇鋐,117.0,123.0,117.0,119.0,15171565.0,1825721512.0,TWSE STOCK_DAY,https://www.twse.com.tw/rwd/zh/afterTrading/STOCK_DAY?date=20230301&stockNo=3017&response=json,2023-03-20
2023-03-21,3017,奇鋐,121.0,128.0,119.5,126.5,16901344.0,2105559818.0,TWSE STOCK_DAY,https://www.twse.com.tw/rwd/zh/afterTrading/STOCK_DAY?date=20230301&stockNo=3017&response=json,2023-03-21
2023-03-22,3017,奇鋐,128.5,139.0,127.5,136.5,40108466.0,5324140471.0,TWSE STOCK_DAY,https://www.twse.com.tw/rwd/zh/afterTrading/STOCK_DAY?date=20230301&stockNo=3017&response=json,2023-03-22
2023-03-23,3017,奇鋐,138.0,142.0,136.5,138.5,29152237.0,4051886742.0,TWSE STOCK_DAY,https://www.twse.com.tw/rwd/zh/afterTrading/STOCK_DAY?date=20230301&stockNo=3017&response=json,2023-03-23
2023-03-24,3017,奇鋐,139.5,142.5,136.5,142.5,11384203.0,1588411060.0,TWSE STOCK_DAY,https://www.twse.com.tw/rwd/zh/afterTrading/STOCK_DAY?date=20230301&stockNo=3017&response=json,2023-03-24
2023-03-27,3017,奇鋐,144.0,152.0,140.5,148.5,29905095.0,4397468815.0,TWSE STOCK_DAY,https://www.twse.com.tw/rwd/zh/afterTrading/STOCK_DAY?date=20230301&stockNo=3017&response=json,2023-03-27
2023-03-28,3017,奇鋐,146.0,147.0,138.0,142.0,23768904.0,3371575864.0,TWSE STOCK_DAY,https://www.twse.com.tw/rwd/zh/afterTrading/STOCK_DAY?date=20230301&stockNo=3017&response=json,2023-03-28
2023-03-29,3017,奇鋐,142.0,147.5,139.5,142.5,24889316.0,3572367754.0,TWSE STOCK_DAY,https://www.twse.com.tw/rwd/zh/afterTrading/STOCK_DAY?date=20230301&stockNo=3017&response=json,2023-03-29
2023-03-30,3017,奇鋐,142.0,145.5,141.5,142.0,10964735.0,1565824933.0,TWSE STOCK_DAY,https://www.twse.com.tw/rwd/zh/afterTrading/STOCK_DAY?date=20230301&stockNo=3017&response=json,2023-03-30
2023-03-31,3017,奇鋐,142.0,142.5,139.5,141.0,6743251.0,950027240.0,TWSE STOCK_DAY,https://www.twse.com.tw/rwd/zh/afterTrading/STOCK_DAY?date=20230301&stockNo=3017&response=json,2023-03-31
2023-04-06,3017,奇鋐,140.0,144.5,138.5,142.0,8396718.0,1188931822.0,TWSE STOCK_DAY,https://www.twse.com.tw/rwd/zh/afterTrading/STOCK_DAY?date=20230401&stockNo=3017&response=json,2023-04-06
2023-04-07,3017,奇鋐,143.5,146.5,141.5,144.5,6410030.0,922674977.0,TWSE STOCK_DAY,https://www.twse.com.tw/rwd/zh/afterTrading/STOCK_DAY?date=20230401&stockNo=3017&response=json,2023-04-07
2023-04-10,3017,奇鋐,144.5,151.0,143.5,148.5,9371321.0,1382348286.0,TWSE STOCK_DAY,https://www.twse.com.tw/rwd/zh/afterTrading/STOCK_DAY?date=20230401&stockNo=3017&response=json,2023-04-10
2023-04-11,3017,奇鋐,147.5,152.5,145.0,149.5,9453871.0,1412247556.0,TWSE STOCK_DAY,https://www.twse.com.tw/rwd/zh/afterTrading/STOCK_DAY?date=20230401&stockNo=3017&response=json,2023-04-11
2023-04-12,3017,奇鋐,151.0,157.5,150.5,154.5,15109654.0,2333008411.0,TWSE STOCK_DAY,https://www.twse.com.tw/rwd/zh/afterTrading/STOCK_DAY?date=20230401&stockNo=3017&response=json,2023-04-12
2023-04-13,3017,奇鋐,151.5,152.5,147.0,149.5,7020410.0,1049289112.0,TWSE STOCK_DAY,https://www.twse.com.tw/rwd/zh/afterTrading/STOCK_DAY?date=20230401&stockNo=3017&response=json,2023-04-13
2023-04-14,3017,奇鋐,150.0,156.0,150.0,153.0,11020914.0,1691041586.0,TWSE STOCK_DAY,https://www.twse.com.tw/rwd/zh/afterTrading/STOCK_DAY?date=20230401&stockNo=3017&response=json,2023-04-14
2023-04-17,3017,奇鋐,153.0,159.5,152.5,156.0,9338283.0,1460215252.0,TWSE STOCK_DAY,https://www.twse.com.tw/rwd/zh/afterTrading/STOCK_DAY?date=20230401&stockNo=3017&response=json,2023-04-17
2023-04-18,3017,奇鋐,157.5,161.0,149.0,152.5,13146464.0,2019307903.0,TWSE STOCK_DAY,https://www.twse.com.tw/rwd/zh/afterTrading/STOCK_DAY?date=20230401&stockNo=3017&response=json,2023-04-18
2023-04-19,3017,奇鋐,152.5,153.0,150.5,151.0,4917474.0,745968556.0,TWSE STOCK_DAY,https://www.twse.com.tw/rwd/zh/afterTrading/STOCK_DAY?date=20230401&stockNo=3017&response=json,2023-04-19
2023-04-20,3017,奇鋐,147.0,150.0,144.5,147.5,10980067.0,1617059476.0,TWSE STOCK_DAY,https://www.twse.com.tw/rwd/zh/afterTrading/STOCK_DAY?date=20230401&stockNo=3017&response=json,2023-04-20
2023-04-21,3017,奇鋐,146.0,149.5,141.0,143.0,11976602.0,1719533903.0,TWSE STOCK_DAY,https://www.twse.com.tw/rwd/zh/afterTrading/STOCK_DAY?date=20230401&stockNo=3017&response=json,2023-04-21
2023-04-24,3017,奇鋐,144.5,147.0,142.5,144.0,7417514.0,1071656957.0,TWSE STOCK_DAY,https://www.twse.com.tw/rwd/zh/afterTrading/STOCK_DAY?date=20230401&stockNo=3017&response=json,2023-04-24
2023-04-25,3017,奇鋐,144.5,145.5,138.0,141.5,6824944.0,960698460.0,TWSE STOCK_DAY,https://www.twse.com.tw/rwd/zh/afterTrading/STOCK_DAY?date=20230401&stockNo=3017&response=json,2023-04-25
2023-04-26,3017,奇鋐,141.5,147.0,138.5,146.0,9498906.0,1360303936.0,TWSE STOCK_DAY,https://www.twse.com.tw/rwd/zh/afterTrading/STOCK_DAY?date=20230401&stockNo=3017&response=json,2023-04-26
2023-04-27,3017,奇鋐,145.5,156.0,144.0,153.5,21804962.0,3301753600.0,TWSE STOCK_DAY,https://www.twse.com.tw/rwd/zh/afterTrading/STOCK_DAY?date=20230401&stockNo=3017&response=json,2023-04-27
2023-04-28,3017,奇鋐,154.0,157.5,151.0,157.5,16913000.0,2613101130.0,TWSE STOCK_DAY,https://www.twse.com.tw/rwd/zh/afterTrading/STOCK_DAY?date=20230401&stockNo=3017&response=json,2023-04-28
2023-05-02,3017,奇鋐,157.5,166.5,157.5,166.0,21462739.0,3490024966.0,TWSE STOCK_DAY,https://www.twse.com.tw/rwd/zh/afterTrading/STOCK_DAY?date=20230501&stockNo=3017&response=json,2023-05-02
2023-05-03,3017,奇鋐,165.0,167.5,162.5,163.0,12632809.0,2082432610.0,TWSE STOCK_DAY,https://www.twse.com.tw/rwd/zh/afterTrading/STOCK_DAY?date=20230501&stockNo=3017&response=json,2023-05-03
2023-05-04,3017,奇鋐,168.0,178.0,166.5,175.5,39964598.0,6922585637.0,TWSE STOCK_DAY,https://www.twse.com.tw/rwd/zh/afterTrading/STOCK_DAY?date=20230501&stockNo=3017&response=json,2023-05-04
2023-05-05,3017,奇鋐,175.5,183.0,174.5,181.0,37236716.0,6664982401.0,TWSE STOCK_DAY,https://www.twse.com.tw/rwd/zh/afterTrading/STOCK_DAY?date=20230501&stockNo=3017&response=json,2023-05-05
2023-05-08,3017,奇鋐,183.0,185.5,179.0,181.5,20066397.0,3659243707.0,TWSE STOCK_DAY,https://www.twse.com.tw/rwd/zh/afterTrading/STOCK_DAY?date=20230501&stockNo=3017&response=json,2023-05-08
2023-05-09,3017,奇鋐,183.0,185.0,177.5,183.0,15197231.0,2761896784.0,TWSE STOCK_DAY,https://www.twse.com.tw/rwd/zh/afterTrading/STOCK_DAY?date=20230501&stockNo=3017&response=json,2023-05-09
2023-05-10,3017,奇鋐,180.5,181.5,175.5,178.5,13970424.0,2496446170.0,TWSE STOCK_DAY,https://www.twse.com.tw/rwd/zh/afterTrading/STOCK_DAY?date=20230501&stockNo=3017&response=json,2023-05-10
2023-05-11,3017,奇鋐,183.0,183.0,173.0,174.5,16989712.0,3006764124.0,TWSE STOCK_DAY,https://www.twse.com.tw/rwd/zh/afterTrading/STOCK_DAY?date=20230501&stockNo=3017&response=json,2023-05-11
2023-05-12,3017,奇鋐,173.0,178.0,170.0,177.5,15917113.0,2774294521.0,TWSE STOCK_DAY,https://www.twse.com.tw/rwd/zh/afterTrading/STOCK_DAY?date=20230501&stockNo=3017&response=json,2023-05-12
2023-05-15,3017,奇鋐,175.0,175.0,168.5,171.0,12943719.0,2214041856.0,TWSE STOCK_DAY,https://www.twse.com.tw/rwd/zh/afterTrading/STOCK_DAY?date=20230501&stockNo=3017&response=json,2023-05-15
2023-05-16,3017,奇鋐,174.0,179.0,171.5,175.5,17056196.0,2996621161.0,TWSE STOCK_DAY,https://www.twse.com.tw/rwd/zh/afterTrading/STOCK_DAY?date=20230501&stockNo=3017&response=json,2023-05-16
2023-05-17,3017,奇鋐,175.0,181.0,174.0,178.0,13267775.0,2364036504.0,TWSE STOCK_DAY,https://www.twse.com.tw/rwd/zh/afterTrading/STOCK_DAY?date=20230501&stockNo=3017&response=json,2023-05-17
2023-05-18,3017,奇鋐,181.0,188.5,179.0,186.0,20178896.0,3708473020.0,TWSE STOCK_DAY,https://www.twse.com.tw/rwd/zh/afterTrading/STOCK_DAY?date=20230501&stockNo=3017&response=json,2023-05-18
2023-05-19,3017,奇鋐,185.5,187.5,180.0,184.0,15896122.0,2917971140.0,TWSE STOCK_DAY,https://www.twse.com.tw/rwd/zh/afterTrading/STOCK_DAY?date=20230501&stockNo=3017&response=json,2023-05-19
2023-05-22,3017,奇鋐,183.0,185.5,179.5,182.5,10978049.0,1998946233.0,TWSE STOCK_DAY,https://www.twse.com.tw/rwd/zh/afterTrading/STOCK_DAY?date=20230501&stockNo=3017&response=json,2023-05-22
2023-05-23,3017,奇鋐,182.5,184.5,181.0,182.5,7918674.0,1446838686.0,TWSE STOCK_DAY,https://www.twse.com.tw/rwd/zh/afterTrading/STOCK_DAY?date=20230501&stockNo=3017&response=json,2023-05-23
2023-05-24,3017,奇鋐,182.5,187.0,181.0,187.0,7768291.0,1430355237.0,TWSE STOCK_DAY,https://www.twse.com.tw/rwd/zh/afterTrading/STOCK_DAY?date=20230501&stockNo=3017&response=json,2023-05-24
2023-05-25,3017,奇鋐,199.0,204.5,191.5,197.5,28686724.0,5672013624.0,TWSE STOCK_DAY,https://www.twse.com.tw/rwd/zh/afterTrading/STOCK_DAY?date=20230501&stockNo=3017&response=json,2023-05-25
2023-05-26,3017,奇鋐,200.0,212.5,198.0,208.0,26890252.0,5493804233.0,TWSE STOCK_DAY,https://www.twse.com.tw/rwd/zh/afterTrading/STOCK_DAY?date=20230501&stockNo=3017&response=json,2023-05-26
2023-05-29,3017,奇鋐,212.0,215.5,204.0,206.0,20533692.0,4286215900.0,TWSE STOCK_DAY,https://www.twse.com.tw/rwd/zh/afterTrading/STOCK_DAY?date=20230501&stockNo=3017&response=json,2023-05-29
2023-05-30,3017,奇鋐,206.0,206.0,200.5,201.5,8396200.0,1697617889.0,TWSE STOCK_DAY,https://www.twse.com.tw/rwd/zh/afterTrading/STOCK_DAY?date=20230501&stockNo=3017&response=json,2023-05-30
2023-05-31,3017,奇鋐,201.0,203.5,196.0,197.5,11161309.0,2219570545.0,TWSE STOCK_DAY,https://www.twse.com.tw/rwd/zh/afterTrading/STOCK_DAY?date=20230501&stockNo=3017&response=json,2023-05-31
2023-06-01,3017,奇鋐,196.5,207.0,195.5,207.0,14407034.0,2930438061.0,TWSE STOCK_DAY,https://www.twse.com.tw/rwd/zh/afterTrading/STOCK_DAY?date=20230601&stockNo=3017&response=json,2023-06-01
2023-06-02,3017,奇鋐,208.5,209.5,201.5,202.0,21746250.0,4456004849.0,TWSE STOCK_DAY,https://www.twse.com.tw/rwd/zh/afterTrading/STOCK_DAY?date=20230601&stockNo=3017&response=json,2023-06-02
2023-06-05,3017,奇鋐,199.5,203.0,192.5,200.0,18144490.0,3597596767.0,TWSE STOCK_DAY,https://www.twse.com.tw/rwd/zh/afterTrading/STOCK_DAY?date=20230601&stockNo=3017&response=json,2023-06-05
2023-06-06,3017,奇鋐,198.0,206.0,198.0,203.5,15386067.0,3128797276.0,TWSE STOCK_DAY,https://www.twse.com.tw/rwd/zh/afterTrading/STOCK_DAY?date=20230601&stockNo=3017&response=json,2023-06-06
2023-06-07,3017,奇鋐,205.0,210.0,203.5,208.0,12979405.0,2687778864.0,TWSE STOCK_DAY,https://www.twse.com.tw/rwd/zh/afterTrading/STOCK_DAY?date=20230601&stockNo=3017&response=json,2023-06-07
2023-06-08,3017,奇鋐,206.0,207.0,199.5,200.5,11408014.0,2308669964.0,TWSE STOCK_DAY,https://www.twse.com.tw/rwd/zh/afterTrading/STOCK_DAY?date=20230601&stockNo=3017&response=json,2023-06-08
2023-06-09,3017,奇鋐,203.0,213.0,202.5,209.5,16891950.0,3523133688.0,TWSE STOCK_DAY,https://www.twse.com.tw/rwd/zh/afterTrading/STOCK_DAY?date=20230601&stockNo=3017&response=json,2023-06-09
2023-06-12,3017,奇鋐,208.5,209.5,203.5,205.5,9409636.0,1941360916.0,TWSE STOCK_DAY,https://www.twse.com.tw/rwd/zh/afterTrading/STOCK_DAY?date=20230601&stockNo=3017&response=json,2023-06-12
2023-06-13,3017,奇鋐,213.0,223.0,210.0,219.5,24908810.0,5412709042.0,TWSE STOCK_DAY,https://www.twse.com.tw/rwd/zh/afterTrading/STOCK_DAY?date=20230601&stockNo=3017&response=json,2023-06-13
2023-06-14,3017,奇鋐,217.0,225.0,215.5,224.0,13863692.0,3066682320.0,TWSE STOCK_DAY,https://www.twse.com.tw/rwd/zh/afterTrading/STOCK_DAY?date=20230601&stockNo=3017&response=json,2023-06-14
2023-06-15,3017,奇鋐,225.0,240.0,222.0,237.0,25278738.0,5902686830.0,TWSE STOCK_DAY,https://www.twse.com.tw/rwd/zh/afterTrading/STOCK_DAY?date=20230601&stockNo=3017&response=json,2023-06-15
2023-06-16,3017,奇鋐,238.0,252.0,235.0,247.0,28038073.0,6842504038.0,TWSE STOCK_DAY,https://www.twse.com.tw/rwd/zh/afterTrading/STOCK_DAY?date=20230601&stockNo=3017&response=json,2023-06-16
2023-06-19,3017,奇鋐,247.0,259.0,243.5,254.5,23903690.0,6038936377.0,TWSE STOCK_DAY,https://www.twse.com.tw/rwd/zh/afterTrading/STOCK_DAY?date=20230601&stockNo=3017&response=json,2023-06-19
2023-06-20,3017,奇鋐,253.5,256.5,249.0,252.0,16216146.0,4097347970.0,TWSE STOCK_DAY,https://www.twse.com.tw/rwd/zh/afterTrading/STOCK_DAY?date=20230601&stockNo=3017&response=json,2023-06-20
2023-06-21,3017,奇鋐,253.5,254.5,248.0,249.5,13504034.0,3389293561.0,TWSE STOCK_DAY,https://www.twse.com.tw/rwd/zh/afterTrading/STOCK_DAY?date=20230601&stockNo=3017&response=json,2023-06-21
2023-06-26,3017,奇鋐,246.0,251.0,240.0,250.0,14175631.0,3502434829.0,TWSE STOCK_DAY,https://www.twse.com.tw/rwd/zh/afterTrading/STOCK_DAY?date=20230601&stockNo=3017&response=json,2023-06-26
2023-06-27,3017,奇鋐,246.0,247.0,234.5,235.0,11921177.0,2862948871.0,TWSE STOCK_DAY,https://www.twse.com.tw/rwd/zh/afterTrading/STOCK_DAY?date=20230601&stockNo=3017&response=json,2023-06-27
2023-06-28,3017,奇鋐,240.0,245.5,239.0,241.5,9169287.0,2222261896.0,TWSE STOCK_DAY,https://www.twse.com.tw/rwd/zh/afterTrading/STOCK_DAY?date=20230601&stockNo=3017&response=json,2023-06-28
2023-06-29,3017,奇鋐,243.5,249.0,241.5,246.5,7226523.0,1776518218.0,TWSE STOCK_DAY,https://www.twse.com.tw/rwd/zh/afterTrading/STOCK_DAY?date=20230601&stockNo=3017&response=json,2023-06-29
2023-06-30,3017,奇鋐,246.5,271.0,244.0,271.0,28345223.0,7439874672.0,TWSE STOCK_DAY,https://www.twse.com.tw/rwd/zh/afterTrading/STOCK_DAY?date=20230601&stockNo=3017&response=json,2023-06-30
2023-07-03,3017,奇鋐,281.0,296.0,280.0,293.0,29009596.0,8387984158.0,TWSE STOCK_DAY,https://www.twse.com.tw/rwd/zh/afterTrading/STOCK_DAY?date=20230701&stockNo=3017&response=json,2023-07-03
2023-07-04,3017,奇鋐,294.0,297.5,284.0,292.0,19125980.0,5581369680.0,TWSE STOCK_DAY,https://www.twse.com.tw/rwd/zh/afterTrading/STOCK_DAY?date=20230701&stockNo=3017&response=json,2023-07-04
2023-07-05,3017,奇鋐,292.0,293.5,278.0,280.5,15675411.0,4438775094.0,TWSE STOCK_DAY,https://www.twse.com.tw/rwd/zh/afterTrading/STOCK_DAY?date=20230701&stockNo=3017&response=json,2023-07-05
2023-07-06,3017,奇鋐,273.5,281.5,271.0,273.5,13890078.0,3823668998.0,TWSE STOCK_DAY,https://www.twse.com.tw/rwd/zh/afterTrading/STOCK_DAY?date=20230701&stockNo=3017&response=json,2023-07-06
2023-07-07,3017,奇鋐,274.5,281.5,267.5,270.0,18805348.0,5155021615.0,TWSE STOCK_DAY,https://www.twse.com.tw/rwd/zh/afterTrading/STOCK_DAY?date=20230701&stockNo=3017&response=json,2023-07-07
2023-07-10,3017,奇鋐,270.0,281.5,269.0,273.0,11497776.0,3161230814.0,TWSE STOCK_DAY,https://www.twse.com.tw/rwd/zh/afterTrading/STOCK_DAY?date=20230701&stockNo=3017&response=json,2023-07-10
2023-07-11,3017,奇鋐,278.0,286.5,277.5,283.5,14553750.0,4112921900.0,TWSE STOCK_DAY,https://www.twse.com.tw/rwd/zh/afterTrading/STOCK_DAY?date=20230701&stockNo=3017&response=json,2023-07-11
2023-07-12,3017,奇鋐,286.0,299.0,284.0,287.5,21156598.0,6138504917.0,TWSE STOCK_DAY,https://www.twse.com.tw/rwd/zh/afterTrading/STOCK_DAY?date=20230701&stockNo=3017&response=json,2023-07-12
2023-07-13,3017,奇鋐,298.0,314.5,284.5,288.0,30721376.0,9222764272.0,TWSE STOCK_DAY,https://www.twse.com.tw/rwd/zh/afterTrading/STOCK_DAY?date=20230701&stockNo=3017&response=json,2023-07-13
2023-07-14,3017,奇鋐,300.5,303.0,284.0,293.5,18305798.0,5357034313.0,TWSE STOCK_DAY,https://www.twse.com.tw/rwd/zh/afterTrading/STOCK_DAY?date=20230701&stockNo=3017&response=json,2023-07-14
2023-07-17,3017,奇鋐,288.5,290.0,281.0,285.0,13998203.0,3990305022.0,TWSE STOCK_DAY,https://www.twse.com.tw/rwd/zh/afterTrading/STOCK_DAY?date=20230701&stockNo=3017&response=json,2023-07-17
2023-07-18,3017,奇鋐,289.5,296.5,278.0,293.0,17645893.0,5121097137.0,TWSE STOCK_DAY,https://www.twse.com.tw/rwd/zh/afterTrading/STOCK_DAY?date=20230701&stockNo=3017&response=json,2023-07-18
2023-07-19,3017,奇鋐,297.0,298.0,288.0,291.5,10465271.0,3057230128.0,TWSE STOCK_DAY,https://www.twse.com.tw/rwd/zh/afterTrading/STOCK_DAY?date=20230701&stockNo=3017&response=json,2023-07-19
2023-07-20,3017,奇鋐,290.5,313.0,290.0,308.5,20988539.0,6434853955.0,TWSE STOCK_DAY,https://www.twse.com.tw/rwd/zh/afterTrading/STOCK_DAY?date=20230701&stockNo=3017&response=json,2023-07-20
2023-07-21,3017,奇鋐,304.0,339.0,297.0,339.0,28450394.0,9251479346.0,TWSE STOCK_DAY,https://www.twse.com.tw/rwd/zh/afterTrading/STOCK_DAY?date=20230701&stockNo=3017&response=json,2023-07-21
2023-07-24,3017,奇鋐,344.0,358.5,336.0,344.0,24356983.0,8452291842.0,TWSE STOCK_DAY,https://www.twse.com.tw/rwd/zh/afterTrading/STOCK_DAY?date=20230701&stockNo=3017&response=json,2023-07-24
2023-07-25,3017,奇鋐,347.0,367.5,340.0,340.5,24074666.0,8528053034.0,TWSE STOCK_DAY,https://www.twse.com.tw/rwd/zh/afterTrading/STOCK_DAY?date=20230701&stockNo=3017&response=json,2023-07-25
2023-07-26,3017,奇鋐,340.5,352.0,337.5,343.5,13697256.0,4726572641.0,TWSE STOCK_DAY,https://www.twse.com.tw/rwd/zh/afterTrading/STOCK_DAY?date=20230701&stockNo=3017&response=json,2023-07-26
2023-07-27,3017,奇鋐,351.0,361.5,340.0,340.0,21067463.0,7423486371.0,TWSE STOCK_DAY,https://www.twse.com.tw/rwd/zh/afterTrading/STOCK_DAY?date=20230701&stockNo=3017&response=json,2023-07-27
2023-07-28,3017,奇鋐,340.0,356.0,329.5,352.0,17619014.0,6052322939.0,TWSE STOCK_DAY,https://www.twse.com.tw/rwd/zh/afterTrading/STOCK_DAY?date=20230701&stockNo=3017&response=json,2023-07-28
2023-07-31,3017,奇鋐,357.0,364.0,318.0,322.0,27210101.0,9338684939.0,TWSE STOCK_DAY,https://www.twse.com.tw/rwd/zh/afterTrading/STOCK_DAY?date=20230701&stockNo=3017&response=json,2023-07-31
2023-08-01,3017,奇鋐,326.5,331.5,312.0,328.0,16310749.0,5277408748.0,TWSE STOCK_DAY,https://www.twse.com.tw/rwd/zh/afterTrading/STOCK_DAY?date=20230801&stockNo=3017&response=json,2023-08-01
2023-08-02,3017,奇鋐,330.0,339.0,305.5,315.5,26891545.0,8668292422.0,TWSE STOCK_DAY,https://www.twse.com.tw/rwd/zh/afterTrading/STOCK_DAY?date=20230801&stockNo=3017&response=json,2023-08-02
2023-08-04,3017,奇鋐,318.5,344.5,312.0,338.0,22440915.0,7395214884.0,TWSE STOCK_DAY,https://www.twse.com.tw/rwd/zh/afterTrading/STOCK_DAY?date=20230801&stockNo=3017&response=json,2023-08-04
2023-08-07,3017,奇鋐,342.5,360.0,342.5,349.5,27619209.0,9684746899.0,TWSE STOCK_DAY,https://www.twse.com.tw/rwd/zh/afterTrading/STOCK_DAY?date=20230801&stockNo=3017&response=json,2023-08-07
2023-08-08,3017,奇鋐,351.5,363.5,348.5,358.0,22600965.0,8038426627.0,TWSE STOCK_DAY,https://www.twse.com.tw/rwd/zh/afterTrading/STOCK_DAY?date=20230801&stockNo=3017&response=json,2023-08-08
2023-08-09,3017,奇鋐,355.0,373.5,348.0,349.0,31882406.0,11492119162.0,TWSE STOCK_DAY,https://www.twse.com.tw/rwd/zh/afterTrading/STOCK_DAY?date=20230801&stockNo=3017&response=json,2023-08-09
2023-08-10,3017,奇鋐,343.5,346.5,314.5,314.5,20664489.0,6673275587.0,TWSE STOCK_DAY,https://www.twse.com.tw/rwd/zh/afterTrading/STOCK_DAY?date=20230801&stockNo=3017&response=json,2023-08-10
2023-08-11,3017,奇鋐,317.0,323.5,310.0,321.0,19531681.0,6206300648.0,TWSE STOCK_DAY,https://www.twse.com.tw/rwd/zh/afterTrading/STOCK_DAY?date=20230801&stockNo=3017&response=json,2023-08-11
2023-08-14,3017,奇鋐,315.5,327.0,308.0,319.0,14243248.0,4550160820.0,TWSE STOCK_DAY,https://www.twse.com.tw/rwd/zh/afterTrading/STOCK_DAY?date=20230801&stockNo=3017&response=json,2023-08-14
2023-08-15,3017,奇鋐,338.0,345.0,336.0,343.5,14087541.0,4798872262.0,TWSE STOCK_DAY,https://www.twse.com.tw/rwd/zh/afterTrading/STOCK_DAY?date=20230801&stockNo=3017&response=json,2023-08-15
2023-08-16,3017,奇鋐,338.0,350.0,336.5,350.0,12746807.0,4396531115.0,TWSE STOCK_DAY,https://www.twse.com.tw/rwd/zh/afterTrading/STOCK_DAY?date=20230801&stockNo=3017&response=json,2023-08-16
2023-08-17,3017,奇鋐,345.5,363.0,345.5,363.0,15346882.0,5454249166.0,TWSE STOCK_DAY,https://www.twse.com.tw/rwd/zh/afterTrading/STOCK_DAY?date=20230801&stockNo=3017&response=json,2023-08-17
2023-08-18,3017,奇鋐,364.5,369.5,341.0,352.0,15724328.0,5614842086.0,TWSE STOCK_DAY,https://www.twse.com.tw/rwd/zh/afterTrading/STOCK_DAY?date=20230801&stockNo=3017&response=json,2023-08-18
2023-08-21,3017,奇鋐,360.0,362.5,345.5,353.5,10574444.0,3740627050.0,TWSE STOCK_DAY,https://www.twse.com.tw/rwd/zh/afterTrading/STOCK_DAY?date=20230801&stockNo=3017&response=json,2023-08-21
2023-08-22,3017,奇鋐,362.0,367.5,348.0,350.5,10648387.0,3826317828.0,TWSE STOCK_DAY,https://www.twse.com.tw/rwd/zh/afterTrading/STOCK_DAY?date=20230801&stockNo=3017&response=json,2023-08-22
2023-08-23,3017,奇鋐,356.0,366.0,352.5,356.0,8305552.0,2991056993.0,TWSE STOCK_DAY,https://www.twse.com.tw/rwd/zh/afterTrading/STOCK_DAY?date=20230801&stockNo=3017&response=json,2023-08-23
2023-08-24,3017,奇鋐,371.0,391.5,367.5,387.0,23146660.0,8870257101.0,TWSE STOCK_DAY,https://www.twse.com.tw/rwd/zh/afterTrading/STOCK_DAY?date=20230801&stockNo=3017&response=json,2023-08-24
2023-08-25,3017,奇鋐,362.5,367.0,350.0,354.0,15270374.0,5481428234.0,TWSE STOCK_DAY,https://www.twse.com.tw/rwd/zh/afterTrading/STOCK_DAY?date=20230801&stockNo=3017&response=json,2023-08-25
2023-08-28,3017,奇鋐,357.0,359.0,336.5,338.5,8276087.0,2857127329.0,TWSE STOCK_DAY,https://www.twse.com.tw/rwd/zh/afterTrading/STOCK_DAY?date=20230801&stockNo=3017&response=json,2023-08-28
2023-08-29,3017,奇鋐,343.5,351.0,332.0,335.0,9483160.0,3224802394.0,TWSE STOCK_DAY,https://www.twse.com.tw/rwd/zh/afterTrading/STOCK_DAY?date=20230801&stockNo=3017&response=json,2023-08-29
2023-08-30,3017,奇鋐,346.5,350.5,335.0,335.5,9772935.0,3339016119.0,TWSE STOCK_DAY,https://www.twse.com.tw/rwd/zh/afterTrading/STOCK_DAY?date=20230801&stockNo=3017&response=json,2023-08-30
2023-08-31,3017,奇鋐,322.0,338.0,318.0,334.5,13174132.0,4338844694.0,TWSE STOCK_DAY,https://www.twse.com.tw/rwd/zh/afterTrading/STOCK_DAY?date=20230801&stockNo=3017&response=json,2023-08-31
2023-09-01,3017,奇鋐,337.5,339.5,325.5,329.0,7736491.0,2560224797.0,TWSE STOCK_DAY,https://www.twse.com.tw/rwd/zh/afterTrading/STOCK_DAY?date=20230901&stockNo=3017&response=json,2023-09-01
2023-09-04,3017,奇鋐,332.0,332.0,325.0,328.5,5624945.0,1847014380.0,TWSE STOCK_DAY,https://www.twse.com.tw/rwd/zh/afterTrading/STOCK_DAY?date=20230901&stockNo=3017&response=json,2023-09-04
2023-09-05,3017,奇鋐,329.0,332.5,324.0,330.5,5887291.0,1932740827.0,TWSE STOCK_DAY,https://www.twse.com.tw/rwd/zh/afterTrading/STOCK_DAY?date=20230901&stockNo=3017&response=json,2023-09-05
2023-09-06,3017,奇鋐,332.0,347.5,331.0,343.5,10797135.0,3692341760.0,TWSE STOCK_DAY,https://www.twse.com.tw/rwd/zh/afterTrading/STOCK_DAY?date=20230901&stockNo=3017&response=json,2023-09-06
2023-09-07,3017,奇鋐,345.0,345.0,332.5,342.0,7964968.0,2704388846.0,TWSE STOCK_DAY,https://www.twse.com.tw/rwd/zh/afterTrading/STOCK_DAY?date=20230901&stockNo=3017&response=json,2023-09-07
2023-09-08,3017,奇鋐,344.0,349.5,335.0,337.0,9885231.0,3376166233.0,TWSE STOCK_DAY,https://www.twse.com.tw/rwd/zh/afterTrading/STOCK_DAY?date=20230901&stockNo=3017&response=json,2023-09-08
2023-09-11,3017,奇鋐,338.0,340.5,304.0,311.5,12553530.0,3985317066.0,TWSE STOCK_DAY,https://www.twse.com.tw/rwd/zh/afterTrading/STOCK_DAY?date=20230901&stockNo=3017&response=json,2023-09-11
2023-09-12,3017,奇鋐,308.5,313.5,303.0,306.0,7960995.0,2447203714.0,TWSE STOCK_DAY,https://www.twse.com.tw/rwd/zh/afterTrading/STOCK_DAY?date=20230901&stockNo=3017&response=json,2023-09-12
2023-09-13,3017,奇鋐,305.0,308.0,292.0,304.0,10687503.0,3213020286.0,TWSE STOCK_DAY,https://www.twse.com.tw/rwd/zh/afterTrading/STOCK_DAY?date=20230901&stockNo=3017&response=json,2023-09-13
2023-09-14,3017,奇鋐,310.0,322.0,307.0,318.0,11189543.0,3537837588.0,TWSE STOCK_DAY,https://www.twse.com.tw/rwd/zh/afterTrading/STOCK_DAY?date=20230901&stockNo=3017&response=json,2023-09-14
2023-09-15,3017,奇鋐,317.0,321.0,314.0,320.0,6072215.0,1930641133.0,TWSE STOCK_DAY,https://www.twse.com.tw/rwd/zh/afterTrading/STOCK_DAY?date=20230901&stockNo=3017&response=json,2023-09-15
2023-09-18,3017,奇鋐,317.5,317.5,293.0,293.5,12963713.0,3894197799.0,TWSE STOCK_DAY,https://www.twse.com.tw/rwd/zh/afterTrading/STOCK_DAY?date=20230901&stockNo=3017&response=json,2023-09-18
2023-09-19,3017,奇鋐,295.0,295.5,276.0,278.0,19668069.0,5560265287.0,TWSE STOCK_DAY,https://www.twse.com.tw/rwd/zh/afterTrading/STOCK_DAY?date=20230901&stockNo=3017&response=json,2023-09-19
2023-09-20,3017,奇鋐,277.0,295.0,274.5,281.0,17087276.0,4846193994.0,TWSE STOCK_DAY,https://www.twse.com.tw/rwd/zh/afterTrading/STOCK_DAY?date=20230901&stockNo=3017&response=json,2023-09-20
2023-09-21,3017,奇鋐,276.5,281.0,270.0,280.0,12148321.0,3358951601.0,TWSE STOCK_DAY,https://www.twse.com.tw/rwd/zh/afterTrading/STOCK_DAY?date=20230901&stockNo=3017&response=json,2023-09-21
2023-09-22,3017,奇鋐,275.5,301.0,272.0,297.5,19258881.0,5594804429.0,TWSE STOCK_DAY,https://www.twse.com.tw/rwd/zh/afterTrading/STOCK_DAY?date=20230901&stockNo=3017&response=json,2023-09-22
2023-09-25,3017,奇鋐,297.0,303.0,293.5,297.0,11634961.0,3478112867.0,TWSE STOCK_DAY,https://www.twse.com.tw/rwd/zh/afterTrading/STOCK_DAY?date=20230901&stockNo=3017&response=json,2023-09-25
2023-09-26,3017,奇鋐,304.0,321.0,301.0,313.5,23257873.0,7304027912.0,TWSE STOCK_DAY,https://www.twse.com.tw/rwd/zh/afterTrading/STOCK_DAY?date=20230901&stockNo=3017&response=json,2023-09-26
2023-09-27,3017,奇鋐,313.5,321.0,308.5,321.0,13278137.0,4188343164.0,TWSE STOCK_DAY,https://www.twse.com.tw/rwd/zh/afterTrading/STOCK_DAY?date=20230901&stockNo=3017&response=json,2023-09-27
2023-09-28,3017,奇鋐,323.0,344.0,323.0,341.0,22897317.0,7646007707.0,TWSE STOCK_DAY,https://www.twse.com.tw/rwd/zh/afterTrading/STOCK_DAY?date=20230901&stockNo=3017&response=json,2023-09-28
2023-10-02,3017,奇鋐,347.5,351.0,339.0,342.5,18328356.0,6334550750.0,TWSE STOCK_DAY,https://www.twse.com.tw/rwd/zh/afterTrading/STOCK_DAY?date=20231001&stockNo=3017&response=json,2023-10-02
2023-10-03,3017,奇鋐,345.5,351.0,338.5,340.0,11250444.0,3867827026.0,TWSE STOCK_DAY,https://www.twse.com.tw/rwd/zh/afterTrading/STOCK_DAY?date=20231001&stockNo=3017&response=json,2023-10-03
2023-10-04,3017,奇鋐,333.0,345.0,328.0,345.0,12171879.0,4106554276.0,TWSE STOCK_DAY,https://www.twse.com.tw/rwd/zh/afterTrading/STOCK_DAY?date=20231001&stockNo=3017&response=json,2023-10-04
2023-10-05,3017,奇鋐,348.0,352.0,343.5,344.0,11350662.0,3942422482.0,TWSE STOCK_DAY,https://www.twse.com.tw/rwd/zh/afterTrading/STOCK_DAY?date=20231001&stockNo=3017&response=json,2023-10-05
2023-10-06,3017,奇鋐,350.0,351.5,345.0,348.5,7132849.0,2484013784.0,TWSE STOCK_DAY,https://www.twse.com.tw/rwd/zh/afterTrading/STOCK_DAY?date=20231001&stockNo=3017&response=json,2023-10-06
2023-10-11,3017,奇鋐,364.0,364.0,335.0,336.5,14017446.0,4836806091.0,TWSE STOCK_DAY,https://www.twse.com.tw/rwd/zh/afterTrading/STOCK_DAY?date=20231001&stockNo=3017&response=json,2023-10-11
2023-10-12,3017,奇鋐,344.0,351.0,339.0,342.0,10608129.0,3653141648.0,TWSE STOCK_DAY,https://www.twse.com.tw/rwd/zh/afterTrading/STOCK_DAY?date=20231001&stockNo=3017&response=json,2023-10-12
2023-10-13,3017,奇鋐,339.5,346.0,332.0,337.0,8425882.0,2847993250.0,TWSE STOCK_DAY,https://www.twse.com.tw/rwd/zh/afterTrading/STOCK_DAY?date=20231001&stockNo=3017&response=json,2023-10-13
2023-10-16,3017,奇鋐,333.0,338.5,323.0,325.5,8893179.0,2921672451.0,TWSE STOCK_DAY,https://www.twse.com.tw/rwd/zh/afterTrading/STOCK_DAY?date=20231001&stockNo=3017&response=json,2023-10-16
2023-10-17,3017,奇鋐,331.0,333.0,319.0,319.5,8218276.0,2670630095.0,TWSE STOCK_DAY,https://www.twse.com.tw/rwd/zh/afterTrading/STOCK_DAY?date=20231001&stockNo=3017&response=json,2023-10-17
2023-10-18,3017,奇鋐,317.5,318.0,292.0,294.0,15543116.0,4694636970.0,TWSE STOCK_DAY,https://www.twse.com.tw/rwd/zh/afterTrading/STOCK_DAY?date=20231001&stockNo=3017&response=json,2023-10-18
2023-10-19,3017,奇鋐,290.0,301.5,287.0,299.0,10557282.0,3120867796.0,TWSE STOCK_DAY,https://www.twse.com.tw/rwd/zh/afterTrading/STOCK_DAY?date=20231001&stockNo=3017&response=json,2023-10-19
2023-10-20,3017,奇鋐,295.0,312.0,290.5,308.5,12957963.0,3911505068.0,TWSE STOCK_DAY,https://www.twse.com.tw/rwd/zh/afterTrading/STOCK_DAY?date=20231001&stockNo=3017&response=json,2023-10-20
2023-10-23,3017,奇鋐,307.0,309.5,297.0,297.0,9822073.0,2978468984.0,TWSE STOCK_DAY,https://www.twse.com.tw/rwd/zh/afterTrading/STOCK_DAY?date=20231001&stockNo=3017&response=json,2023-10-23
2023-10-24,3017,奇鋐,303.0,319.5,298.5,318.0,15414361.0,4791122874.0,TWSE STOCK_DAY,https://www.twse.com.tw/rwd/zh/afterTrading/STOCK_DAY?date=20231001&stockNo=3017&response=json,2023-10-24
2023-10-25,3017,奇鋐,318.0,321.0,312.0,313.0,11441906.0,3619264507.0,TWSE STOCK_DAY,https://www.twse.com.tw/rwd/zh/afterTrading/STOCK_DAY?date=20231001&stockNo=3017&response=json,2023-10-25
2023-10-26,3017,奇鋐,305.0,312.0,301.5,301.5,9341284.0,2857041770.0,TWSE STOCK_DAY,https://www.twse.com.tw/rwd/zh/afterTrading/STOCK_DAY?date=20231001&stockNo=3017&response=json,2023-10-26
2023-10-27,3017,奇鋐,303.0,308.0,295.0,296.5,12433902.0,3733372347.0,TWSE STOCK_DAY,https://www.twse.com.tw/rwd/zh/afterTrading/STOCK_DAY?date=20231001&stockNo=3017&response=json,2023-10-27
2023-10-30,3017,奇鋐,300.5,306.0,297.5,298.5,6740738.0,2033837151.0,TWSE STOCK_DAY,https://www.twse.com.tw/rwd/zh/afterTrading/STOCK_DAY?date=20231001&stockNo=3017&response=json,2023-10-30
2023-10-31,3017,奇鋐,302.0,307.0,282.0,283.5,13230899.0,3884044374.0,TWSE STOCK_DAY,https://www.twse.com.tw/rwd/zh/afterTrading/STOCK_DAY?date=20231001&stockNo=3017&response=json,2023-10-31
2023-11-01,3017,奇鋐,286.5,288.5,280.0,285.5,8075820.0,2300131372.0,TWSE STOCK_DAY,https://www.twse.com.tw/rwd/zh/afterTrading/STOCK_DAY?date=20231101&stockNo=3017&response=json,2023-11-01
2023-11-02,3017,奇鋐,299.0,301.0,293.0,299.5,9089446.0,2705207132.0,TWSE STOCK_DAY,https://www.twse.com.tw/rwd/zh/afterTrading/STOCK_DAY?date=20231101&stockNo=3017&response=json,2023-11-02
2023-11-03,3017,奇鋐,303.0,303.5,296.0,297.0,8030747.0,2404636845.0,TWSE STOCK_DAY,https://www.twse.com.tw/rwd/zh/afterTrading/STOCK_DAY?date=20231101&stockNo=3017&response=json,2023-11-03
2023-11-06,3017,奇鋐,304.0,315.0,301.0,315.0,12470120.0,3855250551.0,TWSE STOCK_DAY,https://www.twse.com.tw/rwd/zh/afterTrading/STOCK_DAY?date=20231101&stockNo=3017&response=json,2023-11-06
2023-11-07,3017,奇鋐,312.0,314.5,308.0,311.0,6546904.0,2034455092.0,TWSE STOCK_DAY,https://www.twse.com.tw/rwd/zh/afterTrading/STOCK_DAY?date=20231101&stockNo=3017&response=json,2023-11-07
2023-11-08,3017,奇鋐,315.0,321.0,312.5,313.0,12788406.0,4048706762.0,TWSE STOCK_DAY,https://www.twse.com.tw/rwd/zh/afterTrading/STOCK_DAY?date=20231101&stockNo=3017&response=json,2023-11-08
2023-11-09,3017,奇鋐,315.0,321.0,313.0,316.5,8806659.0,2795753757.0,TWSE STOCK_DAY,https://www.twse.com.tw/rwd/zh/afterTrading/STOCK_DAY?date=20231101&stockNo=3017&response=json,2023-11-09
2023-11-10,3017,奇鋐,315.5,322.0,312.0,314.5,8146899.0,2578019935.0,TWSE STOCK_DAY,https://www.twse.com.tw/rwd/zh/afterTrading/STOCK_DAY?date=20231101&stockNo=3017&response=json,2023-11-10
2023-11-13,3017,奇鋐,321.0,321.0,309.5,318.5,9264195.0,2924465882.0,TWSE STOCK_DAY,https://www.twse.com.tw/rwd/zh/afterTrading/STOCK_DAY?date=20231101&stockNo=3017&response=json,2023-11-13
2023-11-14,3017,奇鋐,322.0,331.0,321.5,325.0,13542307.0,4417198311.0,TWSE STOCK_DAY,https://www.twse.com.tw/rwd/zh/afterTrading/STOCK_DAY?date=20231101&stockNo=3017&response=json,2023-11-14
2023-11-15,3017,奇鋐,335.5,339.0,312.0,313.5,17672768.0,5767174388.0,TWSE STOCK_DAY,https://www.twse.com.tw/rwd/zh/afterTrading/STOCK_DAY?date=20231101&stockNo=3017&response=json,2023-11-15
2023-11-16,3017,奇鋐,316.5,319.5,309.0,316.0,10846286.0,3416257328.0,TWSE STOCK_DAY,https://www.twse.com.tw/rwd/zh/afterTrading/STOCK_DAY?date=20231101&stockNo=3017&response=json,2023-11-16
2023-11-17,3017,奇鋐,317.5,323.0,315.0,318.0,7143779.0,2273004609.0,TWSE STOCK_DAY,https://www.twse.com.tw/rwd/zh/afterTrading/STOCK_DAY?date=20231101&stockNo=3017&response=json,2023-11-17
2023-11-20,3017,奇鋐,322.0,332.5,317.0,329.5,12393644.0,4034852296.0,TWSE STOCK_DAY,https://www.twse.com.tw/rwd/zh/afterTrading/STOCK_DAY?date=20231101&stockNo=3017&response=json,2023-11-20
2023-11-21,3017,奇鋐,337.0,337.0,327.0,327.0,10628302.0,3530056473.0,TWSE STOCK_DAY,https://www.twse.com.tw/rwd/zh/afterTrading/STOCK_DAY?date=20231101&stockNo=3017&response=json,2023-11-21
2023-11-22,3017,奇鋐,325.5,329.0,322.5,327.0,5944874.0,1939673389.0,TWSE STOCK_DAY,https://www.twse.com.tw/rwd/zh/afterTrading/STOCK_DAY?date=20231101&stockNo=3017&response=json,2023-11-22
2023-11-23,3017,奇鋐,329.0,337.5,320.0,320.0,12720027.0,4168424791.0,TWSE STOCK_DAY,https://www.twse.com.tw/rwd/zh/afterTrading/STOCK_DAY?date=20231101&stockNo=3017&response=json,2023-11-23
2023-11-24,3017,奇鋐,322.5,324.5,319.5,322.5,4103892.0,1322369491.0,TWSE STOCK_DAY,https://www.twse.com.tw/rwd/zh/afterTrading/STOCK_DAY?date=20231101&stockNo=3017&response=json,2023-11-24
2023-11-27,3017,奇鋐,322.5,322.5,298.0,298.0,14129564.0,4324834063.0,TWSE STOCK_DAY,https://www.twse.com.tw/rwd/zh/afterTrading/STOCK_DAY?date=20231101&stockNo=3017&response=json,2023-11-27
2023-11-28,3017,奇鋐,300.0,302.5,296.0,300.5,7431725.0,2229164243.0,TWSE STOCK_DAY,https://www.twse.com.tw/rwd/zh/afterTrading/STOCK_DAY?date=20231101&stockNo=3017&response=json,2023-11-28
2023-11-29,3017,奇鋐,301.0,308.0,300.0,301.0,6548717.0,1984649070.0,TWSE STOCK_DAY,https://www.twse.com.tw/rwd/zh/afterTrading/STOCK_DAY?date=20231101&stockNo=3017&response=json,2023-11-29
2023-11-30,3017,奇鋐,302.5,310.0,298.5,308.0,8239802.0,2496375531.0,TWSE STOCK_DAY,https://www.twse.com.tw/rwd/zh/afterTrading/STOCK_DAY?date=20231101&stockNo=3017&response=json,2023-11-30
2023-12-01,3017,奇鋐,305.5,306.0,301.5,302.5,5542256.0,1680845066.0,TWSE STOCK_DAY,https://www.twse.com.tw/rwd/zh/afterTrading/STOCK_DAY?date=20231201&stockNo=3017&response=json,2023-12-01
2023-12-04,3017,奇鋐,305.5,305.5,287.0,290.5,11513565.0,3372159926.0,TWSE STOCK_DAY,https://www.twse.com.tw/rwd/zh/afterTrading/STOCK_DAY?date=20231201&stockNo=3017&response=json,2023-12-04
2023-12-05,3017,奇鋐,288.5,289.0,280.0,286.0,10565454.0,2997404021.0,TWSE STOCK_DAY,https://www.twse.com.tw/rwd/zh/afterTrading/STOCK_DAY?date=20231201&stockNo=3017&response=json,2023-12-05
2023-12-06,3017,奇鋐,294.5,301.0,293.0,296.5,10033643.0,2981993191.0,TWSE STOCK_DAY,https://www.twse.com.tw/rwd/zh/afterTrading/STOCK_DAY?date=20231201&stockNo=3017&response=json,2023-12-06
2023-12-07,3017,奇鋐,298.0,306.0,291.5,301.5,8629639.0,2590154154.0,TWSE STOCK_DAY,https://www.twse.com.tw/rwd/zh/afterTrading/STOCK_DAY?date=20231201&stockNo=3017&response=json,2023-12-07
2023-12-08,3017,奇鋐,308.0,309.0,303.0,304.5,7175623.0,2194416846.0,TWSE STOCK_DAY,https://www.twse.com.tw/rwd/zh/afterTrading/STOCK_DAY?date=20231201&stockNo=3017&response=json,2023-12-08
2023-12-11,3017,奇鋐,309.0,313.0,302.5,308.0,8387503.0,2584594000.0,TWSE STOCK_DAY,https://www.twse.com.tw/rwd/zh/afterTrading/STOCK_DAY?date=20231201&stockNo=3017&response=json,2023-12-11
2023-12-12,3017,奇鋐,312.0,313.0,305.0,306.5,5785211.0,1785667921.0,TWSE STOCK_DAY,https://www.twse.com.tw/rwd/zh/afterTrading/STOCK_DAY?date=20231201&stockNo=3017&response=json,2023-12-12
2023-12-13,3017,奇鋐,308.0,309.5,300.5,300.5,6369761.0,1934879506.0,TWSE STOCK_DAY,https://www.twse.com.tw/rwd/zh/afterTrading/STOCK_DAY?date=20231201&stockNo=3017&response=json,2023-12-13
2023-12-14,3017,奇鋐,306.0,311.5,304.5,306.0,8026499.0,2472142986.0,TWSE STOCK_DAY,https://www.twse.com.tw/rwd/zh/afterTrading/STOCK_DAY?date=20231201&stockNo=3017&response=json,2023-12-14
2023-12-15,3017,奇鋐,309.5,311.0,298.0,298.0,8662103.0,2622992931.0,TWSE STOCK_DAY,https://www.twse.com.tw/rwd/zh/afterTrading/STOCK_DAY?date=20231201&stockNo=3017&response=json,2023-12-15
2023-12-18,3017,奇鋐,298.0,304.0,294.0,299.5,5034054.0,1506283206.0,TWSE STOCK_DAY,https://www.twse.com.tw/rwd/zh/afterTrading/STOCK_DAY?date=20231201&stockNo=3017&response=json,2023-12-18
2023-12-19,3017,奇鋐,298.0,302.5,296.0,302.5,4938732.0,1479221355.0,TWSE STOCK_DAY,https://www.twse.com.tw/rwd/zh/afterTrading/STOCK_DAY?date=20231201&stockNo=3017&response=json,2023-12-19
2023-12-20,3017,奇鋐,303.0,307.0,298.0,299.5,6943668.0,2099480376.0,TWSE STOCK_DAY,https://www.twse.com.tw/rwd/zh/afterTrading/STOCK_DAY?date=20231201&stockNo=3017&response=json,2023-12-20
2023-12-21,3017,奇鋐,297.0,301.5,293.0,301.5,6307802.0,1875903517.0,TWSE STOCK_DAY,https://www.twse.com.tw/rwd/zh/afterTrading/STOCK_DAY?date=20231201&stockNo=3017&response=json,2023-12-21
2023-12-22,3017,奇鋐,303.5,309.0,301.5,307.0,9108576.0,2789999370.0,TWSE STOCK_DAY,https://www.twse.com.tw/rwd/zh/afterTrading/STOCK_DAY?date=20231201&stockNo=3017&response=json,2023-12-22
2023-12-25,3017,奇鋐,309.5,312.0,307.0,309.5,5387672.0,1669502480.0,TWSE STOCK_DAY,https://www.twse.com.tw/rwd/zh/afterTrading/STOCK_DAY?date=20231201&stockNo=3017&response=json,2023-12-25
2023-12-26,3017,奇鋐,312.0,312.0,304.5,311.0,5933091.0,1827356466.0,TWSE STOCK_DAY,https://www.twse.com.tw/rwd/zh/afterTrading/STOCK_DAY?date=20231201&stockNo=3017&response=json,2023-12-26
2023-12-27,3017,奇鋐,311.0,329.0,307.0,324.5,14531200.0,4655170773.0,TWSE STOCK_DAY,https://www.twse.com.tw/rwd/zh/afterTrading/STOCK_DAY?date=20231201&stockNo=3017&response=json,2023-12-27
2023-12-28,3017,奇鋐,327.5,331.5,318.0,318.0,11255519.0,3638141001.0,TWSE STOCK_DAY,https://www.twse.com.tw/rwd/zh/afterTrading/STOCK_DAY?date=20231201&stockNo=3017&response=json,2023-12-28
2023-12-29,3017,奇鋐,321.0,338.0,321.0,336.5,21641266.0,7182317755.0,TWSE STOCK_DAY,https://www.twse.com.tw/rwd/zh/afterTrading/STOCK_DAY?date=20231201&stockNo=3017&response=json,2023-12-29
2024-01-02,3017,奇鋐,337.0,338.5,327.0,329.5,10353809.0,3435551513.0,TWSE STOCK_DAY,https://www.twse.com.tw/rwd/zh/afterTrading/STOCK_DAY?date=20240101&stockNo=3017&response=json,2024-01-02
2024-01-03,3017,奇鋐,325.0,334.5,324.5,329.0,7939502.0,2614370346.0,TWSE STOCK_DAY,https://www.twse.com.tw/rwd/zh/afterTrading/STOCK_DAY?date=20240101&stockNo=3017&response=json,2024-01-03
2024-01-04,3017,奇鋐,331.5,334.0,316.0,319.0,10213381.0,3291859754.0,TWSE STOCK_DAY,https://www.twse.com.tw/rwd/zh/afterTrading/STOCK_DAY?date=20240101&stockNo=3017&response=json,2024-01-04
2024-01-05,3017,奇鋐,320.0,324.0,318.5,323.5,5255538.0,1689372711.0,TWSE STOCK_DAY,https://www.twse.com.tw/rwd/zh/afterTrading/STOCK_DAY?date=20240101&stockNo=3017&response=json,2024-01-05
2024-01-08,3017,奇鋐,325.0,326.0,300.5,301.5,18053420.0,5587111048.0,TWSE STOCK_DAY,https://www.twse.com.tw/rwd/zh/afterTrading/STOCK_DAY?date=20240101&stockNo=3017&response=json,2024-01-08
2024-01-09,3017,奇鋐,310.5,317.0,307.5,315.0,13398129.0,4185422373.0,TWSE STOCK_DAY,https://www.twse.com.tw/rwd/zh/afterTrading/STOCK_DAY?date=20240101&stockNo=3017&response=json,2024-01-09
2024-01-10,3017,奇鋐,315.0,329.5,315.0,329.0,16477955.0,5341496589.0,TWSE STOCK_DAY,https://www.twse.com.tw/rwd/zh/afterTrading/STOCK_DAY?date=20240101&stockNo=3017&response=json,2024-01-10
2024-01-11,3017,奇鋐,328.5,348.0,324.0,346.5,19397967.0,6574919653.0,TWSE STOCK_DAY,https://www.twse.com.tw/rwd/zh/afterTrading/STOCK_DAY?date=20240101&stockNo=3017&response=json,2024-01-11
2024-01-12,3017,奇鋐,346.0,358.0,338.5,350.0,25955483.0,9113119535.0,TWSE STOCK_DAY,https://www.twse.com.tw/rwd/zh/afterTrading/STOCK_DAY?date=20240101&stockNo=3017&response=json,2024-01-12
2024-01-15,3017,奇鋐,350.0,351.0,334.0,334.0,16628877.0,5642229286.0,TWSE STOCK_DAY,https://www.twse.com.tw/rwd/zh/afterTrading/STOCK_DAY?date=20240101&stockNo=3017&response=json,2024-01-15
2024-01-16,3017,奇鋐,334.0,343.5,331.0,343.0,11057161.0,3762619213.0,TWSE STOCK_DAY,https://www.twse.com.tw/rwd/zh/afterTrading/STOCK_DAY?date=20240101&stockNo=3017&response=json,2024-01-16
2024-01-17,3017,奇鋐,345.0,357.0,343.0,343.5,17875518.0,6237998656.0,TWSE STOCK_DAY,https://www.twse.com.tw/rwd/zh/afterTrading/STOCK_DAY?date=20240101&stockNo=3017&response=json,2024-01-17
2024-01-18,3017,奇鋐,344.0,354.0,334.0,334.5,15230579.0,5206735098.0,TWSE STOCK_DAY,https://www.twse.com.tw/rwd/zh/afterTrading/STOCK_DAY?date=20240101&stockNo=3017&response=json,2024-01-18
2024-01-19,3017,奇鋐,342.0,347.5,338.5,346.0,11657582.0,4006338629.0,TWSE STOCK_DAY,https://www.twse.com.tw/rwd/zh/afterTrading/STOCK_DAY?date=20240101&stockNo=3017&response=json,2024-01-19
2024-01-22,3017,奇鋐,355.0,380.5,354.5,380.5,26832620.0,9943969303.0,TWSE STOCK_DAY,https://www.twse.com.tw/rwd/zh/afterTrading/STOCK_DAY?date=20240101&stockNo=3017&response=json,2024-01-22
2024-01-23,3017,奇鋐,387.5,389.5,376.0,386.5,18910061.0,7250797342.0,TWSE STOCK_DAY,https://www.twse.com.tw/rwd/zh/afterTrading/STOCK_DAY?date=20240101&stockNo=3017&response=json,2024-01-23
2024-01-24,3017,奇鋐,387.0,390.5,379.0,387.5,11338787.0,4372704016.0,TWSE STOCK_DAY,https://www.twse.com.tw/rwd/zh/afterTrading/STOCK_DAY?date=20240101&stockNo=3017&response=json,2024-01-24
2024-01-25,3017,奇鋐,391.0,398.0,383.0,389.5,15589957.0,6087774718.0,TWSE STOCK_DAY,https://www.twse.com.tw/rwd/zh/afterTrading/STOCK_DAY?date=20240101&stockNo=3017&response=json,2024-01-25
2024-01-26,3017,奇鋐,387.5,387.5,378.0,386.0,7309066.0,2802119979.0,TWSE STOCK_DAY,https://www.twse.com.tw/rwd/zh/afterTrading/STOCK_DAY?date=20240101&stockNo=3017&response=json,2024-01-26
2024-01-29,3017,奇鋐,383.5,393.0,382.0,390.5,7186464.0,2790394983.0,TWSE STOCK_DAY,https://www.twse.com.tw/rwd/zh/afterTrading/STOCK_DAY?date=20240101&stockNo=3017&response=json,2024-01-29
2024-01-30,3017,奇鋐,400.0,429.5,398.0,429.5,27982617.0,11768380699.0,TWSE STOCK_DAY,https://www.twse.com.tw/rwd/zh/afterTrading/STOCK_DAY?date=20240101&stockNo=3017&response=json,2024-01-30
2024-01-31,3017,奇鋐,424.0,428.0,414.0,425.5,16341597.0,6894067327.0,TWSE STOCK_DAY,https://www.twse.com.tw/rwd/zh/afterTrading/STOCK_DAY?date=20240101&stockNo=3017&response=json,2024-01-31
2024-02-01,3017,奇鋐,426.5,467.0,425.5,457.5,32579595.0,14605014447.0,TWSE STOCK_DAY,https://www.twse.com.tw/rwd/zh/afterTrading/STOCK_DAY?date=20240201&stockNo=3017&response=json,2024-02-01
2024-02-02,3017,奇鋐,467.0,484.0,466.5,478.0,20746934.0,9893414568.0,TWSE STOCK_DAY,https://www.twse.com.tw/rwd/zh/afterTrading/STOCK_DAY?date=20240201&stockNo=3017&response=json,2024-02-02
2024-02-05,3017,奇鋐,478.0,498.5,478.0,485.5,17070681.0,8287176478.0,TWSE STOCK_DAY,https://www.twse.com.tw/rwd/zh/afterTrading/STOCK_DAY?date=20240201&stockNo=3017&response=json,2024-02-05
2024-02-15,3017,奇鋐,518.0,534.0,514.0,534.0,13292708.0,7013520981.0,TWSE STOCK_DAY,https://www.twse.com.tw/rwd/zh/afterTrading/STOCK_DAY?date=20240201&stockNo=3017&response=json,2024-02-15
2024-02-16,3017,奇鋐,544.0,545.0,499.0,510.0,14032736.0,7273015597.0,TWSE STOCK_DAY,https://www.twse.com.tw/rwd/zh/afterTrading/STOCK_DAY?date=20240201&stockNo=3017&response=json,2024-02-16
2024-02-19,3017,奇鋐,509.0,520.0,485.0,486.0,13568028.0,6736353412.0,TWSE STOCK_DAY,https://www.twse.com.tw/rwd/zh/afterTrading/STOCK_DAY?date=20240201&stockNo=3017&response=json,2024-02-19
2024-02-20,3017,奇鋐,485.0,491.5,468.0,483.0,12216718.0,5854142063.0,TWSE STOCK_DAY,https://www.twse.com.tw/rwd/zh/afterTrading/STOCK_DAY?date=20240201&stockNo=3017&response=json,2024-02-20
2024-02-21,3017,奇鋐,479.5,498.0,476.0,495.0,9880469.0,4828611764.0,TWSE STOCK_DAY,https://www.twse.com.tw/rwd/zh/afterTrading/STOCK_DAY?date=20240201&stockNo=3017&response=json,2024-02-21
2024-02-22,3017,奇鋐,533.0,535.0,507.0,520.0,13992424.0,7331191778.0,TWSE STOCK_DAY,https://www.twse.com.tw/rwd/zh/afterTrading/STOCK_DAY?date=20240201&stockNo=3017&response=json,2024-02-22
2024-02-23,3017,奇鋐,520.0,523.0,497.0,498.5,14461689.0,7333275603.0,TWSE STOCK_DAY,https://www.twse.com.tw/rwd/zh/afterTrading/STOCK_DAY?date=20240201&stockNo=3017&response=json,2024-02-23
2024-02-26,3017,奇鋐,498.5,504.0,487.0,500.0,8161877.0,4048613416.0,TWSE STOCK_DAY,https://www.twse.com.tw/rwd/zh/afterTrading/STOCK_DAY?date=20240201&stockNo=3017&response=json,2024-02-26
2024-02-27,3017,奇鋐,505.0,519.0,487.0,508.0,14174882.0,7189882970.0,TWSE STOCK_DAY,https://www.twse.com.tw/rwd/zh/afterTrading/STOCK_DAY?date=20240201&stockNo=3017&response=json,2024-02-27
2024-02-29,3017,奇鋐,504.0,541.0,500.0,532.0,18212133.0,9589011214.0,TWSE STOCK_DAY,https://www.twse.com.tw/rwd/zh/afterTrading/STOCK_DAY?date=20240201&stockNo=3017&response=json,2024-02-29
2024-03-01,3017,奇鋐,539.0,558.0,524.0,539.0,18450179.0,9999535676.0,TWSE STOCK_DAY,https://www.twse.com.tw/rwd/zh/afterTrading/STOCK_DAY?date=20240301&stockNo=3017&response=json,2024-03-01
2024-03-04,3017,奇鋐,552.0,564.0,550.0,554.0,12721387.0,7084686386.0,TWSE STOCK_DAY,https://www.twse.com.tw/rwd/zh/afterTrading/STOCK_DAY?date=20240301&stockNo=3017&response=json,2024-03-04
2024-03-05,3017,奇鋐,558.0,585.0,543.0,585.0,15769902.0,8959590115.0,TWSE STOCK_DAY,https://www.twse.com.tw/rwd/zh/afterTrading/STOCK_DAY?date=20240301&stockNo=3017&response=json,2024-03-05
2024-03-06,3017,奇鋐,583.0,634.0,581.0,630.0,22361996.0,13726954207.0,TWSE STOCK_DAY,https://www.twse.com.tw/rwd/zh/afterTrading/STOCK_DAY?date=20240301&stockNo=3017&response=json,2024-03-06
2024-03-07,3017,奇鋐,637.0,659.0,587.0,599.0,25316264.0,15555234842.0,TWSE STOCK_DAY,https://www.twse.com.tw/rwd/zh/afterTrading/STOCK_DAY?date=20240301&stockNo=3017&response=json,2024-03-07
2024-03-08,3017,奇鋐,604.0,621.0,572.0,574.0,20866723.0,12353020701.0,TWSE STOCK_DAY,https://www.twse.com.tw/rwd/zh/afterTrading/STOCK_DAY?date=20240301&stockNo=3017&response=json,2024-03-08
2024-03-11,3017,奇鋐,567.0,616.0,566.0,585.0,24091625.0,14410866292.0,TWSE STOCK_DAY,https://www.twse.com.tw/rwd/zh/afterTrading/STOCK_DAY?date=20240301&stockNo=3017&response=json,2024-03-11
2024-03-12,3017,奇鋐,597.0,643.0,592.0,643.0,28886449.0,18007132744.0,TWSE STOCK_DAY,https://www.twse.com.tw/rwd/zh/afterTrading/STOCK_DAY?date=20240301&stockNo=3017&response=json,2024-03-12
2024-03-13,3017,奇鋐,651.0,677.0,607.0,617.0,35852997.0,22948068201.0,TWSE STOCK_DAY,https://www.twse.com.tw/rwd/zh/afterTrading/STOCK_DAY?date=20240301&stockNo=3017&response=json,2024-03-13
2024-03-14,3017,奇鋐,582.0,586.0,556.0,556.0,23185072.0,13028570644.0,TWSE STOCK_DAY,https://www.twse.com.tw/rwd/zh/afterTrading/STOCK_DAY?date=20240301&stockNo=3017&response=json,2024-03-14
2024-03-15,3017,奇鋐,540.0,605.0,540.0,599.0,29656599.0,17302585914.0,TWSE STOCK_DAY,https://www.twse.com.tw/rwd/zh/afterTrading/STOCK_DAY?date=20240301&stockNo=3017&response=json,2024-03-15
2024-03-18,3017,奇鋐,610.0,631.0,604.0,623.0,18757453.0,11588636566.0,TWSE STOCK_DAY,https://www.twse.com.tw/rwd/zh/afterTrading/STOCK_DAY?date=20240301&stockNo=3017&response=json,2024-03-18
2024-03-19,3017,奇鋐,609.0,626.0,563.0,569.0,21021086.0,12477753577.0,TWSE STOCK_DAY,https://www.twse.com.tw/rwd/zh/afterTrading/STOCK_DAY?date=20240301&stockNo=3017&response=json,2024-03-19
2024-03-20,3017,奇鋐,570.0,588.0,561.0,567.0,20796056.0,11917911429.0,TWSE STOCK_DAY,https://www.twse.com.tw/rwd/zh/afterTrading/STOCK_DAY?date=20240301&stockNo=3017&response=json,2024-03-20
2024-03-21,3017,奇鋐,584.0,596.0,574.0,585.0,14094594.0,8245547234.0,TWSE STOCK_DAY,https://www.twse.com.tw/rwd/zh/afterTrading/STOCK_DAY?date=20240301&stockNo=3017&response=json,2024-03-21
2024-03-22,3017,奇鋐,594.0,597.0,578.0,589.0,11141843.0,6559696736.0,TWSE STOCK_DAY,https://www.twse.com.tw/rwd/zh/afterTrading/STOCK_DAY?date=20240301&stockNo=3017&response=json,2024-03-22
2024-03-25,3017,奇鋐,589.0,596.0,580.0,583.0,8648854.0,5075525101.0,TWSE STOCK_DAY,https://www.twse.com.tw/rwd/zh/afterTrading/STOCK_DAY?date=20240301&stockNo=3017&response=json,2024-03-25
2024-03-26,3017,奇鋐,584.0,586.0,533.0,541.0,17025904.0,9399522045.0,TWSE STOCK_DAY,https://www.twse.com.tw/rwd/zh/afterTrading/STOCK_DAY?date=20240301&stockNo=3017&response=json,2024-03-26
2024-03-27,3017,奇鋐,541.0,548.0,531.0,534.0,11385926.0,6117809159.0,TWSE STOCK_DAY,https://www.twse.com.tw/rwd/zh/afterTrading/STOCK_DAY?date=20240301&stockNo=3017&response=json,2024-03-27
2024-03-28,3017,奇鋐,536.0,545.0,511.0,542.0,14901166.0,7899692634.0,TWSE STOCK_DAY,https://www.twse.com.tw/rwd/zh/afterTrading/STOCK_DAY?date=20240301&stockNo=3017&response=json,2024-03-28
2024-03-29,3017,奇鋐,545.0,564.0,536.0,546.0,12076304.0,6630807088.0,TWSE STOCK_DAY,https://www.twse.com.tw/rwd/zh/afterTrading/STOCK_DAY?date=20240301&stockNo=3017&response=json,2024-03-29
2024-04-01,3017,奇鋐,554.0,570.0,549.0,554.0,11645972.0,6494412297.0,TWSE STOCK_DAY,https://www.twse.com.tw/rwd/zh/afterTrading/STOCK_DAY?date=20240401&stockNo=3017&response=json,2024-04-01
2024-04-02,3017,奇鋐,561.0,563.0,533.0,533.0,15735165.0,8512262928.0,TWSE STOCK_DAY,https://www.twse.com.tw/rwd/zh/afterTrading/STOCK_DAY?date=20240401&stockNo=3017&response=json,2024-04-02
2024-04-03,3017,奇鋐,524.0,565.0,523.0,546.0,16799108.0,9228687012.0,TWSE STOCK_DAY,https://www.twse.com.tw/rwd/zh/afterTrading/STOCK_DAY?date=20240401&stockNo=3017&response=json,2024-04-03
2024-04-08,3017,奇鋐,548.0,598.0,547.0,570.0,17914543.0,10331961528.0,TWSE STOCK_DAY,https://www.twse.com.tw/rwd/zh/afterTrading/STOCK_DAY?date=20240401&stockNo=3017&response=json,2024-04-08
2024-04-09,3017,奇鋐,581.0,593.0,561.0,577.0,13915036.0,8036222077.0,TWSE STOCK_DAY,https://www.twse.com.tw/rwd/zh/afterTrading/STOCK_DAY?date=20240401&stockNo=3017&response=json,2024-04-09
2024-04-10,3017,奇鋐,578.0,586.0,555.0,555.0,9322346.0,5305946994.0,TWSE STOCK_DAY,https://www.twse.com.tw/rwd/zh/afterTrading/STOCK_DAY?date=20240401&stockNo=3017&response=json,2024-04-10
2024-04-11,3017,奇鋐,558.0,594.0,554.0,584.0,13052866.0,7562386707.0,TWSE STOCK_DAY,https://www.twse.com.tw/rwd/zh/afterTrading/STOCK_DAY?date=20240401&stockNo=3017&response=json,2024-04-11
2024-04-12,3017,奇鋐,592.0,636.0,592.0,628.0,20356152.0,12567659678.0,TWSE STOCK_DAY,https://www.twse.com.tw/rwd/zh/afterTrading/STOCK_DAY?date=20240401&stockNo=3017&response=json,2024-04-12
2024-04-15,3017,奇鋐,622.0,639.0,611.0,616.0,14047327.0,8802236046.0,TWSE STOCK_DAY,https://www.twse.com.tw/rwd/zh/afterTrading/STOCK_DAY?date=20240401&stockNo=3017&response=json,2024-04-15
2024-04-16,3017,奇鋐,606.0,620.0,586.0,606.0,13231693.0,7985330797.0,TWSE STOCK_DAY,https://www.twse.com.tw/rwd/zh/afterTrading/STOCK_DAY?date=20240401&stockNo=3017&response=json,2024-04-16
2024-04-17,3017,奇鋐,620.0,643.0,612.0,638.0,16958619.0,10677409764.0,TWSE STOCK_DAY,https://www.twse.com.tw/rwd/zh/afterTrading/STOCK_DAY?date=20240401&stockNo=3017&response=json,2024-04-17
2024-04-18,3017,奇鋐,638.0,692.0,630.0,680.0,25471272.0,17001605767.0,TWSE STOCK_DAY,https://www.twse.com.tw/rwd/zh/afterTrading/STOCK_DAY?date=20240401&stockNo=3017&response=json,2024-04-18
2024-04-19,3017,奇鋐,666.0,679.0,612.0,630.0,26907697.0,17267135309.0,TWSE STOCK_DAY,https://www.twse.com.tw/rwd/zh/afterTrading/STOCK_DAY?date=20240401&stockNo=3017&response=json,2024-04-19
2024-04-22,3017,奇鋐,600.0,611.0,567.0,567.0,19224070.0,11282557204.0,TWSE STOCK_DAY,https://www.twse.com.tw/rwd/zh/afterTrading/STOCK_DAY?date=20240401&stockNo=3017&response=json,2024-04-22
2024-04-23,3017,奇鋐,595.0,595.0,567.0,577.0,14935899.0,8691858800.0,TWSE STOCK_DAY,https://www.twse.com.tw/rwd/zh/afterTrading/STOCK_DAY?date=20240401&stockNo=3017&response=json,2024-04-23
2024-04-24,3017,奇鋐,610.0,634.0,608.0,634.0,11802037.0,7401221647.0,TWSE STOCK_DAY,https://www.twse.com.tw/rwd/zh/afterTrading/STOCK_DAY?date=20240401&stockNo=3017&response=json,2024-04-24
2024-04-25,3017,奇鋐,629.0,656.0,616.0,620.0,22852916.0,14558969156.0,TWSE STOCK_DAY,https://www.twse.com.tw/rwd/zh/afterTrading/STOCK_DAY?date=20240401&stockNo=3017&response=json,2024-04-25
2024-04-26,3017,奇鋐,654.0,679.0,629.0,642.0,28268052.0,18464469752.0,TWSE STOCK_DAY,https://www.twse.com.tw/rwd/zh/afterTrading/STOCK_DAY?date=20240401&stockNo=3017&response=json,2024-04-26
2024-04-29,3017,奇鋐,663.0,666.0,622.0,626.0,15425178.0,9817233668.0,TWSE STOCK_DAY,https://www.twse.com.tw/rwd/zh/afterTrading/STOCK_DAY?date=20240401&stockNo=3017&response=json,2024-04-29
2024-04-30,3017,奇鋐,645.0,662.0,641.0,654.0,18774527.0,12249453059.0,TWSE STOCK_DAY,https://www.twse.com.tw/rwd/zh/afterTrading/STOCK_DAY?date=20240401&stockNo=3017&response=json,2024-04-30
2024-05-02,3017,奇鋐,636.0,664.0,624.0,656.0,15268676.0,9913196296.0,TWSE STOCK_DAY,https://www.twse.com.tw/rwd/zh/afterTrading/STOCK_DAY?date=20240501&stockNo=3017&response=json,2024-05-02
2024-05-03,3017,奇鋐,670.0,672.0,645.0,662.0,17067743.0,11270544038.0,TWSE STOCK_DAY,https://www.twse.com.tw/rwd/zh/afterTrading/STOCK_DAY?date=20240501&stockNo=3017&response=json,2024-05-03
2024-05-06,3017,奇鋐,675.0,698.0,660.0,662.0,19318055.0,13095791013.0,TWSE STOCK_DAY,https://www.twse.com.tw/rwd/zh/afterTrading/STOCK_DAY?date=20240501&stockNo=3017&response=json,2024-05-06
2024-05-07,3017,奇鋐,674.0,682.0,655.0,674.0,13004842.0,8702770391.0,TWSE STOCK_DAY,https://www.twse.com.tw/rwd/zh/afterTrading/STOCK_DAY?date=20240501&stockNo=3017&response=json,2024-05-07
2024-05-08,3017,奇鋐,674.0,678.0,661.0,663.0,9478766.0,6339511521.0,TWSE STOCK_DAY,https://www.twse.com.tw/rwd/zh/afterTrading/STOCK_DAY?date=20240501&stockNo=3017&response=json,2024-05-08
2024-05-09,3017,奇鋐,669.0,676.0,638.0,654.0,15966037.0,10482307502.0,TWSE STOCK_DAY,https://www.twse.com.tw/rwd/zh/afterTrading/STOCK_DAY?date=20240501&stockNo=3017&response=json,2024-05-09
2024-05-10,3017,奇鋐,657.0,658.0,637.0,638.0,8508864.0,5472084883.0,TWSE STOCK_DAY,https://www.twse.com.tw/rwd/zh/afterTrading/STOCK_DAY?date=20240501&stockNo=3017&response=json,2024-05-10
2024-05-13,3017,奇鋐,650.0,666.0,626.0,626.0,18889068.0,12167544408.0,TWSE STOCK_DAY,https://www.twse.com.tw/rwd/zh/afterTrading/STOCK_DAY?date=20240501&stockNo=3017&response=json,2024-05-13
2024-05-14,3017,奇鋐,628.0,646.0,621.0,645.0,10989791.0,6950292202.0,TWSE STOCK_DAY,https://www.twse.com.tw/rwd/zh/afterTrading/STOCK_DAY?date=20240501&stockNo=3017&response=json,2024-05-14
2024-05-15,3017,奇鋐,659.0,672.0,643.0,644.0,17214134.0,11336977297.0,TWSE STOCK_DAY,https://www.twse.com.tw/rwd/zh/afterTrading/STOCK_DAY?date=20240501&stockNo=3017&response=json,2024-05-15
2024-05-16,3017,奇鋐,656.0,677.0,650.0,651.0,20039495.0,13287287838.0,TWSE STOCK_DAY,https://www.twse.com.tw/rwd/zh/afterTrading/STOCK_DAY?date=20240501&stockNo=3017&response=json,2024-05-16
2024-05-17,3017,奇鋐,656.0,667.0,651.0,660.0,10659333.0,7014420432.0,TWSE STOCK_DAY,https://www.twse.com.tw/rwd/zh/afterTrading/STOCK_DAY?date=20240501&stockNo=3017&response=json,2024-05-17
2024-05-20,3017,奇鋐,662.0,667.0,637.0,638.0,11681234.0,7574142903.0,TWSE STOCK_DAY,https://www.twse.com.tw/rwd/zh/afterTrading/STOCK_DAY?date=20240501&stockNo=3017&response=json,2024-05-20
2024-05-21,3017,奇鋐,641.0,650.0,635.0,650.0,8075434.0,5211431432.0,TWSE STOCK_DAY,https://www.twse.com.tw/rwd/zh/afterTrading/STOCK_DAY?date=20240501&stockNo=3017&response=json,2024-05-21
2024-05-22,3017,奇鋐,650.0,662.0,648.0,660.0,8522457.0,5584807786.0,TWSE STOCK_DAY,https://www.twse.com.tw/rwd/zh/afterTrading/STOCK_DAY?date=20240501&stockNo=3017&response=json,2024-05-22
2024-05-23,3017,奇鋐,671.0,725.0,665.0,708.0,26509941.0,18484904338.0,TWSE STOCK_DAY,https://www.twse.com.tw/rwd/zh/afterTrading/STOCK_DAY?date=20240501&stockNo=3017&response=json,2024-05-23
2024-05-24,3017,奇鋐,703.0,713.0,690.0,706.0,12370519.0,8689319658.0,TWSE STOCK_DAY,https://www.twse.com.tw/rwd/zh/afterTrading/STOCK_DAY?date=20240501&stockNo=3017&response=json,2024-05-24
2024-05-27,3017,奇鋐,730.0,752.0,727.0,738.0,14474065.0,10678527201.0,TWSE STOCK_DAY,https://www.twse.com.tw/rwd/zh/afterTrading/STOCK_DAY?date=20240501&stockNo=3017&response=json,2024-05-27
2024-05-28,3017,奇鋐,743.0,785.0,743.0,783.0,15452120.0,11915399077.0,TWSE STOCK_DAY,https://www.twse.com.tw/rwd/zh/afterTrading/STOCK_DAY?date=20240501&stockNo=3017&response=json,2024-05-28
2024-05-29,3017,奇鋐,789.0,817.0,785.0,811.0,16367737.0,13183653212.0,TWSE STOCK_DAY,https://www.twse.com.tw/rwd/zh/afterTrading/STOCK_DAY?date=20240501&stockNo=3017&response=json,2024-05-29
2024-05-30,3017,奇鋐,797.0,811.0,781.0,781.0,13394233.0,10645645652.0,TWSE STOCK_DAY,https://www.twse.com.tw/rwd/zh/afterTrading/STOCK_DAY?date=20240501&stockNo=3017&response=json,2024-05-30
2024-05-31,3017,奇鋐,790.0,796.0,755.0,769.0,43486215.0,33514461452.0,TWSE STOCK_DAY,https://www.twse.com.tw/rwd/zh/afterTrading/STOCK_DAY?date=20240501&stockNo=3017&response=json,2024-05-31
2024-06-03,3017,奇鋐,775.0,794.0,721.0,736.0,18522990.0,13986800135.0,TWSE STOCK_DAY,https://www.twse.com.tw/rwd/zh/afterTrading/STOCK_DAY?date=20240601&stockNo=3017&response=json,2024-06-03
2024-06-04,3017,奇鋐,737.0,748.0,710.0,721.0,12697385.0,9224371760.0,TWSE STOCK_DAY,https://www.twse.com.tw/rwd/zh/afterTrading/STOCK_DAY?date=20240601&stockNo=3017&response=json,2024-06-04
2024-06-05,3017,奇鋐,725.0,726.0,677.0,685.0,14707031.0,10243145661.0,TWSE STOCK_DAY,https://www.twse.com.tw/rwd/zh/afterTrading/STOCK_DAY?date=20240601&stockNo=3017&response=json,2024-06-05
2024-06-06,3017,奇鋐,699.0,702.0,646.0,660.0,24963824.0,16682187943.0,TWSE STOCK_DAY,https://www.twse.com.tw/rwd/zh/afterTrading/STOCK_DAY?date=20240601&stockNo=3017&response=json,2024-06-06
2024-06-07,3017,奇鋐,656.0,665.0,617.0,620.0,24895924.0,15894699083.0,TWSE STOCK_DAY,https://www.twse.com.tw/rwd/zh/afterTrading/STOCK_DAY?date=20240601&stockNo=3017&response=json,2024-06-07
2024-06-11,3017,奇鋐,646.0,675.0,643.0,665.0,18716056.0,12354933759.0,TWSE STOCK_DAY,https://www.twse.com.tw/rwd/zh/afterTrading/STOCK_DAY?date=20240601&stockNo=3017&response=json,2024-06-11
2024-06-12,3017,奇鋐,662.0,688.0,638.0,688.0,19448972.0,12899629724.0,TWSE STOCK_DAY,https://www.twse.com.tw/rwd/zh/afterTrading/STOCK_DAY?date=20240601&stockNo=3017&response=json,2024-06-12
2024-06-13,3017,奇鋐,716.0,721.0,698.0,712.0,18042667.0,12800728099.0,TWSE STOCK_DAY,https://www.twse.com.tw/rwd/zh/afterTrading/STOCK_DAY?date=20240601&stockNo=3017&response=json,2024-06-13
2024-06-14,3017,奇鋐,717.0,744.0,707.0,739.0,17405424.0,12642592986.0,TWSE STOCK_DAY,https://www.twse.com.tw/rwd/zh/afterTrading/STOCK_DAY?date=20240601&stockNo=3017&response=json,2024-06-14
2024-06-17,3017,奇鋐,750.0,756.0,719.0,723.0,13707644.0,10071688497.0,TWSE STOCK_DAY,https://www.twse.com.tw/rwd/zh/afterTrading/STOCK_DAY?date=20240601&stockNo=3017&response=json,2024-06-17
2024-06-18,3017,奇鋐,734.0,737.0,703.0,713.0,10752849.0,7704775312.0,TWSE STOCK_DAY,https://www.twse.com.tw/rwd/zh/afterTrading/STOCK_DAY?date=20240601&stockNo=3017&response=json,2024-06-18
2024-06-19,3017,奇鋐,719.0,720.0,701.0,704.0,14456481.0,10275592553.0,TWSE STOCK_DAY,https://www.twse.com.tw/rwd/zh/afterTrading/STOCK_DAY?date=20240601&stockNo=3017&response=json,2024-06-19
2024-06-20,3017,奇鋐,707.0,745.0,707.0,740.0,14033095.0,10287198954.0,TWSE STOCK_DAY,https://www.twse.com.tw/rwd/zh/afterTrading/STOCK_DAY?date=20240601&stockNo=3017&response=json,2024-06-20
2024-06-21,3017,奇鋐,726.0,742.0,714.0,731.0,15767211.0,11497721871.0,TWSE STOCK_DAY,https://www.twse.com.tw/rwd/zh/afterTrading/STOCK_DAY?date=20240601&stockNo=3017&response=json,2024-06-21
2024-06-24,3017,奇鋐,725.0,731.0,711.0,714.0,8890841.0,6401860751.0,TWSE STOCK_DAY,https://www.twse.com.tw/rwd/zh/afterTrading/STOCK_DAY?date=20240601&stockNo=3017&response=json,2024-06-24
2024-06-25,3017,奇鋐,707.0,710.0,686.0,701.0,10997269.0,7651305947.0,TWSE STOCK_DAY,https://www.twse.com.tw/rwd/zh/afterTrading/STOCK_DAY?date=20240601&stockNo=3017&response=json,2024-06-25
2024-06-26,3017,奇鋐,710.0,749.0,710.0,740.0,13574740.0,9952799251.0,TWSE STOCK_DAY,https://www.twse.com.tw/rwd/zh/afterTrading/STOCK_DAY?date=20240601&stockNo=3017&response=json,2024-06-26
2024-06-27,3017,奇鋐,730.0,755.0,730.0,736.0,14035976.0,10431465799.0,TWSE STOCK_DAY,https://www.twse.com.tw/rwd/zh/afterTrading/STOCK_DAY?date=20240601&stockNo=3017&response=json,2024-06-27
2024-06-28,3017,奇鋐,756.0,773.0,745.0,765.0,16873124.0,12849541075.0,TWSE STOCK_DAY,https://www.twse.com.tw/rwd/zh/afterTrading/STOCK_DAY?date=20240601&stockNo=3017&response=json,2024-06-28
2024-07-01,3017,奇鋐,765.0,786.0,741.0,743.0,15583669.0,11937347985.0,TWSE STOCK_DAY,https://www.twse.com.tw/rwd/zh/afterTrading/STOCK_DAY?date=20240701&stockNo=3017&response=json,2024-07-01
2024-07-02,3017,奇鋐,743.0,756.0,730.0,752.0,11471651.0,8549117187.0,TWSE STOCK_DAY,https://www.twse.com.tw/rwd/zh/afterTrading/STOCK_DAY?date=20240701&stockNo=3017&response=json,2024-07-02
2024-07-03,3017,奇鋐,757.0,770.0,743.0,745.0,13049882.0,9867177364.0,TWSE STOCK_DAY,https://www.twse.com.tw/rwd/zh/afterTrading/STOCK_DAY?date=20240701&stockNo=3017&response=json,2024-07-03
2024-07-04,3017,奇鋐,758.0,768.0,748.0,752.0,8633055.0,6523013594.0,TWSE STOCK_DAY,https://www.twse.com.tw/rwd/zh/afterTrading/STOCK_DAY?date=20240701&stockNo=3017&response=json,2024-07-04
2024-07-05,3017,奇鋐,759.0,767.0,748.0,764.0,7951054.0,6030438595.0,TWSE STOCK_DAY,https://www.twse.com.tw/rwd/zh/afterTrading/STOCK_DAY?date=20240701&stockNo=3017&response=json,2024-07-05
2024-07-08,3017,奇鋐,773.0,776.0,735.0,745.0,10919573.0,8181488137.0,TWSE STOCK_DAY,https://www.twse.com.tw/rwd/zh/afterTrading/STOCK_DAY?date=20240701&stockNo=3017&response=json,2024-07-08
2024-07-09,3017,奇鋐,750.0,754.0,710.0,727.0,10962546.0,7989458389.0,TWSE STOCK_DAY,https://www.twse.com.tw/rwd/zh/afterTrading/STOCK_DAY?date=20240701&stockNo=3017&response=json,2024-07-09
2024-07-10,3017,奇鋐,734.0,736.0,723.0,726.0,6270580.0,4571260614.0,TWSE STOCK_DAY,https://www.twse.com.tw/rwd/zh/afterTrading/STOCK_DAY?date=20240701&stockNo=3017&response=json,2024-07-10
2024-07-11,3017,奇鋐,733.0,737.0,708.0,714.0,8484104.0,6089392196.0,TWSE STOCK_DAY,https://www.twse.com.tw/rwd/zh/afterTrading/STOCK_DAY?date=20240701&stockNo=3017&response=json,2024-07-11
2024-07-12,3017,奇鋐,707.0,721.0,701.0,709.0,7224346.0,5119121588.0,TWSE STOCK_DAY,https://www.twse.com.tw/rwd/zh/afterTrading/STOCK_DAY?date=20240701&stockNo=3017&response=json,2024-07-12
2024-07-15,3017,奇鋐,712.0,713.0,694.0,702.0,6438853.0,4509684481.0,TWSE STOCK_DAY,https://www.twse.com.tw/rwd/zh/afterTrading/STOCK_DAY?date=20240701&stockNo=3017&response=json,2024-07-15
2024-07-16,3017,奇鋐,704.0,709.0,690.0,691.0,5781944.0,4027111113.0,TWSE STOCK_DAY,https://www.twse.com.tw/rwd/zh/afterTrading/STOCK_DAY?date=20240701&stockNo=3017&response=json,2024-07-16
2024-07-17,3017,奇鋐,694.0,710.0,690.0,690.0,6402006.0,4472486188.0,TWSE STOCK_DAY,https://www.twse.com.tw/rwd/zh/afterTrading/STOCK_DAY?date=20240701&stockNo=3017&response=json,2024-07-17
2024-07-18,3017,奇鋐,670.0,680.0,653.0,675.0,9811674.0,6523730083.0,TWSE STOCK_DAY,https://www.twse.com.tw/rwd/zh/afterTrading/STOCK_DAY?date=20240701&stockNo=3017&response=json,2024-07-18
2024-07-19,3017,奇鋐,676.0,698.0,670.0,687.0,8237795.0,5646863810.0,TWSE STOCK_DAY,https://www.twse.com.tw/rwd/zh/afterTrading/STOCK_DAY?date=20240701&stockNo=3017&response=json,2024-07-19
2024-07-22,3017,奇鋐,696.0,697.0,628.0,634.0,14539598.0,9510132069.0,TWSE STOCK_DAY,https://www.twse.com.tw/rwd/zh/afterTrading/STOCK_DAY?date=20240701&stockNo=3017&response=json,2024-07-22
2024-07-23,3017,奇鋐,647.0,676.0,643.0,669.0,8659947.0,5728860754.0,TWSE STOCK_DAY,https://www.twse.com.tw/rwd/zh/afterTrading/STOCK_DAY?date=20240701&stockNo=3017&response=json,2024-07-23
2024-07-26,3017,奇鋐,623.0,636.0,612.0,613.0,11013333.0,6846729688.0,TWSE STOCK_DAY,https://www.twse.com.tw/rwd/zh/afterTrading/STOCK_DAY?date=20240701&stockNo=3017&response=json,2024-07-26
2024-07-29,3017,奇鋐,628.0,628.0,588.0,590.0,12621304.0,7623723892.0,TWSE STOCK_DAY,https://www.twse.com.tw/rwd/zh/afterTrading/STOCK_DAY?date=20240701&stockNo=3017&response=json,2024-07-29
2024-07-30,3017,奇鋐,600.0,643.0,593.0,639.0,13952089.0,8654784767.0,TWSE STOCK_DAY,https://www.twse.com.tw/rwd/zh/afterTrading/STOCK_DAY?date=20240701&stockNo=3017&response=json,2024-07-30
2024-07-31,3017,奇鋐,631.0,656.0,628.0,636.0,9467722.0,6092591189.0,TWSE STOCK_DAY,https://www.twse.com.tw/rwd/zh/afterTrading/STOCK_DAY?date=20240701&stockNo=3017&response=json,2024-07-31
2024-08-01,3017,奇鋐,668.0,668.0,648.0,655.0,7932609.0,5212292300.0,TWSE STOCK_DAY,https://www.twse.com.tw/rwd/zh/afterTrading/STOCK_DAY?date=20240801&stockNo=3017&response=json,2024-08-01
2024-08-02,3017,奇鋐,608.0,640.0,592.0,594.0,12864948.0,7871029042.0,TWSE STOCK_DAY,https://www.twse.com.tw/rwd/zh/afterTrading/STOCK_DAY?date=20240801&stockNo=3017&response=json,2024-08-02
2024-08-05,3017,奇鋐,536.0,549.0,535.0,535.0,9196285.0,4943726605.0,TWSE STOCK_DAY,https://www.twse.com.tw/rwd/zh/afterTrading/STOCK_DAY?date=20240801&stockNo=3017&response=json,2024-08-05
2024-08-06,3017,奇鋐,561.0,561.0,484.0,526.0,15925656.0,8380570137.0,TWSE STOCK_DAY,https://www.twse.com.tw/rwd/zh/afterTrading/STOCK_DAY?date=20240801&stockNo=3017&response=json,2024-08-06
2024-08-07,3017,奇鋐,533.0,576.0,528.0,559.0,11662628.0,6463541738.0,TWSE STOCK_DAY,https://www.twse.com.tw/rwd/zh/afterTrading/STOCK_DAY?date=20240801&stockNo=3017&response=json,2024-08-07
2024-08-08,3017,奇鋐,541.0,549.0,521.0,530.0,13326706.0,7127858233.0,TWSE STOCK_DAY,https://www.twse.com.tw/rwd/zh/afterTrading/STOCK_DAY?date=20240801&stockNo=3017&response=json,2024-08-08
2024-08-09,3017,奇鋐,560.0,582.0,554.0,568.0,10122414.0,5789067765.0,TWSE STOCK_DAY,https://www.twse.com.tw/rwd/zh/afterTrading/STOCK_DAY?date=20240801&stockNo=3017&response=json,2024-08-09
2024-08-12,3017,奇鋐,580.0,605.0,573.0,585.0,16980984.0,9995177152.0,TWSE STOCK_DAY,https://www.twse.com.tw/rwd/zh/afterTrading/STOCK_DAY?date=20240801&stockNo=3017&response=json,2024-08-12
2024-08-13,3017,奇鋐,602.0,605.0,576.0,587.0,9714063.0,5735393060.0,TWSE STOCK_DAY,https://www.twse.com.tw/rwd/zh/afterTrading/STOCK_DAY?date=20240801&stockNo=3017&response=json,2024-08-13
2024-08-14,3017,奇鋐,606.0,617.0,593.0,597.0,8339410.0,5025372412.0,TWSE STOCK_DAY,https://www.twse.com.tw/rwd/zh/afterTrading/STOCK_DAY?date=20240801&stockNo=3017&response=json,2024-08-14
2024-08-15,3017,奇鋐,599.0,613.0,593.0,594.0,7435359.0,4477834571.0,TWSE STOCK_DAY,https://www.twse.com.tw/rwd/zh/afterTrading/STOCK_DAY?date=20240801&stockNo=3017&response=json,2024-08-15
2024-08-16,3017,奇鋐,614.0,634.0,606.0,626.0,10542659.0,6577674997.0,TWSE STOCK_DAY,https://www.twse.com.tw/rwd/zh/afterTrading/STOCK_DAY?date=20240801&stockNo=3017&response=json,2024-08-16
2024-08-19,3017,奇鋐,629.0,629.0,609.0,617.0,7446692.0,4601406388.0,TWSE STOCK_DAY,https://www.twse.com.tw/rwd/zh/afterTrading/STOCK_DAY?date=20240801&stockNo=3017&response=json,2024-08-19
2024-08-20,3017,奇鋐,625.0,635.0,611.0,616.0,6817021.0,4230475261.0,TWSE STOCK_DAY,https://www.twse.com.tw/rwd/zh/afterTrading/STOCK_DAY?date=20240801&stockNo=3017&response=json,2024-08-20
2024-08-21,3017,奇鋐,605.0,620.0,604.0,606.0,4713149.0,2872794859.0,TWSE STOCK_DAY,https://www.twse.com.tw/rwd/zh/afterTrading/STOCK_DAY?date=20240801&stockNo=3017&response=json,2024-08-21
2024-08-22,3017,奇鋐,611.0,614.0,599.0,606.0,3954867.0,2395469215.0,TWSE STOCK_DAY,https://www.twse.com.tw/rwd/zh/afterTrading/STOCK_DAY?date=20240801&stockNo=3017&response=json,2024-08-22
2024-08-23,3017,奇鋐,599.0,612.0,594.0,612.0,5171682.0,3121548149.0,TWSE STOCK_DAY,https://www.twse.com.tw/rwd/zh/afterTrading/STOCK_DAY?date=20240801&stockNo=3017&response=json,2024-08-23
2024-08-26,3017,奇鋐,620.0,632.0,610.0,610.0,9086053.0,5646959751.0,TWSE STOCK_DAY,https://www.twse.com.tw/rwd/zh/afterTrading/STOCK_DAY?date=20240801&stockNo=3017&response=json,2024-08-26
2024-08-27,3017,奇鋐,610.0,614.0,598.0,613.0,6281747.0,3808875633.0,TWSE STOCK_DAY,https://www.twse.com.tw/rwd/zh/afterTrading/STOCK_DAY?date=20240801&stockNo=3017&response=json,2024-08-27
2024-08-28,3017,奇鋐,617.0,620.0,603.0,613.0,6124327.0,3753278356.0,TWSE STOCK_DAY,https://www.twse.com.tw/rwd/zh/afterTrading/STOCK_DAY?date=20240801&stockNo=3017&response=json,2024-08-28
2024-08-29,3017,奇鋐,600.0,604.0,592.0,598.0,6377175.0,3814151335.0,TWSE STOCK_DAY,https://www.twse.com.tw/rwd/zh/afterTrading/STOCK_DAY?date=20240801&stockNo=3017&response=json,2024-08-29
2024-08-30,3017,奇鋐,602.0,606.0,597.0,606.0,6622199.0,3995243283.0,TWSE STOCK_DAY,https://www.twse.com.tw/rwd/zh/afterTrading/STOCK_DAY?date=20240801&stockNo=3017&response=json,2024-08-30
2024-09-02,3017,奇鋐,602.0,611.0,568.0,574.0,10026720.0,5889265555.0,TWSE STOCK_DAY,https://www.twse.com.tw/rwd/zh/afterTrading/STOCK_DAY?date=20240901&stockNo=3017&response=json,2024-09-02
2024-09-03,3017,奇鋐,575.0,597.0,570.0,570.0,9081000.0,5268011596.0,TWSE STOCK_DAY,https://www.twse.com.tw/rwd/zh/afterTrading/STOCK_DAY?date=20240901&stockNo=3017&response=json,2024-09-03
2024-09-04,3017,奇鋐,516.0,542.0,513.0,515.0,12058015.0,6305856353.0,TWSE STOCK_DAY,https://www.twse.com.tw/rwd/zh/afterTrading/STOCK_DAY?date=20240901&stockNo=3017&response=json,2024-09-04
2024-09-05,3017,奇鋐,518.0,538.0,507.0,525.0,13236060.0,6896421410.0,TWSE STOCK_DAY,https://www.twse.com.tw/rwd/zh/afterTrading/STOCK_DAY?date=20240901&stockNo=3017&response=json,2024-09-05
2024-09-06,3017,奇鋐,527.0,534.0,510.0,511.0,10304152.0,5331763775.0,TWSE STOCK_DAY,https://www.twse.com.tw/rwd/zh/afterTrading/STOCK_DAY?date=20240901&stockNo=3017&response=json,2024-09-06
2024-09-09,3017,奇鋐,496.0,549.0,495.5,545.0,13760038.0,7243733490.0,TWSE STOCK_DAY,https://www.twse.com.tw/rwd/zh/afterTrading/STOCK_DAY?date=20240901&stockNo=3017&response=json,2024-09-09
2024-09-10,3017,奇鋐,548.0,555.0,505.0,512.0,17357772.0,9175892128.0,TWSE STOCK_DAY,https://www.twse.com.tw/rwd/zh/afterTrading/STOCK_DAY?date=20240901&stockNo=3017&response=json,2024-09-10
2024-09-11,3017,奇鋐,521.0,530.0,512.0,521.0,8034908.0,4192220545.0,TWSE STOCK_DAY,https://www.twse.com.tw/rwd/zh/afterTrading/STOCK_DAY?date=20240901&stockNo=3017&response=json,2024-09-11
2024-09-12,3017,奇鋐,557.0,563.0,541.0,555.0,12572548.0,6961200558.0,TWSE STOCK_DAY,https://www.twse.com.tw/rwd/zh/afterTrading/STOCK_DAY?date=20240901&stockNo=3017&response=json,2024-09-12
2024-09-13,3017,奇鋐,560.0,562.0,546.0,554.0,6904913.0,3815635909.0,TWSE STOCK_DAY,https://www.twse.com.tw/rwd/zh/afterTrading/STOCK_DAY?date=20240901&stockNo=3017&response=json,2024-09-13
2024-09-16,3017,奇鋐,555.0,558.0,542.0,544.0,4386299.0,2397673921.0,TWSE STOCK_DAY,https://www.twse.com.tw/rwd/zh/afterTrading/STOCK_DAY?date=20240901&stockNo=3017&response=json,2024-09-16
2024-09-18,3017,奇鋐,553.0,554.0,529.0,537.0,6491391.0,3523010122.0,TWSE STOCK_DAY,https://www.twse.com.tw/rwd/zh/afterTrading/STOCK_DAY?date=20240901&stockNo=3017&response=json,2024-09-18
2024-09-19,3017,奇鋐,546.0,563.0,545.0,561.0,8786554.0,4887663243.0,TWSE STOCK_DAY,https://www.twse.com.tw/rwd/zh/afterTrading/STOCK_DAY?date=20240901&stockNo=3017&response=json,2024-09-19
2024-09-20,3017,奇鋐,576.0,579.0,556.0,558.0,10272136.0,5792465186.0,TWSE STOCK_DAY,https://www.twse.com.tw/rwd/zh/afterTrading/STOCK_DAY?date=20240901&stockNo=3017&response=json,2024-09-20
2024-09-23,3017,奇鋐,568.0,584.0,564.0,569.0,8864935.0,5075883463.0,TWSE STOCK_DAY,https://www.twse.com.tw/rwd/zh/afterTrading/STOCK_DAY?date=20240901&stockNo=3017&response=json,2024-09-23
2024-09-24,3017,奇鋐,565.0,571.0,559.0,571.0,5971306.0,3380079320.0,TWSE STOCK_DAY,https://www.twse.com.tw/rwd/zh/afterTrading/STOCK_DAY?date=20240901&stockNo=3017&response=json,2024-09-24
2024-09-25,3017,奇鋐,578.0,597.0,572.0,581.0,9940104.0,5795525705.0,TWSE STOCK_DAY,https://www.twse.com.tw/rwd/zh/afterTrading/STOCK_DAY?date=20240901&stockNo=3017&response=json,2024-09-25
2024-09-26,3017,奇鋐,589.0,633.0,585.0,617.0,23594666.0,14455699713.0,TWSE STOCK_DAY,https://www.twse.com.tw/rwd/zh/afterTrading/STOCK_DAY?date=20240901&stockNo=3017&response=json,2024-09-26
2024-09-27,3017,奇鋐,623.0,630.0,611.0,624.0,15090320.0,9362269556.0,TWSE STOCK_DAY,https://www.twse.com.tw/rwd/zh/afterTrading/STOCK_DAY?date=20240901&stockNo=3017&response=json,2024-09-27
2024-09-30,3017,奇鋐,619.0,623.0,590.0,590.0,11149278.0,6722629146.0,TWSE STOCK_DAY,https://www.twse.com.tw/rwd/zh/afterTrading/STOCK_DAY?date=20240901&stockNo=3017&response=json,2024-09-30
2024-10-01,3017,奇鋐,598.0,606.0,582.0,585.0,8197085.0,4863960856.0,TWSE STOCK_DAY,https://www.twse.com.tw/rwd/zh/afterTrading/STOCK_DAY?date=20241001&stockNo=3017&response=json,2024-10-01
2024-10-04,3017,奇鋐,594.0,612.0,592.0,604.0,10105054.0,6105758953.0,TWSE STOCK_DAY,https://www.twse.com.tw/rwd/zh/afterTrading/STOCK_DAY?date=20241001&stockNo=3017&response=json,2024-10-04
2024-10-07,3017,奇鋐,617.0,618.0,608.0,611.0,7101570.0,4348532155.0,TWSE STOCK_DAY,https://www.twse.com.tw/rwd/zh/afterTrading/STOCK_DAY?date=20241001&stockNo=3017&response=json,2024-10-07
2024-10-08,3017,奇鋐,611.0,622.0,608.0,611.0,6572281.0,4031453478.0,TWSE STOCK_DAY,https://www.twse.com.tw/rwd/zh/afterTrading/STOCK_DAY?date=20241001&stockNo=3017&response=json,2024-10-08
2024-10-09,3017,奇鋐,620.0,622.0,605.0,605.0,5902050.0,3619905059.0,TWSE STOCK_DAY,https://www.twse.com.tw/rwd/zh/afterTrading/STOCK_DAY?date=20241001&stockNo=3017&response=json,2024-10-09
2024-10-11,3017,奇鋐,615.0,638.0,614.0,629.0,13756372.0,8657520314.0,TWSE STOCK_DAY,https://www.twse.com.tw/rwd/zh/afterTrading/STOCK_DAY?date=20241001&stockNo=3017&response=json,2024-10-11
2024-10-14,3017,奇鋐,632.0,658.0,630.0,647.0,13255904.0,8559406515.0,TWSE STOCK_DAY,https://www.twse.com.tw/rwd/zh/afterTrading/STOCK_DAY?date=20241001&stockNo=3017&response=json,2024-10-14
2024-10-15,3017,奇鋐,658.0,680.0,654.0,679.0,15412738.0,10305742586.0,TWSE STOCK_DAY,https://www.twse.com.tw/rwd/zh/afterTrading/STOCK_DAY?date=20241001&stockNo=3017&response=json,2024-10-15
2024-10-16,3017,奇鋐,666.0,681.0,658.0,676.0,10274768.0,6891743871.0,TWSE STOCK_DAY,https://www.twse.com.tw/rwd/zh/afterTrading/STOCK_DAY?date=20241001&stockNo=3017&response=json,2024-10-16
2024-10-17,3017,奇鋐,678.0,683.0,666.0,679.0,8558641.0,5785778903.0,TWSE STOCK_DAY,https://www.twse.com.tw/rwd/zh/afterTrading/STOCK_DAY?date=20241001&stockNo=3017&response=json,2024-10-17
2024-10-18,3017,奇鋐,691.0,699.0,676.0,681.0,12884187.0,8851424285.0,TWSE STOCK_DAY,https://www.twse.com.tw/rwd/zh/afterTrading/STOCK_DAY?date=20241001&stockNo=3017&response=json,2024-10-18
2024-10-21,3017,奇鋐,681.0,695.0,677.0,677.0,8323429.0,5702282598.0,TWSE STOCK_DAY,https://www.twse.com.tw/rwd/zh/afterTrading/STOCK_DAY?date=20241001&stockNo=3017&response=json,2024-10-21
2024-10-22,3017,奇鋐,677.0,687.0,674.0,683.0,4804114.0,3266741205.0,TWSE STOCK_DAY,https://www.twse.com.tw/rwd/zh/afterTrading/STOCK_DAY?date=20241001&stockNo=3017&response=json,2024-10-22
2024-10-23,3017,奇鋐,681.0,693.0,676.0,686.0,5432962.0,3728433919.0,TWSE STOCK_DAY,https://www.twse.com.tw/rwd/zh/afterTrading/STOCK_DAY?date=20241001&stockNo=3017&response=json,2024-10-23
2024-10-24,3017,奇鋐,688.0,689.0,651.0,656.0,11019725.0,7312469474.0,TWSE STOCK_DAY,https://www.twse.com.tw/rwd/zh/afterTrading/STOCK_DAY?date=20241001&stockNo=3017&response=json,2024-10-24
2024-10-25,3017,奇鋐,657.0,664.0,653.0,664.0,5140180.0,3383821790.0,TWSE STOCK_DAY,https://www.twse.com.tw/rwd/zh/afterTrading/STOCK_DAY?date=20241001&stockNo=3017&response=json,2024-10-25
2024-10-28,3017,奇鋐,663.0,666.0,640.0,648.0,7029020.0,4563062831.0,TWSE STOCK_DAY,https://www.twse.com.tw/rwd/zh/afterTrading/STOCK_DAY?date=20241001&stockNo=3017&response=json,2024-10-28
2024-10-29,3017,奇鋐,641.0,642.0,620.0,626.0,7342277.0,4621842799.0,TWSE STOCK_DAY,https://www.twse.com.tw/rwd/zh/afterTrading/STOCK_DAY?date=20241001&stockNo=3017&response=json,2024-10-29
2024-10-30,3017,奇鋐,633.0,653.0,631.0,638.0,8528797.0,5476894418.0,TWSE STOCK_DAY,https://www.twse.com.tw/rwd/zh/afterTrading/STOCK_DAY?date=20241001&stockNo=3017&response=json,2024-10-30
2024-11-01,3017,奇鋐,610.0,641.0,608.0,637.0,6752112.0,4246064430.0,TWSE STOCK_DAY,https://www.twse.com.tw/rwd/zh/afterTrading/STOCK_DAY?date=20241101&stockNo=3017&response=json,2024-11-01
2024-11-04,3017,奇鋐,637.0,654.0,625.0,654.0,5074682.0,3254853750.0,TWSE STOCK_DAY,https://www.twse.com.tw/rwd/zh/afterTrading/STOCK_DAY?date=20241101&stockNo=3017&response=json,2024-11-04
2024-11-05,3017,奇鋐,649.0,659.0,646.0,656.0,4719313.0,3083550864.0,TWSE STOCK_DAY,https://www.twse.com.tw/rwd/zh/afterTrading/STOCK_DAY?date=20241101&stockNo=3017&response=json,2024-11-05
2024-11-06,3017,奇鋐,666.0,680.0,659.0,674.0,8446571.0,5676851557.0,TWSE STOCK_DAY,https://www.twse.com.tw/rwd/zh/afterTrading/STOCK_DAY?date=20241101&stockNo=3017&response=json,2024-11-06
2024-11-07,3017,奇鋐,674.0,683.0,671.0,675.0,6013520.0,4066949935.0,TWSE STOCK_DAY,https://www.twse.com.tw/rwd/zh/afterTrading/STOCK_DAY?date=20241101&stockNo=3017&response=json,2024-11-07
2024-11-08,3017,奇鋐,686.0,694.0,682.0,687.0,8898073.0,6122298631.0,TWSE STOCK_DAY,https://www.twse.com.tw/rwd/zh/afterTrading/STOCK_DAY?date=20241101&stockNo=3017&response=json,2024-11-08
2024-11-11,3017,奇鋐,687.0,691.0,679.0,687.0,3177423.0,2175403561.0,TWSE STOCK_DAY,https://www.twse.com.tw/rwd/zh/afterTrading/STOCK_DAY?date=20241101&stockNo=3017&response=json,2024-11-11
2024-11-12,3017,奇鋐,680.0,684.0,661.0,661.0,4994339.0,3345091557.0,TWSE STOCK_DAY,https://www.twse.com.tw/rwd/zh/afterTrading/STOCK_DAY?date=20241101&stockNo=3017&response=json,2024-11-12
2024-11-13,3017,奇鋐,661.0,674.0,656.0,661.0,5166270.0,3435694194.0,TWSE STOCK_DAY,https://www.twse.com.tw/rwd/zh/afterTrading/STOCK_DAY?date=20241101&stockNo=3017&response=json,2024-11-13
2024-11-14,3017,奇鋐,680.0,694.0,670.0,685.0,10804194.0,7359676864.0,TWSE STOCK_DAY,https://www.twse.com.tw/rwd/zh/afterTrading/STOCK_DAY?date=20241101&stockNo=3017&response=json,2024-11-14
2024-11-15,3017,奇鋐,693.0,698.0,644.0,648.0,15673137.0,10403714355.0,TWSE STOCK_DAY,https://www.twse.com.tw/rwd/zh/afterTrading/STOCK_DAY?date=20241101&stockNo=3017&response=json,2024-11-15
2024-11-18,3017,奇鋐,650.0,659.0,636.0,638.0,6234714.0,4021635385.0,TWSE STOCK_DAY,https://www.twse.com.tw/rwd/zh/afterTrading/STOCK_DAY?date=20241101&stockNo=3017&response=json,2024-11-18
2024-11-19,3017,奇鋐,645.0,662.0,638.0,648.0,7558736.0,4911953727.0,TWSE STOCK_DAY,https://www.twse.com.tw/rwd/zh/afterTrading/STOCK_DAY?date=20241101&stockNo=3017&response=json,2024-11-19
2024-11-20,3017,奇鋐,659.0,675.0,659.0,666.0,8351821.0,5571865553.0,TWSE STOCK_DAY,https://www.twse.com.tw/rwd/zh/afterTrading/STOCK_DAY?date=20241101&stockNo=3017&response=json,2024-11-20
2024-11-21,3017,奇鋐,659.0,673.0,648.0,650.0,7323694.0,4815182219.0,TWSE STOCK_DAY,https://www.twse.com.tw/rwd/zh/afterTrading/STOCK_DAY?date=20241101&stockNo=3017&response=json,2024-11-21
2024-11-22,3017,奇鋐,661.0,664.0,651.0,652.0,4742900.0,3114484883.0,TWSE STOCK_DAY,https://www.twse.com.tw/rwd/zh/afterTrading/STOCK_DAY?date=20241101&stockNo=3017&response=json,2024-11-22
2024-11-25,3017,奇鋐,657.0,670.0,656.0,669.0,5538693.0,3685050279.0,TWSE STOCK_DAY,https://www.twse.com.tw/rwd/zh/afterTrading/STOCK_DAY?date=20241101&stockNo=3017&response=json,2024-11-25
2024-11-26,3017,奇鋐,660.0,664.0,646.0,649.0,5923796.0,3857105241.0,TWSE STOCK_DAY,https://www.twse.com.tw/rwd/zh/afterTrading/STOCK_DAY?date=20241101&stockNo=3017&response=json,2024-11-26
2024-11-27,3017,奇鋐,650.0,658.0,630.0,630.0,5368528.0,3445403611.0,TWSE STOCK_DAY,https://www.twse.com.tw/rwd/zh/afterTrading/STOCK_DAY?date=20241101&stockNo=3017&response=json,2024-11-27
2024-11-28,3017,奇鋐,631.0,640.0,621.0,640.0,5175118.0,3267856998.0,TWSE STOCK_DAY,https://www.twse.com.tw/rwd/zh/afterTrading/STOCK_DAY?date=20241101&stockNo=3017&response=json,2024-11-28
2024-11-29,3017,奇鋐,632.0,646.0,630.0,643.0,3597478.0,2302101703.0,TWSE STOCK_DAY,https://www.twse.com.tw/rwd/zh/afterTrading/STOCK_DAY?date=20241101&stockNo=3017&response=json,2024-11-29
2024-12-02,3017,奇鋐,648.0,684.0,647.0,678.0,12958124.0,8728133520.0,TWSE STOCK_DAY,https://www.twse.com.tw/rwd/zh/afterTrading/STOCK_DAY?date=20241201&stockNo=3017&response=json,2024-12-02
2024-12-03,3017,奇鋐,692.0,718.0,684.0,697.0,15290442.0,10719850937.0,TWSE STOCK_DAY,https://www.twse.com.tw/rwd/zh/afterTrading/STOCK_DAY?date=20241201&stockNo=3017&response=json,2024-12-03
2024-12-04,3017,奇鋐,705.0,714.0,696.0,714.0,8590761.0,6070544986.0,TWSE STOCK_DAY,https://www.twse.com.tw/rwd/zh/afterTrading/STOCK_DAY?date=20241201&stockNo=3017&response=json,2024-12-04
2024-12-05,3017,奇鋐,722.0,726.0,711.0,715.0,6117937.0,4391984849.0,TWSE STOCK_DAY,https://www.twse.com.tw/rwd/zh/afterTrading/STOCK_DAY?date=20241201&stockNo=3017&response=json,2024-12-05
2024-12-06,3017,奇鋐,715.0,721.0,708.0,711.0,5307157.0,3789704256.0,TWSE STOCK_DAY,https://www.twse.com.tw/rwd/zh/afterTrading/STOCK_DAY?date=20241201&stockNo=3017&response=json,2024-12-06
2024-12-09,3017,奇鋐,710.0,712.0,693.0,708.0,7494660.0,5262190471.0,TWSE STOCK_DAY,https://www.twse.com.tw/rwd/zh/afterTrading/STOCK_DAY?date=20241201&stockNo=3017&response=json,2024-12-09
2024-12-10,3017,奇鋐,702.0,703.0,682.0,682.0,7558764.0,5201131171.0,TWSE STOCK_DAY,https://www.twse.com.tw/rwd/zh/afterTrading/STOCK_DAY?date=20241201&stockNo=3017&response=json,2024-12-10
2024-12-11,3017,奇鋐,676.0,703.0,676.0,700.0,7540380.0,5239143098.0,TWSE STOCK_DAY,https://www.twse.com.tw/rwd/zh/afterTrading/STOCK_DAY?date=20241201&stockNo=3017&response=json,2024-12-11
2024-12-12,3017,奇鋐,709.0,716.0,691.0,693.0,6723450.0,4715636721.0,TWSE STOCK_DAY,https://www.twse.com.tw/rwd/zh/afterTrading/STOCK_DAY?date=20241201&stockNo=3017&response=json,2024-12-12
2024-12-13,3017,奇鋐,693.0,699.0,683.0,686.0,3091220.0,2131469126.0,TWSE STOCK_DAY,https://www.twse.com.tw/rwd/zh/afterTrading/STOCK_DAY?date=20241201&stockNo=3017&response=json,2024-12-13
2024-12-16,3017,奇鋐,690.0,695.0,637.0,637.0,12387010.0,8090375934.0,TWSE STOCK_DAY,https://www.twse.com.tw/rwd/zh/afterTrading/STOCK_DAY?date=20241201&stockNo=3017&response=json,2024-12-16
2024-12-17,3017,奇鋐,639.0,655.0,639.0,651.0,5933039.0,3845055653.0,TWSE STOCK_DAY,https://www.twse.com.tw/rwd/zh/afterTrading/STOCK_DAY?date=20241201&stockNo=3017&response=json,2024-12-17
2024-12-18,3017,奇鋐,645.0,647.0,616.0,630.0,11170566.0,6998269501.0,TWSE STOCK_DAY,https://www.twse.com.tw/rwd/zh/afterTrading/STOCK_DAY?date=20241201&stockNo=3017&response=json,2024-12-18
2024-12-19,3017,奇鋐,613.0,636.0,613.0,633.0,5896201.0,3703958446.0,TWSE STOCK_DAY,https://www.twse.com.tw/rwd/zh/afterTrading/STOCK_DAY?date=20241201&stockNo=3017&response=json,2024-12-19
2024-12-20,3017,奇鋐,629.0,640.0,621.0,634.0,9296739.0,5861388619.0,TWSE STOCK_DAY,https://www.twse.com.tw/rwd/zh/afterTrading/STOCK_DAY?date=20241201&stockNo=3017&response=json,2024-12-20
2024-12-23,3017,奇鋐,644.0,650.0,635.0,636.0,5264830.0,3377713838.0,TWSE STOCK_DAY,https://www.twse.com.tw/rwd/zh/afterTrading/STOCK_DAY?date=20241201&stockNo=3017&response=json,2024-12-23
2024-12-24,3017,奇鋐,644.0,645.0,633.0,634.0,3976698.0,2534111774.0,TWSE STOCK_DAY,https://www.twse.com.tw/rwd/zh/afterTrading/STOCK_DAY?date=20241201&stockNo=3017&response=json,2024-12-24
2024-12-25,3017,奇鋐,638.0,643.0,635.0,636.0,2390222.0,1526127794.0,TWSE STOCK_DAY,https://www.twse.com.tw/rwd/zh/afterTrading/STOCK_DAY?date=20241201&stockNo=3017&response=json,2024-12-25
2024-12-26,3017,奇鋐,639.0,651.0,632.0,642.0,4014343.0,2582464862.0,TWSE STOCK_DAY,https://www.twse.com.tw/rwd/zh/afterTrading/STOCK_DAY?date=20241201&stockNo=3017&response=json,2024-12-26
2024-12-27,3017,奇鋐,645.0,645.0,633.0,636.0,3157986.0,2012543433.0,TWSE STOCK_DAY,https://www.twse.com.tw/rwd/zh/afterTrading/STOCK_DAY?date=20241201&stockNo=3017&response=json,2024-12-27
2024-12-30,3017,奇鋐,634.0,643.0,627.0,627.0,3368938.0,2132190378.0,TWSE STOCK_DAY,https://www.twse.com.tw/rwd/zh/afterTrading/STOCK_DAY?date=20241201&stockNo=3017&response=json,2024-12-30
2024-12-31,3017,奇鋐,628.0,632.0,622.0,623.0,2860038.0,1786633032.0,TWSE STOCK_DAY,https://www.twse.com.tw/rwd/zh/afterTrading/STOCK_DAY?date=20241201&stockNo=3017&response=json,2024-12-31
2025-01-02,3017,奇鋐,623.0,639.0,614.0,615.0,4734406.0,2957686538.0,TWSE STOCK_DAY,https://www.twse.com.tw/rwd/zh/afterTrading/STOCK_DAY?date=20250101&stockNo=3017&response=json,2025-01-02
2025-01-03,3017,奇鋐,620.0,626.0,611.0,624.0,3713963.0,2302673750.0,TWSE STOCK_DAY,https://www.twse.com.tw/rwd/zh/afterTrading/STOCK_DAY?date=20250101&stockNo=3017&response=json,2025-01-03
2025-01-06,3017,奇鋐,632.0,636.0,627.0,627.0,4444331.0,2800812549.0,TWSE STOCK_DAY,https://www.twse.com.tw/rwd/zh/afterTrading/STOCK_DAY?date=20250101&stockNo=3017&response=json,2025-01-06
2025-01-07,3017,奇鋐,636.0,642.0,634.0,637.0,4232160.0,2697080997.0,TWSE STOCK_DAY,https://www.twse.com.tw/rwd/zh/afterTrading/STOCK_DAY?date=20250101&stockNo=3017&response=json,2025-01-07
2025-01-08,3017,奇鋐,632.0,633.0,611.0,615.0,6713301.0,4156009386.0,TWSE STOCK_DAY,https://www.twse.com.tw/rwd/zh/afterTrading/STOCK_DAY?date=20250101&stockNo=3017&response=json,2025-01-08
2025-01-09,3017,奇鋐,616.0,618.0,572.0,574.0,13456408.0,7932120922.0,TWSE STOCK_DAY,https://www.twse.com.tw/rwd/zh/afterTrading/STOCK_DAY?date=20250101&stockNo=3017&response=json,2025-01-09
2025-01-10,3017,奇鋐,575.0,576.0,545.0,549.0,11796683.0,6553218720.0,TWSE STOCK_DAY,https://www.twse.com.tw/rwd/zh/afterTrading/STOCK_DAY?date=20250101&stockNo=3017&response=json,2025-01-10
2025-01-13,3017,奇鋐,547.0,551.0,515.0,516.0,10814033.0,5681171640.0,TWSE STOCK_DAY,https://www.twse.com.tw/rwd/zh/afterTrading/STOCK_DAY?date=20250101&stockNo=3017&response=json,2025-01-13
2025-01-14,3017,奇鋐,520.0,525.0,513.0,520.0,8788193.0,4556983379.0,TWSE STOCK_DAY,https://www.twse.com.tw/rwd/zh/afterTrading/STOCK_DAY?date=20250101&stockNo=3017&response=json,2025-01-14
2025-01-15,3017,奇鋐,516.0,522.0,500.0,502.0,7652794.0,3889889542.0,TWSE STOCK_DAY,https://www.twse.com.tw/rwd/zh/afterTrading/STOCK_DAY?date=20250101&stockNo=3017&response=json,2025-01-15
2025-01-16,3017,奇鋐,518.0,533.0,514.0,527.0,7120252.0,3721762619.0,TWSE STOCK_DAY,https://www.twse.com.tw/rwd/zh/afterTrading/STOCK_DAY?date=20250101&stockNo=3017&response=json,2025-01-16
2025-01-17,3017,奇鋐,526.0,539.0,508.0,530.0,10135724.0,5295045020.0,TWSE STOCK_DAY,https://www.twse.com.tw/rwd/zh/afterTrading/STOCK_DAY?date=20250101&stockNo=3017&response=json,2025-01-17
2025-01-20,3017,奇鋐,538.0,566.0,535.0,565.0,9214658.0,5118792869.0,TWSE STOCK_DAY,https://www.twse.com.tw/rwd/zh/afterTrading/STOCK_DAY?date=20250101&stockNo=3017&response=json,2025-01-20
2025-01-21,3017,奇鋐,565.0,565.0,550.0,552.0,6737935.0,3737709389.0,TWSE STOCK_DAY,https://www.twse.com.tw/rwd/zh/afterTrading/STOCK_DAY?date=20250101&stockNo=3017&response=json,2025-01-21
2025-01-22,3017,奇鋐,563.0,581.0,562.0,579.0,9315682.0,5338973187.0,TWSE STOCK_DAY,https://www.twse.com.tw/rwd/zh/afterTrading/STOCK_DAY?date=20250101&stockNo=3017&response=json,2025-01-22
2025-02-03,3017,奇鋐,522.0,522.0,522.0,522.0,3560200.0,1858591994.0,TWSE STOCK_DAY,https://www.twse.com.tw/rwd/zh/afterTrading/STOCK_DAY?date=20250201&stockNo=3017&response=json,2025-02-03
2025-02-04,3017,奇鋐,519.0,524.0,486.0,508.0,22732433.0,11428372521.0,TWSE STOCK_DAY,https://www.twse.com.tw/rwd/zh/afterTrading/STOCK_DAY?date=20250201&stockNo=3017&response=json,2025-02-04
2025-02-05,3017,奇鋐,524.0,543.0,519.0,526.0,12455579.0,6594755342.0,TWSE STOCK_DAY,https://www.twse.com.tw/rwd/zh/afterTrading/STOCK_DAY?date=20250201&stockNo=3017&response=json,2025-02-05
2025-02-06,3017,奇鋐,531.0,547.0,531.0,535.0,8799982.0,4740273835.0,TWSE STOCK_DAY,https://www.twse.com.tw/rwd/zh/afterTrading/STOCK_DAY?date=20250201&stockNo=3017&response=json,2025-02-06
2025-02-07,3017,奇鋐,543.0,549.0,531.0,549.0,6696356.0,3629072262.0,TWSE STOCK_DAY,https://www.twse.com.tw/rwd/zh/afterTrading/STOCK_DAY?date=20250201&stockNo=3017&response=json,2025-02-07
2025-02-10,3017,奇鋐,530.0,541.0,524.0,538.0,9422423.0,5020310382.0,TWSE STOCK_DAY,https://www.twse.com.tw/rwd/zh/afterTrading/STOCK_DAY?date=20250201&stockNo=3017&response=json,2025-02-10
2025-02-11,3017,奇鋐,543.0,552.0,541.0,545.0,7556974.0,4126901341.0,TWSE STOCK_DAY,https://www.twse.com.tw/rwd/zh/afterTrading/STOCK_DAY?date=20250201&stockNo=3017&response=json,2025-02-11
2025-02-12,3017,奇鋐,545.0,565.0,543.0,553.0,9906875.0,5503758317.0,TWSE STOCK_DAY,https://www.twse.com.tw/rwd/zh/afterTrading/STOCK_DAY?date=20250201&stockNo=3017&response=json,2025-02-12
2025-02-13,3017,奇鋐,557.0,563.0,549.0,556.0,6952028.0,3872883638.0,TWSE STOCK_DAY,https://www.twse.com.tw/rwd/zh/afterTrading/STOCK_DAY?date=20250201&stockNo=3017&response=json,2025-02-13
2025-02-14,3017,奇鋐,556.0,565.0,546.0,560.0,5727340.0,3188099954.0,TWSE STOCK_DAY,https://www.twse.com.tw/rwd/zh/afterTrading/STOCK_DAY?date=20250201&stockNo=3017&response=json,2025-02-14
2025-02-17,3017,奇鋐,565.0,574.0,558.0,562.0,6055245.0,3428413645.0,TWSE STOCK_DAY,https://www.twse.com.tw/rwd/zh/afterTrading/STOCK_DAY?date=20250201&stockNo=3017&response=json,2025-02-17
2025-02-18,3017,奇鋐,563.0,579.0,559.0,579.0,5778691.0,3299679005.0,TWSE STOCK_DAY,https://www.twse.com.tw/rwd/zh/afterTrading/STOCK_DAY?date=20250201&stockNo=3017&response=json,2025-02-18
2025-02-19,3017,奇鋐,581.0,583.0,564.0,564.0,6621890.0,3788428113.0,TWSE STOCK_DAY,https://www.twse.com.tw/rwd/zh/afterTrading/STOCK_DAY?date=20250201&stockNo=3017&response=json,2025-02-19
2025-02-20,3017,奇鋐,564.0,569.0,555.0,563.0,3523021.0,1980487929.0,TWSE STOCK_DAY,https://www.twse.com.tw/rwd/zh/afterTrading/STOCK_DAY?date=20250201&stockNo=3017&response=json,2025-02-20
2025-02-21,3017,奇鋐,564.0,569.0,558.0,568.0,3182727.0,1800075125.0,TWSE STOCK_DAY,https://www.twse.com.tw/rwd/zh/afterTrading/STOCK_DAY?date=20250201&stockNo=3017&response=json,2025-02-21
2025-02-24,3017,奇鋐,554.0,556.0,541.0,542.0,8755605.0,4770174922.0,TWSE STOCK_DAY,https://www.twse.com.tw/rwd/zh/afterTrading/STOCK_DAY?date=20250201&stockNo=3017&response=json,2025-02-24
2025-02-25,3017,奇鋐,528.0,539.0,523.0,528.0,6405932.0,3387114755.0,TWSE STOCK_DAY,https://www.twse.com.tw/rwd/zh/afterTrading/STOCK_DAY?date=20250201&stockNo=3017&response=json,2025-02-25
2025-02-26,3017,奇鋐,525.0,554.0,524.0,549.0,8688661.0,4706990884.0,TWSE STOCK_DAY,https://www.twse.com.tw/rwd/zh/afterTrading/STOCK_DAY?date=20250201&stockNo=3017&response=json,2025-02-26
2025-02-27,3017,奇鋐,553.0,567.0,536.0,537.0,10141764.0,5551885904.0,TWSE STOCK_DAY,https://www.twse.com.tw/rwd/zh/afterTrading/STOCK_DAY?date=20250201&stockNo=3017&response=json,2025-02-27
2025-03-03,3017,奇鋐,528.0,533.0,519.0,519.0,5256958.0,2757095492.0,TWSE STOCK_DAY,https://www.twse.com.tw/rwd/zh/afterTrading/STOCK_DAY?date=20250301&stockNo=3017&response=json,2025-03-03
2025-03-04,3017,奇鋐,506.0,537.0,500.0,534.0,7628957.0,3989250173.0,TWSE STOCK_DAY,https://www.twse.com.tw/rwd/zh/afterTrading/STOCK_DAY?date=20250301&stockNo=3017&response=json,2025-03-04
2025-03-05,3017,奇鋐,549.0,576.0,548.0,566.0,14570981.0,8202609379.0,TWSE STOCK_DAY,https://www.twse.com.tw/rwd/zh/afterTrading/STOCK_DAY?date=20250301&stockNo=3017&response=json,2025-03-05
2025-03-06,3017,奇鋐,570.0,582.0,562.0,576.0,11321459.0,6498990984.0,TWSE STOCK_DAY,https://www.twse.com.tw/rwd/zh/afterTrading/STOCK_DAY?date=20250301&stockNo=3017&response=json,2025-03-06
2025-03-07,3017,奇鋐,566.0,573.0,558.0,559.0,9004617.0,5077385947.0,TWSE STOCK_DAY,https://www.twse.com.tw/rwd/zh/afterTrading/STOCK_DAY?date=20250301&stockNo=3017&response=json,2025-03-07
2025-03-10,3017,奇鋐,570.0,576.0,561.0,564.0,6749861.0,3830927861.0,TWSE STOCK_DAY,https://www.twse.com.tw/rwd/zh/afterTrading/STOCK_DAY?date=20250301&stockNo=3017&response=json,2025-03-10
2025-03-11,3017,奇鋐,548.0,570.0,540.0,560.0,9632730.0,5371742875.0,TWSE STOCK_DAY,https://www.twse.com.tw/rwd/zh/afterTrading/STOCK_DAY?date=20250301&stockNo=3017&response=json,2025-03-11
2025-03-12,3017,奇鋐,567.0,578.0,555.0,556.0,8575540.0,4854308469.0,TWSE STOCK_DAY,https://www.twse.com.tw/rwd/zh/afterTrading/STOCK_DAY?date=20250301&stockNo=3017&response=json,2025-03-12
2025-03-13,3017,奇鋐,574.0,582.0,564.0,566.0,15444533.0,8853727105.0,TWSE STOCK_DAY,https://www.twse.com.tw/rwd/zh/afterTrading/STOCK_DAY?date=20250301&stockNo=3017&response=json,2025-03-13
2025-03-14,3017,奇鋐,573.0,579.0,563.0,576.0,9754386.0,5583104890.0,TWSE STOCK_DAY,https://www.twse.com.tw/rwd/zh/afterTrading/STOCK_DAY?date=20250301&stockNo=3017&response=json,2025-03-14
2025-03-17,3017,奇鋐,580.0,587.0,560.0,561.0,8647320.0,4936050368.0,TWSE STOCK_DAY,https://www.twse.com.tw/rwd/zh/afterTrading/STOCK_DAY?date=20250301&stockNo=3017&response=json,2025-03-17
2025-03-18,3017,奇鋐,569.0,573.0,561.0,564.0,4322809.0,2446311298.0,TWSE STOCK_DAY,https://www.twse.com.tw/rwd/zh/afterTrading/STOCK_DAY?date=20250301&stockNo=3017&response=json,2025-03-18
2025-03-19,3017,奇鋐,562.0,562.0,531.0,533.0,9325465.0,5041924679.0,TWSE STOCK_DAY,https://www.twse.com.tw/rwd/zh/afterTrading/STOCK_DAY?date=20250301&stockNo=3017&response=json,2025-03-19
2025-03-20,3017,奇鋐,540.0,558.0,537.0,551.0,7343784.0,4014399409.0,TWSE STOCK_DAY,https://www.twse.com.tw/rwd/zh/afterTrading/STOCK_DAY?date=20250301&stockNo=3017&response=json,2025-03-20
2025-03-21,3017,奇鋐,550.0,551.0,535.0,535.0,5552344.0,2990980357.0,TWSE STOCK_DAY,https://www.twse.com.tw/rwd/zh/afterTrading/STOCK_DAY?date=20250301&stockNo=3017&response=json,2025-03-21
2025-03-24,3017,奇鋐,539.0,540.0,516.0,520.0,8027474.0,4207796709.0,TWSE STOCK_DAY,https://www.twse.com.tw/rwd/zh/afterTrading/STOCK_DAY?date=20250301&stockNo=3017&response=json,2025-03-24
2025-03-25,3017,奇鋐,532.0,536.0,523.0,526.0,5007430.0,2647790796.0,TWSE STOCK_DAY,https://www.twse.com.tw/rwd/zh/afterTrading/STOCK_DAY?date=20250301&stockNo=3017&response=json,2025-03-25
2025-03-26,3017,奇鋐,527.0,534.0,522.0,532.0,3776115.0,1997915888.0,TWSE STOCK_DAY,https://www.twse.com.tw/rwd/zh/afterTrading/STOCK_DAY?date=20250301&stockNo=3017&response=json,2025-03-26
2025-03-27,3017,奇鋐,520.0,530.0,511.0,530.0,6570351.0,3424711063.0,TWSE STOCK_DAY,https://www.twse.com.tw/rwd/zh/afterTrading/STOCK_DAY?date=20250301&stockNo=3017&response=json,2025-03-27
2025-03-28,3017,奇鋐,517.0,523.0,504.0,504.0,6485205.0,3314881336.0,TWSE STOCK_DAY,https://www.twse.com.tw/rwd/zh/afterTrading/STOCK_DAY?date=20250301&stockNo=3017&response=json,2025-03-28
2025-03-31,3017,奇鋐,485.0,492.0,454.0,454.0,10492553.0,4899739845.0,TWSE STOCK_DAY,https://www.twse.com.tw/rwd/zh/afterTrading/STOCK_DAY?date=20250301&stockNo=3017&response=json,2025-03-31
2025-04-01,3017,奇鋐,454.0,462.0,451.0,458.5,6913817.0,3156444902.0,TWSE STOCK_DAY,https://www.twse.com.tw/rwd/zh/afterTrading/STOCK_DAY?date=20250401&stockNo=3017&response=json,2025-04-01
2025-04-02,3017,奇鋐,463.5,478.0,462.0,466.0,5337726.0,2496523960.0,TWSE STOCK_DAY,https://www.twse.com.tw/rwd/zh/afterTrading/STOCK_DAY?date=20250401&stockNo=3017&response=json,2025-04-02
2025-04-07,3017,奇鋐,419.5,419.5,419.5,419.5,295599.0,124003439.0,TWSE STOCK_DAY,https://www.twse.com.tw/rwd/zh/afterTrading/STOCK_DAY?date=20250401&stockNo=3017&response=json,2025-04-07
2025-04-08,3017,奇鋐,378.0,378.0,378.0,378.0,2931624.0,1108169610.0,TWSE STOCK_DAY,https://www.twse.com.tw/rwd/zh/afterTrading/STOCK_DAY?date=20250401&stockNo=3017&response=json,2025-04-08
2025-04-09,3017,奇鋐,346.0,357.5,340.5,340.5,10095428.0,3496524919.0,TWSE STOCK_DAY,https://www.twse.com.tw/rwd/zh/afterTrading/STOCK_DAY?date=20250401&stockNo=3017&response=json,2025-04-09
2025-04-10,3017,奇鋐,374.5,374.5,374.5,374.5,2646685.0,991183403.0,TWSE STOCK_DAY,https://www.twse.com.tw/rwd/zh/afterTrading/STOCK_DAY?date=20250401&stockNo=3017&response=json,2025-04-10
2025-04-11,3017,奇鋐,365.5,411.5,347.0,411.5,16450778.0,6393857030.0,TWSE STOCK_DAY,https://www.twse.com.tw/rwd/zh/afterTrading/STOCK_DAY?date=20250401&stockNo=3017&response=json,2025-04-11
2025-04-14,3017,奇鋐,432.0,445.0,413.0,422.0,11963470.0,5124998602.0,TWSE STOCK_DAY,https://www.twse.com.tw/rwd/zh/afterTrading/STOCK_DAY?date=20250401&stockNo=3017&response=json,2025-04-14
2025-04-15,3017,奇鋐,424.5,437.5,421.0,435.0,7848977.0,3385809199.0,TWSE STOCK_DAY,https://www.twse.com.tw/rwd/zh/afterTrading/STOCK_DAY?date=20250401&stockNo=3017&response=json,2025-04-15
2025-04-16,3017,奇鋐,425.0,437.0,411.5,415.5,8033731.0,3400215820.0,TWSE STOCK_DAY,https://www.twse.com.tw/rwd/zh/afterTrading/STOCK_DAY?date=20250401&stockNo=3017&response=json,2025-04-16
2025-04-17,3017,奇鋐,409.5,421.0,401.0,418.5,9351255.0,3846588341.0,TWSE STOCK_DAY,https://www.twse.com.tw/rwd/zh/afterTrading/STOCK_DAY?date=20250401&stockNo=3017&response=json,2025-04-17
2025-04-18,3017,奇鋐,415.0,421.0,410.0,417.0,6511983.0,2709173920.0,TWSE STOCK_DAY,https://www.twse.com.tw/rwd/zh/afterTrading/STOCK_DAY?date=20250401&stockNo=3017&response=json,2025-04-18
2025-04-21,3017,奇鋐,411.0,416.0,400.0,403.0,5323387.0,2161500329.0,TWSE STOCK_DAY,https://www.twse.com.tw/rwd/zh/afterTrading/STOCK_DAY?date=20250401&stockNo=3017&response=json,2025-04-21
2025-04-22,3017,奇鋐,393.0,413.5,392.5,398.5,8101364.0,3258984828.0,TWSE STOCK_DAY,https://www.twse.com.tw/rwd/zh/afterTrading/STOCK_DAY?date=20250401&stockNo=3017&response=json,2025-04-22
2025-04-23,3017,奇鋐,417.5,429.5,414.0,428.0,7870926.0,3323919073.0,TWSE STOCK_DAY,https://www.twse.com.tw/rwd/zh/afterTrading/STOCK_DAY?date=20250401&stockNo=3017&response=json,2025-04-23
2025-04-24,3017,奇鋐,434.0,445.0,424.0,441.0,10753572.0,4680639613.0,TWSE STOCK_DAY,https://www.twse.com.tw/rwd/zh/afterTrading/STOCK_DAY?date=20250401&stockNo=3017&response=json,2025-04-24
2025-04-25,3017,奇鋐,465.0,485.0,461.0,471.0,14118355.0,6695939233.0,TWSE STOCK_DAY,https://www.twse.com.tw/rwd/zh/afterTrading/STOCK_DAY?date=20250401&stockNo=3017&response=json,2025-04-25
2025-04-28,3017,奇鋐,473.5,485.0,471.5,480.5,9981629.0,4772882248.0,TWSE STOCK_DAY,https://www.twse.com.tw/rwd/zh/afterTrading/STOCK_DAY?date=20250401&stockNo=3017&response=json,2025-04-28
2025-04-29,3017,奇鋐,478.0,479.0,471.5,477.0,5041390.0,2395841806.0,TWSE STOCK_DAY,https://www.twse.com.tw/rwd/zh/afterTrading/STOCK_DAY?date=20250401&stockNo=3017&response=json,2025-04-29
2025-04-30,3017,奇鋐,473.0,474.0,463.0,464.0,5199919.0,2433773102.0,TWSE STOCK_DAY,https://www.twse.com.tw/rwd/zh/afterTrading/STOCK_DAY?date=20250401&stockNo=3017&response=json,2025-04-30
2025-05-02,3017,奇鋐,482.0,509.0,481.0,507.0,11737408.0,5814304280.0,TWSE STOCK_DAY,https://www.twse.com.tw/rwd/zh/afterTrading/STOCK_DAY?date=20250501&stockNo=3017&response=json,2025-05-02
2025-05-05,3017,奇鋐,512.0,515.0,496.5,502.0,9025076.0,4551565240.0,TWSE STOCK_DAY,https://www.twse.com.tw/rwd/zh/afterTrading/STOCK_DAY?date=20250501&stockNo=3017&response=json,2025-05-05
2025-05-06,3017,奇鋐,498.0,516.0,495.0,513.0,6653041.0,3398945408.0,TWSE STOCK_DAY,https://www.twse.com.tw/rwd/zh/afterTrading/STOCK_DAY?date=20250501&stockNo=3017&response=json,2025-05-06
2025-05-07,3017,奇鋐,520.0,527.0,511.0,517.0,6511650.0,3374128462.0,TWSE STOCK_DAY,https://www.twse.com.tw/rwd/zh/afterTrading/STOCK_DAY?date=20250501&stockNo=3017&response=json,2025-05-07
2025-05-08,3017,奇鋐,525.0,530.0,515.0,526.0,7660005.0,4018477955.0,TWSE STOCK_DAY,https://www.twse.com.tw/rwd/zh/afterTrading/STOCK_DAY?date=20250501&stockNo=3017&response=json,2025-05-08
2025-05-09,3017,奇鋐,530.0,535.0,523.0,529.0,6473258.0,3421182476.0,TWSE STOCK_DAY,https://www.twse.com.tw/rwd/zh/afterTrading/STOCK_DAY?date=20250501&stockNo=3017&response=json,2025-05-09
2025-05-12,3017,奇鋐,535.0,541.0,533.0,541.0,4399937.0,2368910283.0,TWSE STOCK_DAY,https://www.twse.com.tw/rwd/zh/afterTrading/STOCK_DAY?date=20250501&stockNo=3017&response=json,2025-05-12
2025-05-13,3017,奇鋐,559.0,565.0,551.0,563.0,9410603.0,5264525896.0,TWSE STOCK_DAY,https://www.twse.com.tw/rwd/zh/afterTrading/STOCK_DAY?date=20250501&stockNo=3017&response=json,2025-05-13
2025-05-14,3017,奇鋐,616.0,617.0,602.0,609.0,16172144.0,9856335785.0,TWSE STOCK_DAY,https://www.twse.com.tw/rwd/zh/afterTrading/STOCK_DAY?date=20250501&stockNo=3017&response=json,2025-05-14
2025-05-15,3017,奇鋐,612.0,612.0,598.0,605.0,7344676.0,4434140075.0,TWSE STOCK_DAY,https://www.twse.com.tw/rwd/zh/afterTrading/STOCK_DAY?date=20250501&stockNo=3017&response=json,2025-05-15
2025-05-16,3017,奇鋐,608.0,610.0,601.0,601.0,4857521.0,2938707440.0,TWSE STOCK_DAY,https://www.twse.com.tw/rwd/zh/afterTrading/STOCK_DAY?date=20250501&stockNo=3017&response=json,2025-05-16
2025-05-19,3017,奇鋐,602.0,612.0,595.0,595.0,7709620.0,4652599593.0,TWSE STOCK_DAY,https://www.twse.com.tw/rwd/zh/afterTrading/STOCK_DAY?date=20250501&stockNo=3017&response=json,2025-05-19
2025-05-20,3017,奇鋐,607.0,608.0,597.0,598.0,5411507.0,3252775359.0,TWSE STOCK_DAY,https://www.twse.com.tw/rwd/zh/afterTrading/STOCK_DAY?date=20250501&stockNo=3017&response=json,2025-05-20
2025-05-21,3017,奇鋐,602.0,622.0,601.0,619.0,8692245.0,5330706120.0,TWSE STOCK_DAY,https://www.twse.com.tw/rwd/zh/afterTrading/STOCK_DAY?date=20250501&stockNo=3017&response=json,2025-05-21
2025-05-22,3017,奇鋐,611.0,619.0,609.0,615.0,4685517.0,2876478564.0,TWSE STOCK_DAY,https://www.twse.com.tw/rwd/zh/afterTrading/STOCK_DAY?date=20250501&stockNo=3017&response=json,2025-05-22
2025-05-23,3017,奇鋐,622.0,622.0,601.0,603.0,5401599.0,3289031815.0,TWSE STOCK_DAY,https://www.twse.com.tw/rwd/zh/afterTrading/STOCK_DAY?date=20250501&stockNo=3017&response=json,2025-05-23
2025-05-26,3017,奇鋐,604.0,610.0,596.0,603.0,4810116.0,2902692810.0,TWSE STOCK_DAY,https://www.twse.com.tw/rwd/zh/afterTrading/STOCK_DAY?date=20250501&stockNo=3017&response=json,2025-05-26
2025-05-27,3017,奇鋐,603.0,610.0,601.0,608.0,3520495.0,2134010640.0,TWSE STOCK_DAY,https://www.twse.com.tw/rwd/zh/afterTrading/STOCK_DAY?date=20250501&stockNo=3017&response=json,2025-05-27
2025-05-28,3017,奇鋐,625.0,625.0,609.0,614.0,6350672.0,3921482247.0,TWSE STOCK_DAY,https://www.twse.com.tw/rwd/zh/afterTrading/STOCK_DAY?date=20250501&stockNo=3017&response=json,2025-05-28
2025-05-29,3017,奇鋐,624.0,626.0,619.0,620.0,6905967.0,4293666574.0,TWSE STOCK_DAY,https://www.twse.com.tw/rwd/zh/afterTrading/STOCK_DAY?date=20250501&stockNo=3017&response=json,2025-05-29
2025-06-02,3017,奇鋐,615.0,629.0,608.0,629.0,7056783.0,4375053016.0,TWSE STOCK_DAY,https://www.twse.com.tw/rwd/zh/afterTrading/STOCK_DAY?date=20250601&stockNo=3017&response=json,2025-06-02
2025-06-03,3017,奇鋐,642.0,668.0,640.0,659.0,17581899.0,11555221300.0,TWSE STOCK_DAY,https://www.twse.com.tw/rwd/zh/afterTrading/STOCK_DAY?date=20250601&stockNo=3017&response=json,2025-06-03
2025-06-04,3017,奇鋐,681.0,691.0,674.0,681.0,16978253.0,11609313740.0,TWSE STOCK_DAY,https://www.twse.com.tw/rwd/zh/afterTrading/STOCK_DAY?date=20250601&stockNo=3017&response=json,2025-06-04
2025-06-05,3017,奇鋐,676.0,681.0,668.0,676.0,6306761.0,4255157384.0,TWSE STOCK_DAY,https://www.twse.com.tw/rwd/zh/afterTrading/STOCK_DAY?date=20250601&stockNo=3017&response=json,2025-06-05
2025-06-06,3017,奇鋐,677.0,685.0,666.0,681.0,9740274.0,6601281481.0,TWSE STOCK_DAY,https://www.twse.com.tw/rwd/zh/afterTrading/STOCK_DAY?date=20250601&stockNo=3017&response=json,2025-06-06
2025-06-09,3017,奇鋐,689.0,693.0,679.0,682.0,7697805.0,5234434134.0,TWSE STOCK_DAY,https://www.twse.com.tw/rwd/zh/afterTrading/STOCK_DAY?date=20250601&stockNo=3017&response=json,2025-06-09
2025-06-10,3017,奇鋐,687.0,703.0,686.0,701.0,9496386.0,6602364443.0,TWSE STOCK_DAY,https://www.twse.com.tw/rwd/zh/afterTrading/STOCK_DAY?date=20250601&stockNo=3017&response=json,2025-06-10
2025-06-11,3017,奇鋐,704.0,724.0,702.0,724.0,11657004.0,8342079689.0,TWSE STOCK_DAY,https://www.twse.com.tw/rwd/zh/afterTrading/STOCK_DAY?date=20250601&stockNo=3017&response=json,2025-06-11
2025-06-12,3017,奇鋐,723.0,775.0,718.0,759.0,19353013.0,14588574938.0,TWSE STOCK_DAY,https://www.twse.com.tw/rwd/zh/afterTrading/STOCK_DAY?date=20250601&stockNo=3017&response=json,2025-06-12
2025-06-13,3017,奇鋐,750.0,768.0,745.0,763.0,10336809.0,7826832746.0,TWSE STOCK_DAY,https://www.twse.com.tw/rwd/zh/afterTrading/STOCK_DAY?date=20250601&stockNo=3017&response=json,2025-06-13
2025-06-16,3017,奇鋐,749.0,765.0,746.0,750.0,8336561.0,6277212744.0,TWSE STOCK_DAY,https://www.twse.com.tw/rwd/zh/afterTrading/STOCK_DAY?date=20250601&stockNo=3017&response=json,2025-06-16
2025-06-17,3017,奇鋐,760.0,771.0,750.0,757.0,10232736.0,7768402085.0,TWSE STOCK_DAY,https://www.twse.com.tw/rwd/zh/afterTrading/STOCK_DAY?date=20250601&stockNo=3017&response=json,2025-06-17
2025-06-18,3017,奇鋐,760.0,766.0,722.0,730.0,12308298.0,9111817847.0,TWSE STOCK_DAY,https://www.twse.com.tw/rwd/zh/afterTrading/STOCK_DAY?date=20250601&stockNo=3017&response=json,2025-06-18
2025-06-19,3017,奇鋐,735.0,745.0,733.0,741.0,7915074.0,5857442583.0,TWSE STOCK_DAY,https://www.twse.com.tw/rwd/zh/afterTrading/STOCK_DAY?date=20250601&stockNo=3017&response=json,2025-06-19
2025-06-20,3017,奇鋐,740.0,740.0,713.0,734.0,9294094.0,6747945198.0,TWSE STOCK_DAY,https://www.twse.com.tw/rwd/zh/afterTrading/STOCK_DAY?date=20250601&stockNo=3017&response=json,2025-06-20
2025-06-23,3017,奇鋐,722.0,735.0,722.0,729.0,5449121.0,3966880162.0,TWSE STOCK_DAY,https://www.twse.com.tw/rwd/zh/afterTrading/STOCK_DAY?date=20250601&stockNo=3017&response=json,2025-06-23
2025-06-24,3017,奇鋐,742.0,750.0,733.0,737.0,5895129.0,4365334510.0,TWSE STOCK_DAY,https://www.twse.com.tw/rwd/zh/afterTrading/STOCK_DAY?date=20250601&stockNo=3017&response=json,2025-06-24
2025-06-25,3017,奇鋐,747.0,758.0,739.0,745.0,7176761.0,5364060517.0,TWSE STOCK_DAY,https://www.twse.com.tw/rwd/zh/afterTrading/STOCK_DAY?date=20250601&stockNo=3017&response=json,2025-06-25
2025-06-26,3017,奇鋐,752.0,752.0,725.0,738.0,5830136.0,4289717701.0,TWSE STOCK_DAY,https://www.twse.com.tw/rwd/zh/afterTrading/STOCK_DAY?date=20250601&stockNo=3017&response=json,2025-06-26
2025-06-27,3017,奇鋐,742.0,743.0,731.0,737.0,4019238.0,2961572815.0,TWSE STOCK_DAY,https://www.twse.com.tw/rwd/zh/afterTrading/STOCK_DAY?date=20250601&stockNo=3017&response=json,2025-06-27
2025-06-30,3017,奇鋐,737.0,745.0,732.0,743.0,4109704.0,3039581757.0,TWSE STOCK_DAY,https://www.twse.com.tw/rwd/zh/afterTrading/STOCK_DAY?date=20250601&stockNo=3017&response=json,2025-06-30
2025-07-01,3017,奇鋐,749.0,764.0,744.0,755.0,9577499.0,7248800705.0,TWSE STOCK_DAY,https://www.twse.com.tw/rwd/zh/afterTrading/STOCK_DAY?date=20250701&stockNo=3017&response=json,2025-07-01
2025-07-02,3017,奇鋐,753.0,778.0,753.0,759.0,9705868.0,7419792898.0,TWSE STOCK_DAY,https://www.twse.com.tw/rwd/zh/afterTrading/STOCK_DAY?date=20250701&stockNo=3017&response=json,2025-07-02
2025-07-03,3017,奇鋐,770.0,788.0,768.0,783.0,12939676.0,10093786630.0,TWSE STOCK_DAY,https://www.twse.com.tw/rwd/zh/afterTrading/STOCK_DAY?date=20250701&stockNo=3017&response=json,2025-07-03
2025-07-04,3017,奇鋐,798.0,800.0,775.0,777.0,9125946.0,7189193618.0,TWSE STOCK_DAY,https://www.twse.com.tw/rwd/zh/afterTrading/STOCK_DAY?date=20250701&stockNo=3017&response=json,2025-07-04
2025-07-07,3017,奇鋐,775.0,776.0,755.0,762.0,5566516.0,4244713879.0,TWSE STOCK_DAY,https://www.twse.com.tw/rwd/zh/afterTrading/STOCK_DAY?date=20250701&stockNo=3017&response=json,2025-07-07
2025-07-08,3017,奇鋐,770.0,795.0,761.0,795.0,8284377.0,6455668147.0,TWSE STOCK_DAY,https://www.twse.com.tw/rwd/zh/afterTrading/STOCK_DAY?date=20250701&stockNo=3017&response=json,2025-07-08
2025-07-09,3017,奇鋐,792.0,812.0,787.0,811.0,8679935.0,6982360656.0,TWSE STOCK_DAY,https://www.twse.com.tw/rwd/zh/afterTrading/STOCK_DAY?date=20250701&stockNo=3017&response=json,2025-07-09
2025-07-10,3017,奇鋐,822.0,848.0,820.0,845.0,10875991.0,9098980604.0,TWSE STOCK_DAY,https://www.twse.com.tw/rwd/zh/afterTrading/STOCK_DAY?date=20250701&stockNo=3017&response=json,2025-07-10
2025-07-11,3017,奇鋐,840.0,844.0,815.0,827.0,8846226.0,7316325845.0,TWSE STOCK_DAY,https://www.twse.com.tw/rwd/zh/afterTrading/STOCK_DAY?date=20250701&stockNo=3017&response=json,2025-07-11
2025-07-14,3017,奇鋐,827.0,838.0,824.0,829.0,4867054.0,4039863526.0,TWSE STOCK_DAY,https://www.twse.com.tw/rwd/zh/afterTrading/STOCK_DAY?date=20250701&stockNo=3017&response=json,2025-07-14
2025-07-15,3017,奇鋐,838.0,854.0,828.0,853.0,8021565.0,6771974919.0,TWSE STOCK_DAY,https://www.twse.com.tw/rwd/zh/afterTrading/STOCK_DAY?date=20250701&stockNo=3017&response=json,2025-07-15
2025-07-16,3017,奇鋐,869.0,878.0,842.0,848.0,8910759.0,7666213509.0,TWSE STOCK_DAY,https://www.twse.com.tw/rwd/zh/afterTrading/STOCK_DAY?date=20250701&stockNo=3017&response=json,2025-07-16
2025-07-17,3017,奇鋐,849.0,858.0,837.0,844.0,6211225.0,5263862563.0,TWSE STOCK_DAY,https://www.twse.com.tw/rwd/zh/afterTrading/STOCK_DAY?date=20250701&stockNo=3017&response=json,2025-07-17
2025-07-18,3017,奇鋐,855.0,895.0,853.0,891.0,9993550.0,8744825463.0,TWSE STOCK_DAY,https://www.twse.com.tw/rwd/zh/afterTrading/STOCK_DAY?date=20250701&stockNo=3017&response=json,2025-07-18
2025-07-21,3017,奇鋐,892.0,895.0,867.0,872.0,7289416.0,6390505206.0,TWSE STOCK_DAY,https://www.twse.com.tw/rwd/zh/afterTrading/STOCK_DAY?date=20250701&stockNo=3017&response=json,2025-07-21
2025-07-22,3017,奇鋐,875.0,881.0,844.0,852.0,7117271.0,6136383209.0,TWSE STOCK_DAY,https://www.twse.com.tw/rwd/zh/afterTrading/STOCK_DAY?date=20250701&stockNo=3017&response=json,2025-07-22
2025-07-23,3017,奇鋐,858.0,865.0,839.0,844.0,6607764.0,5611614904.0,TWSE STOCK_DAY,https://www.twse.com.tw/rwd/zh/afterTrading/STOCK_DAY?date=20250701&stockNo=3017&response=json,2025-07-23
2025-07-24,3017,奇鋐,848.0,862.0,840.0,856.0,5267779.0,4488506734.0,TWSE STOCK_DAY,https://www.twse.com.tw/rwd/zh/afterTrading/STOCK_DAY?date=20250701&stockNo=3017&response=json,2025-07-24
2025-07-25,3017,奇鋐,856.0,862.0,844.0,849.0,3925244.0,3338766933.0,TWSE STOCK_DAY,https://www.twse.com.tw/rwd/zh/afterTrading/STOCK_DAY?date=20250701&stockNo=3017&response=json,2025-07-25
2025-07-28,3017,奇鋐,859.0,873.0,856.0,873.0,4916101.0,4255579920.0,TWSE STOCK_DAY,https://www.twse.com.tw/rwd/zh/afterTrading/STOCK_DAY?date=20250701&stockNo=3017&response=json,2025-07-28
2025-07-29,3017,奇鋐,874.0,884.0,866.0,878.0,5763303.0,5045451752.0,TWSE STOCK_DAY,https://www.twse.com.tw/rwd/zh/afterTrading/STOCK_DAY?date=20250701&stockNo=3017&response=json,2025-07-29
2025-07-30,3017,奇鋐,884.0,890.0,855.0,872.0,5759259.0,5017644375.0,TWSE STOCK_DAY,https://www.twse.com.tw/rwd/zh/afterTrading/STOCK_DAY?date=20250701&stockNo=3017&response=json,2025-07-30
2025-07-31,3017,奇鋐,880.0,929.0,879.0,923.0,11243271.0,10250854382.0,TWSE STOCK_DAY,https://www.twse.com.tw/rwd/zh/afterTrading/STOCK_DAY?date=20250701&stockNo=3017&response=json,2025-07-31
2025-08-01,3017,奇鋐,901.0,925.0,894.0,919.0,8193467.0,7479096097.0,TWSE STOCK_DAY,https://www.twse.com.tw/rwd/zh/afterTrading/STOCK_DAY?date=20250801&stockNo=3017&response=json,2025-08-01
2025-08-04,3017,奇鋐,905.0,935.0,901.0,934.0,6666034.0,6143403164.0,TWSE STOCK_DAY,https://www.twse.com.tw/rwd/zh/afterTrading/STOCK_DAY?date=20250801&stockNo=3017&response=json,2025-08-04
2025-08-05,3017,奇鋐,975.0,995.0,972.0,977.0,10000699.0,9830600319.0,TWSE STOCK_DAY,https://www.twse.com.tw/rwd/zh/afterTrading/STOCK_DAY?date=20250801&stockNo=3017&response=json,2025-08-05
2025-08-06,3017,奇鋐,989.0,1005.0,986.0,1005.0,8641733.0,8622217446.0,TWSE STOCK_DAY,https://www.twse.com.tw/rwd/zh/afterTrading/STOCK_DAY?date=20250801&stockNo=3017&response=json,2025-08-06
2025-08-07,3017,奇鋐,1030.0,1040.0,1005.0,1025.0,4656486.0,4768329760.0,TWSE STOCK_DAY,https://www.twse.com.tw/rwd/zh/afterTrading/STOCK_DAY?date=20250801&stockNo=3017&response=json,2025-08-07
2025-08-08,3017,奇鋐,1045.0,1090.0,1010.0,1090.0,9125367.0,9663531115.0,TWSE STOCK_DAY,https://www.twse.com.tw/rwd/zh/afterTrading/STOCK_DAY?date=20250801&stockNo=3017&response=json,2025-08-08
2025-08-11,3017,奇鋐,1070.0,1080.0,1030.0,1080.0,6274954.0,6668684325.0,TWSE STOCK_DAY,https://www.twse.com.tw/rwd/zh/afterTrading/STOCK_DAY?date=20250801&stockNo=3017&response=json,2025-08-11
2025-08-12,3017,奇鋐,1085.0,1095.0,1055.0,1090.0,4643037.0,5006078215.0,TWSE STOCK_DAY,https://www.twse.com.tw/rwd/zh/afterTrading/STOCK_DAY?date=20250801&stockNo=3017&response=json,2025-08-12
2025-08-13,3017,奇鋐,1120.0,1140.0,1090.0,1120.0,6372772.0,7144788850.0,TWSE STOCK_DAY,https://www.twse.com.tw/rwd/zh/afterTrading/STOCK_DAY?date=20250801&stockNo=3017&response=json,2025-08-13
2025-08-14,3017,奇鋐,1120.0,1130.0,1070.0,1075.0,8394548.0,9156339465.0,TWSE STOCK_DAY,https://www.twse.com.tw/rwd/zh/afterTrading/STOCK_DAY?date=20250801&stockNo=3017&response=json,2025-08-14
2025-08-15,3017,奇鋐,1070.0,1095.0,1065.0,1070.0,3672606.0,3958131785.0,TWSE STOCK_DAY,https://www.twse.com.tw/rwd/zh/afterTrading/STOCK_DAY?date=20250801&stockNo=3017&response=json,2025-08-15
2025-08-18,3017,奇鋐,1085.0,1170.0,1085.0,1145.0,7812358.0,8877793565.0,TWSE STOCK_DAY,https://www.twse.com.tw/rwd/zh/afterTrading/STOCK_DAY?date=20250801&stockNo=3017&response=json,2025-08-18
2025-08-19,3017,奇鋐,1145.0,1150.0,1070.0,1070.0,7130669.0,7891817045.0,TWSE STOCK_DAY,https://www.twse.com.tw/rwd/zh/afterTrading/STOCK_DAY?date=20250801&stockNo=3017&response=json,2025-08-19
2025-08-20,3017,奇鋐,1020.0,1070.0,1005.0,1005.0,7568337.0,7779978555.0,TWSE STOCK_DAY,https://www.twse.com.tw/rwd/zh/afterTrading/STOCK_DAY?date=20250801&stockNo=3017&response=json,2025-08-20
2025-08-21,3017,奇鋐,1030.0,1060.0,1020.0,1050.0,6301931.0,6570424515.0,TWSE STOCK_DAY,https://www.twse.com.tw/rwd/zh/afterTrading/STOCK_DAY?date=20250801&stockNo=3017&response=json,2025-08-21
2025-08-22,3017,奇鋐,1065.0,1070.0,1020.0,1030.0,3447617.0,3584646425.0,TWSE STOCK_DAY,https://www.twse.com.tw/rwd/zh/afterTrading/STOCK_DAY?date=20250801&stockNo=3017&response=json,2025-08-22
2025-08-25,3017,奇鋐,1080.0,1090.0,1055.0,1060.0,4711369.0,5042132390.0,TWSE STOCK_DAY,https://www.twse.com.tw/rwd/zh/afterTrading/STOCK_DAY?date=20250801&stockNo=3017&response=json,2025-08-25
2025-08-26,3017,奇鋐,1055.0,1065.0,1015.0,1025.0,5822783.0,5976632985.0,TWSE STOCK_DAY,https://www.twse.com.tw/rwd/zh/afterTrading/STOCK_DAY?date=20250801&stockNo=3017&response=json,2025-08-26
2025-08-27,3017,奇鋐,1035.0,1055.0,1020.0,1050.0,4634041.0,4826760665.0,TWSE STOCK_DAY,https://www.twse.com.tw/rwd/zh/afterTrading/STOCK_DAY?date=20250801&stockNo=3017&response=json,2025-08-27
2025-08-28,3017,奇鋐,1050.0,1055.0,999.0,1015.0,8049065.0,8176973260.0,TWSE STOCK_DAY,https://www.twse.com.tw/rwd/zh/afterTrading/STOCK_DAY?date=20250801&stockNo=3017&response=json,2025-08-28
2025-08-29,3017,奇鋐,1025.0,1030.0,1010.0,1010.0,5930548.0,6039671690.0,TWSE STOCK_DAY,https://www.twse.com.tw/rwd/zh/afterTrading/STOCK_DAY?date=20250801&stockNo=3017&response=json,2025-08-29
2025-09-01,3017,奇鋐,986.0,1005.0,938.0,941.0,12965993.0,12495924300.0,TWSE STOCK_DAY,https://www.twse.com.tw/rwd/zh/afterTrading/STOCK_DAY?date=20250901&stockNo=3017&response=json,2025-09-01
2025-09-02,3017,奇鋐,964.0,976.0,942.0,949.0,7478377.0,7163956714.0,TWSE STOCK_DAY,https://www.twse.com.tw/rwd/zh/afterTrading/STOCK_DAY?date=20250901&stockNo=3017&response=json,2025-09-02
2025-09-03,3017,奇鋐,950.0,954.0,936.0,936.0,5278547.0,4981515606.0,TWSE STOCK_DAY,https://www.twse.com.tw/rwd/zh/afterTrading/STOCK_DAY?date=20250901&stockNo=3017&response=json,2025-09-03
2025-09-04,3017,奇鋐,942.0,952.0,916.0,935.0,6747256.0,6305801691.0,TWSE STOCK_DAY,https://www.twse.com.tw/rwd/zh/afterTrading/STOCK_DAY?date=20250901&stockNo=3017&response=json,2025-09-04
2025-09-05,3017,奇鋐,950.0,952.0,924.0,944.0,9202548.0,8635050234.0,TWSE STOCK_DAY,https://www.twse.com.tw/rwd/zh/afterTrading/STOCK_DAY?date=20250901&stockNo=3017&response=json,2025-09-05
2025-09-08,3017,奇鋐,959.0,981.0,950.0,964.0,9220136.0,8911505462.0,TWSE STOCK_DAY,https://www.twse.com.tw/rwd/zh/afterTrading/STOCK_DAY?date=20250901&stockNo=3017&response=json,2025-09-08
2025-09-09,3017,奇鋐,972.0,974.0,957.0,961.0,7644952.0,7388684205.0,TWSE STOCK_DAY,https://www.twse.com.tw/rwd/zh/afterTrading/STOCK_DAY?date=20250901&stockNo=3017&response=json,2025-09-09
2025-09-10,3017,奇鋐,972.0,995.0,968.0,979.0,10817353.0,10615021235.0,TWSE STOCK_DAY,https://www.twse.com.tw/rwd/zh/afterTrading/STOCK_DAY?date=20250901&stockNo=3017&response=json,2025-09-10
2025-09-11,3017,奇鋐,1000.0,1065.0,992.0,1025.0,16075555.0,16543998582.0,TWSE STOCK_DAY,https://www.twse.com.tw/rwd/zh/afterTrading/STOCK_DAY?date=20250901&stockNo=3017&response=json,2025-09-11
2025-09-12,3017,奇鋐,1060.0,1075.0,1035.0,1050.0,12446355.0,13132319905.0,TWSE STOCK_DAY,https://www.twse.com.tw/rwd/zh/afterTrading/STOCK_DAY?date=20250901&stockNo=3017&response=json,2025-09-12
2025-09-15,3017,奇鋐,1070.0,1095.0,1040.0,1045.0,9915034.0,10568345270.0,TWSE STOCK_DAY,https://www.twse.com.tw/rwd/zh/afterTrading/STOCK_DAY?date=20250901&stockNo=3017&response=json,2025-09-15
2025-09-16,3017,奇鋐,1060.0,1070.0,1030.0,1040.0,7216355.0,7560342785.0,TWSE STOCK_DAY,https://www.twse.com.tw/rwd/zh/afterTrading/STOCK_DAY?date=20250901&stockNo=3017&response=json,2025-09-16
2025-09-17,3017,奇鋐,1030.0,1040.0,999.0,1005.0,6541468.0,6610679075.0,TWSE STOCK_DAY,https://www.twse.com.tw/rwd/zh/afterTrading/STOCK_DAY?date=20250901&stockNo=3017&response=json,2025-09-17
2025-09-18,3017,奇鋐,1015.0,1065.0,1000.0,1055.0,8027015.0,8317369060.0,TWSE STOCK_DAY,https://www.twse.com.tw/rwd/zh/afterTrading/STOCK_DAY?date=20250901&stockNo=3017&response=json,2025-09-18
2025-09-19,3017,奇鋐,1070.0,1075.0,1030.0,1040.0,6438632.0,6731157355.0,TWSE STOCK_DAY,https://www.twse.com.tw/rwd/zh/afterTrading/STOCK_DAY?date=20250901&stockNo=3017&response=json,2025-09-19
2025-09-22,3017,奇鋐,1045.0,1055.0,1010.0,1015.0,5224907.0,5377914085.0,TWSE STOCK_DAY,https://www.twse.com.tw/rwd/zh/afterTrading/STOCK_DAY?date=20250901&stockNo=3017&response=json,2025-09-22
2025-09-23,3017,奇鋐,1060.0,1080.0,1010.0,1015.0,6659412.0,6956825835.0,TWSE STOCK_DAY,https://www.twse.com.tw/rwd/zh/afterTrading/STOCK_DAY?date=20250901&stockNo=3017&response=json,2025-09-23
2025-09-24,3017,奇鋐,997.0,1000.0,950.0,994.0,10754935.0,10559145423.0,TWSE STOCK_DAY,https://www.twse.com.tw/rwd/zh/afterTrading/STOCK_DAY?date=20250901&stockNo=3017&response=json,2025-09-24
2025-09-25,3017,奇鋐,974.0,997.0,959.0,960.0,7976087.0,7758589109.0,TWSE STOCK_DAY,https://www.twse.com.tw/rwd/zh/afterTrading/STOCK_DAY?date=20250901&stockNo=3017&response=json,2025-09-25
2025-09-26,3017,奇鋐,957.0,964.0,937.0,941.0,5688933.0,5380537723.0,TWSE STOCK_DAY,https://www.twse.com.tw/rwd/zh/afterTrading/STOCK_DAY?date=20250901&stockNo=3017&response=json,2025-09-26
2025-09-30,3017,奇鋐,956.0,988.0,956.0,981.0,6136788.0,5966075691.0,TWSE STOCK_DAY,https://www.twse.com.tw/rwd/zh/afterTrading/STOCK_DAY?date=20250901&stockNo=3017&response=json,2025-09-30
2025-10-01,3017,奇鋐,988.0,1030.0,986.0,1025.0,9476385.0,9563721819.0,TWSE STOCK_DAY,https://www.twse.com.tw/rwd/zh/afterTrading/STOCK_DAY?date=20251001&stockNo=3017&response=json,2025-10-01
2025-10-02,3017,奇鋐,1075.0,1120.0,1065.0,1100.0,15041799.0,16504548120.0,TWSE STOCK_DAY,https://www.twse.com.tw/rwd/zh/afterTrading/STOCK_DAY?date=20251001&stockNo=3017&response=json,2025-10-02
2025-10-03,3017,奇鋐,1115.0,1165.0,1090.0,1165.0,11934596.0,13544192730.0,TWSE STOCK_DAY,https://www.twse.com.tw/rwd/zh/afterTrading/STOCK_DAY?date=20251001&stockNo=3017&response=json,2025-10-03
2025-10-07,3017,奇鋐,1195.0,1200.0,1135.0,1150.0,9519860.0,11064369615.0,TWSE STOCK_DAY,https://www.twse.com.tw/rwd/zh/afterTrading/STOCK_DAY?date=20251001&stockNo=3017&response=json,2025-10-07
2025-10-08,3017,奇鋐,1150.0,1160.0,1110.0,1145.0,7252745.0,8247372540.0,TWSE STOCK_DAY,https://www.twse.com.tw/rwd/zh/afterTrading/STOCK_DAY?date=20251001&stockNo=3017&response=json,2025-10-08
2025-10-09,3017,奇鋐,1165.0,1175.0,1130.0,1170.0,6332081.0,7334853170.0,TWSE STOCK_DAY,https://www.twse.com.tw/rwd/zh/afterTrading/STOCK_DAY?date=20251001&stockNo=3017&response=json,2025-10-09
2025-10-13,3017,奇鋐,1085.0,1160.0,1085.0,1160.0,6936997.0,7866123750.0,TWSE STOCK_DAY,https://www.twse.com.tw/rwd/zh/afterTrading/STOCK_DAY?date=20251001&stockNo=3017&response=json,2025-10-13
2025-10-14,3017,奇鋐,1180.0,1230.0,1155.0,1155.0,13218749.0,15731062705.0,TWSE STOCK_DAY,https://www.twse.com.tw/rwd/zh/afterTrading/STOCK_DAY?date=20251001&stockNo=3017&response=json,2025-10-14
2025-10-15,3017,奇鋐,1180.0,1230.0,1165.0,1220.0,9886168.0,11911462725.0,TWSE STOCK_DAY,https://www.twse.com.tw/rwd/zh/afterTrading/STOCK_DAY?date=20251001&stockNo=3017&response=json,2025-10-15
2025-10-16,3017,奇鋐,1230.0,1230.0,1180.0,1195.0,5608061.0,6741809730.0,TWSE STOCK_DAY,https://www.twse.com.tw/rwd/zh/afterTrading/STOCK_DAY?date=20251001&stockNo=3017&response=json,2025-10-16
2025-10-17,3017,奇鋐,1190.0,1220.0,1145.0,1150.0,7185867.0,8393214220.0,TWSE STOCK_DAY,https://www.twse.com.tw/rwd/zh/afterTrading/STOCK_DAY?date=20251001&stockNo=3017&response=json,2025-10-17
2025-10-20,3017,奇鋐,1170.0,1175.0,1135.0,1140.0,6220482.0,7161797955.0,TWSE STOCK_DAY,https://www.twse.com.tw/rwd/zh/afterTrading/STOCK_DAY?date=20251001&stockNo=3017&response=json,2025-10-20
2025-10-21,3017,奇鋐,1150.0,1200.0,1150.0,1155.0,5845773.0,6827866455.0,TWSE STOCK_DAY,https://www.twse.com.tw/rwd/zh/afterTrading/STOCK_DAY?date=20251001&stockNo=3017&response=json,2025-10-21
2025-10-22,3017,奇鋐,1130.0,1180.0,1120.0,1175.0,4495878.0,5209093885.0,TWSE STOCK_DAY,https://www.twse.com.tw/rwd/zh/afterTrading/STOCK_DAY?date=20251001&stockNo=3017&response=json,2025-10-22
2025-10-23,3017,奇鋐,1160.0,1175.0,1150.0,1170.0,3790271.0,4417609875.0,TWSE STOCK_DAY,https://www.twse.com.tw/rwd/zh/afterTrading/STOCK_DAY?date=20251001&stockNo=3017&response=json,2025-10-23
2025-10-27,3017,奇鋐,1205.0,1220.0,1180.0,1190.0,5918927.0,7066053735.0,TWSE STOCK_DAY,https://www.twse.com.tw/rwd/zh/afterTrading/STOCK_DAY?date=20251001&stockNo=3017&response=json,2025-10-27
2025-10-28,3017,奇鋐,1245.0,1305.0,1240.0,1300.0,13577543.0,17473193745.0,TWSE STOCK_DAY,https://www.twse.com.tw/rwd/zh/afterTrading/STOCK_DAY?date=20251001&stockNo=3017&response=json,2025-10-28
2025-10-29,3017,奇鋐,1320.0,1335.0,1290.0,1330.0,7916687.0,10420710390.0,TWSE STOCK_DAY,https://www.twse.com.tw/rwd/zh/afterTrading/STOCK_DAY?date=20251001&stockNo=3017&response=json,2025-10-29
2025-10-30,3017,奇鋐,1370.0,1425.0,1360.0,1410.0,11618364.0,16233953960.0,TWSE STOCK_DAY,https://www.twse.com.tw/rwd/zh/afterTrading/STOCK_DAY?date=20251001&stockNo=3017&response=json,2025-10-30
2025-10-31,3017,奇鋐,1440.0,1440.0,1395.0,1425.0,6889584.0,9797582055.0,TWSE STOCK_DAY,https://www.twse.com.tw/rwd/zh/afterTrading/STOCK_DAY?date=20251001&stockNo=3017&response=json,2025-10-31
2025-11-03,3017,奇鋐,1450.0,1495.0,1445.0,1495.0,6609856.0,9742543915.0,TWSE STOCK_DAY,https://www.twse.com.tw/rwd/zh/afterTrading/STOCK_DAY?date=20251101&stockNo=3017&response=json,2025-11-03
2025-11-04,3017,奇鋐,1510.0,1510.0,1430.0,1435.0,5815364.0,8510197505.0,TWSE STOCK_DAY,https://www.twse.com.tw/rwd/zh/afterTrading/STOCK_DAY?date=20251101&stockNo=3017&response=json,2025-11-04
2025-11-05,3017,奇鋐,1395.0,1475.0,1390.0,1445.0,11014399.0,15913893775.0,TWSE STOCK_DAY,https://www.twse.com.tw/rwd/zh/afterTrading/STOCK_DAY?date=20251101&stockNo=3017&response=json,2025-11-05
2025-11-06,3017,奇鋐,1485.0,1510.0,1470.0,1495.0,6544619.0,9775429695.0,TWSE STOCK_DAY,https://www.twse.com.tw/rwd/zh/afterTrading/STOCK_DAY?date=20251101&stockNo=3017&response=json,2025-11-06
2025-11-07,3017,奇鋐,1480.0,1510.0,1465.0,1465.0,6163276.0,9151295990.0,TWSE STOCK_DAY,https://www.twse.com.tw/rwd/zh/afterTrading/STOCK_DAY?date=20251101&stockNo=3017&response=json,2025-11-07
2025-11-10,3017,奇鋐,1505.0,1570.0,1460.0,1550.0,8217203.0,12520194725.0,TWSE STOCK_DAY,https://www.twse.com.tw/rwd/zh/afterTrading/STOCK_DAY?date=20251101&stockNo=3017&response=json,2025-11-10
2025-11-11,3017,奇鋐,1560.0,1570.0,1520.0,1540.0,7563454.0,11707943295.0,TWSE STOCK_DAY,https://www.twse.com.tw/rwd/zh/afterTrading/STOCK_DAY?date=20251101&stockNo=3017&response=json,2025-11-11
2025-11-12,3017,奇鋐,1555.0,1585.0,1500.0,1505.0,7957940.0,12200641990.0,TWSE STOCK_DAY,https://www.twse.com.tw/rwd/zh/afterTrading/STOCK_DAY?date=20251101&stockNo=3017&response=json,2025-11-12
2025-11-13,3017,奇鋐,1505.0,1515.0,1470.0,1495.0,6776412.0,10088952570.0,TWSE STOCK_DAY,https://www.twse.com.tw/rwd/zh/afterTrading/STOCK_DAY?date=20251101&stockNo=3017&response=json,2025-11-13
2025-11-14,3017,奇鋐,1435.0,1455.0,1400.0,1420.0,9611190.0,13660645660.0,TWSE STOCK_DAY,https://www.twse.com.tw/rwd/zh/afterTrading/STOCK_DAY?date=20251101&stockNo=3017&response=json,2025-11-14
2025-11-17,3017,奇鋐,1435.0,1460.0,1410.0,1420.0,5124431.0,7324452315.0,TWSE STOCK_DAY,https://www.twse.com.tw/rwd/zh/afterTrading/STOCK_DAY?date=20251101&stockNo=3017&response=json,2025-11-17
2025-11-18,3017,奇鋐,1400.0,1410.0,1370.0,1370.0,5798659.0,8045522250.0,TWSE STOCK_DAY,https://www.twse.com.tw/rwd/zh/afterTrading/STOCK_DAY?date=20251101&stockNo=3017&response=json,2025-11-18
2025-11-19,3017,奇鋐,1355.0,1385.0,1335.0,1340.0,5470504.0,7419596945.0,TWSE STOCK_DAY,https://www.twse.com.tw/rwd/zh/afterTrading/STOCK_DAY?date=20251101&stockNo=3017&response=json,2025-11-19
2025-11-20,3017,奇鋐,1420.0,1420.0,1330.0,1335.0,9005212.0,12297418710.0,TWSE STOCK_DAY,https://www.twse.com.tw/rwd/zh/afterTrading/STOCK_DAY?date=20251101&stockNo=3017&response=json,2025-11-20
2025-11-21,3017,奇鋐,1250.0,1280.0,1205.0,1240.0,13052742.0,16068223615.0,TWSE STOCK_DAY,https://www.twse.com.tw/rwd/zh/afterTrading/STOCK_DAY?date=20251101&stockNo=3017&response=json,2025-11-21
2025-11-24,3017,奇鋐,1260.0,1260.0,1210.0,1245.0,8138459.0,10016493895.0,TWSE STOCK_DAY,https://www.twse.com.tw/rwd/zh/afterTrading/STOCK_DAY?date=20251101&stockNo=3017&response=json,2025-11-24
2025-11-25,3017,奇鋐,1300.0,1340.0,1240.0,1315.0,10653298.0,13747004185.0,TWSE STOCK_DAY,https://www.twse.com.tw/rwd/zh/afterTrading/STOCK_DAY?date=20251101&stockNo=3017&response=json,2025-11-25
2025-11-26,3017,奇鋐,1350.0,1390.0,1340.0,1385.0,8361725.0,11452737005.0,TWSE STOCK_DAY,https://www.twse.com.tw/rwd/zh/afterTrading/STOCK_DAY?date=20251101&stockNo=3017&response=json,2025-11-26
2025-11-27,3017,奇鋐,1400.0,1420.0,1370.0,1395.0,6696881.0,9337940160.0,TWSE STOCK_DAY,https://www.twse.com.tw/rwd/zh/afterTrading/STOCK_DAY?date=20251101&stockNo=3017&response=json,2025-11-27
2025-11-28,3017,奇鋐,1405.0,1410.0,1375.0,1375.0,4674610.0,6498432335.0,TWSE STOCK_DAY,https://www.twse.com.tw/rwd/zh/afterTrading/STOCK_DAY?date=20251101&stockNo=3017&response=json,2025-11-28
2025-12-01,3017,奇鋐,1380.0,1385.0,1330.0,1340.0,4953191.0,6674854415.0,TWSE STOCK_DAY,https://www.twse.com.tw/rwd/zh/afterTrading/STOCK_DAY?date=20251201&stockNo=3017&response=json,2025-12-01
2025-12-02,3017,奇鋐,1360.0,1410.0,1310.0,1315.0,7665974.0,10381696540.0,TWSE STOCK_DAY,https://www.twse.com.tw/rwd/zh/afterTrading/STOCK_DAY?date=20251201&stockNo=3017&response=json,2025-12-02
2025-12-03,3017,奇鋐,1340.0,1365.0,1320.0,1355.0,5764345.0,7788445300.0,TWSE STOCK_DAY,https://www.twse.com.tw/rwd/zh/afterTrading/STOCK_DAY?date=20251201&stockNo=3017&response=json,2025-12-03
2025-12-04,3017,奇鋐,1370.0,1385.0,1325.0,1325.0,5497875.0,7425224125.0,TWSE STOCK_DAY,https://www.twse.com.tw/rwd/zh/afterTrading/STOCK_DAY?date=20251201&stockNo=3017&response=json,2025-12-04
2025-12-05,3017,奇鋐,1345.0,1405.0,1340.0,1385.0,8314708.0,11465832580.0,TWSE STOCK_DAY,https://www.twse.com.tw/rwd/zh/afterTrading/STOCK_DAY?date=20251201&stockNo=3017&response=json,2025-12-05
2025-12-08,3017,奇鋐,1400.0,1400.0,1370.0,1385.0,3875456.0,5381102435.0,TWSE STOCK_DAY,https://www.twse.com.tw/rwd/zh/afterTrading/STOCK_DAY?date=20251201&stockNo=3017&response=json,2025-12-08
2025-12-09,3017,奇鋐,1400.0,1430.0,1380.0,1410.0,6722511.0,9465023720.0,TWSE STOCK_DAY,https://www.twse.com.tw/rwd/zh/afterTrading/STOCK_DAY?date=20251201&stockNo=3017&response=json,2025-12-09
2025-12-10,3017,奇鋐,1415.0,1430.0,1390.0,1425.0,4737458.0,6710823195.0,TWSE STOCK_DAY,https://www.twse.com.tw/rwd/zh/afterTrading/STOCK_DAY?date=20251201&stockNo=3017&response=json,2025-12-10
2025-12-11,3017,奇鋐,1445.0,1450.0,1405.0,1430.0,6854831.0,9802328950.0,TWSE STOCK_DAY,https://www.twse.com.tw/rwd/zh/afterTrading/STOCK_DAY?date=20251201&stockNo=3017&response=json,2025-12-11
2025-12-12,3017,奇鋐,1460.0,1485.0,1425.0,1425.0,5865475.0,8510179035.0,TWSE STOCK_DAY,https://www.twse.com.tw/rwd/zh/afterTrading/STOCK_DAY?date=20251201&stockNo=3017&response=json,2025-12-12
2025-12-15,3017,奇鋐,1375.0,1390.0,1365.0,1380.0,5675750.0,7815851285.0,TWSE STOCK_DAY,https://www.twse.com.tw/rwd/zh/afterTrading/STOCK_DAY?date=20251201&stockNo=3017&response=json,2025-12-15
2025-12-16,3017,奇鋐,1365.0,1390.0,1340.0,1345.0,4565277.0,6204501320.0,TWSE STOCK_DAY,https://www.twse.com.tw/rwd/zh/afterTrading/STOCK_DAY?date=20251201&stockNo=3017&response=json,2025-12-16
2025-12-17,3017,奇鋐,1350.0,1380.0,1340.0,1340.0,2963422.0,4005968095.0,TWSE STOCK_DAY,https://www.twse.com.tw/rwd/zh/afterTrading/STOCK_DAY?date=20251201&stockNo=3017&response=json,2025-12-17
2025-12-18,3017,奇鋐,1330.0,1365.0,1325.0,1360.0,1937359.0,2605663235.0,TWSE STOCK_DAY,https://www.twse.com.tw/rwd/zh/afterTrading/STOCK_DAY?date=20251201&stockNo=3017&response=json,2025-12-18
2025-12-19,3017,奇鋐,1385.0,1450.0,1380.0,1450.0,6314924.0,8971550145.0,TWSE STOCK_DAY,https://www.twse.com.tw/rwd/zh/afterTrading/STOCK_DAY?date=20251201&stockNo=3017&response=json,2025-12-19
2025-12-22,3017,奇鋐,1495.0,1505.0,1465.0,1475.0,5388668.0,8009926700.0,TWSE STOCK_DAY,https://www.twse.com.tw/rwd/zh/afterTrading/STOCK_DAY?date=20251201&stockNo=3017&response=json,2025-12-22
2025-12-23,3017,奇鋐,1485.0,1510.0,1475.0,1510.0,4084157.0,6120438780.0,TWSE STOCK_DAY,https://www.twse.com.tw/rwd/zh/afterTrading/STOCK_DAY?date=20251201&stockNo=3017&response=json,2025-12-23
2025-12-24,3017,奇鋐,1520.0,1525.0,1485.0,1500.0,2659963.0,3990098495.0,TWSE STOCK_DAY,https://www.twse.com.tw/rwd/zh/afterTrading/STOCK_DAY?date=20251201&stockNo=3017&response=json,2025-12-24
2025-12-26,3017,奇鋐,1505.0,1520.0,1495.0,1520.0,2493370.0,3757314985.0,TWSE STOCK_DAY,https://www.twse.com.tw/rwd/zh/afterTrading/STOCK_DAY?date=20251201&stockNo=3017&response=json,2025-12-26
2025-12-29,3017,奇鋐,1520.0,1550.0,1505.0,1545.0,3494079.0,5354561885.0,TWSE STOCK_DAY,https://www.twse.com.tw/rwd/zh/afterTrading/STOCK_DAY?date=20251201&stockNo=3017&response=json,2025-12-29
2025-12-30,3017,奇鋐,1530.0,1550.0,1525.0,1530.0,1929146.0,2961234895.0,TWSE STOCK_DAY,https://www.twse.com.tw/rwd/zh/afterTrading/STOCK_DAY?date=20251201&stockNo=3017&response=json,2025-12-30
2025-12-31,3017,奇鋐,1530.0,1560.0,1510.0,1510.0,3301831.0,5046034645.0,TWSE STOCK_DAY,https://www.twse.com.tw/rwd/zh/afterTrading/STOCK_DAY?date=20251201&stockNo=3017&response=json,2025-12-31
2026-01-02,3017,奇鋐,1535.0,1540.0,1440.0,1455.0,5780257.0,8489042455.0,TWSE STOCK_DAY,https://www.twse.com.tw/rwd/zh/afterTrading/STOCK_DAY?date=20260101&stockNo=3017&response=json,2026-01-02
2026-01-05,3017,奇鋐,1450.0,1465.0,1430.0,1450.0,4412179.0,6391480390.0,TWSE STOCK_DAY,https://www.twse.com.tw/rwd/zh/afterTrading/STOCK_DAY?date=20260101&stockNo=3017&response=json,2026-01-05
2026-01-06,3017,奇鋐,1480.0,1490.0,1410.0,1425.0,6635971.0,9483708785.0,TWSE STOCK_DAY,https://www.twse.com.tw/rwd/zh/afterTrading/STOCK_DAY?date=20260101&stockNo=3017&response=json,2026-01-06
2026-01-07,3017,奇鋐,1440.0,1460.0,1375.0,1375.0,8590829.0,11985918760.0,TWSE STOCK_DAY,https://www.twse.com.tw/rwd/zh/afterTrading/STOCK_DAY?date=20260101&stockNo=3017&response=json,2026-01-07
2026-01-08,3017,奇鋐,1350.0,1410.0,1345.0,1355.0,7760960.0,10689978190.0,TWSE STOCK_DAY,https://www.twse.com.tw/rwd/zh/afterTrading/STOCK_DAY?date=20260101&stockNo=3017&response=json,2026-01-08
2026-01-09,3017,奇鋐,1370.0,1415.0,1360.0,1375.0,6867721.0,9535800465.0,TWSE STOCK_DAY,https://www.twse.com.tw/rwd/zh/afterTrading/STOCK_DAY?date=20260101&stockNo=3017&response=json,2026-01-09
2026-01-12,3017,奇鋐,1395.0,1400.0,1340.0,1355.0,5695057.0,7775639930.0,TWSE STOCK_DAY,https://www.twse.com.tw/rwd/zh/afterTrading/STOCK_DAY?date=20260101&stockNo=3017&response=json,2026-01-12
2026-01-13,3017,奇鋐,1375.0,1390.0,1335.0,1345.0,4710863.0,6394771428.0,TWSE STOCK_DAY,https://www.twse.com.tw/rwd/zh/afterTrading/STOCK_DAY?date=20260101&stockNo=3017&response=json,2026-01-13
2026-01-14,3017,奇鋐,1365.0,1425.0,1360.0,1420.0,6359542.0,8942176975.0,TWSE STOCK_DAY,https://www.twse.com.tw/rwd/zh/afterTrading/STOCK_DAY?date=20260101&stockNo=3017&response=json,2026-01-14
2026-01-15,3017,奇鋐,1420.0,1425.0,1360.0,1380.0,5284664.0,7300102445.0,TWSE STOCK_DAY,https://www.twse.com.tw/rwd/zh/afterTrading/STOCK_DAY?date=20260101&stockNo=3017&response=json,2026-01-15
2026-01-16,3017,奇鋐,1395.0,1395.0,1350.0,1360.0,4857493.0,6626400820.0,TWSE STOCK_DAY,https://www.twse.com.tw/rwd/zh/afterTrading/STOCK_DAY?date=20260101&stockNo=3017&response=json,2026-01-16
2026-01-19,3017,奇鋐,1355.0,1360.0,1275.0,1280.0,9552812.0,12409257815.0,TWSE STOCK_DAY,https://www.twse.com.tw/rwd/zh/afterTrading/STOCK_DAY?date=20260101&stockNo=3017&response=json,2026-01-19
2026-01-20,3017,奇鋐,1275.0,1305.0,1265.0,1295.0,4832354.0,6217964285.0,TWSE STOCK_DAY,https://www.twse.com.tw/rwd/zh/afterTrading/STOCK_DAY?date=20260101&stockNo=3017&response=json,2026-01-20
2026-01-21,3017,奇鋐,1285.0,1310.0,1280.0,1280.0,3616028.0,4671666900.0,TWSE STOCK_DAY,https://www.twse.com.tw/rwd/zh/afterTrading/STOCK_DAY?date=20260101&stockNo=3017&response=json,2026-01-21
2026-01-22,3017,奇鋐,1320.0,1370.0,1265.0,1355.0,7901222.0,10567497865.0,TWSE STOCK_DAY,https://www.twse.com.tw/rwd/zh/afterTrading/STOCK_DAY?date=20260101&stockNo=3017&response=json,2026-01-22
2026-01-23,3017,奇鋐,1385.0,1385.0,1355.0,1375.0,4242687.0,5805203913.0,TWSE STOCK_DAY,https://www.twse.com.tw/rwd/zh/afterTrading/STOCK_DAY?date=20260101&stockNo=3017&response=json,2026-01-23
2026-01-26,3017,奇鋐,1390.0,1405.0,1365.0,1370.0,4133584.0,5719309050.0,TWSE STOCK_DAY,https://www.twse.com.tw/rwd/zh/afterTrading/STOCK_DAY?date=20260101&stockNo=3017&response=json,2026-01-26
2026-01-27,3017,奇鋐,1380.0,1440.0,1375.0,1420.0,6606873.0,9370966435.0,TWSE STOCK_DAY,https://www.twse.com.tw/rwd/zh/afterTrading/STOCK_DAY?date=20260101&stockNo=3017&response=json,2026-01-27
2026-01-28,3017,奇鋐,1445.0,1470.0,1430.0,1465.0,5845271.0,8485076555.0,TWSE STOCK_DAY,https://www.twse.com.tw/rwd/zh/afterTrading/STOCK_DAY?date=20260101&stockNo=3017&response=json,2026-01-28
2026-01-29,3017,奇鋐,1480.0,1510.0,1450.0,1495.0,9257577.0,13759185210.0,TWSE STOCK_DAY,https://www.twse.com.tw/rwd/zh/afterTrading/STOCK_DAY?date=20260101&stockNo=3017&response=json,2026-01-29
2026-01-30,3017,奇鋐,1490.0,1495.0,1400.0,1460.0,6913370.0,9946713945.0,TWSE STOCK_DAY,https://www.twse.com.tw/rwd/zh/afterTrading/STOCK_DAY?date=20260101&stockNo=3017&response=json,2026-01-30
2026-02-02,3017,奇鋐,1440.0,1505.0,1415.0,1490.0,7071740.0,10437827835.0,TWSE STOCK_DAY,https://www.twse.com.tw/rwd/zh/afterTrading/STOCK_DAY?date=20260201&stockNo=3017&response=json,2026-02-02
2026-02-03,3017,奇鋐,1550.0,1635.0,1545.0,1635.0,14952322.0,23901100955.0,TWSE STOCK_DAY,https://www.twse.com.tw/rwd/zh/afterTrading/STOCK_DAY?date=20260201&stockNo=3017&response=json,2026-02-03
2026-02-04,3017,奇鋐,1645.0,1710.0,1625.0,1675.0,10085080.0,16811953680.0,TWSE STOCK_DAY,https://www.twse.com.tw/rwd/zh/afterTrading/STOCK_DAY?date=20260201&stockNo=3017&response=json,2026-02-04
2026-02-05,3017,奇鋐,1665.0,1720.0,1630.0,1630.0,6535909.0,10892515541.0,TWSE STOCK_DAY,https://www.twse.com.tw/rwd/zh/afterTrading/STOCK_DAY?date=20260201&stockNo=3017&response=json,2026-02-05
2026-02-06,3017,奇鋐,1605.0,1625.0,1535.0,1595.0,6375872.0,10111056350.0,TWSE STOCK_DAY,https://www.twse.com.tw/rwd/zh/afterTrading/STOCK_DAY?date=20260201&stockNo=3017&response=json,2026-02-06
2026-02-09,3017,奇鋐,1680.0,1680.0,1585.0,1600.0,5674608.0,9202968900.0,TWSE STOCK_DAY,https://www.twse.com.tw/rwd/zh/afterTrading/STOCK_DAY?date=20260201&stockNo=3017&response=json,2026-02-09
2026-02-10,3017,奇鋐,1625.0,1645.0,1590.0,1620.0,3737625.0,6021530620.0,TWSE STOCK_DAY,https://www.twse.com.tw/rwd/zh/afterTrading/STOCK_DAY?date=20260201&stockNo=3017&response=json,2026-02-10
2026-02-11,3017,奇鋐,1610.0,1620.0,1560.0,1605.0,3294642.0,5266533000.0,TWSE STOCK_DAY,https://www.twse.com.tw/rwd/zh/afterTrading/STOCK_DAY?date=20260201&stockNo=3017&response=json,2026-02-11
2026-02-23,3017,奇鋐,1650.0,1650.0,1515.0,1520.0,6287420.0,9769752650.0,TWSE STOCK_DAY,https://www.twse.com.tw/rwd/zh/afterTrading/STOCK_DAY?date=20260201&stockNo=3017&response=json,2026-02-23
2026-02-24,3017,奇鋐,1535.0,1560.0,1510.0,1550.0,4176128.0,6414465095.0,TWSE STOCK_DAY,https://www.twse.com.tw/rwd/zh/afterTrading/STOCK_DAY?date=20260201&stockNo=3017&response=json,2026-02-24
2026-02-25,3017,奇鋐,1565.0,1695.0,1560.0,1675.0,8984346.0,14809374795.0,TWSE STOCK_DAY,https://www.twse.com.tw/rwd/zh/afterTrading/STOCK_DAY?date=20260201&stockNo=3017&response=json,2026-02-25
2026-02-26,3017,奇鋐,1680.0,1785.0,1665.0,1765.0,10544482.0,18338271690.0,TWSE STOCK_DAY,https://www.twse.com.tw/rwd/zh/afterTrading/STOCK_DAY?date=20260201&stockNo=3017&response=json,2026-02-26
2026-03-02,3017,奇鋐,1720.0,1800.0,1715.0,1765.0,5311930.0,9409524235.0,TWSE STOCK_DAY,https://www.twse.com.tw/rwd/zh/afterTrading/STOCK_DAY?date=20260301&stockNo=3017&response=json,2026-03-02
2026-03-03,3017,奇鋐,1830.0,1910.0,1780.0,1795.0,8804200.0,16185755980.0,TWSE STOCK_DAY,https://www.twse.com.tw/rwd/zh/afterTrading/STOCK_DAY?date=20260301&stockNo=3017&response=json,2026-03-03
2026-03-04,3017,奇鋐,1775.0,1795.0,1670.0,1750.0,6886787.0,12036586325.0,TWSE STOCK_DAY,https://www.twse.com.tw/rwd/zh/afterTrading/STOCK_DAY?date=20260301&stockNo=3017&response=json,2026-03-04
2026-03-05,3017,奇鋐,1860.0,1900.0,1795.0,1820.0,5484692.0,10145440390.0,TWSE STOCK_DAY,https://www.twse.com.tw/rwd/zh/afterTrading/STOCK_DAY?date=20260301&stockNo=3017&response=json,2026-03-05
2026-03-06,3017,奇鋐,1810.0,1885.0,1785.0,1845.0,4254526.0,7835190860.0,TWSE STOCK_DAY,https://www.twse.com.tw/rwd/zh/afterTrading/STOCK_DAY?date=20260301&stockNo=3017&response=json,2026-03-06
2026-03-09,3017,奇鋐,1665.0,1700.0,1665.0,1665.0,4090895.0,6840998490.0,TWSE STOCK_DAY,https://www.twse.com.tw/rwd/zh/afterTrading/STOCK_DAY?date=20260301&stockNo=3017&response=json,2026-03-09
2026-03-10,3017,奇鋐,1735.0,1745.0,1665.0,1695.0,6547366.0,11174860850.0,TWSE STOCK_DAY,https://www.twse.com.tw/rwd/zh/afterTrading/STOCK_DAY?date=20260301&stockNo=3017&response=json,2026-03-10
2026-03-11,3017,奇鋐,1740.0,1860.0,1740.0,1860.0,5418586.0,9859306450.0,TWSE STOCK_DAY,https://www.twse.com.tw/rwd/zh/afterTrading/STOCK_DAY?date=20260301&stockNo=3017&response=json,2026-03-11
2026-03-12,3017,奇鋐,1900.0,1955.0,1870.0,1875.0,6700536.0,12775300075.0,TWSE STOCK_DAY,https://www.twse.com.tw/rwd/zh/afterTrading/STOCK_DAY?date=20260301&stockNo=3017&response=json,2026-03-12
2026-03-13,3017,奇鋐,1855.0,1930.0,1815.0,1865.0,5993158.0,11284071615.0,TWSE STOCK_DAY,https://www.twse.com.tw/rwd/zh/afterTrading/STOCK_DAY?date=20260301&stockNo=3017&response=json,2026-03-13
2026-03-16,3017,奇鋐,1890.0,1920.0,1830.0,1830.0,4314909.0,8094126872.0,TWSE STOCK_DAY,https://www.twse.com.tw/rwd/zh/afterTrading/STOCK_DAY?date=20260301&stockNo=3017&response=json,2026-03-16
2026-03-17,3017,奇鋐,1870.0,1970.0,1860.0,1905.0,5606630.0,10715856695.0,TWSE STOCK_DAY,https://www.twse.com.tw/rwd/zh/afterTrading/STOCK_DAY?date=20260301&stockNo=3017&response=json,2026-03-17
2026-03-18,3017,奇鋐,1935.0,1955.0,1850.0,1850.0,5543887.0,10498849744.0,TWSE STOCK_DAY,https://www.twse.com.tw/rwd/zh/afterTrading/STOCK_DAY?date=20260301&stockNo=3017&response=json,2026-03-18
2026-03-19,3017,奇鋐,1835.0,2035.0,1835.0,2015.0,10256997.0,20359184885.0,TWSE STOCK_DAY,https://www.twse.com.tw/rwd/zh/afterTrading/STOCK_DAY?date=20260301&stockNo=3017&response=json,2026-03-19
2026-03-20,3017,奇鋐,2010.0,2060.0,1945.0,2050.0,6991270.0,14028231360.0,TWSE STOCK_DAY,https://www.twse.com.tw/rwd/zh/afterTrading/STOCK_DAY?date=20260301&stockNo=3017&response=json,2026-03-20
2026-03-23,3017,奇鋐,1985.0,2045.0,1955.0,1995.0,5032899.0,10003165310.0,TWSE STOCK_DAY,https://www.twse.com.tw/rwd/zh/afterTrading/STOCK_DAY?date=20260301&stockNo=3017&response=json,2026-03-23
2026-03-24,3017,奇鋐,2020.0,2030.0,1915.0,1945.0,6721340.0,13285093275.0,TWSE STOCK_DAY,https://www.twse.com.tw/rwd/zh/afterTrading/STOCK_DAY?date=20260301&stockNo=3017&response=json,2026-03-24
2026-03-25,3017,奇鋐,2020.0,2100.0,2015.0,2100.0,5596612.0,11561071315.0,TWSE STOCK_DAY,https://www.twse.com.tw/rwd/zh/afterTrading/STOCK_DAY?date=20260301&stockNo=3017&response=json,2026-03-25
2026-03-26,3017,奇鋐,2200.0,2310.0,2175.0,2275.0,8504254.0,19327999055.0,TWSE STOCK_DAY,https://www.twse.com.tw/rwd/zh/afterTrading/STOCK_DAY?date=20260301&stockNo=3017&response=json,2026-03-26
2026-03-27,3017,奇鋐,2200.0,2225.0,2120.0,2195.0,5491400.0,12019459870.0,TWSE STOCK_DAY,https://www.twse.com.tw/rwd/zh/afterTrading/STOCK_DAY?date=20260301&stockNo=3017&response=json,2026-03-27
2026-03-30,3017,奇鋐,2115.0,2155.0,2075.0,2135.0,3278469.0,6964115850.0,TWSE STOCK_DAY,https://www.twse.com.tw/rwd/zh/afterTrading/STOCK_DAY?date=20260301&stockNo=3017&response=json,2026-03-30
2026-03-31,3017,奇鋐,2100.0,2115.0,1945.0,1990.0,5757841.0,11549811957.0,TWSE STOCK_DAY,https://www.twse.com.tw/rwd/zh/afterTrading/STOCK_DAY?date=20260301&stockNo=3017&response=json,2026-03-31
2026-04-01,3017,奇鋐,2120.0,2135.0,2065.0,2110.0,4034786.0,8527625450.0,TWSE STOCK_DAY,https://www.twse.com.tw/rwd/zh/afterTrading/STOCK_DAY?date=20260401&stockNo=3017&response=json,2026-04-01
2026-04-02,3017,奇鋐,2140.0,2150.0,2065.0,2070.0,3100871.0,6506852315.0,TWSE STOCK_DAY,https://www.twse.com.tw/rwd/zh/afterTrading/STOCK_DAY?date=20260401&stockNo=3017&response=json,2026-04-02
2026-04-07,3017,奇鋐,2150.0,2175.0,2015.0,2030.0,4775019.0,9925106585.0,TWSE STOCK_DAY,https://www.twse.com.tw/rwd/zh/afterTrading/STOCK_DAY?date=20260401&stockNo=3017&response=json,2026-04-07
2026-04-08,3017,奇鋐,2200.0,2230.0,2150.0,2230.0,3868944.0,8534929125.0,TWSE STOCK_DAY,https://www.twse.com.tw/rwd/zh/afterTrading/STOCK_DAY?date=20260401&stockNo=3017&response=json,2026-04-08
2026-04-09,3017,奇鋐,2260.0,2290.0,2200.0,2235.0,4576820.0,10249205525.0,TWSE STOCK_DAY,https://www.twse.com.tw/rwd/zh/afterTrading/STOCK_DAY?date=20260401&stockNo=3017&response=json,2026-04-09
2026-04-10,3017,奇鋐,2305.0,2320.0,2230.0,2265.0,3201925.0,7290607325.0,TWSE STOCK_DAY,https://www.twse.com.tw/rwd/zh/afterTrading/STOCK_DAY?date=20260401&stockNo=3017&response=json,2026-04-10
2026-04-13,3017,奇鋐,2280.0,2280.0,2185.0,2200.0,3120709.0,6888166755.0,TWSE STOCK_DAY,https://www.twse.com.tw/rwd/zh/afterTrading/STOCK_DAY?date=20260401&stockNo=3017&response=json,2026-04-13
2026-04-14,3017,奇鋐,2260.0,2345.0,2260.0,2310.0,3772108.0,8712261840.0,TWSE STOCK_DAY,https://www.twse.com.tw/rwd/zh/afterTrading/STOCK_DAY?date=20260401&stockNo=3017&response=json,2026-04-14
2026-04-15,3017,奇鋐,2375.0,2375.0,2310.0,2325.0,3238805.0,7606030025.0,TWSE STOCK_DAY,https://www.twse.com.tw/rwd/zh/afterTrading/STOCK_DAY?date=20260401&stockNo=3017&response=json,2026-04-15
2026-04-16,3017,奇鋐,2380.0,2515.0,2365.0,2440.0,4611118.0,11271681445.0,TWSE STOCK_DAY,https://www.twse.com.tw/rwd/zh/afterTrading/STOCK_DAY?date=20260401&stockNo=3017&response=json,2026-04-16
2026-04-17,3017,奇鋐,2435.0,2485.0,2375.0,2400.0,3933545.0,9529538139.0,TWSE STOCK_DAY,https://www.twse.com.tw/rwd/zh/afterTrading/STOCK_DAY?date=20260401&stockNo=3017&response=json,2026-04-17
2026-04-20,3017,奇鋐,2410.0,2515.0,2395.0,2490.0,3547518.0,8767850520.0,TWSE STOCK_DAY,https://www.twse.com.tw/rwd/zh/afterTrading/STOCK_DAY?date=20260401&stockNo=3017&response=json,2026-04-20
2026-04-21,3017,奇鋐,2560.0,2585.0,2450.0,2565.0,4107167.0,10423384865.0,TWSE STOCK_DAY,https://www.twse.com.tw/rwd/zh/afterTrading/STOCK_DAY?date=20260401&stockNo=3017&response=json,2026-04-21
2026-04-22,3017,奇鋐,2585.0,2800.0,2580.0,2695.0,5151543.0,13906393922.0,TWSE STOCK_DAY,https://www.twse.com.tw/rwd/zh/afterTrading/STOCK_DAY?date=20260401&stockNo=3017&response=json,2026-04-22
2026-04-23,3017,奇鋐,2770.0,2875.0,2585.0,2680.0,6812966.0,18599861205.0,TWSE STOCK_DAY,https://www.twse.com.tw/rwd/zh/afterTrading/STOCK_DAY?date=20260401&stockNo=3017&response=json,2026-04-23
2026-04-24,3017,奇鋐,2770.0,2945.0,2760.0,2945.0,5243084.0,15215988480.0,TWSE STOCK_DAY,https://www.twse.com.tw/rwd/zh/afterTrading/STOCK_DAY?date=20260401&stockNo=3017&response=json,2026-04-24
2026-04-27,3017,奇鋐,2990.0,3010.0,2820.0,2835.0,6583986.0,19058501835.0,TWSE STOCK_DAY,https://www.twse.com.tw/rwd/zh/afterTrading/STOCK_DAY?date=20260401&stockNo=3017&response=json,2026-04-27
2026-04-28,3017,奇鋐,2885.0,2990.0,2755.0,2780.0,5933190.0,16770578225.0,TWSE STOCK_DAY,https://www.twse.com.tw/rwd/zh/afterTrading/STOCK_DAY?date=20260401&stockNo=3017&response=json,2026-04-28
2026-04-29,3017,奇鋐,2735.0,2895.0,2735.0,2835.0,4122743.0,11663341455.0,TWSE STOCK_DAY,https://www.twse.com.tw/rwd/zh/afterTrading/STOCK_DAY?date=20260401&stockNo=3017&response=json,2026-04-29
2026-04-30,3017,奇鋐,2840.0,2870.0,2805.0,2835.0,3420271.0,9711527456.0,TWSE STOCK_DAY,https://www.twse.com.tw/rwd/zh/afterTrading/STOCK_DAY?date=20260401&stockNo=3017&response=json,2026-04-30
2026-05-04,3017,奇鋐,2920.0,2975.0,2815.0,2885.0,3728835.0,10768455685.0,TWSE STOCK_DAY,https://www.twse.com.tw/rwd/zh/afterTrading/STOCK_DAY?date=20260501&stockNo=3017&response=json,2026-05-04
2026-05-05,3017,奇鋐,2815.0,2845.0,2655.0,2705.0,8453094.0,23099338620.0,TWSE STOCK_DAY,https://www.twse.com.tw/rwd/zh/afterTrading/STOCK_DAY?date=20260501&stockNo=3017&response=json,2026-05-05
2026-05-06,3017,奇鋐,2680.0,2685.0,2435.0,2435.0,11438234.0,28549491260.0,TWSE STOCK_DAY,https://www.twse.com.tw/rwd/zh/afterTrading/STOCK_DAY?date=20260501&stockNo=3017&response=json,2026-05-06
2026-05-07,3017,奇鋐,2445.0,2500.0,2380.0,2415.0,11314013.0,27505267905.0,TWSE STOCK_DAY,https://www.twse.com.tw/rwd/zh/afterTrading/STOCK_DAY?date=20260501&stockNo=3017&response=json,2026-05-07
2026-05-08,3017,奇鋐,2405.0,2500.0,2350.0,2445.0,5937295.0,14501631015.0,TWSE STOCK_DAY,https://www.twse.com.tw/rwd/zh/afterTrading/STOCK_DAY?date=20260501&stockNo=3017&response=json,2026-05-08
2026-05-11,3017,奇鋐,2485.0,2590.0,2455.0,2555.0,6204661.0,15814319510.0,TWSE STOCK_DAY,https://www.twse.com.tw/rwd/zh/afterTrading/STOCK_DAY?date=20260501&stockNo=3017&response=json,2026-05-11
2026-05-12,3017,奇鋐,2625.0,2625.0,2520.0,2520.0,5010847.0,12858115180.0,TWSE STOCK_DAY,https://www.twse.com.tw/rwd/zh/afterTrading/STOCK_DAY?date=20260501&stockNo=3017&response=json,2026-05-12
2026-05-13,3017,奇鋐,2545.0,2625.0,2500.0,2585.0,6267261.0,16068612240.0,TWSE STOCK_DAY,https://www.twse.com.tw/rwd/zh/afterTrading/STOCK_DAY?date=20260501&stockNo=3017&response=json,2026-05-13
2026-05-14,3017,奇鋐,2700.0,2775.0,2555.0,2555.0,7168071.0,19001413425.0,TWSE STOCK_DAY,https://www.twse.com.tw/rwd/zh/afterTrading/STOCK_DAY?date=20260501&stockNo=3017&response=json,2026-05-14
2026-05-15,3017,奇鋐,2690.0,2735.0,2445.0,2455.0,6646560.0,17045921560.0,TWSE STOCK_DAY,https://www.twse.com.tw/rwd/zh/afterTrading/STOCK_DAY?date=20260501&stockNo=3017&response=json,2026-05-15
2026-05-18,3017,奇鋐,2350.0,2435.0,2300.0,2410.0,4751185.0,11282056565.0,TWSE STOCK_DAY,https://www.twse.com.tw/rwd/zh/afterTrading/STOCK_DAY?date=20260501&stockNo=3017&response=json,2026-05-18
2026-05-19,3017,奇鋐,2455.0,2470.0,2370.0,2390.0,3542685.0,8556803655.0,TWSE STOCK_DAY,https://www.twse.com.tw/rwd/zh/afterTrading/STOCK_DAY?date=20260501&stockNo=3017&response=json,2026-05-19
2026-05-20,3017,奇鋐,2425.0,2435.0,2325.0,2340.0,3568975.0,8444857406.0,TWSE STOCK_DAY,https://www.twse.com.tw/rwd/zh/afterTrading/STOCK_DAY?date=20260501&stockNo=3017&response=json,2026-05-20
2026-05-21,3017,奇鋐,2445.0,2515.0,2415.0,2495.0,3762794.0,9313044865.0,TWSE STOCK_DAY,https://www.twse.com.tw/rwd/zh/afterTrading/STOCK_DAY?date=20260501&stockNo=3017&response=json,2026-05-21
2026-05-22,3017,奇鋐,2550.0,2610.0,2470.0,2545.0,5501063.0,13965964590.0,TWSE STOCK_DAY,https://www.twse.com.tw/rwd/zh/afterTrading/STOCK_DAY?date=20260501&stockNo=3017&response=json,2026-05-22
2026-05-25,3017,奇鋐,2625.0,2640.0,2545.0,2575.0,5688149.0,14770448085.0,TWSE STOCK_DAY,https://www.twse.com.tw/rwd/zh/afterTrading/STOCK_DAY?date=20260501&stockNo=3017&response=json,2026-05-25
2026-05-26,3017,奇鋐,2590.0,2750.0,2570.0,2725.0,6239924.0,16686855990.0,TWSE STOCK_DAY,https://www.twse.com.tw/rwd/zh/afterTrading/STOCK_DAY?date=20260501&stockNo=3017&response=json,2026-05-26
2026-05-27,3017,奇鋐,2800.0,2835.0,2695.0,2700.0,4384212.0,12112986195.0,TWSE STOCK_DAY,https://www.twse.com.tw/rwd/zh/afterTrading/STOCK_DAY?date=20260501&stockNo=3017&response=json,2026-05-27
2026-05-28,3017,奇鋐,2740.0,2795.0,2540.0,2580.0,5097423.0,13522980400.0,TWSE STOCK_DAY,https://www.twse.com.tw/rwd/zh/afterTrading/STOCK_DAY?date=20260501&stockNo=3017&response=json,2026-05-28
2026-05-29,3017,奇鋐,2680.0,2730.0,2615.0,2665.0,9351169.0,25024183485.0,TWSE STOCK_DAY,https://www.twse.com.tw/rwd/zh/afterTrading/STOCK_DAY?date=20260501&stockNo=3017&response=json,2026-05-29
2026-06-01,3017,奇鋐,2705.0,2835.0,2705.0,2785.0,5090031.0,14219678560.0,TWSE STOCK_DAY,https://www.twse.com.tw/rwd/zh/afterTrading/STOCK_DAY?date=20260601&stockNo=3017&response=json,2026-06-01
2026-06-02,3017,奇鋐,2800.0,2835.0,2650.0,2700.0,4220815.0,11577589785.0,TWSE STOCK_DAY,https://www.twse.com.tw/rwd/zh/afterTrading/STOCK_DAY?date=20260601&stockNo=3017&response=json,2026-06-02
2026-06-03,3017,奇鋐,2750.0,2965.0,2700.0,2855.0,6908395.0,19863474820.0,TWSE STOCK_DAY,https://www.twse.com.tw/rwd/zh/afterTrading/STOCK_DAY?date=20260601&stockNo=3017&response=json,2026-06-03
2026-06-04,3017,奇鋐,2805.0,2820.0,2675.0,2710.0,4446507.0,12139646015.0,TWSE STOCK_DAY,https://www.twse.com.tw/rwd/zh/afterTrading/STOCK_DAY?date=20260601&stockNo=3017&response=json,2026-06-04
2026-06-05,3017,奇鋐,2680.0,2680.0,2505.0,2600.0,4900550.0,12694006585.0,TWSE STOCK_DAY,https://www.twse.com.tw/rwd/zh/afterTrading/STOCK_DAY?date=20260601&stockNo=3017&response=json,2026-06-05
2026-06-08,3017,奇鋐,2340.0,2570.0,2340.0,2570.0,4356915.0,10736707610.0,TWSE STOCK_DAY,https://www.twse.com.tw/rwd/zh/afterTrading/STOCK_DAY?date=20260601&stockNo=3017&response=json,2026-06-08
2026-06-09,3017,奇鋐,2575.0,2575.0,2440.0,2545.0,6361937.0,15981947935.0,TWSE STOCK_DAY,https://www.twse.com.tw/rwd/zh/afterTrading/STOCK_DAY?date=20260601&stockNo=3017&response=json,2026-06-09
2026-06-10,3017,奇鋐,2490.0,2505.0,2350.0,2360.0,5878553.0,14190024820.0,TWSE STOCK_DAY,https://www.twse.com.tw/rwd/zh/afterTrading/STOCK_DAY?date=20260601&stockNo=3017&response=json,2026-06-10
2026-06-11,3017,奇鋐,2340.0,2445.0,2260.0,2335.0,4531372.0,10578731600.0,TWSE STOCK_DAY,https://www.twse.com.tw/rwd/zh/afterTrading/STOCK_DAY?date=20260601&stockNo=3017&response=json,2026-06-11
2026-06-12,3017,奇鋐,2465.0,2480.0,2380.0,2405.0,2490291.0,6035173930.0,TWSE STOCK_DAY,https://www.twse.com.tw/rwd/zh/afterTrading/STOCK_DAY?date=20260601&stockNo=3017&response=json,2026-06-12
2026-06-15,3017,奇鋐,2475.0,2475.0,2410.0,2410.0,2107865.0,5135902405.0,TWSE STOCK_DAY,https://www.twse.com.tw/rwd/zh/afterTrading/STOCK_DAY?date=20260601&stockNo=3017&response=json,2026-06-15
2026-06-16,3017,奇鋐,2455.0,2470.0,2370.0,2370.0,3025487.0,7242860310.0,TWSE STOCK_DAY,https://www.twse.com.tw/rwd/zh/afterTrading/STOCK_DAY?date=20260601&stockNo=3017&response=json,2026-06-16
2026-06-17,3017,奇鋐,2365.0,2440.0,2330.0,2365.0,3829529.0,9054502255.0,TWSE STOCK_DAY,https://www.twse.com.tw/rwd/zh/afterTrading/STOCK_DAY?date=20260601&stockNo=3017&response=json,2026-06-17
2026-06-18,3017,奇鋐,2400.0,2425.0,2365.0,2400.0,3318114.0,7964551140.0,TWSE STOCK_DAY,https://www.twse.com.tw/rwd/zh/afterTrading/STOCK_DAY?date=20260601&stockNo=3017&response=json,2026-06-18
2026-06-22,3017,奇鋐,2465.0,2490.0,2380.0,2420.0,3254412.0,7936185690.0,TWSE STOCK_DAY,https://www.twse.com.tw/rwd/zh/afterTrading/STOCK_DAY?date=20260601&stockNo=3017&response=json,2026-06-22
2026-06-23,3017,奇鋐,2455.0,2475.0,2400.0,2425.0,3079821.0,7492793463.0,TWSE STOCK_DAY,https://www.twse.com.tw/rwd/zh/afterTrading/STOCK_DAY?date=20260601&stockNo=3017&response=json,2026-06-23
2026-06-24,3017,奇鋐,2355.0,2590.0,2335.0,2530.0,6494281.0,16023184935.0,TWSE STOCK_DAY,https://www.twse.com.tw/rwd/zh/afterTrading/STOCK_DAY?date=20260601&stockNo=3017&response=json,2026-06-24
2026-06-25,3017,奇鋐,2595.0,2635.0,2485.0,2505.0,3833150.0,9748244120.0,TWSE STOCK_DAY,https://www.twse.com.tw/rwd/zh/afterTrading/STOCK_DAY?date=20260601&stockNo=3017&response=json,2026-06-25
2026-06-26,3017,奇鋐,2475.0,2475.0,2255.0,2255.0,6567236.0,15240096640.0,TWSE STOCK_DAY,https://www.twse.com.tw/rwd/zh/afterTrading/STOCK_DAY?date=20260601&stockNo=3017&response=json,2026-06-26
2026-06-29,3017,奇鋐,2220.0,2315.0,2220.0,2300.0,3084014.0,7032758260.0,TWSE STOCK_DAY,https://www.twse.com.tw/rwd/zh/afterTrading/STOCK_DAY?date=20260601&stockNo=3017&response=json,2026-06-29
2026-06-30,3017,奇鋐,2380.0,2530.0,2370.0,2525.0,4835330.0,11993921150.0,TWSE STOCK_DAY,https://www.twse.com.tw/rwd/zh/afterTrading/STOCK_DAY?date=20260601&stockNo=3017&response=json,2026-06-30
2026-07-01,3017,奇鋐,2615.0,2665.0,2500.0,2620.0,5567033.0,14509902815.0,TWSE STOCK_DAY,https://www.twse.com.tw/rwd/zh/afterTrading/STOCK_DAY?date=20260701&stockNo=3017&response=json,2026-07-01
2026-07-02,3017,奇鋐,2565.0,2745.0,2525.0,2740.0,5061323.0,13521473385.0,TWSE STOCK_DAY,https://www.twse.com.tw/rwd/zh/afterTrading/STOCK_DAY?date=20260701&stockNo=3017&response=json,2026-07-02
2026-07-03,3017,奇鋐,2690.0,2780.0,2665.0,2760.0,4659120.0,12727945955.0,TWSE STOCK_DAY,https://www.twse.com.tw/rwd/zh/afterTrading/STOCK_DAY?date=20260701&stockNo=3017&response=json,2026-07-03
2026-07-06,3017,奇鋐,2790.0,2790.0,2615.0,2670.0,3733969.0,10032199845.0,TWSE STOCK_DAY,https://www.twse.com.tw/rwd/zh/afterTrading/STOCK_DAY?date=20260701&stockNo=3017&response=json,2026-07-06
2026-07-07,3017,奇鋐,2670.0,2670.0,2410.0,2450.0,4349877.0,10910593515.0,TWSE STOCK_DAY,https://www.twse.com.tw/rwd/zh/afterTrading/STOCK_DAY?date=20260701&stockNo=3017&response=json,2026-07-07
2026-07-08,3017,奇鋐,2425.0,2440.0,2290.0,2325.0,4441500.0,10430098105.0,TWSE STOCK_DAY,https://www.twse.com.tw/rwd/zh/afterTrading/STOCK_DAY?date=20260701&stockNo=3017&response=json,2026-07-08
2026-07-09,3017,奇鋐,2380.0,2435.0,2335.0,2350.0,2889551.0,6872747488.0,TWSE STOCK_DAY,https://www.twse.com.tw/rwd/zh/afterTrading/STOCK_DAY?date=20260701&stockNo=3017&response=json,2026-07-09
2026-07-13,3017,奇鋐,2420.0,2420.0,2210.0,2225.0,2704759.0,6140607380.0,TWSE STOCK_DAY,https://www.twse.com.tw/rwd/zh/afterTrading/STOCK_DAY?date=20260701&stockNo=3017&response=json,2026-07-13
2026-07-14,3017,奇鋐,2185.0,2220.0,2015.0,2120.0,4396274.0,9218188720.0,TWSE STOCK_DAY,https://www.twse.com.tw/rwd/zh/afterTrading/STOCK_DAY?date=20260701&stockNo=3017&response=json,2026-07-14
2026-07-15,3017,奇鋐,2140.0,2200.0,2120.0,2165.0,2129895.0,4620568925.0,TWSE STOCK_DAY,https://www.twse.com.tw/rwd/zh/afterTrading/STOCK_DAY?date=20260701&stockNo=3017&response=json,2026-07-15
2026-07-16,3017,奇鋐,2275.0,2290.0,2155.0,2225.0,4220745.0,9434223940.0,TWSE STOCK_DAY,https://www.twse.com.tw/rwd/zh/afterTrading/STOCK_DAY?date=20260701&stockNo=3017&response=json,2026-07-16
2026-07-17,3017,奇鋐,2160.0,2335.0,2145.0,2200.0,5543230.0,12498608770.0,TWSE STOCK_DAY,https://www.twse.com.tw/rwd/zh/afterTrading/STOCK_DAY?date=20260701&stockNo=3017&response=json,2026-07-17
2026-07-20,3017,奇鋐,2210.0,2240.0,2015.0,2135.0,4416999.0,9356599417.0,TWSE STOCK_DAY,https://www.twse.com.tw/rwd/zh/afterTrading/STOCK_DAY?date=20260701&stockNo=3017&response=json,2026-07-20
2026-07-21,3017,奇鋐,2190.0,2340.0,2175.0,2320.0,3736446.0,8489473280.0,TWSE STOCK_DAY,https://www.twse.com.tw/rwd/zh/afterTrading/STOCK_DAY?date=20260701&stockNo=3017&response=json,2026-07-21
2026-07-22,3017,奇鋐,2385.0,2390.0,2255.0,2265.0,4356001.0,10034797450.0,TWSE STOCK_DAY,https://www.twse.com.tw/rwd/zh/afterTrading/STOCK_DAY?date=20260701&stockNo=3017&response=json,2026-07-22
2026-07-23,3017,奇鋐,2350.0,2490.0,2350.0,2440.0,7157581.0,17555109085.0,TWSE STOCK_DAY,https://www.twse.com.tw/rwd/zh/afterTrading/STOCK_DAY?date=20260701&stockNo=3017&response=json,2026-07-23
2026-07-24,3017,奇鋐,2375.0,2510.0,2355.0,2380.0,4515686.0,10956024585.0,TWSE STOCK_DAY,https://www.twse.com.tw/rwd/zh/afterTrading/STOCK_DAY?date=20260701&stockNo=3017&response=json,2026-07-24
2026-07-27,3017,奇鋐,2375.0,2420.0,2310.0,2400.0,2367643.0,5598378250.0,TWSE STOCK_DAY,https://www.twse.com.tw/rwd/zh/afterTrading/STOCK_DAY?date=20260701&stockNo=3017&response=json,2026-07-27
2026-07-28,3017,奇鋐,2285.0,2325.0,2225.0,2240.0,3173558.0,7200028160.0,TWSE STOCK_DAY,https://www.twse.com.tw/rwd/zh/afterTrading/STOCK_DAY?date=20260701&stockNo=3017&response=json,2026-07-28
2026-07-29,3017,奇鋐,2225.0,2245.0,2020.0,2095.0,6379050.0,13423426555.0,TWSE STOCK_DAY,https://www.twse.com.tw/rwd/zh/afterTrading/STOCK_DAY?date=20260701&stockNo=3017&response=json,2026-07-29
2026-07-30,3017,奇鋐,2055.0,2200.0,2030.0,2110.0,4483632.0,9511034280.0,TWSE STOCK_DAY,https://www.twse.com.tw/rwd/zh/afterTrading/STOCK_DAY?date=20260701&stockNo=3017&response=json,2026-07-30
2026-07-31,3017,奇鋐,2320.0,2320.0,2275.0,2320.0,2498885.0,5777964465.0,TWSE STOCK_DAY,https://www.twse.com.tw/rwd/zh/afterTrading/STOCK_DAY?date=20260701&stockNo=3017&response=json,2026-07-31
2026-08-03,3017,奇鋐,2400.0,2550.0,2400.0,2550.0,4533982.0,11388751630.0,TWSE STOCK_DAY,https://www.twse.com.tw/rwd/zh/afterTrading/STOCK_DAY?date=20260801&stockNo=3017&response=json,2026-08-03
2026-08-04,3017,奇鋐,2595.0,2675.0,2560.0,2600.0,5548736.0,14509938570.0,TWSE STOCK_DAY,https://www.twse.com.tw/rwd/zh/afterTrading/STOCK_DAY?date=20260801&stockNo=3017&response=json,2026-08-04
2026-08-05,3017,奇鋐,2660.0,2775.0,2640.0,2730.0,5823988.0,15860875725.0,TWSE STOCK_DAY,https://www.twse.com.tw/rwd/zh/afterTrading/STOCK_DAY?date=20260801&stockNo=3017&response=json,2026-08-05
2026-08-06,3017,奇鋐,2730.0,2965.0,2730.0,2940.0,9418730.0,27219624955.0,TWSE STOCK_DAY,https://www.twse.com.tw/rwd/zh/afterTrading/STOCK_DAY?date=20260801&stockNo=3017&response=json,2026-08-06
2026-08-07,3017,奇鋐,2935.0,2935.0,2750.0,2785.0,4140360.0,11715402275.0,TWSE STOCK_DAY,https://www.twse.com.tw/rwd/zh/afterTrading/STOCK_DAY?date=20260801&stockNo=3017&response=json,2026-08-07
2026-08-10,3017,奇鋐,2865.0,2890.0,2755.0,2765.0,3326767.0,9345241965.0,TWSE STOCK_DAY,https://www.twse.com.tw/rwd/zh/afterTrading/STOCK_DAY?date=20260801&stockNo=3017&response=json,2026-08-10
2026-08-11,3017,奇鋐,2705.0,2800.0,2625.0,2760.0,3159103.0,8652305225.0,TWSE STOCK_DAY,https://www.twse.com.tw/rwd/zh/afterTrading/STOCK_DAY?date=20260801&stockNo=3017&response=json,2026-08-11
2026-08-12,3017,奇鋐,2765.0,2915.0,2755.0,2910.0,4218037.0,12048731925.0,TWSE STOCK_DAY,https://www.twse.com.tw/rwd/zh/afterTrading/STOCK_DAY?date=20260801&stockNo=3017&response=json,2026-08-12
2026-08-13,3017,奇鋐,3030.0,3200.0,2925.0,3200.0,10569479.0,33001664680.0,TWSE STOCK_DAY,https://www.twse.com.tw/rwd/zh/afterTrading/STOCK_DAY?date=20260801&stockNo=3017&response=json,2026-08-13
2026-08-14,3017,奇鋐,3250.0,3320.0,3170.0,3235.0,7354711.0,23876896640.0,TWSE STOCK_DAY,https://www.twse.com.tw/rwd/zh/afterTrading/STOCK_DAY?date=20260801&stockNo=3017&response=json,2026-08-14
2026-08-17,3017,奇鋐,3230.0,3230.0,3115.0,3150.0,3126245.0,9919034100.0,TWSE STOCK_DAY,https://www.twse.com.tw/rwd/zh/afterTrading/STOCK_DAY?date=20260801&stockNo=3017&response=json,2026-08-17
2026-08-18,3017,奇鋐,3150.0,3180.0,2990.0,3035.0,3613625.0,11053113895.0,TWSE STOCK_DAY,https://www.twse.com.tw/rwd/zh/afterTrading/STOCK_DAY?date=20260801&stockNo=3017&response=json,2026-08-18
2026-08-19,3017,奇鋐,2915.0,3160.0,2900.0,3095.0,3982151.0,12239049250.0,TWSE STOCK_DAY,https://www.twse.com.tw/rwd/zh/afterTrading/STOCK_DAY?date=20260801&stockNo=3017&response=json,2026-08-19
2026-08-20,3017,奇鋐,3175.0,3175.0,2925.0,2985.0,3219927.0,9635258630.0,TWSE STOCK_DAY,https://www.twse.com.tw/rwd/zh/afterTrading/STOCK_DAY?date=20260801&stockNo=3017&response=json,2026-08-20
2026-08-21,3017,奇鋐,2995.0,3035.0,2850.0,2865.0,2515057.0,7307288770.0,TWSE STOCK_DAY,https://www.twse.com.tw/rwd/zh/afterTrading/STOCK_DAY?date=20260801&stockNo=3017&response=json,2026-08-21
2026-08-24,3017,奇鋐,2865.0,2935.0,2830.0,2855.0,2274318.0,6563630250.0,TWSE STOCK_DAY,https://www.twse.com.tw/rwd/zh/afterTrading/STOCK_DAY?date=20260801&stockNo=3017&response=json,2026-08-24
2026-08-25,3017,奇鋐,2835.0,2950.0,2740.0,2950.0,2905308.0,8251099495.0,TWSE STOCK_DAY,https://www.twse.com.tw/rwd/zh/afterTrading/STOCK_DAY?date=20260801&stockNo=3017&response=json,2026-08-25
2026-08-26,3017,奇鋐,2880.0,3155.0,2850.0,3155.0,5242984.0,15993879540.0,TWSE STOCK_DAY,https://www.twse.com.tw/rwd/zh/afterTrading/STOCK_DAY?date=20260801&stockNo=3017&response=json,2026-08-26
2026-08-27,3017,奇鋐,3305.0,3440.0,3265.0,3340.0,6114908.0,20475933080.0,TWSE STOCK_DAY,https://www.twse.com.tw/rwd/zh/afterTrading/STOCK_DAY?date=20260801&stockNo=3017&response=json,2026-08-27
2026-08-28,3017,奇鋐,3360.0,3450.0,3320.0,3360.0,4035280.0,13676448040.0,TWSE STOCK_DAY,https://www.twse.com.tw/rwd/zh/afterTrading/STOCK_DAY?date=20260801&stockNo=3017&response=json,2026-08-28
2026-08-31,3017,奇鋐,3280.0,3425.0,3250.0,3425.0,4468442.0,15068026760.0,TWSE STOCK_DAY,https://www.twse.com.tw/rwd/zh/afterTrading/STOCK_DAY?date=20260801&stockNo=3017&response=json,2026-08-31
2026-09-01,3017,奇鋐,3435.0,3465.0,3350.0,3410.0,3084829.0,10534323830.0,TWSE STOCK_DAY,https://www.twse.com.tw/rwd/zh/afterTrading/STOCK_DAY?date=20260901&stockNo=3017&response=json,2026-09-01
2026-09-02,3017,奇鋐,3365.0,3490.0,3280.0,3310.0,3136748.0,10559265060.0,TWSE STOCK_DAY,https://www.twse.com.tw/rwd/zh/afterTrading/STOCK_DAY?date=20260901&stockNo=3017&response=json,2026-09-02
2026-09-03,3017,奇鋐,3395.0,3525.0,3290.0,3300.0,4418016.0,15115243075.0,TWSE STOCK_DAY,https://www.twse.com.tw/rwd/zh/afterTrading/STOCK_DAY?date=20260901&stockNo=3017&response=json,2026-09-03
2026-09-04,3017,奇鋐,3465.0,3570.0,3410.0,3570.0,4515440.0,15836041480.0,TWSE STOCK_DAY,https://www.twse.com.tw/rwd/zh/afterTrading/STOCK_DAY?date=20260901&stockNo=3017&response=json,2026-09-04
2026-09-07,3017,奇鋐,3595.0,3595.0,3410.0,3420.0,3303272.0,11488040865.0,TWSE STOCK_DAY,https://www.twse.com.tw/rwd/zh/afterTrading/STOCK_DAY?date=20260901&stockNo=3017&response=json,2026-09-07
2026-09-08,3017,奇鋐,3455.0,3455.0,3245.0,3285.0,3350997.0,11125560060.0,TWSE STOCK_DAY,https://www.twse.com.tw/rwd/zh/afterTrading/STOCK_DAY?date=20260901&stockNo=3017&response=json,2026-09-08
2026-09-09,3017,奇鋐,3285.0,3395.0,3265.0,3380.0,2364600.0,7917222305.0,TWSE STOCK_DAY,https://www.twse.com.tw/rwd/zh/afterTrading/STOCK_DAY?date=20260901&stockNo=3017&response=json,2026-09-09
2026-09-10,3017,奇鋐,3405.0,3470.0,3380.0,3460.0,2574023.0,8829341945.0,TWSE STOCK_DAY,https://www.twse.com.tw/rwd/zh/afterTrading/STOCK_DAY?date=20260901&stockNo=3017&response=json,2026-09-10
2026-09-11,3017,奇鋐,3360.0,3390.0,3300.0,3370.0,2111512.0,7071715075.0,TWSE STOCK_DAY,https://www.twse.com.tw/rwd/zh/afterTrading/STOCK_DAY?date=20260901&stockNo=3017&response=json,2026-09-11
2026-09-14,3017,奇鋐,3255.0,3360.0,3210.0,3310.0,2215371.0,7284098600.0,TWSE STOCK_DAY,https://www.twse.com.tw/rwd/zh/afterTrading/STOCK_DAY?date=20260901&stockNo=3017&response=json,2026-09-14
2026-09-15,3017,奇鋐,3265.0,3300.0,3100.0,3115.0,3217593.0,10218771055.0,TWSE STOCK_DAY,https://www.twse.com.tw/rwd/zh/afterTrading/STOCK_DAY?date=20260901&stockNo=3017&response=json,2026-09-15
2026-09-16,3017,奇鋐,3115.0,3225.0,3100.0,3175.0,2744795.0,8691980285.0,TWSE STOCK_DAY,https://www.twse.com.tw/rwd/zh/afterTrading/STOCK_DAY?date=20260901&stockNo=3017&response=json,2026-09-16
2026-09-17,3017,奇鋐,3285.0,3350.0,3175.0,3185.0,3034388.0,9846738260.0,TWSE STOCK_DAY,https://www.twse.com.tw/rwd/zh/afterTrading/STOCK_DAY?date=20260901&stockNo=3017&response=json,2026-09-17
2026-09-18,3017,奇鋐,3345.0,3450.0,3290.0,3430.0,3785048.0,12809231975.0,TWSE STOCK_DAY,https://www.twse.com.tw/rwd/zh/afterTrading/STOCK_DAY?date=20260901&stockNo=3017&response=json,2026-09-18
2026-09-21,3017,奇鋐,3480.0,3495.0,3365.0,3415.0,1743425.0,5972229325.0,TWSE STOCK_DAY,https://www.twse.com.tw/rwd/zh/afterTrading/STOCK_DAY?date=20260901&stockNo=3017&response=json,2026-09-21
2026-09-22,3017,奇鋐,3500.0,3505.0,3385.0,3390.0,2288258.0,7877677905.0,TWSE STOCK_DAY,https://www.twse.com.tw/rwd/zh/afterTrading/STOCK_DAY?date=20260901&stockNo=3017&response=json,2026-09-22
2026-09-23,3017,奇鋐,3425.0,3590.0,3410.0,3470.0,2649367.0,9319874150.0,TWSE STOCK_DAY,https://www.twse.com.tw/rwd/zh/afterTrading/STOCK_DAY?date=20260901&stockNo=3017&response=json,2026-09-23
2026-09-24,3017,奇鋐,3460.0,3600.0,3455.0,3555.0,2261001.0,7987635275.0,TWSE STOCK_DAY,https://www.twse.com.tw/rwd/zh/afterTrading/STOCK_DAY?date=20260901&stockNo=3017&response=json,2026-09-24
