date,symbol,name,open,high,low,close,volume,turnover_value,source,source_url,pit_available_date
2023-01-03,3189,景碩,103.5,106.5,103.5,106.0,3960177.0,416592824.0,TWSE STOCK_DAY,https://www.twse.com.tw/rwd/zh/afterTrading/STOCK_DAY?date=20230101&stockNo=3189&response=json,2023-01-03
2023-01-04,3189,景碩,105.5,106.5,102.5,103.0,6241706.0,648700900.0,TWSE STOCK_DAY,https://www.twse.com.tw/rwd/zh/afterTrading/STOCK_DAY?date=20230101&stockNo=3189&response=json,2023-01-04
2023-01-05,3189,景碩,104.5,105.5,101.5,102.5,6370786.0,656921765.0,TWSE STOCK_DAY,https://www.twse.com.tw/rwd/zh/afterTrading/STOCK_DAY?date=20230101&stockNo=3189&response=json,2023-01-05
2023-01-06,3189,景碩,102.5,107.0,102.5,106.5,6859070.0,722980947.0,TWSE STOCK_DAY,https://www.twse.com.tw/rwd/zh/afterTrading/STOCK_DAY?date=20230101&stockNo=3189&response=json,2023-01-06
2023-01-09,3189,景碩,108.0,108.5,105.5,107.5,9570067.0,1026339024.0,TWSE STOCK_DAY,https://www.twse.com.tw/rwd/zh/afterTrading/STOCK_DAY?date=20230101&stockNo=3189&response=json,2023-01-09
2023-01-10,3189,景碩,106.5,107.5,105.5,106.5,4693803.0,498898788.0,TWSE STOCK_DAY,https://www.twse.com.tw/rwd/zh/afterTrading/STOCK_DAY?date=20230101&stockNo=3189&response=json,2023-01-10
2023-01-11,3189,景碩,107.5,108.5,106.5,107.0,4506132.0,484042261.0,TWSE STOCK_DAY,https://www.twse.com.tw/rwd/zh/afterTrading/STOCK_DAY?date=20230101&stockNo=3189&response=json,2023-01-11
2023-01-12,3189,景碩,107.5,108.0,106.0,106.0,2967273.0,316860873.0,TWSE STOCK_DAY,https://www.twse.com.tw/rwd/zh/afterTrading/STOCK_DAY?date=20230101&stockNo=3189&response=json,2023-01-12
2023-01-13,3189,景碩,107.5,109.0,105.5,105.5,7193296.0,770909128.0,TWSE STOCK_DAY,https://www.twse.com.tw/rwd/zh/afterTrading/STOCK_DAY?date=20230101&stockNo=3189&response=json,2023-01-13
2023-01-16,3189,景碩,106.0,108.5,106.0,108.5,5608111.0,604388759.0,TWSE STOCK_DAY,https://www.twse.com.tw/rwd/zh/afterTrading/STOCK_DAY?date=20230101&stockNo=3189&response=json,2023-01-16
2023-01-17,3189,景碩,107.5,108.5,107.0,108.0,3127072.0,337425277.0,TWSE STOCK_DAY,https://www.twse.com.tw/rwd/zh/afterTrading/STOCK_DAY?date=20230101&stockNo=3189&response=json,2023-01-17
2023-01-30,3189,景碩,111.5,112.0,109.0,111.5,9043555.0,1004543562.0,TWSE STOCK_DAY,https://www.twse.com.tw/rwd/zh/afterTrading/STOCK_DAY?date=20230101&stockNo=3189&response=json,2023-01-30
2023-01-31,3189,景碩,111.0,113.0,110.0,112.5,6542477.0,730142702.0,TWSE STOCK_DAY,https://www.twse.com.tw/rwd/zh/afterTrading/STOCK_DAY?date=20230101&stockNo=3189&response=json,2023-01-31
2023-02-01,3189,景碩,114.0,117.5,113.5,117.0,12897513.0,1501360330.0,TWSE STOCK_DAY,https://www.twse.com.tw/rwd/zh/afterTrading/STOCK_DAY?date=20230201&stockNo=3189&response=json,2023-02-01
2023-02-02,3189,景碩,119.0,119.5,116.5,119.0,10777243.0,1274920760.0,TWSE STOCK_DAY,https://www.twse.com.tw/rwd/zh/afterTrading/STOCK_DAY?date=20230201&stockNo=3189&response=json,2023-02-02
2023-02-03,3189,景碩,117.5,118.0,114.5,115.0,8926805.0,1036008600.0,TWSE STOCK_DAY,https://www.twse.com.tw/rwd/zh/afterTrading/STOCK_DAY?date=20230201&stockNo=3189&response=json,2023-02-03
2023-02-06,3189,景碩,109.5,109.5,107.0,108.5,12724536.0,1381173405.0,TWSE STOCK_DAY,https://www.twse.com.tw/rwd/zh/afterTrading/STOCK_DAY?date=20230201&stockNo=3189&response=json,2023-02-06
2023-02-07,3189,景碩,108.5,110.0,108.0,109.5,5110837.0,558175142.0,TWSE STOCK_DAY,https://www.twse.com.tw/rwd/zh/afterTrading/STOCK_DAY?date=20230201&stockNo=3189&response=json,2023-02-07
2023-02-08,3189,景碩,110.5,111.0,109.0,110.0,5106027.0,561777065.0,TWSE STOCK_DAY,https://www.twse.com.tw/rwd/zh/afterTrading/STOCK_DAY?date=20230201&stockNo=3189&response=json,2023-02-08
2023-02-09,3189,景碩,109.0,110.5,108.5,109.0,4225658.0,462999451.0,TWSE STOCK_DAY,https://www.twse.com.tw/rwd/zh/afterTrading/STOCK_DAY?date=20230201&stockNo=3189&response=json,2023-02-09
2023-02-10,3189,景碩,109.0,109.5,107.0,107.0,4694290.0,505736564.0,TWSE STOCK_DAY,https://www.twse.com.tw/rwd/zh/afterTrading/STOCK_DAY?date=20230201&stockNo=3189&response=json,2023-02-10
2023-02-13,3189,景碩,106.0,107.5,105.0,105.0,5525751.0,584727764.0,TWSE STOCK_DAY,https://www.twse.com.tw/rwd/zh/afterTrading/STOCK_DAY?date=20230201&stockNo=3189&response=json,2023-02-13
2023-02-14,3189,景碩,106.5,109.5,106.5,109.0,8487896.0,919124655.0,TWSE STOCK_DAY,https://www.twse.com.tw/rwd/zh/afterTrading/STOCK_DAY?date=20230201&stockNo=3189&response=json,2023-02-14
2023-02-15,3189,景碩,108.5,112.0,107.5,111.5,8912520.0,979217192.0,TWSE STOCK_DAY,https://www.twse.com.tw/rwd/zh/afterTrading/STOCK_DAY?date=20230201&stockNo=3189&response=json,2023-02-15
2023-02-16,3189,景碩,112.5,113.0,110.0,111.5,9650571.0,1075328347.0,TWSE STOCK_DAY,https://www.twse.com.tw/rwd/zh/afterTrading/STOCK_DAY?date=20230201&stockNo=3189&response=json,2023-02-16
2023-02-17,3189,景碩,110.0,110.5,109.0,110.0,6352096.0,696762712.0,TWSE STOCK_DAY,https://www.twse.com.tw/rwd/zh/afterTrading/STOCK_DAY?date=20230201&stockNo=3189&response=json,2023-02-17
2023-02-20,3189,景碩,109.5,111.0,109.0,109.0,5362161.0,587495237.0,TWSE STOCK_DAY,https://www.twse.com.tw/rwd/zh/afterTrading/STOCK_DAY?date=20230201&stockNo=3189&response=json,2023-02-20
2023-02-21,3189,景碩,109.5,112.0,108.5,111.0,6058854.0,669134730.0,TWSE STOCK_DAY,https://www.twse.com.tw/rwd/zh/afterTrading/STOCK_DAY?date=20230201&stockNo=3189&response=json,2023-02-21
2023-02-22,3189,景碩,109.5,110.0,108.5,108.5,4645389.0,505973643.0,TWSE STOCK_DAY,https://www.twse.com.tw/rwd/zh/afterTrading/STOCK_DAY?date=20230201&stockNo=3189&response=json,2023-02-22
2023-02-23,3189,景碩,109.0,110.5,108.5,110.5,4520852.0,496085470.0,TWSE STOCK_DAY,https://www.twse.com.tw/rwd/zh/afterTrading/STOCK_DAY?date=20230201&stockNo=3189&response=json,2023-02-23
2023-02-24,3189,景碩,110.5,111.0,108.5,108.5,4717156.0,514291962.0,TWSE STOCK_DAY,https://www.twse.com.tw/rwd/zh/afterTrading/STOCK_DAY?date=20230201&stockNo=3189&response=json,2023-02-24
2023-03-01,3189,景碩,108.5,111.5,107.0,111.5,4557636.0,502984238.0,TWSE STOCK_DAY,https://www.twse.com.tw/rwd/zh/afterTrading/STOCK_DAY?date=20230301&stockNo=3189&response=json,2023-03-01
2023-03-02,3189,景碩,111.5,113.5,110.0,113.0,6644073.0,746763222.0,TWSE STOCK_DAY,https://www.twse.com.tw/rwd/zh/afterTrading/STOCK_DAY?date=20230301&stockNo=3189&response=json,2023-03-02
2023-03-03,3189,景碩,114.0,117.0,114.0,116.5,12960569.0,1503321723.0,TWSE STOCK_DAY,https://www.twse.com.tw/rwd/zh/afterTrading/STOCK_DAY?date=20230301&stockNo=3189&response=json,2023-03-03
2023-03-06,3189,景碩,118.5,119.0,117.0,118.0,8103273.0,955754238.0,TWSE STOCK_DAY,https://www.twse.com.tw/rwd/zh/afterTrading/STOCK_DAY?date=20230301&stockNo=3189&response=json,2023-03-06
2023-03-07,3189,景碩,117.5,117.5,115.0,115.5,6072758.0,703555188.0,TWSE STOCK_DAY,https://www.twse.com.tw/rwd/zh/afterTrading/STOCK_DAY?date=20230301&stockNo=3189&response=json,2023-03-07
2023-03-08,3189,景碩,115.0,117.0,114.5,116.5,5529499.0,642971148.0,TWSE STOCK_DAY,https://www.twse.com.tw/rwd/zh/afterTrading/STOCK_DAY?date=20230301&stockNo=3189&response=json,2023-03-08
2023-03-09,3189,景碩,118.0,118.5,115.5,115.5,5943521.0,692958013.0,TWSE STOCK_DAY,https://www.twse.com.tw/rwd/zh/afterTrading/STOCK_DAY?date=20230301&stockNo=3189&response=json,2023-03-09
2023-03-10,3189,景碩,114.5,116.0,112.5,113.0,5900829.0,672950758.0,TWSE STOCK_DAY,https://www.twse.com.tw/rwd/zh/afterTrading/STOCK_DAY?date=20230301&stockNo=3189&response=json,2023-03-10
2023-03-13,3189,景碩,112.0,114.5,110.5,114.0,6154127.0,693342091.0,TWSE STOCK_DAY,https://www.twse.com.tw/rwd/zh/afterTrading/STOCK_DAY?date=20230301&stockNo=3189&response=json,2023-03-13
2023-03-14,3189,景碩,112.0,114.0,111.5,113.5,4469728.0,505035691.0,TWSE STOCK_DAY,https://www.twse.com.tw/rwd/zh/afterTrading/STOCK_DAY?date=20230301&stockNo=3189&response=json,2023-03-14
2023-03-15,3189,景碩,115.0,116.0,113.5,115.0,6972637.0,803110942.0,TWSE STOCK_DAY,https://www.twse.com.tw/rwd/zh/afterTrading/STOCK_DAY?date=20230301&stockNo=3189&response=json,2023-03-15
2023-03-16,3189,景碩,114.0,116.5,113.5,113.5,6326532.0,726516910.0,TWSE STOCK_DAY,https://www.twse.com.tw/rwd/zh/afterTrading/STOCK_DAY?date=20230301&stockNo=3189&response=json,2023-03-16
2023-03-17,3189,景碩,115.0,116.0,114.5,116.0,3917823.0,452537796.0,TWSE STOCK_DAY,https://www.twse.com.tw/rwd/zh/afterTrading/STOCK_DAY?date=20230301&stockNo=3189&response=json,2023-03-17
2023-03-20,3189,景碩,116.5,117.0,115.5,116.0,3110159.0,361597901.0,TWSE STOCK_DAY,https://www.twse.com.tw/rwd/zh/afterTrading/STOCK_DAY?date=20230301&stockNo=3189&response=json,2023-03-20
2023-03-21,3189,景碩,117.0,118.0,115.5,117.0,6956518.0,814977942.0,TWSE STOCK_DAY,https://www.twse.com.tw/rwd/zh/afterTrading/STOCK_DAY?date=20230301&stockNo=3189&response=json,2023-03-21
2023-03-22,3189,景碩,118.5,119.5,117.0,117.5,11596096.0,1371030209.0,TWSE STOCK_DAY,https://www.twse.com.tw/rwd/zh/afterTrading/STOCK_DAY?date=20230301&stockNo=3189&response=json,2023-03-22
2023-03-23,3189,景碩,117.0,119.5,116.5,119.0,7299227.0,862402346.0,TWSE STOCK_DAY,https://www.twse.com.tw/rwd/zh/afterTrading/STOCK_DAY?date=20230301&stockNo=3189&response=json,2023-03-23
2023-03-24,3189,景碩,119.5,121.0,117.0,117.0,15196470.0,1803540985.0,TWSE STOCK_DAY,https://www.twse.com.tw/rwd/zh/afterTrading/STOCK_DAY?date=20230301&stockNo=3189&response=json,2023-03-24
2023-03-27,3189,景碩,117.5,117.5,115.0,115.5,4029570.0,467065287.0,TWSE STOCK_DAY,https://www.twse.com.tw/rwd/zh/afterTrading/STOCK_DAY?date=20230301&stockNo=3189&response=json,2023-03-27
2023-03-28,3189,景碩,116.0,116.0,113.0,113.0,4124068.0,470219118.0,TWSE STOCK_DAY,https://www.twse.com.tw/rwd/zh/afterTrading/STOCK_DAY?date=20230301&stockNo=3189&response=json,2023-03-28
2023-03-29,3189,景碩,113.5,115.0,113.0,114.0,2138848.0,243404007.0,TWSE STOCK_DAY,https://www.twse.com.tw/rwd/zh/afterTrading/STOCK_DAY?date=20230301&stockNo=3189&response=json,2023-03-29
2023-03-30,3189,景碩,114.5,117.5,114.5,116.0,6241024.0,727488293.0,TWSE STOCK_DAY,https://www.twse.com.tw/rwd/zh/afterTrading/STOCK_DAY?date=20230301&stockNo=3189&response=json,2023-03-30
2023-03-31,3189,景碩,118.5,118.5,115.5,116.0,4293399.0,501257841.0,TWSE STOCK_DAY,https://www.twse.com.tw/rwd/zh/afterTrading/STOCK_DAY?date=20230301&stockNo=3189&response=json,2023-03-31
2023-04-06,3189,景碩,115.0,116.5,114.0,116.0,3294895.0,379363729.0,TWSE STOCK_DAY,https://www.twse.com.tw/rwd/zh/afterTrading/STOCK_DAY?date=20230401&stockNo=3189&response=json,2023-04-06
2023-04-07,3189,景碩,116.5,117.0,114.0,114.0,4390504.0,502833676.0,TWSE STOCK_DAY,https://www.twse.com.tw/rwd/zh/afterTrading/STOCK_DAY?date=20230401&stockNo=3189&response=json,2023-04-07
2023-04-10,3189,景碩,114.0,115.0,113.0,114.0,2423351.0,276035979.0,TWSE STOCK_DAY,https://www.twse.com.tw/rwd/zh/afterTrading/STOCK_DAY?date=20230401&stockNo=3189&response=json,2023-04-10
2023-04-11,3189,景碩,114.5,116.0,114.5,115.5,3404167.0,392791032.0,TWSE STOCK_DAY,https://www.twse.com.tw/rwd/zh/afterTrading/STOCK_DAY?date=20230401&stockNo=3189&response=json,2023-04-11
2023-04-12,3189,景碩,116.5,116.5,114.5,115.0,1787130.0,205660714.0,TWSE STOCK_DAY,https://www.twse.com.tw/rwd/zh/afterTrading/STOCK_DAY?date=20230401&stockNo=3189&response=json,2023-04-12
2023-04-13,3189,景碩,114.5,115.0,113.5,113.5,2714170.0,309545690.0,TWSE STOCK_DAY,https://www.twse.com.tw/rwd/zh/afterTrading/STOCK_DAY?date=20230401&stockNo=3189&response=json,2023-04-13
2023-04-14,3189,景碩,114.0,114.5,113.5,113.5,2036705.0,231876821.0,TWSE STOCK_DAY,https://www.twse.com.tw/rwd/zh/afterTrading/STOCK_DAY?date=20230401&stockNo=3189&response=json,2023-04-14
2023-04-17,3189,景碩,113.5,114.0,112.5,113.5,3138479.0,355288260.0,TWSE STOCK_DAY,https://www.twse.com.tw/rwd/zh/afterTrading/STOCK_DAY?date=20230401&stockNo=3189&response=json,2023-04-17
2023-04-18,3189,景碩,113.5,114.0,112.0,112.5,2189746.0,247404668.0,TWSE STOCK_DAY,https://www.twse.com.tw/rwd/zh/afterTrading/STOCK_DAY?date=20230401&stockNo=3189&response=json,2023-04-18
2023-04-19,3189,景碩,112.5,113.0,108.0,108.5,8671505.0,948963100.0,TWSE STOCK_DAY,https://www.twse.com.tw/rwd/zh/afterTrading/STOCK_DAY?date=20230401&stockNo=3189&response=json,2023-04-19
2023-04-20,3189,景碩,108.0,110.0,107.0,107.5,4852673.0,525802086.0,TWSE STOCK_DAY,https://www.twse.com.tw/rwd/zh/afterTrading/STOCK_DAY?date=20230401&stockNo=3189&response=json,2023-04-20
2023-04-21,3189,景碩,108.0,110.5,107.5,107.5,4477370.0,486674049.0,TWSE STOCK_DAY,https://www.twse.com.tw/rwd/zh/afterTrading/STOCK_DAY?date=20230401&stockNo=3189&response=json,2023-04-21
2023-04-24,3189,景碩,107.0,108.5,106.0,108.5,2849125.0,306523419.0,TWSE STOCK_DAY,https://www.twse.com.tw/rwd/zh/afterTrading/STOCK_DAY?date=20230401&stockNo=3189&response=json,2023-04-24
2023-04-25,3189,景碩,109.0,109.5,102.5,104.5,8282228.0,869399661.0,TWSE STOCK_DAY,https://www.twse.com.tw/rwd/zh/afterTrading/STOCK_DAY?date=20230401&stockNo=3189&response=json,2023-04-25
2023-04-26,3189,景碩,104.0,109.5,104.0,109.5,8285773.0,891398577.0,TWSE STOCK_DAY,https://www.twse.com.tw/rwd/zh/afterTrading/STOCK_DAY?date=20230401&stockNo=3189&response=json,2023-04-26
2023-04-27,3189,景碩,108.0,110.0,106.5,107.5,4579843.0,493290635.0,TWSE STOCK_DAY,https://www.twse.com.tw/rwd/zh/afterTrading/STOCK_DAY?date=20230401&stockNo=3189&response=json,2023-04-27
2023-04-28,3189,景碩,109.0,112.5,109.0,110.5,10293068.0,1141202763.0,TWSE STOCK_DAY,https://www.twse.com.tw/rwd/zh/afterTrading/STOCK_DAY?date=20230401&stockNo=3189&response=json,2023-04-28
2023-05-02,3189,景碩,109.5,110.5,106.5,106.5,10079972.0,1091437004.0,TWSE STOCK_DAY,https://www.twse.com.tw/rwd/zh/afterTrading/STOCK_DAY?date=20230501&stockNo=3189&response=json,2023-05-02
2023-05-03,3189,景碩,105.5,108.0,104.5,107.0,4491939.0,477824889.0,TWSE STOCK_DAY,https://www.twse.com.tw/rwd/zh/afterTrading/STOCK_DAY?date=20230501&stockNo=3189&response=json,2023-05-03
2023-05-04,3189,景碩,105.5,108.0,105.5,108.0,2918132.0,312213647.0,TWSE STOCK_DAY,https://www.twse.com.tw/rwd/zh/afterTrading/STOCK_DAY?date=20230501&stockNo=3189&response=json,2023-05-04
2023-05-05,3189,景碩,107.0,109.5,107.0,109.5,3689909.0,401481293.0,TWSE STOCK_DAY,https://www.twse.com.tw/rwd/zh/afterTrading/STOCK_DAY?date=20230501&stockNo=3189&response=json,2023-05-05
2023-05-08,3189,景碩,111.0,113.5,110.5,111.0,7421484.0,827894184.0,TWSE STOCK_DAY,https://www.twse.com.tw/rwd/zh/afterTrading/STOCK_DAY?date=20230501&stockNo=3189&response=json,2023-05-08
2023-05-09,3189,景碩,112.0,112.5,110.0,111.0,4265073.0,474889672.0,TWSE STOCK_DAY,https://www.twse.com.tw/rwd/zh/afterTrading/STOCK_DAY?date=20230501&stockNo=3189&response=json,2023-05-09
2023-05-10,3189,景碩,111.0,112.0,109.0,110.0,2584974.0,284525953.0,TWSE STOCK_DAY,https://www.twse.com.tw/rwd/zh/afterTrading/STOCK_DAY?date=20230501&stockNo=3189&response=json,2023-05-10
2023-05-11,3189,景碩,110.5,111.5,109.0,109.5,3841971.0,421910469.0,TWSE STOCK_DAY,https://www.twse.com.tw/rwd/zh/afterTrading/STOCK_DAY?date=20230501&stockNo=3189&response=json,2023-05-11
2023-05-12,3189,景碩,109.0,110.0,108.0,109.0,1656141.0,180944419.0,TWSE STOCK_DAY,https://www.twse.com.tw/rwd/zh/afterTrading/STOCK_DAY?date=20230501&stockNo=3189&response=json,2023-05-12
2023-05-15,3189,景碩,109.0,109.0,106.0,106.5,2999273.0,320954378.0,TWSE STOCK_DAY,https://www.twse.com.tw/rwd/zh/afterTrading/STOCK_DAY?date=20230501&stockNo=3189&response=json,2023-05-15
2023-05-16,3189,景碩,107.5,109.5,107.5,108.0,3185167.0,345423587.0,TWSE STOCK_DAY,https://www.twse.com.tw/rwd/zh/afterTrading/STOCK_DAY?date=20230501&stockNo=3189&response=json,2023-05-16
2023-05-17,3189,景碩,108.0,110.0,108.0,109.5,3387023.0,369582248.0,TWSE STOCK_DAY,https://www.twse.com.tw/rwd/zh/afterTrading/STOCK_DAY?date=20230501&stockNo=3189&response=json,2023-05-17
2023-05-18,3189,景碩,111.0,112.0,110.0,112.0,4301246.0,478957548.0,TWSE STOCK_DAY,https://www.twse.com.tw/rwd/zh/afterTrading/STOCK_DAY?date=20230501&stockNo=3189&response=json,2023-05-18
2023-05-19,3189,景碩,113.0,113.0,110.5,110.5,3424903.0,380736204.0,TWSE STOCK_DAY,https://www.twse.com.tw/rwd/zh/afterTrading/STOCK_DAY?date=20230501&stockNo=3189&response=json,2023-05-19
2023-05-22,3189,景碩,111.0,111.5,109.0,111.0,2378828.0,262400516.0,TWSE STOCK_DAY,https://www.twse.com.tw/rwd/zh/afterTrading/STOCK_DAY?date=20230501&stockNo=3189&response=json,2023-05-22
2023-05-23,3189,景碩,111.5,113.5,111.5,112.5,4137040.0,466084160.0,TWSE STOCK_DAY,https://www.twse.com.tw/rwd/zh/afterTrading/STOCK_DAY?date=20230501&stockNo=3189&response=json,2023-05-23
2023-05-24,3189,景碩,111.5,112.0,110.0,111.0,2538359.0,281381606.0,TWSE STOCK_DAY,https://www.twse.com.tw/rwd/zh/afterTrading/STOCK_DAY?date=20230501&stockNo=3189&response=json,2023-05-24
2023-05-25,3189,景碩,111.5,116.5,111.0,112.0,13338931.0,1514915773.0,TWSE STOCK_DAY,https://www.twse.com.tw/rwd/zh/afterTrading/STOCK_DAY?date=20230501&stockNo=3189&response=json,2023-05-25
2023-05-26,3189,景碩,115.0,117.0,114.0,115.5,9973580.0,1152350705.0,TWSE STOCK_DAY,https://www.twse.com.tw/rwd/zh/afterTrading/STOCK_DAY?date=20230501&stockNo=3189&response=json,2023-05-26
2023-05-29,3189,景碩,118.0,120.0,115.5,116.0,12093433.0,1421682471.0,TWSE STOCK_DAY,https://www.twse.com.tw/rwd/zh/afterTrading/STOCK_DAY?date=20230501&stockNo=3189&response=json,2023-05-29
2023-05-30,3189,景碩,117.0,117.5,115.0,115.5,4756865.0,552249182.0,TWSE STOCK_DAY,https://www.twse.com.tw/rwd/zh/afterTrading/STOCK_DAY?date=20230501&stockNo=3189&response=json,2023-05-30
2023-05-31,3189,景碩,117.0,118.0,115.5,116.5,4733928.0,550774427.0,TWSE STOCK_DAY,https://www.twse.com.tw/rwd/zh/afterTrading/STOCK_DAY?date=20230501&stockNo=3189&response=json,2023-05-31
2023-06-01,3189,景碩,116.0,117.0,115.0,116.5,3081491.0,357599029.0,TWSE STOCK_DAY,https://www.twse.com.tw/rwd/zh/afterTrading/STOCK_DAY?date=20230601&stockNo=3189&response=json,2023-06-01
2023-06-02,3189,景碩,118.5,120.0,117.5,118.0,10362568.0,1230769974.0,TWSE STOCK_DAY,https://www.twse.com.tw/rwd/zh/afterTrading/STOCK_DAY?date=20230601&stockNo=3189&response=json,2023-06-02
2023-06-05,3189,景碩,118.5,120.0,116.5,119.0,6450983.0,764501832.0,TWSE STOCK_DAY,https://www.twse.com.tw/rwd/zh/afterTrading/STOCK_DAY?date=20230601&stockNo=3189&response=json,2023-06-05
2023-06-06,3189,景碩,119.5,120.0,117.0,117.5,3411749.0,402885990.0,TWSE STOCK_DAY,https://www.twse.com.tw/rwd/zh/afterTrading/STOCK_DAY?date=20230601&stockNo=3189&response=json,2023-06-06
2023-06-07,3189,景碩,118.5,118.5,114.5,116.0,5432957.0,630719428.0,TWSE STOCK_DAY,https://www.twse.com.tw/rwd/zh/afterTrading/STOCK_DAY?date=20230601&stockNo=3189&response=json,2023-06-07
2023-06-08,3189,景碩,115.5,115.5,111.0,111.5,5386228.0,606729413.0,TWSE STOCK_DAY,https://www.twse.com.tw/rwd/zh/afterTrading/STOCK_DAY?date=20230601&stockNo=3189&response=json,2023-06-08
2023-06-09,3189,景碩,111.0,112.0,110.5,112.0,4013203.0,446577683.0,TWSE STOCK_DAY,https://www.twse.com.tw/rwd/zh/afterTrading/STOCK_DAY?date=20230601&stockNo=3189&response=json,2023-06-09
2023-06-12,3189,景碩,112.0,113.5,110.5,113.5,2414342.0,271710277.0,TWSE STOCK_DAY,https://www.twse.com.tw/rwd/zh/afterTrading/STOCK_DAY?date=20230601&stockNo=3189&response=json,2023-06-12
2023-06-13,3189,景碩,114.5,116.0,114.0,115.0,3451557.0,396562285.0,TWSE STOCK_DAY,https://www.twse.com.tw/rwd/zh/afterTrading/STOCK_DAY?date=20230601&stockNo=3189&response=json,2023-06-13
2023-06-14,3189,景碩,117.0,117.0,115.5,117.0,4767087.0,554983262.0,TWSE STOCK_DAY,https://www.twse.com.tw/rwd/zh/afterTrading/STOCK_DAY?date=20230601&stockNo=3189&response=json,2023-06-14
2023-06-15,3189,景碩,117.5,119.0,116.0,116.5,4623772.0,543078860.0,TWSE STOCK_DAY,https://www.twse.com.tw/rwd/zh/afterTrading/STOCK_DAY?date=20230601&stockNo=3189&response=json,2023-06-15
2023-06-16,3189,景碩,117.0,117.0,114.5,115.0,2672629.0,307972401.0,TWSE STOCK_DAY,https://www.twse.com.tw/rwd/zh/afterTrading/STOCK_DAY?date=20230601&stockNo=3189&response=json,2023-06-16
2023-06-19,3189,景碩,114.5,116.5,114.5,114.5,2431687.0,280006305.0,TWSE STOCK_DAY,https://www.twse.com.tw/rwd/zh/afterTrading/STOCK_DAY?date=20230601&stockNo=3189&response=json,2023-06-19
2023-06-20,3189,景碩,115.0,116.5,114.5,116.5,2715797.0,314822518.0,TWSE STOCK_DAY,https://www.twse.com.tw/rwd/zh/afterTrading/STOCK_DAY?date=20230601&stockNo=3189&response=json,2023-06-20
2023-06-21,3189,景碩,117.0,117.0,114.5,115.5,4660587.0,539268364.0,TWSE STOCK_DAY,https://www.twse.com.tw/rwd/zh/afterTrading/STOCK_DAY?date=20230601&stockNo=3189&response=json,2023-06-21
2023-06-26,3189,景碩,115.0,116.5,113.5,116.5,4392888.0,508396688.0,TWSE STOCK_DAY,https://www.twse.com.tw/rwd/zh/afterTrading/STOCK_DAY?date=20230601&stockNo=3189&response=json,2023-06-26
2023-06-27,3189,景碩,116.0,116.0,113.5,113.5,2793451.0,320153780.0,TWSE STOCK_DAY,https://www.twse.com.tw/rwd/zh/afterTrading/STOCK_DAY?date=20230601&stockNo=3189&response=json,2023-06-27
2023-06-28,3189,景碩,115.0,115.5,112.0,112.0,2526692.0,286468444.0,TWSE STOCK_DAY,https://www.twse.com.tw/rwd/zh/afterTrading/STOCK_DAY?date=20230601&stockNo=3189&response=json,2023-06-28
2023-06-29,3189,景碩,113.5,115.0,113.0,115.0,1806073.0,205938756.0,TWSE STOCK_DAY,https://www.twse.com.tw/rwd/zh/afterTrading/STOCK_DAY?date=20230601&stockNo=3189&response=json,2023-06-29
2023-06-30,3189,景碩,115.5,117.0,114.5,116.5,2754693.0,320030949.0,TWSE STOCK_DAY,https://www.twse.com.tw/rwd/zh/afterTrading/STOCK_DAY?date=20230601&stockNo=3189&response=json,2023-06-30
2023-07-03,3189,景碩,117.5,118.0,116.0,117.0,2649654.0,309926006.0,TWSE STOCK_DAY,https://www.twse.com.tw/rwd/zh/afterTrading/STOCK_DAY?date=20230701&stockNo=3189&response=json,2023-07-03
2023-07-04,3189,景碩,117.0,117.5,115.5,117.0,2039929.0,237901282.0,TWSE STOCK_DAY,https://www.twse.com.tw/rwd/zh/afterTrading/STOCK_DAY?date=20230701&stockNo=3189&response=json,2023-07-04
2023-07-05,3189,景碩,117.5,119.0,117.0,117.0,3621702.0,426598001.0,TWSE STOCK_DAY,https://www.twse.com.tw/rwd/zh/afterTrading/STOCK_DAY?date=20230701&stockNo=3189&response=json,2023-07-05
2023-07-06,3189,景碩,116.5,118.0,116.0,117.0,2661890.0,311160762.0,TWSE STOCK_DAY,https://www.twse.com.tw/rwd/zh/afterTrading/STOCK_DAY?date=20230701&stockNo=3189&response=json,2023-07-06
2023-07-07,3189,景碩,116.0,116.5,113.5,115.5,3367063.0,387018608.0,TWSE STOCK_DAY,https://www.twse.com.tw/rwd/zh/afterTrading/STOCK_DAY?date=20230701&stockNo=3189&response=json,2023-07-07
2023-07-10,3189,景碩,116.0,116.0,114.5,115.5,2339008.0,269764874.0,TWSE STOCK_DAY,https://www.twse.com.tw/rwd/zh/afterTrading/STOCK_DAY?date=20230701&stockNo=3189&response=json,2023-07-10
2023-07-11,3189,景碩,116.5,116.5,115.5,115.5,3827707.0,443818603.0,TWSE STOCK_DAY,https://www.twse.com.tw/rwd/zh/afterTrading/STOCK_DAY?date=20230701&stockNo=3189&response=json,2023-07-11
2023-07-12,3189,景碩,116.5,116.5,112.0,113.5,8212550.0,931837775.0,TWSE STOCK_DAY,https://www.twse.com.tw/rwd/zh/afterTrading/STOCK_DAY?date=20230701&stockNo=3189&response=json,2023-07-12
2023-07-13,3189,景碩,108.5,113.0,108.0,110.0,12286936.0,1362300282.0,TWSE STOCK_DAY,https://www.twse.com.tw/rwd/zh/afterTrading/STOCK_DAY?date=20230701&stockNo=3189&response=json,2023-07-13
2023-07-14,3189,景碩,112.5,113.0,111.0,111.5,6055187.0,678960771.0,TWSE STOCK_DAY,https://www.twse.com.tw/rwd/zh/afterTrading/STOCK_DAY?date=20230701&stockNo=3189&response=json,2023-07-14
2023-07-17,3189,景碩,113.0,114.0,112.0,113.5,4938003.0,558615553.0,TWSE STOCK_DAY,https://www.twse.com.tw/rwd/zh/afterTrading/STOCK_DAY?date=20230701&stockNo=3189&response=json,2023-07-17
2023-07-18,3189,景碩,114.5,122.0,111.5,120.5,25024974.0,2958184036.0,TWSE STOCK_DAY,https://www.twse.com.tw/rwd/zh/afterTrading/STOCK_DAY?date=20230701&stockNo=3189&response=json,2023-07-18
2023-07-19,3189,景碩,122.0,122.0,113.0,113.5,20005866.0,2328400992.0,TWSE STOCK_DAY,https://www.twse.com.tw/rwd/zh/afterTrading/STOCK_DAY?date=20230701&stockNo=3189&response=json,2023-07-19
2023-07-20,3189,景碩,114.0,115.5,112.0,112.5,5059689.0,574237022.0,TWSE STOCK_DAY,https://www.twse.com.tw/rwd/zh/afterTrading/STOCK_DAY?date=20230701&stockNo=3189&response=json,2023-07-20
2023-07-21,3189,景碩,111.0,111.5,108.5,110.0,6008294.0,661121026.0,TWSE STOCK_DAY,https://www.twse.com.tw/rwd/zh/afterTrading/STOCK_DAY?date=20230701&stockNo=3189&response=json,2023-07-21
2023-07-24,3189,景碩,111.0,113.5,110.0,110.5,4900699.0,546828349.0,TWSE STOCK_DAY,https://www.twse.com.tw/rwd/zh/afterTrading/STOCK_DAY?date=20230701&stockNo=3189&response=json,2023-07-24
2023-07-25,3189,景碩,111.5,113.5,110.0,110.0,4598444.0,513112403.0,TWSE STOCK_DAY,https://www.twse.com.tw/rwd/zh/afterTrading/STOCK_DAY?date=20230701&stockNo=3189&response=json,2023-07-25
2023-07-26,3189,景碩,111.0,112.0,108.5,109.0,4541736.0,499966666.0,TWSE STOCK_DAY,https://www.twse.com.tw/rwd/zh/afterTrading/STOCK_DAY?date=20230701&stockNo=3189&response=json,2023-07-26
2023-07-27,3189,景碩,108.5,109.0,105.5,106.5,7237074.0,773522568.0,TWSE STOCK_DAY,https://www.twse.com.tw/rwd/zh/afterTrading/STOCK_DAY?date=20230701&stockNo=3189&response=json,2023-07-27
2023-07-28,3189,景碩,106.5,107.5,105.5,106.5,3241140.0,345049767.0,TWSE STOCK_DAY,https://www.twse.com.tw/rwd/zh/afterTrading/STOCK_DAY?date=20230701&stockNo=3189&response=json,2023-07-28
2023-07-31,3189,景碩,107.0,108.0,103.0,103.5,6156588.0,645733219.0,TWSE STOCK_DAY,https://www.twse.com.tw/rwd/zh/afterTrading/STOCK_DAY?date=20230701&stockNo=3189&response=json,2023-07-31
2023-08-01,3189,景碩,107.0,110.0,106.5,107.0,8907783.0,964017966.0,TWSE STOCK_DAY,https://www.twse.com.tw/rwd/zh/afterTrading/STOCK_DAY?date=20230801&stockNo=3189&response=json,2023-08-01
2023-08-02,3189,景碩,108.0,111.5,107.0,108.5,9721969.0,1063625681.0,TWSE STOCK_DAY,https://www.twse.com.tw/rwd/zh/afterTrading/STOCK_DAY?date=20230801&stockNo=3189&response=json,2023-08-02
2023-08-04,3189,景碩,107.0,109.0,107.0,108.5,2813795.0,303566832.0,TWSE STOCK_DAY,https://www.twse.com.tw/rwd/zh/afterTrading/STOCK_DAY?date=20230801&stockNo=3189&response=json,2023-08-04
2023-08-07,3189,景碩,109.0,109.0,106.0,107.5,3277914.0,352271859.0,TWSE STOCK_DAY,https://www.twse.com.tw/rwd/zh/afterTrading/STOCK_DAY?date=20230801&stockNo=3189&response=json,2023-08-07
2023-08-08,3189,景碩,107.5,107.5,105.0,106.0,2709743.0,287559872.0,TWSE STOCK_DAY,https://www.twse.com.tw/rwd/zh/afterTrading/STOCK_DAY?date=20230801&stockNo=3189&response=json,2023-08-08
2023-08-09,3189,景碩,106.0,108.5,106.0,107.0,2411384.0,258419533.0,TWSE STOCK_DAY,https://www.twse.com.tw/rwd/zh/afterTrading/STOCK_DAY?date=20230801&stockNo=3189&response=json,2023-08-09
2023-08-10,3189,景碩,106.0,106.5,104.0,104.5,2791639.0,293174020.0,TWSE STOCK_DAY,https://www.twse.com.tw/rwd/zh/afterTrading/STOCK_DAY?date=20230801&stockNo=3189&response=json,2023-08-10
2023-08-11,3189,景碩,105.0,106.0,104.0,105.5,1456394.0,153198665.0,TWSE STOCK_DAY,https://www.twse.com.tw/rwd/zh/afterTrading/STOCK_DAY?date=20230801&stockNo=3189&response=json,2023-08-11
2023-08-14,3189,景碩,105.0,105.5,99.9,101.0,5201274.0,527462455.0,TWSE STOCK_DAY,https://www.twse.com.tw/rwd/zh/afterTrading/STOCK_DAY?date=20230801&stockNo=3189&response=json,2023-08-14
2023-08-15,3189,景碩,102.0,103.0,101.0,101.5,1696261.0,172819179.0,TWSE STOCK_DAY,https://www.twse.com.tw/rwd/zh/afterTrading/STOCK_DAY?date=20230801&stockNo=3189&response=json,2023-08-15
2023-08-16,3189,景碩,100.5,103.5,100.0,102.5,1998850.0,204029844.0,TWSE STOCK_DAY,https://www.twse.com.tw/rwd/zh/afterTrading/STOCK_DAY?date=20230801&stockNo=3189&response=json,2023-08-16
2023-08-17,3189,景碩,102.0,104.0,100.5,103.0,1861875.0,190474672.0,TWSE STOCK_DAY,https://www.twse.com.tw/rwd/zh/afterTrading/STOCK_DAY?date=20230801&stockNo=3189&response=json,2023-08-17
2023-08-18,3189,景碩,103.5,104.0,102.0,103.0,1791912.0,184611122.0,TWSE STOCK_DAY,https://www.twse.com.tw/rwd/zh/afterTrading/STOCK_DAY?date=20230801&stockNo=3189&response=json,2023-08-18
2023-08-21,3189,景碩,104.0,104.0,101.5,102.0,1360978.0,139288825.0,TWSE STOCK_DAY,https://www.twse.com.tw/rwd/zh/afterTrading/STOCK_DAY?date=20230801&stockNo=3189&response=json,2023-08-21
2023-08-22,3189,景碩,103.0,103.5,101.5,102.5,1581087.0,162253454.0,TWSE STOCK_DAY,https://www.twse.com.tw/rwd/zh/afterTrading/STOCK_DAY?date=20230801&stockNo=3189&response=json,2023-08-22
2023-08-23,3189,景碩,102.5,103.5,101.5,103.0,1406269.0,144041544.0,TWSE STOCK_DAY,https://www.twse.com.tw/rwd/zh/afterTrading/STOCK_DAY?date=20230801&stockNo=3189&response=json,2023-08-23
2023-08-24,3189,景碩,104.5,106.0,103.0,105.0,2900640.0,303303353.0,TWSE STOCK_DAY,https://www.twse.com.tw/rwd/zh/afterTrading/STOCK_DAY?date=20230801&stockNo=3189&response=json,2023-08-24
2023-08-25,3189,景碩,103.5,104.0,101.5,101.5,2421584.0,247870944.0,TWSE STOCK_DAY,https://www.twse.com.tw/rwd/zh/afterTrading/STOCK_DAY?date=20230801&stockNo=3189&response=json,2023-08-25
2023-08-28,3189,景碩,102.0,104.0,102.0,102.5,1849649.0,189743846.0,TWSE STOCK_DAY,https://www.twse.com.tw/rwd/zh/afterTrading/STOCK_DAY?date=20230801&stockNo=3189&response=json,2023-08-28
2023-08-29,3189,景碩,104.0,106.5,104.0,106.0,3261915.0,343977266.0,TWSE STOCK_DAY,https://www.twse.com.tw/rwd/zh/afterTrading/STOCK_DAY?date=20230801&stockNo=3189&response=json,2023-08-29
2023-08-30,3189,景碩,107.5,108.0,105.0,105.5,2076463.0,220173903.0,TWSE STOCK_DAY,https://www.twse.com.tw/rwd/zh/afterTrading/STOCK_DAY?date=20230801&stockNo=3189&response=json,2023-08-30
2023-08-31,3189,景碩,105.5,106.5,105.5,106.0,1096894.0,116304557.0,TWSE STOCK_DAY,https://www.twse.com.tw/rwd/zh/afterTrading/STOCK_DAY?date=20230801&stockNo=3189&response=json,2023-08-31
2023-09-01,3189,景碩,106.0,107.5,106.0,107.0,1976657.0,211305227.0,TWSE STOCK_DAY,https://www.twse.com.tw/rwd/zh/afterTrading/STOCK_DAY?date=20230901&stockNo=3189&response=json,2023-09-01
2023-09-04,3189,景碩,107.5,108.5,106.5,108.5,2477041.0,267052809.0,TWSE STOCK_DAY,https://www.twse.com.tw/rwd/zh/afterTrading/STOCK_DAY?date=20230901&stockNo=3189&response=json,2023-09-04
2023-09-05,3189,景碩,108.5,109.5,107.5,109.0,2468544.0,267950166.0,TWSE STOCK_DAY,https://www.twse.com.tw/rwd/zh/afterTrading/STOCK_DAY?date=20230901&stockNo=3189&response=json,2023-09-05
2023-09-06,3189,景碩,111.0,111.0,108.0,110.0,4649536.0,510810416.0,TWSE STOCK_DAY,https://www.twse.com.tw/rwd/zh/afterTrading/STOCK_DAY?date=20230901&stockNo=3189&response=json,2023-09-06
2023-09-07,3189,景碩,108.0,110.5,108.0,108.5,3110740.0,338943939.0,TWSE STOCK_DAY,https://www.twse.com.tw/rwd/zh/afterTrading/STOCK_DAY?date=20230901&stockNo=3189&response=json,2023-09-07
2023-09-08,3189,景碩,108.5,109.5,107.0,108.5,1694177.0,183724359.0,TWSE STOCK_DAY,https://www.twse.com.tw/rwd/zh/afterTrading/STOCK_DAY?date=20230901&stockNo=3189&response=json,2023-09-08
2023-09-11,3189,景碩,109.0,109.5,108.0,108.5,1920286.0,208652567.0,TWSE STOCK_DAY,https://www.twse.com.tw/rwd/zh/afterTrading/STOCK_DAY?date=20230901&stockNo=3189&response=json,2023-09-11
2023-09-12,3189,景碩,109.0,110.5,107.5,109.5,2776030.0,304069336.0,TWSE STOCK_DAY,https://www.twse.com.tw/rwd/zh/afterTrading/STOCK_DAY?date=20230901&stockNo=3189&response=json,2023-09-12
2023-09-13,3189,景碩,110.5,111.0,109.0,110.0,2365470.0,260400797.0,TWSE STOCK_DAY,https://www.twse.com.tw/rwd/zh/afterTrading/STOCK_DAY?date=20230901&stockNo=3189&response=json,2023-09-13
2023-09-14,3189,景碩,111.5,113.0,111.0,111.5,3815474.0,426714586.0,TWSE STOCK_DAY,https://www.twse.com.tw/rwd/zh/afterTrading/STOCK_DAY?date=20230901&stockNo=3189&response=json,2023-09-14
2023-09-15,3189,景碩,112.5,113.5,111.5,113.5,5912891.0,667034678.0,TWSE STOCK_DAY,https://www.twse.com.tw/rwd/zh/afterTrading/STOCK_DAY?date=20230901&stockNo=3189&response=json,2023-09-15
2023-09-18,3189,景碩,112.5,114.5,112.0,113.5,3872790.0,439490512.0,TWSE STOCK_DAY,https://www.twse.com.tw/rwd/zh/afterTrading/STOCK_DAY?date=20230901&stockNo=3189&response=json,2023-09-18
2023-09-19,3189,景碩,113.5,114.5,112.0,113.0,2727831.0,309168306.0,TWSE STOCK_DAY,https://www.twse.com.tw/rwd/zh/afterTrading/STOCK_DAY?date=20230901&stockNo=3189&response=json,2023-09-19
2023-09-20,3189,景碩,113.0,113.0,110.0,110.5,4307352.0,478204599.0,TWSE STOCK_DAY,https://www.twse.com.tw/rwd/zh/afterTrading/STOCK_DAY?date=20230901&stockNo=3189&response=json,2023-09-20
2023-09-21,3189,景碩,109.5,111.5,108.5,110.5,2114320.0,232788931.0,TWSE STOCK_DAY,https://www.twse.com.tw/rwd/zh/afterTrading/STOCK_DAY?date=20230901&stockNo=3189&response=json,2023-09-21
2023-09-22,3189,景碩,109.5,111.0,107.0,109.5,3242211.0,353185051.0,TWSE STOCK_DAY,https://www.twse.com.tw/rwd/zh/afterTrading/STOCK_DAY?date=20230901&stockNo=3189&response=json,2023-09-22
2023-09-25,3189,景碩,109.0,111.5,109.0,109.5,1647960.0,181238202.0,TWSE STOCK_DAY,https://www.twse.com.tw/rwd/zh/afterTrading/STOCK_DAY?date=20230901&stockNo=3189&response=json,2023-09-25
2023-09-26,3189,景碩,109.5,110.0,105.5,105.5,2605550.0,278781592.0,TWSE STOCK_DAY,https://www.twse.com.tw/rwd/zh/afterTrading/STOCK_DAY?date=20230901&stockNo=3189&response=json,2023-09-26
2023-09-27,3189,景碩,105.0,106.5,105.0,105.0,1477089.0,155678275.0,TWSE STOCK_DAY,https://www.twse.com.tw/rwd/zh/afterTrading/STOCK_DAY?date=20230901&stockNo=3189&response=json,2023-09-27
2023-09-28,3189,景碩,106.0,108.5,106.0,108.5,2670819.0,288453036.0,TWSE STOCK_DAY,https://www.twse.com.tw/rwd/zh/afterTrading/STOCK_DAY?date=20230901&stockNo=3189&response=json,2023-09-28
2023-10-02,3189,景碩,109.5,110.0,108.0,108.0,2107182.0,229085834.0,TWSE STOCK_DAY,https://www.twse.com.tw/rwd/zh/afterTrading/STOCK_DAY?date=20231001&stockNo=3189&response=json,2023-10-02
2023-10-03,3189,景碩,108.5,109.0,106.0,106.5,1984499.0,213062932.0,TWSE STOCK_DAY,https://www.twse.com.tw/rwd/zh/afterTrading/STOCK_DAY?date=20231001&stockNo=3189&response=json,2023-10-03
2023-10-04,3189,景碩,105.5,108.0,105.0,107.0,1774084.0,188683115.0,TWSE STOCK_DAY,https://www.twse.com.tw/rwd/zh/afterTrading/STOCK_DAY?date=20231001&stockNo=3189&response=json,2023-10-04
2023-10-05,3189,景碩,108.0,109.0,108.0,108.5,1137640.0,123391537.0,TWSE STOCK_DAY,https://www.twse.com.tw/rwd/zh/afterTrading/STOCK_DAY?date=20231001&stockNo=3189&response=json,2023-10-05
2023-10-06,3189,景碩,108.5,109.0,107.0,107.5,880318.0,94924345.0,TWSE STOCK_DAY,https://www.twse.com.tw/rwd/zh/afterTrading/STOCK_DAY?date=20231001&stockNo=3189&response=json,2023-10-06
2023-10-11,3189,景碩,106.5,107.0,105.0,105.0,2977886.0,314492571.0,TWSE STOCK_DAY,https://www.twse.com.tw/rwd/zh/afterTrading/STOCK_DAY?date=20231001&stockNo=3189&response=json,2023-10-11
2023-10-12,3189,景碩,105.5,105.5,103.5,105.5,2787997.0,291154306.0,TWSE STOCK_DAY,https://www.twse.com.tw/rwd/zh/afterTrading/STOCK_DAY?date=20231001&stockNo=3189&response=json,2023-10-12
2023-10-13,3189,景碩,104.0,105.0,102.5,103.0,2921927.0,302190541.0,TWSE STOCK_DAY,https://www.twse.com.tw/rwd/zh/afterTrading/STOCK_DAY?date=20231001&stockNo=3189&response=json,2023-10-13
2023-10-16,3189,景碩,102.0,102.0,100.5,101.5,2158709.0,218871304.0,TWSE STOCK_DAY,https://www.twse.com.tw/rwd/zh/afterTrading/STOCK_DAY?date=20231001&stockNo=3189&response=json,2023-10-16
2023-10-17,3189,景碩,102.0,104.0,102.0,102.0,1670192.0,171695357.0,TWSE STOCK_DAY,https://www.twse.com.tw/rwd/zh/afterTrading/STOCK_DAY?date=20231001&stockNo=3189&response=json,2023-10-17
2023-10-18,3189,景碩,102.5,102.5,101.5,101.5,2322381.0,236243594.0,TWSE STOCK_DAY,https://www.twse.com.tw/rwd/zh/afterTrading/STOCK_DAY?date=20231001&stockNo=3189&response=json,2023-10-18
2023-10-19,3189,景碩,101.5,102.5,100.5,101.5,1676825.0,170093112.0,TWSE STOCK_DAY,https://www.twse.com.tw/rwd/zh/afterTrading/STOCK_DAY?date=20231001&stockNo=3189&response=json,2023-10-19
2023-10-20,3189,景碩,101.5,102.0,100.0,101.0,1737863.0,175373721.0,TWSE STOCK_DAY,https://www.twse.com.tw/rwd/zh/afterTrading/STOCK_DAY?date=20231001&stockNo=3189&response=json,2023-10-20
2023-10-23,3189,景碩,101.5,102.5,101.0,101.0,950238.0,96526833.0,TWSE STOCK_DAY,https://www.twse.com.tw/rwd/zh/afterTrading/STOCK_DAY?date=20231001&stockNo=3189&response=json,2023-10-23
2023-10-24,3189,景碩,101.5,102.0,99.8,99.9,2194265.0,219671230.0,TWSE STOCK_DAY,https://www.twse.com.tw/rwd/zh/afterTrading/STOCK_DAY?date=20231001&stockNo=3189&response=json,2023-10-24
2023-10-25,3189,景碩,100.0,101.0,97.7,97.7,3418225.0,338851985.0,TWSE STOCK_DAY,https://www.twse.com.tw/rwd/zh/afterTrading/STOCK_DAY?date=20231001&stockNo=3189&response=json,2023-10-25
2023-10-26,3189,景碩,96.0,96.5,94.1,96.2,4119624.0,392803725.0,TWSE STOCK_DAY,https://www.twse.com.tw/rwd/zh/afterTrading/STOCK_DAY?date=20231001&stockNo=3189&response=json,2023-10-26
2023-10-27,3189,景碩,96.7,98.3,95.1,95.1,2717891.0,261209901.0,TWSE STOCK_DAY,https://www.twse.com.tw/rwd/zh/afterTrading/STOCK_DAY?date=20231001&stockNo=3189&response=json,2023-10-27
2023-10-30,3189,景碩,95.3,95.5,94.1,94.2,1796805.0,170058661.0,TWSE STOCK_DAY,https://www.twse.com.tw/rwd/zh/afterTrading/STOCK_DAY?date=20231001&stockNo=3189&response=json,2023-10-30
2023-10-31,3189,景碩,93.1,96.9,92.2,94.8,9204769.0,873626498.0,TWSE STOCK_DAY,https://www.twse.com.tw/rwd/zh/afterTrading/STOCK_DAY?date=20231001&stockNo=3189&response=json,2023-10-31
2023-11-01,3189,景碩,95.4,96.6,95.0,96.0,3797778.0,363685202.0,TWSE STOCK_DAY,https://www.twse.com.tw/rwd/zh/afterTrading/STOCK_DAY?date=20231101&stockNo=3189&response=json,2023-11-01
2023-11-02,3189,景碩,96.4,97.5,96.0,96.5,4196333.0,405985630.0,TWSE STOCK_DAY,https://www.twse.com.tw/rwd/zh/afterTrading/STOCK_DAY?date=20231101&stockNo=3189&response=json,2023-11-02
2023-11-03,3189,景碩,97.0,98.7,96.4,98.7,4536603.0,443681837.0,TWSE STOCK_DAY,https://www.twse.com.tw/rwd/zh/afterTrading/STOCK_DAY?date=20231101&stockNo=3189&response=json,2023-11-03
2023-11-06,3189,景碩,98.9,98.9,97.2,97.8,3485052.0,340519179.0,TWSE STOCK_DAY,https://www.twse.com.tw/rwd/zh/afterTrading/STOCK_DAY?date=20231101&stockNo=3189&response=json,2023-11-06
2023-11-07,3189,景碩,97.3,97.7,95.4,95.5,3929395.0,377214891.0,TWSE STOCK_DAY,https://www.twse.com.tw/rwd/zh/afterTrading/STOCK_DAY?date=20231101&stockNo=3189&response=json,2023-11-07
2023-11-08,3189,景碩,95.3,96.5,95.2,95.4,2423925.0,232039849.0,TWSE STOCK_DAY,https://www.twse.com.tw/rwd/zh/afterTrading/STOCK_DAY?date=20231101&stockNo=3189&response=json,2023-11-08
2023-11-09,3189,景碩,95.3,95.3,94.4,94.6,1692109.0,160228008.0,TWSE STOCK_DAY,https://www.twse.com.tw/rwd/zh/afterTrading/STOCK_DAY?date=20231101&stockNo=3189&response=json,2023-11-09
2023-11-10,3189,景碩,94.5,94.5,92.6,92.9,3383776.0,315198549.0,TWSE STOCK_DAY,https://www.twse.com.tw/rwd/zh/afterTrading/STOCK_DAY?date=20231101&stockNo=3189&response=json,2023-11-10
2023-11-13,3189,景碩,93.6,96.1,93.5,95.6,3175860.0,302838942.0,TWSE STOCK_DAY,https://www.twse.com.tw/rwd/zh/afterTrading/STOCK_DAY?date=20231101&stockNo=3189&response=json,2023-11-13
2023-11-14,3189,景碩,95.7,96.0,94.8,94.9,1988153.0,189167580.0,TWSE STOCK_DAY,https://www.twse.com.tw/rwd/zh/afterTrading/STOCK_DAY?date=20231101&stockNo=3189&response=json,2023-11-14
2023-11-15,3189,景碩,95.7,96.6,95.4,96.2,3143398.0,301830524.0,TWSE STOCK_DAY,https://www.twse.com.tw/rwd/zh/afterTrading/STOCK_DAY?date=20231101&stockNo=3189&response=json,2023-11-15
2023-11-16,3189,景碩,96.3,96.8,95.8,96.8,1692613.0,163279488.0,TWSE STOCK_DAY,https://www.twse.com.tw/rwd/zh/afterTrading/STOCK_DAY?date=20231101&stockNo=3189&response=json,2023-11-16
2023-11-17,3189,景碩,97.1,98.2,96.2,96.5,3604630.0,349633426.0,TWSE STOCK_DAY,https://www.twse.com.tw/rwd/zh/afterTrading/STOCK_DAY?date=20231101&stockNo=3189&response=json,2023-11-17
2023-11-20,3189,景碩,96.5,97.2,96.3,97.2,1487584.0,144032222.0,TWSE STOCK_DAY,https://www.twse.com.tw/rwd/zh/afterTrading/STOCK_DAY?date=20231101&stockNo=3189&response=json,2023-11-20
2023-11-21,3189,景碩,98.4,100.0,98.0,98.4,7281898.0,721325490.0,TWSE STOCK_DAY,https://www.twse.com.tw/rwd/zh/afterTrading/STOCK_DAY?date=20231101&stockNo=3189&response=json,2023-11-21
2023-11-22,3189,景碩,98.0,98.0,96.5,96.8,3549197.0,344102203.0,TWSE STOCK_DAY,https://www.twse.com.tw/rwd/zh/afterTrading/STOCK_DAY?date=20231101&stockNo=3189&response=json,2023-11-22
2023-11-23,3189,景碩,97.2,97.8,96.8,96.9,2338611.0,227312206.0,TWSE STOCK_DAY,https://www.twse.com.tw/rwd/zh/afterTrading/STOCK_DAY?date=20231101&stockNo=3189&response=json,2023-11-23
2023-11-24,3189,景碩,97.3,97.8,96.6,97.7,1834246.0,178467259.0,TWSE STOCK_DAY,https://www.twse.com.tw/rwd/zh/afterTrading/STOCK_DAY?date=20231101&stockNo=3189&response=json,2023-11-24
2023-11-27,3189,景碩,99.0,99.5,96.4,96.4,4852785.0,475471432.0,TWSE STOCK_DAY,https://www.twse.com.tw/rwd/zh/afterTrading/STOCK_DAY?date=20231101&stockNo=3189&response=json,2023-11-27
2023-11-28,3189,景碩,96.7,98.0,96.1,98.0,2329158.0,226993535.0,TWSE STOCK_DAY,https://www.twse.com.tw/rwd/zh/afterTrading/STOCK_DAY?date=20231101&stockNo=3189&response=json,2023-11-28
2023-11-29,3189,景碩,98.0,99.5,97.9,99.3,4146371.0,409878299.0,TWSE STOCK_DAY,https://www.twse.com.tw/rwd/zh/afterTrading/STOCK_DAY?date=20231101&stockNo=3189&response=json,2023-11-29
2023-11-30,3189,景碩,98.9,99.0,98.0,98.9,3266769.0,321688937.0,TWSE STOCK_DAY,https://www.twse.com.tw/rwd/zh/afterTrading/STOCK_DAY?date=20231101&stockNo=3189&response=json,2023-11-30
2023-12-01,3189,景碩,98.5,100.5,98.1,100.5,3978558.0,395920509.0,TWSE STOCK_DAY,https://www.twse.com.tw/rwd/zh/afterTrading/STOCK_DAY?date=20231201&stockNo=3189&response=json,2023-12-01
2023-12-04,3189,景碩,100.5,102.5,98.9,102.5,5135267.0,518651434.0,TWSE STOCK_DAY,https://www.twse.com.tw/rwd/zh/afterTrading/STOCK_DAY?date=20231201&stockNo=3189&response=json,2023-12-04
2023-12-05,3189,景碩,102.5,105.0,101.5,104.5,6629044.0,686410056.0,TWSE STOCK_DAY,https://www.twse.com.tw/rwd/zh/afterTrading/STOCK_DAY?date=20231201&stockNo=3189&response=json,2023-12-05
2023-12-06,3189,景碩,104.5,105.5,101.5,101.5,4214152.0,432075818.0,TWSE STOCK_DAY,https://www.twse.com.tw/rwd/zh/afterTrading/STOCK_DAY?date=20231201&stockNo=3189&response=json,2023-12-06
2023-12-07,3189,景碩,102.5,104.0,101.0,101.5,3083089.0,315585256.0,TWSE STOCK_DAY,https://www.twse.com.tw/rwd/zh/afterTrading/STOCK_DAY?date=20231201&stockNo=3189&response=json,2023-12-07
2023-12-08,3189,景碩,102.5,104.0,102.0,102.5,2077019.0,213839103.0,TWSE STOCK_DAY,https://www.twse.com.tw/rwd/zh/afterTrading/STOCK_DAY?date=20231201&stockNo=3189&response=json,2023-12-08
2023-12-11,3189,景碩,103.5,104.5,103.0,103.0,1956777.0,202441553.0,TWSE STOCK_DAY,https://www.twse.com.tw/rwd/zh/afterTrading/STOCK_DAY?date=20231201&stockNo=3189&response=json,2023-12-11
2023-12-12,3189,景碩,104.0,105.0,102.5,103.5,2360877.0,244437001.0,TWSE STOCK_DAY,https://www.twse.com.tw/rwd/zh/afterTrading/STOCK_DAY?date=20231201&stockNo=3189&response=json,2023-12-12
2023-12-13,3189,景碩,103.5,104.0,101.5,102.0,2375362.0,243272530.0,TWSE STOCK_DAY,https://www.twse.com.tw/rwd/zh/afterTrading/STOCK_DAY?date=20231201&stockNo=3189&response=json,2023-12-13
2023-12-14,3189,景碩,103.0,103.5,101.0,102.0,3508291.0,357346247.0,TWSE STOCK_DAY,https://www.twse.com.tw/rwd/zh/afterTrading/STOCK_DAY?date=20231201&stockNo=3189&response=json,2023-12-14
2023-12-15,3189,景碩,102.5,103.5,100.5,101.5,8407225.0,853256023.0,TWSE STOCK_DAY,https://www.twse.com.tw/rwd/zh/afterTrading/STOCK_DAY?date=20231201&stockNo=3189&response=json,2023-12-15
2023-12-18,3189,景碩,101.5,102.0,97.7,97.7,9263246.0,911722122.0,TWSE STOCK_DAY,https://www.twse.com.tw/rwd/zh/afterTrading/STOCK_DAY?date=20231201&stockNo=3189&response=json,2023-12-18
2023-12-19,3189,景碩,97.7,99.1,96.3,98.3,7105107.0,693902501.0,TWSE STOCK_DAY,https://www.twse.com.tw/rwd/zh/afterTrading/STOCK_DAY?date=20231201&stockNo=3189&response=json,2023-12-19
2023-12-20,3189,景碩,98.9,99.8,98.0,98.7,7006086.0,691203990.0,TWSE STOCK_DAY,https://www.twse.com.tw/rwd/zh/afterTrading/STOCK_DAY?date=20231201&stockNo=3189&response=json,2023-12-20
2023-12-21,3189,景碩,98.0,101.0,97.9,99.6,7295722.0,727568075.0,TWSE STOCK_DAY,https://www.twse.com.tw/rwd/zh/afterTrading/STOCK_DAY?date=20231201&stockNo=3189&response=json,2023-12-21
2023-12-22,3189,景碩,100.0,100.5,98.8,99.1,1766688.0,175555412.0,TWSE STOCK_DAY,https://www.twse.com.tw/rwd/zh/afterTrading/STOCK_DAY?date=20231201&stockNo=3189&response=json,2023-12-22
2023-12-25,3189,景碩,99.6,100.5,98.8,100.0,1429284.0,142752847.0,TWSE STOCK_DAY,https://www.twse.com.tw/rwd/zh/afterTrading/STOCK_DAY?date=20231201&stockNo=3189&response=json,2023-12-25
2023-12-26,3189,景碩,101.0,101.0,99.9,100.5,970555.0,97373729.0,TWSE STOCK_DAY,https://www.twse.com.tw/rwd/zh/afterTrading/STOCK_DAY?date=20231201&stockNo=3189&response=json,2023-12-26
2023-12-27,3189,景碩,100.5,100.5,99.4,99.6,1705920.0,170123929.0,TWSE STOCK_DAY,https://www.twse.com.tw/rwd/zh/afterTrading/STOCK_DAY?date=20231201&stockNo=3189&response=json,2023-12-27
2023-12-28,3189,景碩,99.6,100.0,99.1,99.5,932381.0,92795772.0,TWSE STOCK_DAY,https://www.twse.com.tw/rwd/zh/afterTrading/STOCK_DAY?date=20231201&stockNo=3189&response=json,2023-12-28
2023-12-29,3189,景碩,99.8,100.5,98.7,99.7,1664287.0,165382381.0,TWSE STOCK_DAY,https://www.twse.com.tw/rwd/zh/afterTrading/STOCK_DAY?date=20231201&stockNo=3189&response=json,2023-12-29
2024-01-02,3189,景碩,99.5,99.9,98.2,98.2,2110290.0,208335027.0,TWSE STOCK_DAY,https://www.twse.com.tw/rwd/zh/afterTrading/STOCK_DAY?date=20240101&stockNo=3189&response=json,2024-01-02
2024-01-03,3189,景碩,98.0,98.9,97.1,97.8,1553542.0,152398480.0,TWSE STOCK_DAY,https://www.twse.com.tw/rwd/zh/afterTrading/STOCK_DAY?date=20240101&stockNo=3189&response=json,2024-01-03
2024-01-04,3189,景碩,97.8,98.0,96.6,97.7,2324246.0,226453897.0,TWSE STOCK_DAY,https://www.twse.com.tw/rwd/zh/afterTrading/STOCK_DAY?date=20240101&stockNo=3189&response=json,2024-01-04
2024-01-05,3189,景碩,97.6,98.3,97.1,97.1,1783879.0,173779192.0,TWSE STOCK_DAY,https://www.twse.com.tw/rwd/zh/afterTrading/STOCK_DAY?date=20240101&stockNo=3189&response=json,2024-01-05
2024-01-08,3189,景碩,97.8,99.5,97.7,97.8,1680212.0,165726646.0,TWSE STOCK_DAY,https://www.twse.com.tw/rwd/zh/afterTrading/STOCK_DAY?date=20240101&stockNo=3189&response=json,2024-01-08
2024-01-09,3189,景碩,98.5,99.7,98.3,98.6,2130097.0,210758816.0,TWSE STOCK_DAY,https://www.twse.com.tw/rwd/zh/afterTrading/STOCK_DAY?date=20240101&stockNo=3189&response=json,2024-01-09
2024-01-10,3189,景碩,98.3,98.5,95.2,96.4,3635395.0,350632220.0,TWSE STOCK_DAY,https://www.twse.com.tw/rwd/zh/afterTrading/STOCK_DAY?date=20240101&stockNo=3189&response=json,2024-01-10
2024-01-11,3189,景碩,96.5,97.2,96.2,96.2,889080.0,85846796.0,TWSE STOCK_DAY,https://www.twse.com.tw/rwd/zh/afterTrading/STOCK_DAY?date=20240101&stockNo=3189&response=json,2024-01-11
2024-01-12,3189,景碩,96.3,96.3,95.2,95.7,1500961.0,143796737.0,TWSE STOCK_DAY,https://www.twse.com.tw/rwd/zh/afterTrading/STOCK_DAY?date=20240101&stockNo=3189&response=json,2024-01-12
2024-01-15,3189,景碩,96.2,97.9,96.0,97.1,1276478.0,123885374.0,TWSE STOCK_DAY,https://www.twse.com.tw/rwd/zh/afterTrading/STOCK_DAY?date=20240101&stockNo=3189&response=json,2024-01-15
2024-01-16,3189,景碩,97.0,97.9,96.3,97.9,1325033.0,128964142.0,TWSE STOCK_DAY,https://www.twse.com.tw/rwd/zh/afterTrading/STOCK_DAY?date=20240101&stockNo=3189&response=json,2024-01-16
2024-01-17,3189,景碩,97.5,98.0,95.8,96.0,2536833.0,245258092.0,TWSE STOCK_DAY,https://www.twse.com.tw/rwd/zh/afterTrading/STOCK_DAY?date=20240101&stockNo=3189&response=json,2024-01-17
2024-01-18,3189,景碩,96.5,96.7,94.8,95.7,1690399.0,161546432.0,TWSE STOCK_DAY,https://www.twse.com.tw/rwd/zh/afterTrading/STOCK_DAY?date=20240101&stockNo=3189&response=json,2024-01-18
2024-01-19,3189,景碩,96.4,98.5,96.4,98.4,1818079.0,177875130.0,TWSE STOCK_DAY,https://www.twse.com.tw/rwd/zh/afterTrading/STOCK_DAY?date=20240101&stockNo=3189&response=json,2024-01-19
2024-01-22,3189,景碩,98.7,100.5,98.7,100.0,3206672.0,319786219.0,TWSE STOCK_DAY,https://www.twse.com.tw/rwd/zh/afterTrading/STOCK_DAY?date=20240101&stockNo=3189&response=json,2024-01-22
2024-01-23,3189,景碩,101.5,102.5,100.5,101.5,4900565.0,497279990.0,TWSE STOCK_DAY,https://www.twse.com.tw/rwd/zh/afterTrading/STOCK_DAY?date=20240101&stockNo=3189&response=json,2024-01-23
2024-01-24,3189,景碩,101.5,102.0,100.0,100.5,2187121.0,220586232.0,TWSE STOCK_DAY,https://www.twse.com.tw/rwd/zh/afterTrading/STOCK_DAY?date=20240101&stockNo=3189&response=json,2024-01-24
2024-01-25,3189,景碩,100.5,102.0,100.5,101.0,2351017.0,237605532.0,TWSE STOCK_DAY,https://www.twse.com.tw/rwd/zh/afterTrading/STOCK_DAY?date=20240101&stockNo=3189&response=json,2024-01-25
2024-01-26,3189,景碩,101.0,101.5,98.6,100.0,2852261.0,285027526.0,TWSE STOCK_DAY,https://www.twse.com.tw/rwd/zh/afterTrading/STOCK_DAY?date=20240101&stockNo=3189&response=json,2024-01-26
2024-01-29,3189,景碩,101.0,103.0,101.0,101.5,3311358.0,337570361.0,TWSE STOCK_DAY,https://www.twse.com.tw/rwd/zh/afterTrading/STOCK_DAY?date=20240101&stockNo=3189&response=json,2024-01-29
2024-01-30,3189,景碩,103.5,108.0,103.0,103.5,17914510.0,1893074915.0,TWSE STOCK_DAY,https://www.twse.com.tw/rwd/zh/afterTrading/STOCK_DAY?date=20240101&stockNo=3189&response=json,2024-01-30
2024-01-31,3189,景碩,102.5,102.5,100.5,100.5,4402368.0,445548316.0,TWSE STOCK_DAY,https://www.twse.com.tw/rwd/zh/afterTrading/STOCK_DAY?date=20240101&stockNo=3189&response=json,2024-01-31
2024-02-01,3189,景碩,100.0,101.5,99.3,100.5,2359973.0,237000378.0,TWSE STOCK_DAY,https://www.twse.com.tw/rwd/zh/afterTrading/STOCK_DAY?date=20240201&stockNo=3189&response=json,2024-02-01
2024-02-02,3189,景碩,101.0,103.5,100.5,102.5,3005227.0,306587752.0,TWSE STOCK_DAY,https://www.twse.com.tw/rwd/zh/afterTrading/STOCK_DAY?date=20240201&stockNo=3189&response=json,2024-02-02
2024-02-05,3189,景碩,102.5,102.5,100.5,101.0,2320964.0,234496485.0,TWSE STOCK_DAY,https://www.twse.com.tw/rwd/zh/afterTrading/STOCK_DAY?date=20240201&stockNo=3189&response=json,2024-02-05
2024-02-15,3189,景碩,101.5,102.5,100.0,101.0,2639594.0,266920550.0,TWSE STOCK_DAY,https://www.twse.com.tw/rwd/zh/afterTrading/STOCK_DAY?date=20240201&stockNo=3189&response=json,2024-02-15
2024-02-16,3189,景碩,101.5,103.0,101.5,102.0,1774101.0,181463179.0,TWSE STOCK_DAY,https://www.twse.com.tw/rwd/zh/afterTrading/STOCK_DAY?date=20240201&stockNo=3189&response=json,2024-02-16
2024-02-19,3189,景碩,103.0,106.5,102.0,104.0,4732488.0,496402148.0,TWSE STOCK_DAY,https://www.twse.com.tw/rwd/zh/afterTrading/STOCK_DAY?date=20240201&stockNo=3189&response=json,2024-02-19
2024-02-20,3189,景碩,105.0,105.0,101.5,102.0,2681152.0,275847196.0,TWSE STOCK_DAY,https://www.twse.com.tw/rwd/zh/afterTrading/STOCK_DAY?date=20240201&stockNo=3189&response=json,2024-02-20
2024-02-21,3189,景碩,102.5,103.0,101.0,101.5,2240319.0,228001970.0,TWSE STOCK_DAY,https://www.twse.com.tw/rwd/zh/afterTrading/STOCK_DAY?date=20240201&stockNo=3189&response=json,2024-02-21
2024-02-22,3189,景碩,102.0,102.5,100.5,100.5,1484290.0,150211976.0,TWSE STOCK_DAY,https://www.twse.com.tw/rwd/zh/afterTrading/STOCK_DAY?date=20240201&stockNo=3189&response=json,2024-02-22
2024-02-23,3189,景碩,101.0,101.5,98.8,98.8,3002620.0,299578779.0,TWSE STOCK_DAY,https://www.twse.com.tw/rwd/zh/afterTrading/STOCK_DAY?date=20240201&stockNo=3189&response=json,2024-02-23
2024-02-26,3189,景碩,98.8,100.5,98.8,99.2,2176444.0,216961426.0,TWSE STOCK_DAY,https://www.twse.com.tw/rwd/zh/afterTrading/STOCK_DAY?date=20240201&stockNo=3189&response=json,2024-02-26
2024-02-27,3189,景碩,99.9,99.9,96.0,96.2,4607292.0,447385225.0,TWSE STOCK_DAY,https://www.twse.com.tw/rwd/zh/afterTrading/STOCK_DAY?date=20240201&stockNo=3189&response=json,2024-02-27
2024-02-29,3189,景碩,96.4,97.4,95.4,96.7,2775282.0,268057266.0,TWSE STOCK_DAY,https://www.twse.com.tw/rwd/zh/afterTrading/STOCK_DAY?date=20240201&stockNo=3189&response=json,2024-02-29
2024-03-01,3189,景碩,97.2,98.5,96.7,96.9,2461478.0,240002303.0,TWSE STOCK_DAY,https://www.twse.com.tw/rwd/zh/afterTrading/STOCK_DAY?date=20240301&stockNo=3189&response=json,2024-03-01
2024-03-04,3189,景碩,97.6,97.7,96.8,96.8,2017607.0,195813488.0,TWSE STOCK_DAY,https://www.twse.com.tw/rwd/zh/afterTrading/STOCK_DAY?date=20240301&stockNo=3189&response=json,2024-03-04
2024-03-05,3189,景碩,97.0,97.7,96.1,96.2,1890992.0,182306205.0,TWSE STOCK_DAY,https://www.twse.com.tw/rwd/zh/afterTrading/STOCK_DAY?date=20240301&stockNo=3189&response=json,2024-03-05
2024-03-06,3189,景碩,96.2,96.3,95.0,95.1,2597550.0,247686954.0,TWSE STOCK_DAY,https://www.twse.com.tw/rwd/zh/afterTrading/STOCK_DAY?date=20240301&stockNo=3189&response=json,2024-03-06
2024-03-07,3189,景碩,95.5,95.5,93.8,93.8,3058272.0,288375806.0,TWSE STOCK_DAY,https://www.twse.com.tw/rwd/zh/afterTrading/STOCK_DAY?date=20240301&stockNo=3189&response=json,2024-03-07
2024-03-08,3189,景碩,94.0,97.8,93.9,97.0,5875814.0,567767322.0,TWSE STOCK_DAY,https://www.twse.com.tw/rwd/zh/afterTrading/STOCK_DAY?date=20240301&stockNo=3189&response=json,2024-03-08
2024-03-11,3189,景碩,97.0,99.2,96.6,98.2,2868693.0,282359959.0,TWSE STOCK_DAY,https://www.twse.com.tw/rwd/zh/afterTrading/STOCK_DAY?date=20240301&stockNo=3189&response=json,2024-03-11
2024-03-12,3189,景碩,99.3,99.6,96.5,96.7,3881292.0,378730667.0,TWSE STOCK_DAY,https://www.twse.com.tw/rwd/zh/afterTrading/STOCK_DAY?date=20240301&stockNo=3189&response=json,2024-03-12
2024-03-13,3189,景碩,97.0,97.4,94.6,94.8,2931206.0,279925342.0,TWSE STOCK_DAY,https://www.twse.com.tw/rwd/zh/afterTrading/STOCK_DAY?date=20240301&stockNo=3189&response=json,2024-03-13
2024-03-14,3189,景碩,94.9,95.6,94.1,94.4,2486336.0,235543616.0,TWSE STOCK_DAY,https://www.twse.com.tw/rwd/zh/afterTrading/STOCK_DAY?date=20240301&stockNo=3189&response=json,2024-03-14
2024-03-15,3189,景碩,94.4,95.9,92.0,92.1,5171425.0,479565679.0,TWSE STOCK_DAY,https://www.twse.com.tw/rwd/zh/afterTrading/STOCK_DAY?date=20240301&stockNo=3189&response=json,2024-03-15
2024-03-18,3189,景碩,92.6,98.6,92.6,98.0,7417016.0,716183811.0,TWSE STOCK_DAY,https://www.twse.com.tw/rwd/zh/afterTrading/STOCK_DAY?date=20240301&stockNo=3189&response=json,2024-03-18
2024-03-19,3189,景碩,99.9,100.0,98.0,99.3,7924873.0,787657280.0,TWSE STOCK_DAY,https://www.twse.com.tw/rwd/zh/afterTrading/STOCK_DAY?date=20240301&stockNo=3189&response=json,2024-03-19
2024-03-20,3189,景碩,100.5,103.0,100.5,103.0,9354250.0,956811876.0,TWSE STOCK_DAY,https://www.twse.com.tw/rwd/zh/afterTrading/STOCK_DAY?date=20240301&stockNo=3189&response=json,2024-03-20
2024-03-21,3189,景碩,103.0,103.5,100.5,101.5,5774852.0,589252549.0,TWSE STOCK_DAY,https://www.twse.com.tw/rwd/zh/afterTrading/STOCK_DAY?date=20240301&stockNo=3189&response=json,2024-03-21
2024-03-22,3189,景碩,101.5,103.0,100.5,101.5,3751174.0,382157850.0,TWSE STOCK_DAY,https://www.twse.com.tw/rwd/zh/afterTrading/STOCK_DAY?date=20240301&stockNo=3189&response=json,2024-03-22
2024-03-25,3189,景碩,102.0,103.0,101.0,101.0,2437337.0,248196374.0,TWSE STOCK_DAY,https://www.twse.com.tw/rwd/zh/afterTrading/STOCK_DAY?date=20240301&stockNo=3189&response=json,2024-03-25
2024-03-26,3189,景碩,102.0,102.5,99.7,99.7,2924296.0,293606709.0,TWSE STOCK_DAY,https://www.twse.com.tw/rwd/zh/afterTrading/STOCK_DAY?date=20240301&stockNo=3189&response=json,2024-03-26
2024-03-27,3189,景碩,100.0,100.5,98.2,99.4,4015408.0,398903025.0,TWSE STOCK_DAY,https://www.twse.com.tw/rwd/zh/afterTrading/STOCK_DAY?date=20240301&stockNo=3189&response=json,2024-03-27
2024-03-28,3189,景碩,99.5,99.6,98.6,98.9,1961787.0,194347373.0,TWSE STOCK_DAY,https://www.twse.com.tw/rwd/zh/afterTrading/STOCK_DAY?date=20240301&stockNo=3189&response=json,2024-03-28
2024-03-29,3189,景碩,99.1,100.5,98.4,98.7,1846081.0,182773199.0,TWSE STOCK_DAY,https://www.twse.com.tw/rwd/zh/afterTrading/STOCK_DAY?date=20240301&stockNo=3189&response=json,2024-03-29
2024-04-01,3189,景碩,99.4,102.0,99.4,101.5,2095958.0,212397633.0,TWSE STOCK_DAY,https://www.twse.com.tw/rwd/zh/afterTrading/STOCK_DAY?date=20240401&stockNo=3189&response=json,2024-04-01
2024-04-02,3189,景碩,102.0,103.0,101.5,103.0,2802936.0,287702932.0,TWSE STOCK_DAY,https://www.twse.com.tw/rwd/zh/afterTrading/STOCK_DAY?date=20240401&stockNo=3189&response=json,2024-04-02
2024-04-03,3189,景碩,102.0,103.5,101.5,102.0,1944116.0,199392433.0,TWSE STOCK_DAY,https://www.twse.com.tw/rwd/zh/afterTrading/STOCK_DAY?date=20240401&stockNo=3189&response=json,2024-04-03
2024-04-08,3189,景碩,102.0,102.0,99.5,101.0,2923284.0,293911654.0,TWSE STOCK_DAY,https://www.twse.com.tw/rwd/zh/afterTrading/STOCK_DAY?date=20240401&stockNo=3189&response=json,2024-04-08
2024-04-09,3189,景碩,101.0,101.5,99.7,101.0,1547717.0,155252151.0,TWSE STOCK_DAY,https://www.twse.com.tw/rwd/zh/afterTrading/STOCK_DAY?date=20240401&stockNo=3189&response=json,2024-04-09
2024-04-10,3189,景碩,101.0,101.5,99.7,99.7,2017160.0,202588371.0,TWSE STOCK_DAY,https://www.twse.com.tw/rwd/zh/afterTrading/STOCK_DAY?date=20240401&stockNo=3189&response=json,2024-04-10
2024-04-11,3189,景碩,99.7,101.0,99.3,101.0,1924233.0,193197503.0,TWSE STOCK_DAY,https://www.twse.com.tw/rwd/zh/afterTrading/STOCK_DAY?date=20240401&stockNo=3189&response=json,2024-04-11
2024-04-12,3189,景碩,101.5,101.5,97.6,97.8,3572878.0,352751757.0,TWSE STOCK_DAY,https://www.twse.com.tw/rwd/zh/afterTrading/STOCK_DAY?date=20240401&stockNo=3189&response=json,2024-04-12
2024-04-15,3189,景碩,97.8,98.2,96.6,97.2,2605655.0,253752141.0,TWSE STOCK_DAY,https://www.twse.com.tw/rwd/zh/afterTrading/STOCK_DAY?date=20240401&stockNo=3189&response=json,2024-04-15
2024-04-16,3189,景碩,97.0,97.0,95.2,96.0,2981349.0,286481724.0,TWSE STOCK_DAY,https://www.twse.com.tw/rwd/zh/afterTrading/STOCK_DAY?date=20240401&stockNo=3189&response=json,2024-04-16
2024-04-17,3189,景碩,96.6,97.7,96.2,97.5,1888340.0,183370268.0,TWSE STOCK_DAY,https://www.twse.com.tw/rwd/zh/afterTrading/STOCK_DAY?date=20240401&stockNo=3189&response=json,2024-04-17
2024-04-18,3189,景碩,96.9,97.0,95.8,95.8,1746955.0,167942652.0,TWSE STOCK_DAY,https://www.twse.com.tw/rwd/zh/afterTrading/STOCK_DAY?date=20240401&stockNo=3189&response=json,2024-04-18
2024-04-19,3189,景碩,95.4,95.9,93.0,94.0,3929183.0,371659160.0,TWSE STOCK_DAY,https://www.twse.com.tw/rwd/zh/afterTrading/STOCK_DAY?date=20240401&stockNo=3189&response=json,2024-04-19
2024-04-22,3189,景碩,94.4,95.5,93.8,94.5,2263948.0,214352244.0,TWSE STOCK_DAY,https://www.twse.com.tw/rwd/zh/afterTrading/STOCK_DAY?date=20240401&stockNo=3189&response=json,2024-04-22
2024-04-23,3189,景碩,95.3,96.9,94.8,95.3,1243766.0,118803896.0,TWSE STOCK_DAY,https://www.twse.com.tw/rwd/zh/afterTrading/STOCK_DAY?date=20240401&stockNo=3189&response=json,2024-04-23
2024-04-24,3189,景碩,96.2,98.7,96.1,97.1,2751918.0,268912705.0,TWSE STOCK_DAY,https://www.twse.com.tw/rwd/zh/afterTrading/STOCK_DAY?date=20240401&stockNo=3189&response=json,2024-04-24
2024-04-25,3189,景碩,97.5,97.9,96.3,96.8,1134533.0,110045350.0,TWSE STOCK_DAY,https://www.twse.com.tw/rwd/zh/afterTrading/STOCK_DAY?date=20240401&stockNo=3189&response=json,2024-04-25
2024-04-26,3189,景碩,97.2,97.4,96.4,97.0,1031878.0,99974583.0,TWSE STOCK_DAY,https://www.twse.com.tw/rwd/zh/afterTrading/STOCK_DAY?date=20240401&stockNo=3189&response=json,2024-04-26
2024-04-29,3189,景碩,97.1,98.1,96.9,97.9,1575769.0,153916815.0,TWSE STOCK_DAY,https://www.twse.com.tw/rwd/zh/afterTrading/STOCK_DAY?date=20240401&stockNo=3189&response=json,2024-04-29
2024-04-30,3189,景碩,97.0,97.0,94.0,95.3,5004084.0,476817057.0,TWSE STOCK_DAY,https://www.twse.com.tw/rwd/zh/afterTrading/STOCK_DAY?date=20240401&stockNo=3189&response=json,2024-04-30
2024-05-02,3189,景碩,94.6,95.3,94.2,95.2,1274730.0,120854125.0,TWSE STOCK_DAY,https://www.twse.com.tw/rwd/zh/afterTrading/STOCK_DAY?date=20240501&stockNo=3189&response=json,2024-05-02
2024-05-03,3189,景碩,95.8,96.8,95.1,95.4,2012914.0,193195756.0,TWSE STOCK_DAY,https://www.twse.com.tw/rwd/zh/afterTrading/STOCK_DAY?date=20240501&stockNo=3189&response=json,2024-05-03
2024-05-06,3189,景碩,95.6,95.6,94.1,94.8,1696514.0,160667235.0,TWSE STOCK_DAY,https://www.twse.com.tw/rwd/zh/afterTrading/STOCK_DAY?date=20240501&stockNo=3189&response=json,2024-05-06
2024-05-07,3189,景碩,95.0,95.4,93.8,94.5,1810717.0,170632008.0,TWSE STOCK_DAY,https://www.twse.com.tw/rwd/zh/afterTrading/STOCK_DAY?date=20240501&stockNo=3189&response=json,2024-05-07
2024-05-08,3189,景碩,94.6,95.7,93.7,95.5,1410319.0,133743873.0,TWSE STOCK_DAY,https://www.twse.com.tw/rwd/zh/afterTrading/STOCK_DAY?date=20240501&stockNo=3189&response=json,2024-05-08
2024-05-09,3189,景碩,95.4,95.4,94.0,94.2,1384878.0,130858396.0,TWSE STOCK_DAY,https://www.twse.com.tw/rwd/zh/afterTrading/STOCK_DAY?date=20240501&stockNo=3189&response=json,2024-05-09
2024-05-10,3189,景碩,94.2,95.0,93.2,94.2,2820327.0,265309969.0,TWSE STOCK_DAY,https://www.twse.com.tw/rwd/zh/afterTrading/STOCK_DAY?date=20240501&stockNo=3189&response=json,2024-05-10
2024-05-13,3189,景碩,94.3,96.0,94.1,95.8,1463269.0,139048638.0,TWSE STOCK_DAY,https://www.twse.com.tw/rwd/zh/afterTrading/STOCK_DAY?date=20240501&stockNo=3189&response=json,2024-05-13
2024-05-14,3189,景碩,95.3,96.7,95.2,95.8,1824400.0,174888064.0,TWSE STOCK_DAY,https://www.twse.com.tw/rwd/zh/afterTrading/STOCK_DAY?date=20240501&stockNo=3189&response=json,2024-05-14
2024-05-15,3189,景碩,95.7,96.6,95.3,95.7,1687593.0,161813197.0,TWSE STOCK_DAY,https://www.twse.com.tw/rwd/zh/afterTrading/STOCK_DAY?date=20240501&stockNo=3189&response=json,2024-05-15
2024-05-16,3189,景碩,96.0,96.7,94.5,94.5,1623164.0,154764865.0,TWSE STOCK_DAY,https://www.twse.com.tw/rwd/zh/afterTrading/STOCK_DAY?date=20240501&stockNo=3189&response=json,2024-05-16
2024-05-17,3189,景碩,94.6,96.0,94.1,95.5,1645662.0,156354935.0,TWSE STOCK_DAY,https://www.twse.com.tw/rwd/zh/afterTrading/STOCK_DAY?date=20240501&stockNo=3189&response=json,2024-05-17
2024-05-20,3189,景碩,95.5,96.3,94.7,95.4,1818817.0,173510047.0,TWSE STOCK_DAY,https://www.twse.com.tw/rwd/zh/afterTrading/STOCK_DAY?date=20240501&stockNo=3189&response=json,2024-05-20
2024-05-21,3189,景碩,95.6,95.6,94.0,94.0,1779345.0,167920389.0,TWSE STOCK_DAY,https://www.twse.com.tw/rwd/zh/afterTrading/STOCK_DAY?date=20240501&stockNo=3189&response=json,2024-05-21
2024-05-22,3189,景碩,94.0,94.8,93.6,94.8,1484695.0,139883666.0,TWSE STOCK_DAY,https://www.twse.com.tw/rwd/zh/afterTrading/STOCK_DAY?date=20240501&stockNo=3189&response=json,2024-05-22
2024-05-23,3189,景碩,94.2,95.5,94.2,94.4,1911262.0,181150006.0,TWSE STOCK_DAY,https://www.twse.com.tw/rwd/zh/afterTrading/STOCK_DAY?date=20240501&stockNo=3189&response=json,2024-05-23
2024-05-24,3189,景碩,94.1,94.8,94.0,94.4,1509696.0,142420889.0,TWSE STOCK_DAY,https://www.twse.com.tw/rwd/zh/afterTrading/STOCK_DAY?date=20240501&stockNo=3189&response=json,2024-05-24
2024-05-27,3189,景碩,94.4,95.5,94.0,94.6,2070712.0,196026646.0,TWSE STOCK_DAY,https://www.twse.com.tw/rwd/zh/afterTrading/STOCK_DAY?date=20240501&stockNo=3189&response=json,2024-05-27
2024-05-28,3189,景碩,95.0,96.8,94.6,96.1,2830070.0,270655843.0,TWSE STOCK_DAY,https://www.twse.com.tw/rwd/zh/afterTrading/STOCK_DAY?date=20240501&stockNo=3189&response=json,2024-05-28
2024-05-29,3189,景碩,96.6,100.0,96.3,96.3,5596564.0,547823056.0,TWSE STOCK_DAY,https://www.twse.com.tw/rwd/zh/afterTrading/STOCK_DAY?date=20240501&stockNo=3189&response=json,2024-05-29
2024-05-30,3189,景碩,96.0,96.5,95.0,95.8,2128902.0,203541226.0,TWSE STOCK_DAY,https://www.twse.com.tw/rwd/zh/afterTrading/STOCK_DAY?date=20240501&stockNo=3189&response=json,2024-05-30
2024-05-31,3189,景碩,95.8,97.0,94.5,94.5,2726390.0,259812749.0,TWSE STOCK_DAY,https://www.twse.com.tw/rwd/zh/afterTrading/STOCK_DAY?date=20240501&stockNo=3189&response=json,2024-05-31
2024-06-03,3189,景碩,95.6,96.4,93.5,93.7,3408426.0,321935671.0,TWSE STOCK_DAY,https://www.twse.com.tw/rwd/zh/afterTrading/STOCK_DAY?date=20240601&stockNo=3189&response=json,2024-06-03
2024-06-04,3189,景碩,94.9,94.9,92.7,94.3,3689546.0,345054022.0,TWSE STOCK_DAY,https://www.twse.com.tw/rwd/zh/afterTrading/STOCK_DAY?date=20240601&stockNo=3189&response=json,2024-06-04
2024-06-05,3189,景碩,94.3,94.4,92.6,93.0,2612311.0,243102295.0,TWSE STOCK_DAY,https://www.twse.com.tw/rwd/zh/afterTrading/STOCK_DAY?date=20240601&stockNo=3189&response=json,2024-06-05
2024-06-06,3189,景碩,93.0,93.6,92.2,92.3,2510566.0,232724715.0,TWSE STOCK_DAY,https://www.twse.com.tw/rwd/zh/afterTrading/STOCK_DAY?date=20240601&stockNo=3189&response=json,2024-06-06
2024-06-07,3189,景碩,93.2,94.0,92.6,93.3,1713129.0,159384248.0,TWSE STOCK_DAY,https://www.twse.com.tw/rwd/zh/afterTrading/STOCK_DAY?date=20240601&stockNo=3189&response=json,2024-06-07
2024-06-11,3189,景碩,93.2,93.2,91.5,92.0,2781432.0,255865852.0,TWSE STOCK_DAY,https://www.twse.com.tw/rwd/zh/afterTrading/STOCK_DAY?date=20240601&stockNo=3189&response=json,2024-06-11
2024-06-12,3189,景碩,92.0,92.6,90.8,90.8,2044086.0,186631317.0,TWSE STOCK_DAY,https://www.twse.com.tw/rwd/zh/afterTrading/STOCK_DAY?date=20240601&stockNo=3189&response=json,2024-06-12
2024-06-13,3189,景碩,91.0,91.6,90.2,90.7,2579160.0,233968798.0,TWSE STOCK_DAY,https://www.twse.com.tw/rwd/zh/afterTrading/STOCK_DAY?date=20240601&stockNo=3189&response=json,2024-06-13
2024-06-14,3189,景碩,91.0,94.2,91.0,92.6,2831764.0,261694286.0,TWSE STOCK_DAY,https://www.twse.com.tw/rwd/zh/afterTrading/STOCK_DAY?date=20240601&stockNo=3189&response=json,2024-06-14
2024-06-17,3189,景碩,92.6,92.7,91.9,92.0,1163111.0,107362374.0,TWSE STOCK_DAY,https://www.twse.com.tw/rwd/zh/afterTrading/STOCK_DAY?date=20240601&stockNo=3189&response=json,2024-06-17
2024-06-18,3189,景碩,92.2,93.6,92.0,92.9,1507669.0,139958072.0,TWSE STOCK_DAY,https://www.twse.com.tw/rwd/zh/afterTrading/STOCK_DAY?date=20240601&stockNo=3189&response=json,2024-06-18
2024-06-19,3189,景碩,93.2,93.9,92.0,92.3,2710090.0,251722920.0,TWSE STOCK_DAY,https://www.twse.com.tw/rwd/zh/afterTrading/STOCK_DAY?date=20240601&stockNo=3189&response=json,2024-06-19
2024-06-20,3189,景碩,93.3,95.8,92.6,94.2,4968685.0,469203174.0,TWSE STOCK_DAY,https://www.twse.com.tw/rwd/zh/afterTrading/STOCK_DAY?date=20240601&stockNo=3189&response=json,2024-06-20
2024-06-21,3189,景碩,93.4,95.3,92.3,94.2,5051705.0,473771567.0,TWSE STOCK_DAY,https://www.twse.com.tw/rwd/zh/afterTrading/STOCK_DAY?date=20240601&stockNo=3189&response=json,2024-06-21
2024-06-24,3189,景碩,94.0,94.6,92.4,94.5,2861219.0,267270940.0,TWSE STOCK_DAY,https://www.twse.com.tw/rwd/zh/afterTrading/STOCK_DAY?date=20240601&stockNo=3189&response=json,2024-06-24
2024-06-25,3189,景碩,93.7,94.1,93.0,93.0,1659519.0,154872437.0,TWSE STOCK_DAY,https://www.twse.com.tw/rwd/zh/afterTrading/STOCK_DAY?date=20240601&stockNo=3189&response=json,2024-06-25
2024-06-26,3189,景碩,93.5,93.6,92.2,92.5,1703775.0,157959223.0,TWSE STOCK_DAY,https://www.twse.com.tw/rwd/zh/afterTrading/STOCK_DAY?date=20240601&stockNo=3189&response=json,2024-06-26
2024-06-27,3189,景碩,92.5,92.5,91.6,91.8,1473347.0,135482992.0,TWSE STOCK_DAY,https://www.twse.com.tw/rwd/zh/afterTrading/STOCK_DAY?date=20240601&stockNo=3189&response=json,2024-06-27
2024-06-28,3189,景碩,92.0,92.7,91.5,92.4,2105583.0,193904832.0,TWSE STOCK_DAY,https://www.twse.com.tw/rwd/zh/afterTrading/STOCK_DAY?date=20240601&stockNo=3189&response=json,2024-06-28
2024-07-01,3189,景碩,92.5,94.4,91.7,94.4,5847640.0,545992021.0,TWSE STOCK_DAY,https://www.twse.com.tw/rwd/zh/afterTrading/STOCK_DAY?date=20240701&stockNo=3189&response=json,2024-07-01
2024-07-02,3189,景碩,94.4,94.5,92.8,94.5,4727878.0,442117612.0,TWSE STOCK_DAY,https://www.twse.com.tw/rwd/zh/afterTrading/STOCK_DAY?date=20240701&stockNo=3189&response=json,2024-07-02
2024-07-03,3189,景碩,94.5,95.1,93.3,95.1,4801317.0,453119950.0,TWSE STOCK_DAY,https://www.twse.com.tw/rwd/zh/afterTrading/STOCK_DAY?date=20240701&stockNo=3189&response=json,2024-07-03
2024-07-04,3189,景碩,94.9,94.9,89.7,90.2,20431036.0,1858874965.0,TWSE STOCK_DAY,https://www.twse.com.tw/rwd/zh/afterTrading/STOCK_DAY?date=20240701&stockNo=3189&response=json,2024-07-04
2024-07-05,3189,景碩,91.0,92.8,90.8,92.7,9333656.0,858865226.0,TWSE STOCK_DAY,https://www.twse.com.tw/rwd/zh/afterTrading/STOCK_DAY?date=20240701&stockNo=3189&response=json,2024-07-05
2024-07-08,3189,景碩,93.1,95.8,92.9,94.4,9163444.0,864975872.0,TWSE STOCK_DAY,https://www.twse.com.tw/rwd/zh/afterTrading/STOCK_DAY?date=20240701&stockNo=3189&response=json,2024-07-08
2024-07-09,3189,景碩,94.8,95.2,92.8,94.8,4509080.0,423677128.0,TWSE STOCK_DAY,https://www.twse.com.tw/rwd/zh/afterTrading/STOCK_DAY?date=20240701&stockNo=3189&response=json,2024-07-09
2024-07-10,3189,景碩,95.2,99.6,93.6,99.4,9488482.0,920502468.0,TWSE STOCK_DAY,https://www.twse.com.tw/rwd/zh/afterTrading/STOCK_DAY?date=20240701&stockNo=3189&response=json,2024-07-10
2024-07-11,3189,景碩,107.0,109.0,106.5,109.0,32620723.0,3536846973.0,TWSE STOCK_DAY,https://www.twse.com.tw/rwd/zh/afterTrading/STOCK_DAY?date=20240701&stockNo=3189&response=json,2024-07-11
2024-07-12,3189,景碩,111.0,119.5,110.0,119.5,69841144.0,8107701645.0,TWSE STOCK_DAY,https://www.twse.com.tw/rwd/zh/afterTrading/STOCK_DAY?date=20240701&stockNo=3189&response=json,2024-07-12
2024-07-15,3189,景碩,120.0,122.5,115.0,120.0,38870261.0,4619878559.0,TWSE STOCK_DAY,https://www.twse.com.tw/rwd/zh/afterTrading/STOCK_DAY?date=20240701&stockNo=3189&response=json,2024-07-15
2024-07-16,3189,景碩,119.5,122.0,117.0,120.0,23424161.0,2794740601.0,TWSE STOCK_DAY,https://www.twse.com.tw/rwd/zh/afterTrading/STOCK_DAY?date=20240701&stockNo=3189&response=json,2024-07-16
2024-07-17,3189,景碩,120.5,132.0,119.5,132.0,44274859.0,5668716452.0,TWSE STOCK_DAY,https://www.twse.com.tw/rwd/zh/afterTrading/STOCK_DAY?date=20240701&stockNo=3189&response=json,2024-07-17
2024-07-18,3189,景碩,128.5,129.5,122.0,125.0,49181953.0,6210685251.0,TWSE STOCK_DAY,https://www.twse.com.tw/rwd/zh/afterTrading/STOCK_DAY?date=20240701&stockNo=3189&response=json,2024-07-18
2024-07-19,3189,景碩,125.0,126.5,115.0,117.5,31258287.0,3752499189.0,TWSE STOCK_DAY,https://www.twse.com.tw/rwd/zh/afterTrading/STOCK_DAY?date=20240701&stockNo=3189&response=json,2024-07-19
2024-07-22,3189,景碩,119.5,120.0,111.0,115.5,24089910.0,2785310958.0,TWSE STOCK_DAY,https://www.twse.com.tw/rwd/zh/afterTrading/STOCK_DAY?date=20240701&stockNo=3189&response=json,2024-07-22
2024-07-23,3189,景碩,119.0,124.0,118.0,119.0,31282461.0,3782777702.0,TWSE STOCK_DAY,https://www.twse.com.tw/rwd/zh/afterTrading/STOCK_DAY?date=20240701&stockNo=3189&response=json,2024-07-23
2024-07-26,3189,景碩,112.0,122.0,110.0,120.0,21103318.0,2473426284.0,TWSE STOCK_DAY,https://www.twse.com.tw/rwd/zh/afterTrading/STOCK_DAY?date=20240701&stockNo=3189&response=json,2024-07-26
2024-07-29,3189,景碩,123.5,127.5,117.5,119.0,35014682.0,4268714635.0,TWSE STOCK_DAY,https://www.twse.com.tw/rwd/zh/afterTrading/STOCK_DAY?date=20240701&stockNo=3189&response=json,2024-07-29
2024-07-30,3189,景碩,114.0,116.5,107.5,111.0,36589604.0,4025366880.0,TWSE STOCK_DAY,https://www.twse.com.tw/rwd/zh/afterTrading/STOCK_DAY?date=20240701&stockNo=3189&response=json,2024-07-30
2024-07-31,3189,景碩,109.0,110.0,102.5,106.5,25611956.0,2718200671.0,TWSE STOCK_DAY,https://www.twse.com.tw/rwd/zh/afterTrading/STOCK_DAY?date=20240701&stockNo=3189&response=json,2024-07-31
2024-08-01,3189,景碩,110.0,116.5,109.5,111.0,24235099.0,2740853125.0,TWSE STOCK_DAY,https://www.twse.com.tw/rwd/zh/afterTrading/STOCK_DAY?date=20240801&stockNo=3189&response=json,2024-08-01
2024-08-02,3189,景碩,105.5,108.0,103.5,104.5,13895323.0,1469167510.0,TWSE STOCK_DAY,https://www.twse.com.tw/rwd/zh/afterTrading/STOCK_DAY?date=20240801&stockNo=3189&response=json,2024-08-02
2024-08-05,3189,景碩,97.5,101.5,94.1,97.0,24930470.0,2411041535.0,TWSE STOCK_DAY,https://www.twse.com.tw/rwd/zh/afterTrading/STOCK_DAY?date=20240801&stockNo=3189&response=json,2024-08-05
2024-08-06,3189,景碩,103.0,103.5,88.1,90.8,28217203.0,2650503427.0,TWSE STOCK_DAY,https://www.twse.com.tw/rwd/zh/afterTrading/STOCK_DAY?date=20240801&stockNo=3189&response=json,2024-08-06
2024-08-07,3189,景碩,92.4,99.8,92.1,99.8,18341583.0,1769178384.0,TWSE STOCK_DAY,https://www.twse.com.tw/rwd/zh/afterTrading/STOCK_DAY?date=20240801&stockNo=3189&response=json,2024-08-07
2024-08-08,3189,景碩,98.8,105.0,97.7,102.0,23895958.0,2414622510.0,TWSE STOCK_DAY,https://www.twse.com.tw/rwd/zh/afterTrading/STOCK_DAY?date=20240801&stockNo=3189&response=json,2024-08-08
2024-08-09,3189,景碩,108.0,108.5,103.5,105.0,18101307.0,1919103528.0,TWSE STOCK_DAY,https://www.twse.com.tw/rwd/zh/afterTrading/STOCK_DAY?date=20240801&stockNo=3189&response=json,2024-08-09
2024-08-12,3189,景碩,106.5,110.0,105.0,107.0,14535939.0,1564940987.0,TWSE STOCK_DAY,https://www.twse.com.tw/rwd/zh/afterTrading/STOCK_DAY?date=20240801&stockNo=3189&response=json,2024-08-12
2024-08-13,3189,景碩,107.0,108.0,105.5,107.0,7301142.0,779396299.0,TWSE STOCK_DAY,https://www.twse.com.tw/rwd/zh/afterTrading/STOCK_DAY?date=20240801&stockNo=3189&response=json,2024-08-13
2024-08-14,3189,景碩,108.5,109.0,104.5,105.5,10749273.0,1141709420.0,TWSE STOCK_DAY,https://www.twse.com.tw/rwd/zh/afterTrading/STOCK_DAY?date=20240801&stockNo=3189&response=json,2024-08-14
2024-08-15,3189,景碩,105.5,106.0,102.0,102.5,8137801.0,841509861.0,TWSE STOCK_DAY,https://www.twse.com.tw/rwd/zh/afterTrading/STOCK_DAY?date=20240801&stockNo=3189&response=json,2024-08-15
2024-08-16,3189,景碩,105.5,107.5,104.5,105.5,7304608.0,772712104.0,TWSE STOCK_DAY,https://www.twse.com.tw/rwd/zh/afterTrading/STOCK_DAY?date=20240801&stockNo=3189&response=json,2024-08-16
2024-08-19,3189,景碩,105.5,106.5,104.0,104.5,4171737.0,437610531.0,TWSE STOCK_DAY,https://www.twse.com.tw/rwd/zh/afterTrading/STOCK_DAY?date=20240801&stockNo=3189&response=json,2024-08-19
2024-08-20,3189,景碩,105.0,107.5,105.0,105.5,4457331.0,472134155.0,TWSE STOCK_DAY,https://www.twse.com.tw/rwd/zh/afterTrading/STOCK_DAY?date=20240801&stockNo=3189&response=json,2024-08-20
2024-08-21,3189,景碩,105.0,106.5,102.0,103.0,4746229.0,492914854.0,TWSE STOCK_DAY,https://www.twse.com.tw/rwd/zh/afterTrading/STOCK_DAY?date=20240801&stockNo=3189&response=json,2024-08-21
2024-08-22,3189,景碩,103.0,113.0,102.5,113.0,16794602.0,1842599644.0,TWSE STOCK_DAY,https://www.twse.com.tw/rwd/zh/afterTrading/STOCK_DAY?date=20240801&stockNo=3189&response=json,2024-08-22
2024-08-23,3189,景碩,114.5,115.5,111.0,112.5,48830673.0,5513269946.0,TWSE STOCK_DAY,https://www.twse.com.tw/rwd/zh/afterTrading/STOCK_DAY?date=20240801&stockNo=3189&response=json,2024-08-23
2024-08-26,3189,景碩,112.5,114.0,109.5,110.0,17577388.0,1961717749.0,TWSE STOCK_DAY,https://www.twse.com.tw/rwd/zh/afterTrading/STOCK_DAY?date=20240801&stockNo=3189&response=json,2024-08-26
2024-08-27,3189,景碩,108.0,111.0,108.0,110.0,10269103.0,1124161482.0,TWSE STOCK_DAY,https://www.twse.com.tw/rwd/zh/afterTrading/STOCK_DAY?date=20240801&stockNo=3189&response=json,2024-08-27
2024-08-28,3189,景碩,110.0,113.0,109.0,113.0,12697322.0,1417502163.0,TWSE STOCK_DAY,https://www.twse.com.tw/rwd/zh/afterTrading/STOCK_DAY?date=20240801&stockNo=3189&response=json,2024-08-28
2024-08-29,3189,景碩,111.5,122.0,111.0,118.5,40401285.0,4786890114.0,TWSE STOCK_DAY,https://www.twse.com.tw/rwd/zh/afterTrading/STOCK_DAY?date=20240801&stockNo=3189&response=json,2024-08-29
2024-08-30,3189,景碩,120.5,124.0,117.0,118.5,29315907.0,3515532442.0,TWSE STOCK_DAY,https://www.twse.com.tw/rwd/zh/afterTrading/STOCK_DAY?date=20240801&stockNo=3189&response=json,2024-08-30
2024-09-02,3189,景碩,116.5,118.0,112.5,114.5,19114623.0,2195326789.0,TWSE STOCK_DAY,https://www.twse.com.tw/rwd/zh/afterTrading/STOCK_DAY?date=20240901&stockNo=3189&response=json,2024-09-02
2024-09-03,3189,景碩,115.0,117.0,111.5,111.5,11116130.0,1262759388.0,TWSE STOCK_DAY,https://www.twse.com.tw/rwd/zh/afterTrading/STOCK_DAY?date=20240901&stockNo=3189&response=json,2024-09-03
2024-09-04,3189,景碩,102.5,107.0,101.0,104.0,15577271.0,1624559323.0,TWSE STOCK_DAY,https://www.twse.com.tw/rwd/zh/afterTrading/STOCK_DAY?date=20240901&stockNo=3189&response=json,2024-09-04
2024-09-05,3189,景碩,106.0,107.0,102.5,103.5,8344254.0,870179399.0,TWSE STOCK_DAY,https://www.twse.com.tw/rwd/zh/afterTrading/STOCK_DAY?date=20240901&stockNo=3189&response=json,2024-09-05
2024-09-06,3189,景碩,104.0,105.0,103.0,103.5,3261926.0,338409422.0,TWSE STOCK_DAY,https://www.twse.com.tw/rwd/zh/afterTrading/STOCK_DAY?date=20240901&stockNo=3189&response=json,2024-09-06
2024-09-09,3189,景碩,100.5,103.5,100.5,102.5,5259569.0,538133432.0,TWSE STOCK_DAY,https://www.twse.com.tw/rwd/zh/afterTrading/STOCK_DAY?date=20240901&stockNo=3189&response=json,2024-09-09
2024-09-10,3189,景碩,104.0,104.5,96.2,98.4,13098828.0,1300106187.0,TWSE STOCK_DAY,https://www.twse.com.tw/rwd/zh/afterTrading/STOCK_DAY?date=20240901&stockNo=3189&response=json,2024-09-10
2024-09-11,3189,景碩,99.4,101.0,98.3,99.3,6345116.0,632033028.0,TWSE STOCK_DAY,https://www.twse.com.tw/rwd/zh/afterTrading/STOCK_DAY?date=20240901&stockNo=3189&response=json,2024-09-11
2024-09-12,3189,景碩,102.0,108.5,101.5,107.5,14808182.0,1560697879.0,TWSE STOCK_DAY,https://www.twse.com.tw/rwd/zh/afterTrading/STOCK_DAY?date=20240901&stockNo=3189&response=json,2024-09-12
2024-09-13,3189,景碩,108.0,111.5,106.0,109.0,11465114.0,1244453149.0,TWSE STOCK_DAY,https://www.twse.com.tw/rwd/zh/afterTrading/STOCK_DAY?date=20240901&stockNo=3189&response=json,2024-09-13
2024-09-16,3189,景碩,108.0,110.5,107.0,107.0,5489509.0,593799048.0,TWSE STOCK_DAY,https://www.twse.com.tw/rwd/zh/afterTrading/STOCK_DAY?date=20240901&stockNo=3189&response=json,2024-09-16
2024-09-18,3189,景碩,107.5,107.5,101.5,104.0,14890223.0,1545936689.0,TWSE STOCK_DAY,https://www.twse.com.tw/rwd/zh/afterTrading/STOCK_DAY?date=20240901&stockNo=3189&response=json,2024-09-18
2024-09-19,3189,景碩,104.5,106.0,102.5,105.5,6858060.0,715768108.0,TWSE STOCK_DAY,https://www.twse.com.tw/rwd/zh/afterTrading/STOCK_DAY?date=20240901&stockNo=3189&response=json,2024-09-19
2024-09-20,3189,景碩,107.5,110.0,104.5,104.5,8445191.0,899588226.0,TWSE STOCK_DAY,https://www.twse.com.tw/rwd/zh/afterTrading/STOCK_DAY?date=20240901&stockNo=3189&response=json,2024-09-20
2024-09-23,3189,景碩,105.0,106.0,104.5,104.5,2768728.0,290590180.0,TWSE STOCK_DAY,https://www.twse.com.tw/rwd/zh/afterTrading/STOCK_DAY?date=20240901&stockNo=3189&response=json,2024-09-23
2024-09-24,3189,景碩,105.0,105.5,102.5,103.5,3279187.0,339728183.0,TWSE STOCK_DAY,https://www.twse.com.tw/rwd/zh/afterTrading/STOCK_DAY?date=20240901&stockNo=3189&response=json,2024-09-24
2024-09-25,3189,景碩,105.5,108.5,105.0,106.5,7705095.0,821988681.0,TWSE STOCK_DAY,https://www.twse.com.tw/rwd/zh/afterTrading/STOCK_DAY?date=20240901&stockNo=3189&response=json,2024-09-25
2024-09-26,3189,景碩,108.5,111.0,106.5,107.5,11199747.0,1218051537.0,TWSE STOCK_DAY,https://www.twse.com.tw/rwd/zh/afterTrading/STOCK_DAY?date=20240901&stockNo=3189&response=json,2024-09-26
2024-09-27,3189,景碩,111.0,117.0,110.5,112.0,36518226.0,4142337183.0,TWSE STOCK_DAY,https://www.twse.com.tw/rwd/zh/afterTrading/STOCK_DAY?date=20240901&stockNo=3189&response=json,2024-09-27
2024-09-30,3189,景碩,111.5,113.0,109.0,110.0,8044296.0,890970322.0,TWSE STOCK_DAY,https://www.twse.com.tw/rwd/zh/afterTrading/STOCK_DAY?date=20240901&stockNo=3189&response=json,2024-09-30
2024-10-01,3189,景碩,111.0,112.5,108.0,110.0,6973530.0,768548665.0,TWSE STOCK_DAY,https://www.twse.com.tw/rwd/zh/afterTrading/STOCK_DAY?date=20241001&stockNo=3189&response=json,2024-10-01
2024-10-04,3189,景碩,110.0,110.5,105.5,105.5,6729007.0,721600320.0,TWSE STOCK_DAY,https://www.twse.com.tw/rwd/zh/afterTrading/STOCK_DAY?date=20241001&stockNo=3189&response=json,2024-10-04
2024-10-07,3189,景碩,107.0,113.0,106.0,109.5,7505838.0,817352617.0,TWSE STOCK_DAY,https://www.twse.com.tw/rwd/zh/afterTrading/STOCK_DAY?date=20241001&stockNo=3189&response=json,2024-10-07
2024-10-08,3189,景碩,108.5,109.0,105.5,106.0,5251334.0,560173422.0,TWSE STOCK_DAY,https://www.twse.com.tw/rwd/zh/afterTrading/STOCK_DAY?date=20241001&stockNo=3189&response=json,2024-10-08
2024-10-09,3189,景碩,108.0,111.0,106.5,106.5,9279579.0,1008557204.0,TWSE STOCK_DAY,https://www.twse.com.tw/rwd/zh/afterTrading/STOCK_DAY?date=20241001&stockNo=3189&response=json,2024-10-09
2024-10-11,3189,景碩,107.0,109.0,105.5,105.5,4793548.0,510713950.0,TWSE STOCK_DAY,https://www.twse.com.tw/rwd/zh/afterTrading/STOCK_DAY?date=20241001&stockNo=3189&response=json,2024-10-11
2024-10-14,3189,景碩,106.0,107.5,105.0,107.0,3045259.0,324189412.0,TWSE STOCK_DAY,https://www.twse.com.tw/rwd/zh/afterTrading/STOCK_DAY?date=20241001&stockNo=3189&response=json,2024-10-14
2024-10-15,3189,景碩,107.5,108.0,104.5,105.5,4779266.0,506710899.0,TWSE STOCK_DAY,https://www.twse.com.tw/rwd/zh/afterTrading/STOCK_DAY?date=20241001&stockNo=3189&response=json,2024-10-15
2024-10-16,3189,景碩,104.0,104.5,101.0,102.5,9117854.0,936500667.0,TWSE STOCK_DAY,https://www.twse.com.tw/rwd/zh/afterTrading/STOCK_DAY?date=20241001&stockNo=3189&response=json,2024-10-16
2024-10-17,3189,景碩,104.0,107.5,103.0,105.5,6470754.0,684757703.0,TWSE STOCK_DAY,https://www.twse.com.tw/rwd/zh/afterTrading/STOCK_DAY?date=20241001&stockNo=3189&response=json,2024-10-17
2024-10-18,3189,景碩,107.0,107.5,104.5,105.0,6168738.0,651657489.0,TWSE STOCK_DAY,https://www.twse.com.tw/rwd/zh/afterTrading/STOCK_DAY?date=20241001&stockNo=3189&response=json,2024-10-18
2024-10-21,3189,景碩,107.0,115.5,105.5,115.5,32565008.0,3690013639.0,TWSE STOCK_DAY,https://www.twse.com.tw/rwd/zh/afterTrading/STOCK_DAY?date=20241001&stockNo=3189&response=json,2024-10-21
2024-10-22,3189,景碩,117.0,121.5,115.0,116.0,66339709.0,7793172238.0,TWSE STOCK_DAY,https://www.twse.com.tw/rwd/zh/afterTrading/STOCK_DAY?date=20241001&stockNo=3189&response=json,2024-10-22
2024-10-23,3189,景碩,116.0,117.0,114.0,115.0,20008610.0,2308490622.0,TWSE STOCK_DAY,https://www.twse.com.tw/rwd/zh/afterTrading/STOCK_DAY?date=20241001&stockNo=3189&response=json,2024-10-23
2024-10-24,3189,景碩,115.0,116.0,112.0,113.0,15577836.0,1777575154.0,TWSE STOCK_DAY,https://www.twse.com.tw/rwd/zh/afterTrading/STOCK_DAY?date=20241001&stockNo=3189&response=json,2024-10-24
2024-10-25,3189,景碩,114.0,116.0,110.5,115.5,13752671.0,1556994875.0,TWSE STOCK_DAY,https://www.twse.com.tw/rwd/zh/afterTrading/STOCK_DAY?date=20241001&stockNo=3189&response=json,2024-10-25
2024-10-28,3189,景碩,114.5,115.5,110.0,112.5,12980580.0,1454645930.0,TWSE STOCK_DAY,https://www.twse.com.tw/rwd/zh/afterTrading/STOCK_DAY?date=20241001&stockNo=3189&response=json,2024-10-28
2024-10-29,3189,景碩,111.0,111.5,104.5,105.5,18374643.0,1960357647.0,TWSE STOCK_DAY,https://www.twse.com.tw/rwd/zh/afterTrading/STOCK_DAY?date=20241001&stockNo=3189&response=json,2024-10-29
2024-10-30,3189,景碩,106.0,110.5,104.5,107.5,9288093.0,1000387114.0,TWSE STOCK_DAY,https://www.twse.com.tw/rwd/zh/afterTrading/STOCK_DAY?date=20241001&stockNo=3189&response=json,2024-10-30
2024-11-01,3189,景碩,104.5,108.5,103.5,108.0,7241196.0,771959498.0,TWSE STOCK_DAY,https://www.twse.com.tw/rwd/zh/afterTrading/STOCK_DAY?date=20241101&stockNo=3189&response=json,2024-11-01
2024-11-04,3189,景碩,107.0,107.5,104.5,104.5,5820826.0,614326931.0,TWSE STOCK_DAY,https://www.twse.com.tw/rwd/zh/afterTrading/STOCK_DAY?date=20241101&stockNo=3189&response=json,2024-11-04
2024-11-05,3189,景碩,105.5,107.5,105.5,106.0,5071449.0,539312128.0,TWSE STOCK_DAY,https://www.twse.com.tw/rwd/zh/afterTrading/STOCK_DAY?date=20241101&stockNo=3189&response=json,2024-11-05
2024-11-06,3189,景碩,106.5,108.0,105.5,106.0,5822662.0,620884896.0,TWSE STOCK_DAY,https://www.twse.com.tw/rwd/zh/afterTrading/STOCK_DAY?date=20241101&stockNo=3189&response=json,2024-11-06
2024-11-07,3189,景碩,106.5,110.5,106.5,108.0,13154284.0,1433326673.0,TWSE STOCK_DAY,https://www.twse.com.tw/rwd/zh/afterTrading/STOCK_DAY?date=20241101&stockNo=3189&response=json,2024-11-07
2024-11-08,3189,景碩,108.5,109.5,105.0,105.0,9344937.0,997555540.0,TWSE STOCK_DAY,https://www.twse.com.tw/rwd/zh/afterTrading/STOCK_DAY?date=20241101&stockNo=3189&response=json,2024-11-08
2024-11-11,3189,景碩,105.0,105.0,103.0,103.5,6608180.0,685561455.0,TWSE STOCK_DAY,https://www.twse.com.tw/rwd/zh/afterTrading/STOCK_DAY?date=20241101&stockNo=3189&response=json,2024-11-11
2024-11-12,3189,景碩,102.5,103.0,101.0,101.0,6264549.0,636435992.0,TWSE STOCK_DAY,https://www.twse.com.tw/rwd/zh/afterTrading/STOCK_DAY?date=20241101&stockNo=3189&response=json,2024-11-12
2024-11-13,3189,景碩,101.0,102.0,98.2,99.1,13485992.0,1342394294.0,TWSE STOCK_DAY,https://www.twse.com.tw/rwd/zh/afterTrading/STOCK_DAY?date=20241101&stockNo=3189&response=json,2024-11-13
2024-11-14,3189,景碩,99.7,100.5,97.0,97.2,7981479.0,783215314.0,TWSE STOCK_DAY,https://www.twse.com.tw/rwd/zh/afterTrading/STOCK_DAY?date=20241101&stockNo=3189&response=json,2024-11-14
2024-11-15,3189,景碩,97.6,99.6,96.4,98.6,4678411.0,459114735.0,TWSE STOCK_DAY,https://www.twse.com.tw/rwd/zh/afterTrading/STOCK_DAY?date=20241101&stockNo=3189&response=json,2024-11-15
2024-11-18,3189,景碩,98.5,98.7,96.4,97.5,3945193.0,384112483.0,TWSE STOCK_DAY,https://www.twse.com.tw/rwd/zh/afterTrading/STOCK_DAY?date=20241101&stockNo=3189&response=json,2024-11-18
2024-11-19,3189,景碩,98.2,98.7,97.1,98.3,2995837.0,293291421.0,TWSE STOCK_DAY,https://www.twse.com.tw/rwd/zh/afterTrading/STOCK_DAY?date=20241101&stockNo=3189&response=json,2024-11-19
2024-11-20,3189,景碩,98.5,98.7,94.8,95.5,7391370.0,711164439.0,TWSE STOCK_DAY,https://www.twse.com.tw/rwd/zh/afterTrading/STOCK_DAY?date=20241101&stockNo=3189&response=json,2024-11-20
2024-11-21,3189,景碩,95.4,97.9,95.4,96.5,4447913.0,430386630.0,TWSE STOCK_DAY,https://www.twse.com.tw/rwd/zh/afterTrading/STOCK_DAY?date=20241101&stockNo=3189&response=json,2024-11-21
2024-11-22,3189,景碩,97.3,97.8,95.9,96.0,4032486.0,389663798.0,TWSE STOCK_DAY,https://www.twse.com.tw/rwd/zh/afterTrading/STOCK_DAY?date=20241101&stockNo=3189&response=json,2024-11-22
2024-11-25,3189,景碩,96.9,97.9,96.7,97.1,2498582.0,243258288.0,TWSE STOCK_DAY,https://www.twse.com.tw/rwd/zh/afterTrading/STOCK_DAY?date=20241101&stockNo=3189&response=json,2024-11-25
2024-11-26,3189,景碩,97.0,98.3,95.6,97.0,3157485.0,306624885.0,TWSE STOCK_DAY,https://www.twse.com.tw/rwd/zh/afterTrading/STOCK_DAY?date=20241101&stockNo=3189&response=json,2024-11-26
2024-11-27,3189,景碩,98.0,98.0,92.6,92.6,7174375.0,677824989.0,TWSE STOCK_DAY,https://www.twse.com.tw/rwd/zh/afterTrading/STOCK_DAY?date=20241101&stockNo=3189&response=json,2024-11-27
2024-11-28,3189,景碩,92.8,93.1,90.1,92.5,3809193.0,348888472.0,TWSE STOCK_DAY,https://www.twse.com.tw/rwd/zh/afterTrading/STOCK_DAY?date=20241101&stockNo=3189&response=json,2024-11-28
2024-11-29,3189,景碩,92.5,94.6,91.9,94.5,2910701.0,272187046.0,TWSE STOCK_DAY,https://www.twse.com.tw/rwd/zh/afterTrading/STOCK_DAY?date=20241101&stockNo=3189&response=json,2024-11-29
2024-12-02,3189,景碩,95.5,95.9,93.6,93.7,2871498.0,271011542.0,TWSE STOCK_DAY,https://www.twse.com.tw/rwd/zh/afterTrading/STOCK_DAY?date=20241201&stockNo=3189&response=json,2024-12-02
2024-12-03,3189,景碩,95.6,96.0,93.5,94.0,3081517.0,291332930.0,TWSE STOCK_DAY,https://www.twse.com.tw/rwd/zh/afterTrading/STOCK_DAY?date=20241201&stockNo=3189&response=json,2024-12-03
2024-12-04,3189,景碩,94.3,95.9,94.2,95.9,2324424.0,221217091.0,TWSE STOCK_DAY,https://www.twse.com.tw/rwd/zh/afterTrading/STOCK_DAY?date=20241201&stockNo=3189&response=json,2024-12-04
2024-12-05,3189,景碩,96.3,98.5,95.3,96.4,5072299.0,490772894.0,TWSE STOCK_DAY,https://www.twse.com.tw/rwd/zh/afterTrading/STOCK_DAY?date=20241201&stockNo=3189&response=json,2024-12-05
2024-12-06,3189,景碩,96.5,97.4,95.4,95.7,1983454.0,190921956.0,TWSE STOCK_DAY,https://www.twse.com.tw/rwd/zh/afterTrading/STOCK_DAY?date=20241201&stockNo=3189&response=json,2024-12-06
2024-12-09,3189,景碩,95.7,96.0,94.0,94.3,2190001.0,207483982.0,TWSE STOCK_DAY,https://www.twse.com.tw/rwd/zh/afterTrading/STOCK_DAY?date=20241201&stockNo=3189&response=json,2024-12-09
2024-12-10,3189,景碩,94.4,101.0,94.3,99.0,11828513.0,1163293841.0,TWSE STOCK_DAY,https://www.twse.com.tw/rwd/zh/afterTrading/STOCK_DAY?date=20241201&stockNo=3189&response=json,2024-12-10
2024-12-11,3189,景碩,98.0,103.0,97.7,101.5,12886408.0,1304865050.0,TWSE STOCK_DAY,https://www.twse.com.tw/rwd/zh/afterTrading/STOCK_DAY?date=20241201&stockNo=3189&response=json,2024-12-11
2024-12-12,3189,景碩,104.0,104.0,99.6,99.6,6528354.0,661532002.0,TWSE STOCK_DAY,https://www.twse.com.tw/rwd/zh/afterTrading/STOCK_DAY?date=20241201&stockNo=3189&response=json,2024-12-12
2024-12-13,3189,景碩,99.6,100.5,97.0,98.3,5556595.0,548480663.0,TWSE STOCK_DAY,https://www.twse.com.tw/rwd/zh/afterTrading/STOCK_DAY?date=20241201&stockNo=3189&response=json,2024-12-13
2024-12-16,3189,景碩,98.2,98.3,94.3,94.3,6106505.0,583775702.0,TWSE STOCK_DAY,https://www.twse.com.tw/rwd/zh/afterTrading/STOCK_DAY?date=20241201&stockNo=3189&response=json,2024-12-16
2024-12-17,3189,景碩,94.5,95.7,92.9,93.2,4349638.0,408903643.0,TWSE STOCK_DAY,https://www.twse.com.tw/rwd/zh/afterTrading/STOCK_DAY?date=20241201&stockNo=3189&response=json,2024-12-17
2024-12-18,3189,景碩,92.9,93.8,92.1,92.8,5326798.0,494252086.0,TWSE STOCK_DAY,https://www.twse.com.tw/rwd/zh/afterTrading/STOCK_DAY?date=20241201&stockNo=3189&response=json,2024-12-18
2024-12-19,3189,景碩,91.7,93.8,91.1,93.8,2882017.0,267746487.0,TWSE STOCK_DAY,https://www.twse.com.tw/rwd/zh/afterTrading/STOCK_DAY?date=20241201&stockNo=3189&response=json,2024-12-19
2024-12-20,3189,景碩,94.0,94.3,91.7,92.0,3168268.0,293436254.0,TWSE STOCK_DAY,https://www.twse.com.tw/rwd/zh/afterTrading/STOCK_DAY?date=20241201&stockNo=3189&response=json,2024-12-20
2024-12-23,3189,景碩,93.2,101.0,93.1,101.0,18094607.0,1798011785.0,TWSE STOCK_DAY,https://www.twse.com.tw/rwd/zh/afterTrading/STOCK_DAY?date=20241201&stockNo=3189&response=json,2024-12-23
2024-12-24,3189,景碩,102.5,108.0,100.0,101.5,31871765.0,3309109757.0,TWSE STOCK_DAY,https://www.twse.com.tw/rwd/zh/afterTrading/STOCK_DAY?date=20241201&stockNo=3189&response=json,2024-12-24
2024-12-25,3189,景碩,102.5,107.5,102.5,106.5,18606406.0,1970316042.0,TWSE STOCK_DAY,https://www.twse.com.tw/rwd/zh/afterTrading/STOCK_DAY?date=20241201&stockNo=3189&response=json,2024-12-25
2024-12-26,3189,景碩,106.5,106.5,103.0,103.5,6910746.0,723454780.0,TWSE STOCK_DAY,https://www.twse.com.tw/rwd/zh/afterTrading/STOCK_DAY?date=20241201&stockNo=3189&response=json,2024-12-26
2024-12-27,3189,景碩,103.5,105.0,103.0,104.0,5315818.0,552566011.0,TWSE STOCK_DAY,https://www.twse.com.tw/rwd/zh/afterTrading/STOCK_DAY?date=20241201&stockNo=3189&response=json,2024-12-27
2024-12-30,3189,景碩,104.5,105.0,101.0,102.0,4407105.0,451465947.0,TWSE STOCK_DAY,https://www.twse.com.tw/rwd/zh/afterTrading/STOCK_DAY?date=20241201&stockNo=3189&response=json,2024-12-30
2024-12-31,3189,景碩,104.0,106.5,98.6,101.0,16480944.0,1665334646.0,TWSE STOCK_DAY,https://www.twse.com.tw/rwd/zh/afterTrading/STOCK_DAY?date=20241201&stockNo=3189&response=json,2024-12-31
2025-01-02,3189,景碩,100.5,104.5,100.0,100.5,7845163.0,798622031.0,TWSE STOCK_DAY,https://www.twse.com.tw/rwd/zh/afterTrading/STOCK_DAY?date=20250101&stockNo=3189&response=json,2025-01-02
2025-01-03,3189,景碩,102.0,105.0,98.6,103.0,11962557.0,1222375434.0,TWSE STOCK_DAY,https://www.twse.com.tw/rwd/zh/afterTrading/STOCK_DAY?date=20250101&stockNo=3189&response=json,2025-01-03
2025-01-06,3189,景碩,107.0,110.0,104.0,109.5,24707188.0,2671668419.0,TWSE STOCK_DAY,https://www.twse.com.tw/rwd/zh/afterTrading/STOCK_DAY?date=20250101&stockNo=3189&response=json,2025-01-06
2025-01-07,3189,景碩,108.0,113.0,107.0,109.5,25685523.0,2821231299.0,TWSE STOCK_DAY,https://www.twse.com.tw/rwd/zh/afterTrading/STOCK_DAY?date=20250101&stockNo=3189&response=json,2025-01-07
2025-01-08,3189,景碩,109.5,111.5,106.0,106.5,13021918.0,1410822414.0,TWSE STOCK_DAY,https://www.twse.com.tw/rwd/zh/afterTrading/STOCK_DAY?date=20250101&stockNo=3189&response=json,2025-01-08
2025-01-09,3189,景碩,107.0,107.5,102.0,102.5,7947294.0,828268366.0,TWSE STOCK_DAY,https://www.twse.com.tw/rwd/zh/afterTrading/STOCK_DAY?date=20250101&stockNo=3189&response=json,2025-01-09
2025-01-10,3189,景碩,102.0,104.5,101.5,102.5,5847461.0,601496981.0,TWSE STOCK_DAY,https://www.twse.com.tw/rwd/zh/afterTrading/STOCK_DAY?date=20250101&stockNo=3189&response=json,2025-01-10
2025-01-13,3189,景碩,101.5,101.5,94.0,96.0,15702457.0,1516740854.0,TWSE STOCK_DAY,https://www.twse.com.tw/rwd/zh/afterTrading/STOCK_DAY?date=20250101&stockNo=3189&response=json,2025-01-13
2025-01-14,3189,景碩,97.0,98.6,95.4,98.5,6019549.0,582999591.0,TWSE STOCK_DAY,https://www.twse.com.tw/rwd/zh/afterTrading/STOCK_DAY?date=20250101&stockNo=3189&response=json,2025-01-14
2025-01-15,3189,景碩,97.1,99.2,96.0,96.6,8942700.0,868092660.0,TWSE STOCK_DAY,https://www.twse.com.tw/rwd/zh/afterTrading/STOCK_DAY?date=20250101&stockNo=3189&response=json,2025-01-15
2025-01-16,3189,景碩,98.2,98.8,97.4,97.7,4828392.0,473051395.0,TWSE STOCK_DAY,https://www.twse.com.tw/rwd/zh/afterTrading/STOCK_DAY?date=20250101&stockNo=3189&response=json,2025-01-16
2025-01-17,3189,景碩,98.0,98.8,96.5,97.8,2762630.0,269143730.0,TWSE STOCK_DAY,https://www.twse.com.tw/rwd/zh/afterTrading/STOCK_DAY?date=20250101&stockNo=3189&response=json,2025-01-17
2025-01-20,3189,景碩,97.9,97.9,96.6,97.7,2463848.0,239884971.0,TWSE STOCK_DAY,https://www.twse.com.tw/rwd/zh/afterTrading/STOCK_DAY?date=20250101&stockNo=3189&response=json,2025-01-20
2025-01-21,3189,景碩,97.8,97.8,96.5,97.8,1891534.0,183879713.0,TWSE STOCK_DAY,https://www.twse.com.tw/rwd/zh/afterTrading/STOCK_DAY?date=20250101&stockNo=3189&response=json,2025-01-21
2025-01-22,3189,景碩,98.4,98.5,97.2,98.1,2915501.0,285422163.0,TWSE STOCK_DAY,https://www.twse.com.tw/rwd/zh/afterTrading/STOCK_DAY?date=20250101&stockNo=3189&response=json,2025-01-22
2025-02-03,3189,景碩,95.8,96.7,90.6,96.7,6513331.0,608863409.0,TWSE STOCK_DAY,https://www.twse.com.tw/rwd/zh/afterTrading/STOCK_DAY?date=20250201&stockNo=3189&response=json,2025-02-03
2025-02-04,3189,景碩,96.0,96.3,93.1,93.7,5148390.0,485217901.0,TWSE STOCK_DAY,https://www.twse.com.tw/rwd/zh/afterTrading/STOCK_DAY?date=20250201&stockNo=3189&response=json,2025-02-04
2025-02-05,3189,景碩,94.5,96.3,93.9,95.1,3565545.0,340426938.0,TWSE STOCK_DAY,https://www.twse.com.tw/rwd/zh/afterTrading/STOCK_DAY?date=20250201&stockNo=3189&response=json,2025-02-05
2025-02-06,3189,景碩,95.6,98.4,94.0,97.6,7705100.0,740160652.0,TWSE STOCK_DAY,https://www.twse.com.tw/rwd/zh/afterTrading/STOCK_DAY?date=20250201&stockNo=3189&response=json,2025-02-06
2025-02-07,3189,景碩,97.6,97.6,96.2,96.5,4516603.0,436680698.0,TWSE STOCK_DAY,https://www.twse.com.tw/rwd/zh/afterTrading/STOCK_DAY?date=20250201&stockNo=3189&response=json,2025-02-07
2025-02-10,3189,景碩,96.1,96.2,94.5,95.7,3598298.0,342693853.0,TWSE STOCK_DAY,https://www.twse.com.tw/rwd/zh/afterTrading/STOCK_DAY?date=20250201&stockNo=3189&response=json,2025-02-10
2025-02-11,3189,景碩,96.1,96.4,94.5,94.5,3196325.0,304697067.0,TWSE STOCK_DAY,https://www.twse.com.tw/rwd/zh/afterTrading/STOCK_DAY?date=20250201&stockNo=3189&response=json,2025-02-11
2025-02-12,3189,景碩,95.0,95.9,92.7,93.0,4085948.0,383299872.0,TWSE STOCK_DAY,https://www.twse.com.tw/rwd/zh/afterTrading/STOCK_DAY?date=20250201&stockNo=3189&response=json,2025-02-12
2025-02-13,3189,景碩,93.4,97.2,93.4,96.7,7053421.0,677838745.0,TWSE STOCK_DAY,https://www.twse.com.tw/rwd/zh/afterTrading/STOCK_DAY?date=20250201&stockNo=3189&response=json,2025-02-13
2025-02-14,3189,景碩,96.2,97.5,95.3,96.9,3094515.0,298928707.0,TWSE STOCK_DAY,https://www.twse.com.tw/rwd/zh/afterTrading/STOCK_DAY?date=20250201&stockNo=3189&response=json,2025-02-14
2025-02-17,3189,景碩,97.0,103.0,96.1,100.0,11235103.0,1129879387.0,TWSE STOCK_DAY,https://www.twse.com.tw/rwd/zh/afterTrading/STOCK_DAY?date=20250201&stockNo=3189&response=json,2025-02-17
2025-02-18,3189,景碩,100.0,104.0,97.5,103.5,15223700.0,1538577557.0,TWSE STOCK_DAY,https://www.twse.com.tw/rwd/zh/afterTrading/STOCK_DAY?date=20250201&stockNo=3189&response=json,2025-02-18
2025-02-19,3189,景碩,104.0,110.0,104.0,106.0,23426481.0,2515973856.0,TWSE STOCK_DAY,https://www.twse.com.tw/rwd/zh/afterTrading/STOCK_DAY?date=20250201&stockNo=3189&response=json,2025-02-19
2025-02-20,3189,景碩,106.5,108.0,105.0,107.0,8353844.0,889505599.0,TWSE STOCK_DAY,https://www.twse.com.tw/rwd/zh/afterTrading/STOCK_DAY?date=20250201&stockNo=3189&response=json,2025-02-20
2025-02-21,3189,景碩,106.5,109.0,105.0,107.0,4902589.0,522564666.0,TWSE STOCK_DAY,https://www.twse.com.tw/rwd/zh/afterTrading/STOCK_DAY?date=20250201&stockNo=3189&response=json,2025-02-21
2025-02-24,3189,景碩,105.5,107.0,103.0,104.0,6199055.0,647412952.0,TWSE STOCK_DAY,https://www.twse.com.tw/rwd/zh/afterTrading/STOCK_DAY?date=20250201&stockNo=3189&response=json,2025-02-24
2025-02-25,3189,景碩,104.0,107.5,103.5,105.0,9003987.0,953623986.0,TWSE STOCK_DAY,https://www.twse.com.tw/rwd/zh/afterTrading/STOCK_DAY?date=20250201&stockNo=3189&response=json,2025-02-25
2025-02-26,3189,景碩,104.5,105.5,103.0,104.0,5894571.0,613468364.0,TWSE STOCK_DAY,https://www.twse.com.tw/rwd/zh/afterTrading/STOCK_DAY?date=20250201&stockNo=3189&response=json,2025-02-26
2025-02-27,3189,景碩,104.5,105.0,100.5,101.0,6628881.0,675836208.0,TWSE STOCK_DAY,https://www.twse.com.tw/rwd/zh/afterTrading/STOCK_DAY?date=20250201&stockNo=3189&response=json,2025-02-27
2025-03-03,3189,景碩,99.1,101.0,96.7,97.5,7123128.0,698167591.0,TWSE STOCK_DAY,https://www.twse.com.tw/rwd/zh/afterTrading/STOCK_DAY?date=20250301&stockNo=3189&response=json,2025-03-03
2025-03-04,3189,景碩,95.8,98.2,94.8,97.5,4695084.0,454424100.0,TWSE STOCK_DAY,https://www.twse.com.tw/rwd/zh/afterTrading/STOCK_DAY?date=20250301&stockNo=3189&response=json,2025-03-04
2025-03-05,3189,景碩,97.6,104.5,97.6,104.5,8842048.0,903667654.0,TWSE STOCK_DAY,https://www.twse.com.tw/rwd/zh/afterTrading/STOCK_DAY?date=20250301&stockNo=3189&response=json,2025-03-05
2025-03-06,3189,景碩,104.0,104.5,101.0,101.5,4838209.0,496308169.0,TWSE STOCK_DAY,https://www.twse.com.tw/rwd/zh/afterTrading/STOCK_DAY?date=20250301&stockNo=3189&response=json,2025-03-06
2025-03-07,3189,景碩,100.5,102.5,99.3,99.4,3501704.0,351319559.0,TWSE STOCK_DAY,https://www.twse.com.tw/rwd/zh/afterTrading/STOCK_DAY?date=20250301&stockNo=3189&response=json,2025-03-07
2025-03-10,3189,景碩,101.0,101.5,97.8,97.8,3703205.0,367628801.0,TWSE STOCK_DAY,https://www.twse.com.tw/rwd/zh/afterTrading/STOCK_DAY?date=20250301&stockNo=3189&response=json,2025-03-10
2025-03-11,3189,景碩,95.6,98.2,94.3,98.2,3563101.0,343542800.0,TWSE STOCK_DAY,https://www.twse.com.tw/rwd/zh/afterTrading/STOCK_DAY?date=20250301&stockNo=3189&response=json,2025-03-11
2025-03-12,3189,景碩,98.4,100.5,97.5,98.2,3703482.0,365976012.0,TWSE STOCK_DAY,https://www.twse.com.tw/rwd/zh/afterTrading/STOCK_DAY?date=20250301&stockNo=3189&response=json,2025-03-12
2025-03-13,3189,景碩,100.0,100.5,96.0,96.0,3932087.0,384001833.0,TWSE STOCK_DAY,https://www.twse.com.tw/rwd/zh/afterTrading/STOCK_DAY?date=20250301&stockNo=3189&response=json,2025-03-13
2025-03-14,3189,景碩,96.5,97.1,95.0,96.7,2687564.0,258425532.0,TWSE STOCK_DAY,https://www.twse.com.tw/rwd/zh/afterTrading/STOCK_DAY?date=20250301&stockNo=3189&response=json,2025-03-14
2025-03-17,3189,景碩,97.3,97.8,96.5,96.7,1580793.0,153455957.0,TWSE STOCK_DAY,https://www.twse.com.tw/rwd/zh/afterTrading/STOCK_DAY?date=20250301&stockNo=3189&response=json,2025-03-17
2025-03-18,3189,景碩,97.5,97.9,96.4,96.6,1349691.0,130931663.0,TWSE STOCK_DAY,https://www.twse.com.tw/rwd/zh/afterTrading/STOCK_DAY?date=20250301&stockNo=3189&response=json,2025-03-18
2025-03-19,3189,景碩,96.9,97.8,95.0,95.2,3205826.0,307107576.0,TWSE STOCK_DAY,https://www.twse.com.tw/rwd/zh/afterTrading/STOCK_DAY?date=20250301&stockNo=3189&response=json,2025-03-19
2025-03-20,3189,景碩,96.0,97.5,96.0,97.3,1962625.0,190367186.0,TWSE STOCK_DAY,https://www.twse.com.tw/rwd/zh/afterTrading/STOCK_DAY?date=20250301&stockNo=3189&response=json,2025-03-20
2025-03-21,3189,景碩,97.5,97.5,96.5,96.6,875253.0,84730793.0,TWSE STOCK_DAY,https://www.twse.com.tw/rwd/zh/afterTrading/STOCK_DAY?date=20250301&stockNo=3189&response=json,2025-03-21
2025-03-24,3189,景碩,97.5,97.6,95.4,95.5,1452006.0,139603116.0,TWSE STOCK_DAY,https://www.twse.com.tw/rwd/zh/afterTrading/STOCK_DAY?date=20250301&stockNo=3189&response=json,2025-03-24
2025-03-25,3189,景碩,97.0,97.5,94.6,95.1,1739890.0,166307722.0,TWSE STOCK_DAY,https://www.twse.com.tw/rwd/zh/afterTrading/STOCK_DAY?date=20250301&stockNo=3189&response=json,2025-03-25
2025-03-26,3189,景碩,95.5,96.0,94.7,95.0,1270305.0,120799274.0,TWSE STOCK_DAY,https://www.twse.com.tw/rwd/zh/afterTrading/STOCK_DAY?date=20250301&stockNo=3189&response=json,2025-03-26
2025-03-27,3189,景碩,94.2,94.2,92.7,92.8,3631669.0,338693179.0,TWSE STOCK_DAY,https://www.twse.com.tw/rwd/zh/afterTrading/STOCK_DAY?date=20250301&stockNo=3189&response=json,2025-03-27
2025-03-28,3189,景碩,92.5,92.5,88.8,89.9,5184756.0,468295806.0,TWSE STOCK_DAY,https://www.twse.com.tw/rwd/zh/afterTrading/STOCK_DAY?date=20250301&stockNo=3189&response=json,2025-03-28
2025-03-31,3189,景碩,85.0,86.0,81.0,81.0,9368440.0,766614572.0,TWSE STOCK_DAY,https://www.twse.com.tw/rwd/zh/afterTrading/STOCK_DAY?date=20250301&stockNo=3189&response=json,2025-03-31
2025-04-01,3189,景碩,81.4,83.8,80.4,83.0,4195513.0,344768893.0,TWSE STOCK_DAY,https://www.twse.com.tw/rwd/zh/afterTrading/STOCK_DAY?date=20250401&stockNo=3189&response=json,2025-04-01
2025-04-02,3189,景碩,83.0,84.0,81.6,83.7,1901117.0,158000712.0,TWSE STOCK_DAY,https://www.twse.com.tw/rwd/zh/afterTrading/STOCK_DAY?date=20250401&stockNo=3189&response=json,2025-04-02
2025-04-07,3189,景碩,75.4,75.4,75.4,75.4,423853.0,31958411.0,TWSE STOCK_DAY,https://www.twse.com.tw/rwd/zh/afterTrading/STOCK_DAY?date=20250401&stockNo=3189&response=json,2025-04-07
2025-04-08,3189,景碩,67.9,67.9,67.9,67.9,1809235.0,122847232.0,TWSE STOCK_DAY,https://www.twse.com.tw/rwd/zh/afterTrading/STOCK_DAY?date=20250401&stockNo=3189&response=json,2025-04-08
2025-04-09,3189,景碩,61.3,62.5,61.2,61.2,5684447.0,348705273.0,TWSE STOCK_DAY,https://www.twse.com.tw/rwd/zh/afterTrading/STOCK_DAY?date=20250401&stockNo=3189&response=json,2025-04-09
2025-04-10,3189,景碩,66.3,67.3,65.9,67.3,5324920.0,356946779.0,TWSE STOCK_DAY,https://www.twse.com.tw/rwd/zh/afterTrading/STOCK_DAY?date=20250401&stockNo=3189&response=json,2025-04-10
2025-04-11,3189,景碩,62.1,65.8,60.8,65.5,7835211.0,500895142.0,TWSE STOCK_DAY,https://www.twse.com.tw/rwd/zh/afterTrading/STOCK_DAY?date=20250401&stockNo=3189&response=json,2025-04-11
2025-04-14,3189,景碩,68.7,71.2,66.8,67.8,8010657.0,550399231.0,TWSE STOCK_DAY,https://www.twse.com.tw/rwd/zh/afterTrading/STOCK_DAY?date=20250401&stockNo=3189&response=json,2025-04-14
2025-04-15,3189,景碩,69.4,71.8,68.3,71.6,5782865.0,406874029.0,TWSE STOCK_DAY,https://www.twse.com.tw/rwd/zh/afterTrading/STOCK_DAY?date=20250401&stockNo=3189&response=json,2025-04-15
2025-04-16,3189,景碩,71.5,71.5,69.0,69.5,3339876.0,234030499.0,TWSE STOCK_DAY,https://www.twse.com.tw/rwd/zh/afterTrading/STOCK_DAY?date=20250401&stockNo=3189&response=json,2025-04-16
2025-04-17,3189,景碩,68.2,70.6,67.4,70.2,2354367.0,162943743.0,TWSE STOCK_DAY,https://www.twse.com.tw/rwd/zh/afterTrading/STOCK_DAY?date=20250401&stockNo=3189&response=json,2025-04-17
2025-04-18,3189,景碩,70.3,70.4,69.4,69.4,1940055.0,135290454.0,TWSE STOCK_DAY,https://www.twse.com.tw/rwd/zh/afterTrading/STOCK_DAY?date=20250401&stockNo=3189&response=json,2025-04-18
2025-04-21,3189,景碩,69.9,69.9,66.2,66.8,2605489.0,175944438.0,TWSE STOCK_DAY,https://www.twse.com.tw/rwd/zh/afterTrading/STOCK_DAY?date=20250401&stockNo=3189&response=json,2025-04-21
2025-04-22,3189,景碩,66.0,70.1,65.8,67.6,5007003.0,342528550.0,TWSE STOCK_DAY,https://www.twse.com.tw/rwd/zh/afterTrading/STOCK_DAY?date=20250401&stockNo=3189&response=json,2025-04-22
2025-04-23,3189,景碩,70.9,73.3,70.6,71.8,6889058.0,497972677.0,TWSE STOCK_DAY,https://www.twse.com.tw/rwd/zh/afterTrading/STOCK_DAY?date=20250401&stockNo=3189&response=json,2025-04-23
2025-04-24,3189,景碩,72.8,73.3,71.4,71.6,3086312.0,222541228.0,TWSE STOCK_DAY,https://www.twse.com.tw/rwd/zh/afterTrading/STOCK_DAY?date=20250401&stockNo=3189&response=json,2025-04-24
2025-04-25,3189,景碩,73.8,75.7,72.7,74.1,6211202.0,461301524.0,TWSE STOCK_DAY,https://www.twse.com.tw/rwd/zh/afterTrading/STOCK_DAY?date=20250401&stockNo=3189&response=json,2025-04-25
2025-04-28,3189,景碩,75.6,76.4,74.2,76.1,4115257.0,311013907.0,TWSE STOCK_DAY,https://www.twse.com.tw/rwd/zh/afterTrading/STOCK_DAY?date=20250401&stockNo=3189&response=json,2025-04-28
2025-04-29,3189,景碩,77.8,78.0,74.8,76.1,5232088.0,397757317.0,TWSE STOCK_DAY,https://www.twse.com.tw/rwd/zh/afterTrading/STOCK_DAY?date=20250401&stockNo=3189&response=json,2025-04-29
2025-04-30,3189,景碩,75.1,76.4,74.7,75.2,3398646.0,255676851.0,TWSE STOCK_DAY,https://www.twse.com.tw/rwd/zh/afterTrading/STOCK_DAY?date=20250401&stockNo=3189&response=json,2025-04-30
2025-05-02,3189,景碩,76.3,76.7,75.5,76.0,2932595.0,223045338.0,TWSE STOCK_DAY,https://www.twse.com.tw/rwd/zh/afterTrading/STOCK_DAY?date=20250501&stockNo=3189&response=json,2025-05-02
2025-05-05,3189,景碩,77.0,77.3,72.5,74.1,3427006.0,256167898.0,TWSE STOCK_DAY,https://www.twse.com.tw/rwd/zh/afterTrading/STOCK_DAY?date=20250501&stockNo=3189&response=json,2025-05-05
2025-05-06,3189,景碩,74.0,75.4,72.8,74.7,1476001.0,109741232.0,TWSE STOCK_DAY,https://www.twse.com.tw/rwd/zh/afterTrading/STOCK_DAY?date=20250501&stockNo=3189&response=json,2025-05-06
2025-05-07,3189,景碩,75.4,76.2,74.7,75.5,1990414.0,150287781.0,TWSE STOCK_DAY,https://www.twse.com.tw/rwd/zh/afterTrading/STOCK_DAY?date=20250501&stockNo=3189&response=json,2025-05-07
2025-05-08,3189,景碩,76.6,77.7,76.5,76.7,1847767.0,142214202.0,TWSE STOCK_DAY,https://www.twse.com.tw/rwd/zh/afterTrading/STOCK_DAY?date=20250501&stockNo=3189&response=json,2025-05-08
2025-05-09,3189,景碩,77.5,77.6,76.4,77.4,1472068.0,113456875.0,TWSE STOCK_DAY,https://www.twse.com.tw/rwd/zh/afterTrading/STOCK_DAY?date=20250501&stockNo=3189&response=json,2025-05-09
2025-05-12,3189,景碩,79.1,81.5,79.0,81.3,4348534.0,350702027.0,TWSE STOCK_DAY,https://www.twse.com.tw/rwd/zh/afterTrading/STOCK_DAY?date=20250501&stockNo=3189&response=json,2025-05-12
2025-05-13,3189,景碩,84.0,84.2,81.4,82.0,4070189.0,335973822.0,TWSE STOCK_DAY,https://www.twse.com.tw/rwd/zh/afterTrading/STOCK_DAY?date=20250501&stockNo=3189&response=json,2025-05-13
2025-05-14,3189,景碩,82.1,83.0,81.6,82.5,2307734.0,190005705.0,TWSE STOCK_DAY,https://www.twse.com.tw/rwd/zh/afterTrading/STOCK_DAY?date=20250501&stockNo=3189&response=json,2025-05-14
2025-05-15,3189,景碩,82.8,83.2,82.3,82.9,1690664.0,140025727.0,TWSE STOCK_DAY,https://www.twse.com.tw/rwd/zh/afterTrading/STOCK_DAY?date=20250501&stockNo=3189&response=json,2025-05-15
2025-05-16,3189,景碩,83.3,83.8,82.9,83.4,1521407.0,126817881.0,TWSE STOCK_DAY,https://www.twse.com.tw/rwd/zh/afterTrading/STOCK_DAY?date=20250501&stockNo=3189&response=json,2025-05-16
2025-05-19,3189,景碩,83.0,83.1,81.1,81.1,1746828.0,142753036.0,TWSE STOCK_DAY,https://www.twse.com.tw/rwd/zh/afterTrading/STOCK_DAY?date=20250501&stockNo=3189&response=json,2025-05-19
2025-05-20,3189,景碩,81.3,82.1,80.6,81.1,1898749.0,154185014.0,TWSE STOCK_DAY,https://www.twse.com.tw/rwd/zh/afterTrading/STOCK_DAY?date=20250501&stockNo=3189&response=json,2025-05-20
2025-05-21,3189,景碩,81.4,82.7,81.4,82.6,1327669.0,109283620.0,TWSE STOCK_DAY,https://www.twse.com.tw/rwd/zh/afterTrading/STOCK_DAY?date=20250501&stockNo=3189&response=json,2025-05-21
2025-05-22,3189,景碩,82.0,82.2,81.0,81.4,1014329.0,82523163.0,TWSE STOCK_DAY,https://www.twse.com.tw/rwd/zh/afterTrading/STOCK_DAY?date=20250501&stockNo=3189&response=json,2025-05-22
2025-05-23,3189,景碩,81.6,83.6,81.5,81.9,2591319.0,214201479.0,TWSE STOCK_DAY,https://www.twse.com.tw/rwd/zh/afterTrading/STOCK_DAY?date=20250501&stockNo=3189&response=json,2025-05-23
2025-05-26,3189,景碩,81.9,83.0,81.5,83.0,1314226.0,108168461.0,TWSE STOCK_DAY,https://www.twse.com.tw/rwd/zh/afterTrading/STOCK_DAY?date=20250501&stockNo=3189&response=json,2025-05-26
2025-05-27,3189,景碩,85.7,87.3,82.6,82.9,25035468.0,2134103967.0,TWSE STOCK_DAY,https://www.twse.com.tw/rwd/zh/afterTrading/STOCK_DAY?date=20250501&stockNo=3189&response=json,2025-05-27
2025-05-28,3189,景碩,84.0,85.3,80.8,81.7,7329271.0,606965959.0,TWSE STOCK_DAY,https://www.twse.com.tw/rwd/zh/afterTrading/STOCK_DAY?date=20250501&stockNo=3189&response=json,2025-05-28
2025-05-29,3189,景碩,83.0,83.2,81.1,81.7,3517813.0,287938470.0,TWSE STOCK_DAY,https://www.twse.com.tw/rwd/zh/afterTrading/STOCK_DAY?date=20250501&stockNo=3189&response=json,2025-05-29
2025-06-02,3189,景碩,80.3,80.5,77.0,77.2,3861003.0,301719598.0,TWSE STOCK_DAY,https://www.twse.com.tw/rwd/zh/afterTrading/STOCK_DAY?date=20250601&stockNo=3189&response=json,2025-06-02
2025-06-03,3189,景碩,78.1,78.6,77.5,77.6,1406003.0,109579431.0,TWSE STOCK_DAY,https://www.twse.com.tw/rwd/zh/afterTrading/STOCK_DAY?date=20250601&stockNo=3189&response=json,2025-06-03
2025-06-04,3189,景碩,78.7,82.1,78.6,81.3,3361676.0,270842154.0,TWSE STOCK_DAY,https://www.twse.com.tw/rwd/zh/afterTrading/STOCK_DAY?date=20250601&stockNo=3189&response=json,2025-06-04
2025-06-05,3189,景碩,81.0,82.3,80.5,81.2,1334478.0,108560873.0,TWSE STOCK_DAY,https://www.twse.com.tw/rwd/zh/afterTrading/STOCK_DAY?date=20250601&stockNo=3189&response=json,2025-06-05
2025-06-06,3189,景碩,80.6,81.7,80.4,81.2,861755.0,69822504.0,TWSE STOCK_DAY,https://www.twse.com.tw/rwd/zh/afterTrading/STOCK_DAY?date=20250601&stockNo=3189&response=json,2025-06-06
2025-06-09,3189,景碩,81.6,82.3,80.0,80.6,1025525.0,82797902.0,TWSE STOCK_DAY,https://www.twse.com.tw/rwd/zh/afterTrading/STOCK_DAY?date=20250601&stockNo=3189&response=json,2025-06-09
2025-06-10,3189,景碩,81.0,83.7,81.0,83.2,3718207.0,308677843.0,TWSE STOCK_DAY,https://www.twse.com.tw/rwd/zh/afterTrading/STOCK_DAY?date=20250601&stockNo=3189&response=json,2025-06-10
2025-06-11,3189,景碩,84.1,91.5,83.6,91.5,18371938.0,1630995960.0,TWSE STOCK_DAY,https://www.twse.com.tw/rwd/zh/afterTrading/STOCK_DAY?date=20250601&stockNo=3189&response=json,2025-06-11
2025-06-12,3189,景碩,90.0,92.2,89.6,91.2,12037106.0,1095935076.0,TWSE STOCK_DAY,https://www.twse.com.tw/rwd/zh/afterTrading/STOCK_DAY?date=20250601&stockNo=3189&response=json,2025-06-12
2025-06-13,3189,景碩,90.1,90.9,87.5,87.5,6762971.0,601307297.0,TWSE STOCK_DAY,https://www.twse.com.tw/rwd/zh/afterTrading/STOCK_DAY?date=20250601&stockNo=3189&response=json,2025-06-13
2025-06-16,3189,景碩,87.3,89.3,86.7,87.4,4352885.0,382783980.0,TWSE STOCK_DAY,https://www.twse.com.tw/rwd/zh/afterTrading/STOCK_DAY?date=20250601&stockNo=3189&response=json,2025-06-16
2025-06-17,3189,景碩,88.0,88.7,84.9,85.1,4912693.0,423350356.0,TWSE STOCK_DAY,https://www.twse.com.tw/rwd/zh/afterTrading/STOCK_DAY?date=20250601&stockNo=3189&response=json,2025-06-17
2025-06-18,3189,景碩,85.1,86.8,85.0,85.1,3124541.0,267124239.0,TWSE STOCK_DAY,https://www.twse.com.tw/rwd/zh/afterTrading/STOCK_DAY?date=20250601&stockNo=3189&response=json,2025-06-18
2025-06-19,3189,景碩,85.1,85.4,83.5,83.9,2183537.0,183492826.0,TWSE STOCK_DAY,https://www.twse.com.tw/rwd/zh/afterTrading/STOCK_DAY?date=20250601&stockNo=3189&response=json,2025-06-19
2025-06-20,3189,景碩,84.1,84.5,82.3,82.4,1777540.0,147292469.0,TWSE STOCK_DAY,https://www.twse.com.tw/rwd/zh/afterTrading/STOCK_DAY?date=20250601&stockNo=3189&response=json,2025-06-20
2025-06-23,3189,景碩,80.5,86.7,80.3,83.1,9969376.0,840296470.0,TWSE STOCK_DAY,https://www.twse.com.tw/rwd/zh/afterTrading/STOCK_DAY?date=20250601&stockNo=3189&response=json,2025-06-23
2025-06-24,3189,景碩,84.1,86.0,83.7,84.8,6012842.0,509109272.0,TWSE STOCK_DAY,https://www.twse.com.tw/rwd/zh/afterTrading/STOCK_DAY?date=20250601&stockNo=3189&response=json,2025-06-24
2025-06-25,3189,景碩,85.6,87.2,85.4,85.5,6199966.0,534203529.0,TWSE STOCK_DAY,https://www.twse.com.tw/rwd/zh/afterTrading/STOCK_DAY?date=20250601&stockNo=3189&response=json,2025-06-25
2025-06-26,3189,景碩,85.5,86.0,84.4,84.8,2249014.0,191426667.0,TWSE STOCK_DAY,https://www.twse.com.tw/rwd/zh/afterTrading/STOCK_DAY?date=20250601&stockNo=3189&response=json,2025-06-26
2025-06-27,3189,景碩,85.6,85.8,84.4,85.2,2157064.0,182936730.0,TWSE STOCK_DAY,https://www.twse.com.tw/rwd/zh/afterTrading/STOCK_DAY?date=20250601&stockNo=3189&response=json,2025-06-27
2025-06-30,3189,景碩,85.1,85.5,83.4,83.7,2144559.0,180236575.0,TWSE STOCK_DAY,https://www.twse.com.tw/rwd/zh/afterTrading/STOCK_DAY?date=20250601&stockNo=3189&response=json,2025-06-30
2025-07-01,3189,景碩,84.2,85.5,83.8,83.8,1643936.0,138892328.0,TWSE STOCK_DAY,https://www.twse.com.tw/rwd/zh/afterTrading/STOCK_DAY?date=20250701&stockNo=3189&response=json,2025-07-01
2025-07-02,3189,景碩,84.2,84.5,83.4,84.0,1395387.0,117126656.0,TWSE STOCK_DAY,https://www.twse.com.tw/rwd/zh/afterTrading/STOCK_DAY?date=20250701&stockNo=3189&response=json,2025-07-02
2025-07-03,3189,景碩,83.7,89.7,83.7,88.2,20853879.0,1823017642.0,TWSE STOCK_DAY,https://www.twse.com.tw/rwd/zh/afterTrading/STOCK_DAY?date=20250701&stockNo=3189&response=json,2025-07-03
2025-07-04,3189,景碩,88.8,95.0,88.2,88.2,31370223.0,2890245576.0,TWSE STOCK_DAY,https://www.twse.com.tw/rwd/zh/afterTrading/STOCK_DAY?date=20250701&stockNo=3189&response=json,2025-07-04
2025-07-07,3189,景碩,91.3,92.0,86.8,87.1,25932862.0,2304367657.0,TWSE STOCK_DAY,https://www.twse.com.tw/rwd/zh/afterTrading/STOCK_DAY?date=20250701&stockNo=3189&response=json,2025-07-07
2025-07-08,3189,景碩,86.5,87.5,85.3,87.2,4959331.0,428956777.0,TWSE STOCK_DAY,https://www.twse.com.tw/rwd/zh/afterTrading/STOCK_DAY?date=20250701&stockNo=3189&response=json,2025-07-08
2025-07-09,3189,景碩,86.9,91.5,86.4,90.7,16252754.0,1456072589.0,TWSE STOCK_DAY,https://www.twse.com.tw/rwd/zh/afterTrading/STOCK_DAY?date=20250701&stockNo=3189&response=json,2025-07-09
2025-07-10,3189,景碩,91.0,92.2,89.8,90.4,11796258.0,1071655701.0,TWSE STOCK_DAY,https://www.twse.com.tw/rwd/zh/afterTrading/STOCK_DAY?date=20250701&stockNo=3189&response=json,2025-07-10
2025-07-11,3189,景碩,89.9,91.5,89.8,90.3,4258780.0,385601137.0,TWSE STOCK_DAY,https://www.twse.com.tw/rwd/zh/afterTrading/STOCK_DAY?date=20250701&stockNo=3189&response=json,2025-07-11
2025-07-14,3189,景碩,90.0,90.7,88.3,90.2,3661908.0,328847387.0,TWSE STOCK_DAY,https://www.twse.com.tw/rwd/zh/afterTrading/STOCK_DAY?date=20250701&stockNo=3189&response=json,2025-07-14
2025-07-15,3189,景碩,89.8,99.2,89.7,99.2,55449936.0,5307064355.0,TWSE STOCK_DAY,https://www.twse.com.tw/rwd/zh/afterTrading/STOCK_DAY?date=20250701&stockNo=3189&response=json,2025-07-15
2025-07-16,3189,景碩,100.5,105.5,98.4,102.5,82541278.0,8452312656.0,TWSE STOCK_DAY,https://www.twse.com.tw/rwd/zh/afterTrading/STOCK_DAY?date=20250701&stockNo=3189&response=json,2025-07-16
2025-07-17,3189,景碩,102.0,103.5,99.8,101.5,19639953.0,1984024451.0,TWSE STOCK_DAY,https://www.twse.com.tw/rwd/zh/afterTrading/STOCK_DAY?date=20250701&stockNo=3189&response=json,2025-07-17
2025-07-18,3189,景碩,101.5,102.5,100.5,101.0,7867313.0,795839943.0,TWSE STOCK_DAY,https://www.twse.com.tw/rwd/zh/afterTrading/STOCK_DAY?date=20250701&stockNo=3189&response=json,2025-07-18
2025-07-21,3189,景碩,101.5,107.0,100.5,104.5,19375721.0,2026108297.0,TWSE STOCK_DAY,https://www.twse.com.tw/rwd/zh/afterTrading/STOCK_DAY?date=20250701&stockNo=3189&response=json,2025-07-21
2025-07-22,3189,景碩,104.5,105.5,100.0,100.5,12780325.0,1306204835.0,TWSE STOCK_DAY,https://www.twse.com.tw/rwd/zh/afterTrading/STOCK_DAY?date=20250701&stockNo=3189&response=json,2025-07-22
2025-07-23,3189,景碩,102.5,106.5,101.0,103.0,20003904.0,2083770808.0,TWSE STOCK_DAY,https://www.twse.com.tw/rwd/zh/afterTrading/STOCK_DAY?date=20250701&stockNo=3189&response=json,2025-07-23
2025-07-24,3189,景碩,103.5,104.5,101.5,103.0,11245913.0,1155320226.0,TWSE STOCK_DAY,https://www.twse.com.tw/rwd/zh/afterTrading/STOCK_DAY?date=20250701&stockNo=3189&response=json,2025-07-24
2025-07-25,3189,景碩,102.5,104.0,99.9,100.0,15399323.0,1562109445.0,TWSE STOCK_DAY,https://www.twse.com.tw/rwd/zh/afterTrading/STOCK_DAY?date=20250701&stockNo=3189&response=json,2025-07-25
2025-07-28,3189,景碩,101.0,102.0,100.0,100.0,9449515.0,951874070.0,TWSE STOCK_DAY,https://www.twse.com.tw/rwd/zh/afterTrading/STOCK_DAY?date=20250701&stockNo=3189&response=json,2025-07-28
2025-07-29,3189,景碩,103.5,109.0,103.5,106.0,57958638.0,6150725575.0,TWSE STOCK_DAY,https://www.twse.com.tw/rwd/zh/afterTrading/STOCK_DAY?date=20250701&stockNo=3189&response=json,2025-07-29
2025-07-30,3189,景碩,106.0,107.0,103.5,105.0,18862289.0,1980053699.0,TWSE STOCK_DAY,https://www.twse.com.tw/rwd/zh/afterTrading/STOCK_DAY?date=20250701&stockNo=3189&response=json,2025-07-30
2025-07-31,3189,景碩,104.0,104.0,101.0,103.0,10358515.0,1063042828.0,TWSE STOCK_DAY,https://www.twse.com.tw/rwd/zh/afterTrading/STOCK_DAY?date=20250701&stockNo=3189&response=json,2025-07-31
2025-08-01,3189,景碩,101.0,104.5,100.5,103.0,6826256.0,704686331.0,TWSE STOCK_DAY,https://www.twse.com.tw/rwd/zh/afterTrading/STOCK_DAY?date=20250801&stockNo=3189&response=json,2025-08-01
2025-08-04,3189,景碩,102.0,103.0,101.0,101.5,5113200.0,520575958.0,TWSE STOCK_DAY,https://www.twse.com.tw/rwd/zh/afterTrading/STOCK_DAY?date=20250801&stockNo=3189&response=json,2025-08-04
2025-08-05,3189,景碩,102.5,103.0,101.5,101.5,5327764.0,544078079.0,TWSE STOCK_DAY,https://www.twse.com.tw/rwd/zh/afterTrading/STOCK_DAY?date=20250801&stockNo=3189&response=json,2025-08-05
2025-08-06,3189,景碩,101.5,102.5,101.0,101.0,3864864.0,392277697.0,TWSE STOCK_DAY,https://www.twse.com.tw/rwd/zh/afterTrading/STOCK_DAY?date=20250801&stockNo=3189&response=json,2025-08-06
2025-08-07,3189,景碩,102.5,104.5,101.5,101.5,7599752.0,781855440.0,TWSE STOCK_DAY,https://www.twse.com.tw/rwd/zh/afterTrading/STOCK_DAY?date=20250801&stockNo=3189&response=json,2025-08-07
2025-08-08,3189,景碩,102.5,103.5,101.0,101.5,5234174.0,535328024.0,TWSE STOCK_DAY,https://www.twse.com.tw/rwd/zh/afterTrading/STOCK_DAY?date=20250801&stockNo=3189&response=json,2025-08-08
2025-08-11,3189,景碩,100.5,106.0,100.5,104.5,11148469.0,1156297267.0,TWSE STOCK_DAY,https://www.twse.com.tw/rwd/zh/afterTrading/STOCK_DAY?date=20250801&stockNo=3189&response=json,2025-08-11
2025-08-12,3189,景碩,104.5,104.5,102.5,103.5,4899759.0,506991891.0,TWSE STOCK_DAY,https://www.twse.com.tw/rwd/zh/afterTrading/STOCK_DAY?date=20250801&stockNo=3189&response=json,2025-08-12
2025-08-13,3189,景碩,104.5,105.5,102.0,103.0,7420836.0,770725374.0,TWSE STOCK_DAY,https://www.twse.com.tw/rwd/zh/afterTrading/STOCK_DAY?date=20250801&stockNo=3189&response=json,2025-08-13
2025-08-14,3189,景碩,104.0,106.5,102.0,103.0,8837633.0,916294216.0,TWSE STOCK_DAY,https://www.twse.com.tw/rwd/zh/afterTrading/STOCK_DAY?date=20250801&stockNo=3189&response=json,2025-08-14
2025-08-15,3189,景碩,103.5,106.0,101.0,102.0,9143285.0,941896055.0,TWSE STOCK_DAY,https://www.twse.com.tw/rwd/zh/afterTrading/STOCK_DAY?date=20250801&stockNo=3189&response=json,2025-08-15
2025-08-18,3189,景碩,102.5,112.0,101.5,111.5,34795232.0,3805415051.0,TWSE STOCK_DAY,https://www.twse.com.tw/rwd/zh/afterTrading/STOCK_DAY?date=20250801&stockNo=3189&response=json,2025-08-18
2025-08-19,3189,景碩,114.0,115.0,108.0,108.5,27882348.0,3092863124.0,TWSE STOCK_DAY,https://www.twse.com.tw/rwd/zh/afterTrading/STOCK_DAY?date=20250801&stockNo=3189&response=json,2025-08-19
2025-08-20,3189,景碩,108.0,109.5,102.0,102.5,16616915.0,1745467842.0,TWSE STOCK_DAY,https://www.twse.com.tw/rwd/zh/afterTrading/STOCK_DAY?date=20250801&stockNo=3189&response=json,2025-08-20
2025-08-21,3189,景碩,103.5,106.0,103.0,105.0,6419914.0,672877885.0,TWSE STOCK_DAY,https://www.twse.com.tw/rwd/zh/afterTrading/STOCK_DAY?date=20250801&stockNo=3189&response=json,2025-08-21
2025-08-22,3189,景碩,105.5,107.5,104.0,105.0,7625356.0,805961409.0,TWSE STOCK_DAY,https://www.twse.com.tw/rwd/zh/afterTrading/STOCK_DAY?date=20250801&stockNo=3189&response=json,2025-08-22
2025-08-25,3189,景碩,107.5,109.0,106.5,107.5,7122782.0,765766924.0,TWSE STOCK_DAY,https://www.twse.com.tw/rwd/zh/afterTrading/STOCK_DAY?date=20250801&stockNo=3189&response=json,2025-08-25
2025-08-26,3189,景碩,111.5,118.0,110.5,114.0,36185982.0,4142697004.0,TWSE STOCK_DAY,https://www.twse.com.tw/rwd/zh/afterTrading/STOCK_DAY?date=20250801&stockNo=3189&response=json,2025-08-26
2025-08-27,3189,景碩,115.5,117.5,114.0,114.5,36160894.0,4175937133.0,TWSE STOCK_DAY,https://www.twse.com.tw/rwd/zh/afterTrading/STOCK_DAY?date=20250801&stockNo=3189&response=json,2025-08-27
2025-08-28,3189,景碩,114.5,118.5,112.5,113.5,24926754.0,2874656755.0,TWSE STOCK_DAY,https://www.twse.com.tw/rwd/zh/afterTrading/STOCK_DAY?date=20250801&stockNo=3189&response=json,2025-08-28
2025-08-29,3189,景碩,116.0,116.0,112.5,113.5,11750138.0,1337141014.0,TWSE STOCK_DAY,https://www.twse.com.tw/rwd/zh/afterTrading/STOCK_DAY?date=20250801&stockNo=3189&response=json,2025-08-29
2025-09-01,3189,景碩,113.5,113.5,105.5,105.5,11813090.0,1278072805.0,TWSE STOCK_DAY,https://www.twse.com.tw/rwd/zh/afterTrading/STOCK_DAY?date=20250901&stockNo=3189&response=json,2025-09-01
2025-09-02,3189,景碩,107.5,107.5,102.5,104.0,6326512.0,661584648.0,TWSE STOCK_DAY,https://www.twse.com.tw/rwd/zh/afterTrading/STOCK_DAY?date=20250901&stockNo=3189&response=json,2025-09-02
2025-09-03,3189,景碩,104.0,105.0,103.0,104.0,3612486.0,376224160.0,TWSE STOCK_DAY,https://www.twse.com.tw/rwd/zh/afterTrading/STOCK_DAY?date=20250901&stockNo=3189&response=json,2025-09-03
2025-09-04,3189,景碩,105.5,105.5,102.5,103.0,4600387.0,476939492.0,TWSE STOCK_DAY,https://www.twse.com.tw/rwd/zh/afterTrading/STOCK_DAY?date=20250901&stockNo=3189&response=json,2025-09-04
2025-09-05,3189,景碩,104.5,105.0,102.5,103.0,3590793.0,371988599.0,TWSE STOCK_DAY,https://www.twse.com.tw/rwd/zh/afterTrading/STOCK_DAY?date=20250901&stockNo=3189&response=json,2025-09-05
2025-09-08,3189,景碩,104.5,105.5,103.5,103.5,3215000.0,334993593.0,TWSE STOCK_DAY,https://www.twse.com.tw/rwd/zh/afterTrading/STOCK_DAY?date=20250901&stockNo=3189&response=json,2025-09-08
2025-09-09,3189,景碩,104.5,105.0,103.5,104.0,3002417.0,312494027.0,TWSE STOCK_DAY,https://www.twse.com.tw/rwd/zh/afterTrading/STOCK_DAY?date=20250901&stockNo=3189&response=json,2025-09-09
2025-09-10,3189,景碩,105.0,106.5,104.0,106.0,5979849.0,630986570.0,TWSE STOCK_DAY,https://www.twse.com.tw/rwd/zh/afterTrading/STOCK_DAY?date=20250901&stockNo=3189&response=json,2025-09-10
2025-09-11,3189,景碩,106.5,107.0,104.0,104.5,7045396.0,740557205.0,TWSE STOCK_DAY,https://www.twse.com.tw/rwd/zh/afterTrading/STOCK_DAY?date=20250901&stockNo=3189&response=json,2025-09-11
2025-09-12,3189,景碩,105.0,107.5,105.0,105.5,4293884.0,454968811.0,TWSE STOCK_DAY,https://www.twse.com.tw/rwd/zh/afterTrading/STOCK_DAY?date=20250901&stockNo=3189&response=json,2025-09-12
2025-09-15,3189,景碩,105.0,105.5,102.0,102.5,4670092.0,481657701.0,TWSE STOCK_DAY,https://www.twse.com.tw/rwd/zh/afterTrading/STOCK_DAY?date=20250901&stockNo=3189&response=json,2025-09-15
2025-09-16,3189,景碩,103.5,112.0,103.0,110.5,17073746.0,1851466424.0,TWSE STOCK_DAY,https://www.twse.com.tw/rwd/zh/afterTrading/STOCK_DAY?date=20250901&stockNo=3189&response=json,2025-09-16
2025-09-17,3189,景碩,111.5,112.0,107.5,108.0,12614631.0,1383370788.0,TWSE STOCK_DAY,https://www.twse.com.tw/rwd/zh/afterTrading/STOCK_DAY?date=20250901&stockNo=3189&response=json,2025-09-17
2025-09-18,3189,景碩,109.5,110.0,108.0,110.0,5478164.0,598004612.0,TWSE STOCK_DAY,https://www.twse.com.tw/rwd/zh/afterTrading/STOCK_DAY?date=20250901&stockNo=3189&response=json,2025-09-18
2025-09-19,3189,景碩,111.5,115.5,109.5,109.5,32263559.0,3616780754.0,TWSE STOCK_DAY,https://www.twse.com.tw/rwd/zh/afterTrading/STOCK_DAY?date=20250901&stockNo=3189&response=json,2025-09-19
2025-09-22,3189,景碩,110.0,115.0,109.0,113.5,16868597.0,1890094932.0,TWSE STOCK_DAY,https://www.twse.com.tw/rwd/zh/afterTrading/STOCK_DAY?date=20250901&stockNo=3189&response=json,2025-09-22
2025-09-23,3189,景碩,113.5,116.5,111.0,111.5,16951612.0,1926453435.0,TWSE STOCK_DAY,https://www.twse.com.tw/rwd/zh/afterTrading/STOCK_DAY?date=20250901&stockNo=3189&response=json,2025-09-23
2025-09-24,3189,景碩,112.5,113.0,109.5,110.5,7553462.0,836453919.0,TWSE STOCK_DAY,https://www.twse.com.tw/rwd/zh/afterTrading/STOCK_DAY?date=20250901&stockNo=3189&response=json,2025-09-24
2025-09-25,3189,景碩,110.0,114.5,110.0,111.0,7110406.0,796837936.0,TWSE STOCK_DAY,https://www.twse.com.tw/rwd/zh/afterTrading/STOCK_DAY?date=20250901&stockNo=3189&response=json,2025-09-25
2025-09-26,3189,景碩,111.0,111.5,105.0,105.0,7108947.0,759252217.0,TWSE STOCK_DAY,https://www.twse.com.tw/rwd/zh/afterTrading/STOCK_DAY?date=20250901&stockNo=3189&response=json,2025-09-26
2025-09-30,3189,景碩,107.0,108.5,106.5,107.5,3369323.0,361901715.0,TWSE STOCK_DAY,https://www.twse.com.tw/rwd/zh/afterTrading/STOCK_DAY?date=20250901&stockNo=3189&response=json,2025-09-30
2025-10-01,3189,景碩,107.5,110.0,106.0,106.0,4275623.0,461453100.0,TWSE STOCK_DAY,https://www.twse.com.tw/rwd/zh/afterTrading/STOCK_DAY?date=20251001&stockNo=3189&response=json,2025-10-01
2025-10-02,3189,景碩,107.5,109.5,105.0,109.0,5376162.0,579039518.0,TWSE STOCK_DAY,https://www.twse.com.tw/rwd/zh/afterTrading/STOCK_DAY?date=20251001&stockNo=3189&response=json,2025-10-02
2025-10-03,3189,景碩,108.5,114.0,108.0,112.0,11149354.0,1248226274.0,TWSE STOCK_DAY,https://www.twse.com.tw/rwd/zh/afterTrading/STOCK_DAY?date=20251001&stockNo=3189&response=json,2025-10-03
2025-10-07,3189,景碩,120.0,120.0,114.0,115.0,19152367.0,2233657143.0,TWSE STOCK_DAY,https://www.twse.com.tw/rwd/zh/afterTrading/STOCK_DAY?date=20251001&stockNo=3189&response=json,2025-10-07
2025-10-08,3189,景碩,114.0,126.0,114.0,125.0,29099122.0,3501860346.0,TWSE STOCK_DAY,https://www.twse.com.tw/rwd/zh/afterTrading/STOCK_DAY?date=20251001&stockNo=3189&response=json,2025-10-08
2025-10-09,3189,景碩,129.0,137.5,128.0,137.5,34050158.0,4574520594.0,TWSE STOCK_DAY,https://www.twse.com.tw/rwd/zh/afterTrading/STOCK_DAY?date=20251001&stockNo=3189&response=json,2025-10-09
2025-10-13,3189,景碩,131.0,134.5,124.5,133.5,47676620.0,6203958752.0,TWSE STOCK_DAY,https://www.twse.com.tw/rwd/zh/afterTrading/STOCK_DAY?date=20251001&stockNo=3189&response=json,2025-10-13
2025-10-14,3189,景碩,137.5,138.5,122.5,122.5,46539665.0,5992332682.0,TWSE STOCK_DAY,https://www.twse.com.tw/rwd/zh/afterTrading/STOCK_DAY?date=20251001&stockNo=3189&response=json,2025-10-14
2025-10-15,3189,景碩,127.0,134.5,126.5,134.5,31246546.0,4117754864.0,TWSE STOCK_DAY,https://www.twse.com.tw/rwd/zh/afterTrading/STOCK_DAY?date=20251001&stockNo=3189&response=json,2025-10-15
2025-10-16,3189,景碩,140.0,147.5,140.0,147.5,94624983.0,13704030189.0,TWSE STOCK_DAY,https://www.twse.com.tw/rwd/zh/afterTrading/STOCK_DAY?date=20251001&stockNo=3189&response=json,2025-10-16
2025-10-17,3189,景碩,147.5,155.0,145.5,151.0,80994354.0,12220230169.0,TWSE STOCK_DAY,https://www.twse.com.tw/rwd/zh/afterTrading/STOCK_DAY?date=20251001&stockNo=3189&response=json,2025-10-17
2025-10-20,3189,景碩,158.0,158.5,150.0,151.0,43424509.0,6650821658.0,TWSE STOCK_DAY,https://www.twse.com.tw/rwd/zh/afterTrading/STOCK_DAY?date=20251001&stockNo=3189&response=json,2025-10-20
2025-10-21,3189,景碩,151.5,151.5,147.5,150.0,18718561.0,2798634793.0,TWSE STOCK_DAY,https://www.twse.com.tw/rwd/zh/afterTrading/STOCK_DAY?date=20251001&stockNo=3189&response=json,2025-10-21
2025-10-22,3189,景碩,150.0,152.0,144.5,146.5,25129404.0,3700395902.0,TWSE STOCK_DAY,https://www.twse.com.tw/rwd/zh/afterTrading/STOCK_DAY?date=20251001&stockNo=3189&response=json,2025-10-22
2025-10-23,3189,景碩,145.0,149.0,142.0,145.0,18163984.0,2636150024.0,TWSE STOCK_DAY,https://www.twse.com.tw/rwd/zh/afterTrading/STOCK_DAY?date=20251001&stockNo=3189&response=json,2025-10-23
2025-10-27,3189,景碩,149.0,151.0,145.0,148.5,20808243.0,3082492667.0,TWSE STOCK_DAY,https://www.twse.com.tw/rwd/zh/afterTrading/STOCK_DAY?date=20251001&stockNo=3189&response=json,2025-10-27
2025-10-28,3189,景碩,146.0,147.5,135.5,137.5,37424043.0,5209681604.0,TWSE STOCK_DAY,https://www.twse.com.tw/rwd/zh/afterTrading/STOCK_DAY?date=20251001&stockNo=3189&response=json,2025-10-28
2025-10-29,3189,景碩,137.5,140.0,135.5,139.0,13470048.0,1860159401.0,TWSE STOCK_DAY,https://www.twse.com.tw/rwd/zh/afterTrading/STOCK_DAY?date=20251001&stockNo=3189&response=json,2025-10-29
2025-10-30,3189,景碩,139.0,141.5,135.0,137.5,11010943.0,1521711998.0,TWSE STOCK_DAY,https://www.twse.com.tw/rwd/zh/afterTrading/STOCK_DAY?date=20251001&stockNo=3189&response=json,2025-10-30
2025-10-31,3189,景碩,137.0,140.0,136.0,136.5,10256984.0,1411251366.0,TWSE STOCK_DAY,https://www.twse.com.tw/rwd/zh/afterTrading/STOCK_DAY?date=20251001&stockNo=3189&response=json,2025-10-31
2025-11-03,3189,景碩,137.5,145.0,137.0,139.0,29599020.0,4159290874.0,TWSE STOCK_DAY,https://www.twse.com.tw/rwd/zh/afterTrading/STOCK_DAY?date=20251101&stockNo=3189&response=json,2025-11-03
2025-11-04,3189,景碩,140.0,141.5,134.5,134.5,15619307.0,2155556207.0,TWSE STOCK_DAY,https://www.twse.com.tw/rwd/zh/afterTrading/STOCK_DAY?date=20251101&stockNo=3189&response=json,2025-11-04
2025-11-05,3189,景碩,129.0,133.0,127.5,132.5,12839840.0,1672174273.0,TWSE STOCK_DAY,https://www.twse.com.tw/rwd/zh/afterTrading/STOCK_DAY?date=20251101&stockNo=3189&response=json,2025-11-05
2025-11-06,3189,景碩,133.5,133.5,128.5,130.0,11140217.0,1449202313.0,TWSE STOCK_DAY,https://www.twse.com.tw/rwd/zh/afterTrading/STOCK_DAY?date=20251101&stockNo=3189&response=json,2025-11-06
2025-11-07,3189,景碩,128.5,130.0,127.0,128.0,5615171.0,720475692.0,TWSE STOCK_DAY,https://www.twse.com.tw/rwd/zh/afterTrading/STOCK_DAY?date=20251101&stockNo=3189&response=json,2025-11-07
2025-11-10,3189,景碩,128.0,130.0,125.5,128.0,7515530.0,961659240.0,TWSE STOCK_DAY,https://www.twse.com.tw/rwd/zh/afterTrading/STOCK_DAY?date=20251101&stockNo=3189&response=json,2025-11-10
2025-11-11,3189,景碩,128.0,130.0,127.0,128.0,6620460.0,851438228.0,TWSE STOCK_DAY,https://www.twse.com.tw/rwd/zh/afterTrading/STOCK_DAY?date=20251101&stockNo=3189&response=json,2025-11-11
2025-11-12,3189,景碩,129.5,132.0,128.5,131.5,9632201.0,1255813585.0,TWSE STOCK_DAY,https://www.twse.com.tw/rwd/zh/afterTrading/STOCK_DAY?date=20251101&stockNo=3189&response=json,2025-11-12
2025-11-13,3189,景碩,132.0,144.5,131.0,144.5,37187636.0,5179385762.0,TWSE STOCK_DAY,https://www.twse.com.tw/rwd/zh/afterTrading/STOCK_DAY?date=20251101&stockNo=3189&response=json,2025-11-13
2025-11-14,3189,景碩,138.5,141.5,135.0,137.0,23417986.0,3242331292.0,TWSE STOCK_DAY,https://www.twse.com.tw/rwd/zh/afterTrading/STOCK_DAY?date=20251101&stockNo=3189&response=json,2025-11-14
2025-11-17,3189,景碩,141.0,149.0,141.0,141.5,28410807.0,4102634242.0,TWSE STOCK_DAY,https://www.twse.com.tw/rwd/zh/afterTrading/STOCK_DAY?date=20251101&stockNo=3189&response=json,2025-11-17
2025-11-18,3189,景碩,139.0,151.5,138.5,145.5,51660967.0,7524818460.0,TWSE STOCK_DAY,https://www.twse.com.tw/rwd/zh/afterTrading/STOCK_DAY?date=20251101&stockNo=3189&response=json,2025-11-18
2025-11-19,3189,景碩,144.5,144.5,132.5,134.5,26934481.0,3709325261.0,TWSE STOCK_DAY,https://www.twse.com.tw/rwd/zh/afterTrading/STOCK_DAY?date=20251101&stockNo=3189&response=json,2025-11-19
2025-11-20,3189,景碩,138.5,144.0,137.0,139.5,22014150.0,3089049924.0,TWSE STOCK_DAY,https://www.twse.com.tw/rwd/zh/afterTrading/STOCK_DAY?date=20251101&stockNo=3189&response=json,2025-11-20
2025-11-21,3189,景碩,134.0,137.0,128.0,129.0,14894940.0,1958235421.0,TWSE STOCK_DAY,https://www.twse.com.tw/rwd/zh/afterTrading/STOCK_DAY?date=20251101&stockNo=3189&response=json,2025-11-21
2025-11-24,3189,景碩,131.5,133.0,126.0,132.0,11346116.0,1467837836.0,TWSE STOCK_DAY,https://www.twse.com.tw/rwd/zh/afterTrading/STOCK_DAY?date=20251101&stockNo=3189&response=json,2025-11-24
2025-11-25,3189,景碩,133.5,139.0,132.0,137.5,14459772.0,1963910283.0,TWSE STOCK_DAY,https://www.twse.com.tw/rwd/zh/afterTrading/STOCK_DAY?date=20251101&stockNo=3189&response=json,2025-11-25
2025-11-26,3189,景碩,138.5,143.0,136.0,138.0,13732682.0,1913931386.0,TWSE STOCK_DAY,https://www.twse.com.tw/rwd/zh/afterTrading/STOCK_DAY?date=20251101&stockNo=3189&response=json,2025-11-26
2025-11-27,3189,景碩,140.5,142.0,138.0,141.0,11127046.0,1562282820.0,TWSE STOCK_DAY,https://www.twse.com.tw/rwd/zh/afterTrading/STOCK_DAY?date=20251101&stockNo=3189&response=json,2025-11-27
2025-11-28,3189,景碩,142.0,143.0,139.0,142.5,6172126.0,872018780.0,TWSE STOCK_DAY,https://www.twse.com.tw/rwd/zh/afterTrading/STOCK_DAY?date=20251101&stockNo=3189&response=json,2025-11-28
2025-12-01,3189,景碩,143.5,147.0,140.5,141.5,24304585.0,3485470228.0,TWSE STOCK_DAY,https://www.twse.com.tw/rwd/zh/afterTrading/STOCK_DAY?date=20251201&stockNo=3189&response=json,2025-12-01
2025-12-02,3189,景碩,141.5,147.0,139.0,141.0,14015056.0,1998070249.0,TWSE STOCK_DAY,https://www.twse.com.tw/rwd/zh/afterTrading/STOCK_DAY?date=20251201&stockNo=3189&response=json,2025-12-02
2025-12-03,3189,景碩,143.0,150.0,142.0,148.0,22630648.0,3317961150.0,TWSE STOCK_DAY,https://www.twse.com.tw/rwd/zh/afterTrading/STOCK_DAY?date=20251201&stockNo=3189&response=json,2025-12-03
2025-12-04,3189,景碩,146.0,157.0,144.5,148.0,36135187.0,5464151946.0,TWSE STOCK_DAY,https://www.twse.com.tw/rwd/zh/afterTrading/STOCK_DAY?date=20251201&stockNo=3189&response=json,2025-12-04
2025-12-05,3189,景碩,149.0,162.0,149.0,157.0,58242653.0,9111637982.0,TWSE STOCK_DAY,https://www.twse.com.tw/rwd/zh/afterTrading/STOCK_DAY?date=20251201&stockNo=3189&response=json,2025-12-05
2025-12-08,3189,景碩,157.5,158.0,152.0,156.0,25285128.0,3921985478.0,TWSE STOCK_DAY,https://www.twse.com.tw/rwd/zh/afterTrading/STOCK_DAY?date=20251201&stockNo=3189&response=json,2025-12-08
2025-12-09,3189,景碩,155.0,164.0,153.0,159.5,39402755.0,6246730880.0,TWSE STOCK_DAY,https://www.twse.com.tw/rwd/zh/afterTrading/STOCK_DAY?date=20251201&stockNo=3189&response=json,2025-12-09
2025-12-10,3189,景碩,159.5,160.0,151.0,152.5,24749013.0,3819313552.0,TWSE STOCK_DAY,https://www.twse.com.tw/rwd/zh/afterTrading/STOCK_DAY?date=20251201&stockNo=3189&response=json,2025-12-10
2025-12-11,3189,景碩,153.0,155.5,150.0,151.5,18231402.0,2789239446.0,TWSE STOCK_DAY,https://www.twse.com.tw/rwd/zh/afterTrading/STOCK_DAY?date=20251201&stockNo=3189&response=json,2025-12-11
2025-12-12,3189,景碩,153.5,157.0,150.0,151.5,10509773.0,1606081919.0,TWSE STOCK_DAY,https://www.twse.com.tw/rwd/zh/afterTrading/STOCK_DAY?date=20251201&stockNo=3189&response=json,2025-12-12
2025-12-15,3189,景碩,146.5,147.5,144.0,146.0,8111511.0,1185398283.0,TWSE STOCK_DAY,https://www.twse.com.tw/rwd/zh/afterTrading/STOCK_DAY?date=20251201&stockNo=3189&response=json,2025-12-15
2025-12-16,3189,景碩,145.0,145.0,138.0,138.5,10257424.0,1439241361.0,TWSE STOCK_DAY,https://www.twse.com.tw/rwd/zh/afterTrading/STOCK_DAY?date=20251201&stockNo=3189&response=json,2025-12-16
2025-12-17,3189,景碩,140.5,141.0,135.5,136.0,7591934.0,1043913150.0,TWSE STOCK_DAY,https://www.twse.com.tw/rwd/zh/afterTrading/STOCK_DAY?date=20251201&stockNo=3189&response=json,2025-12-17
2025-12-18,3189,景碩,134.5,137.0,131.0,132.0,9314258.0,1237690555.0,TWSE STOCK_DAY,https://www.twse.com.tw/rwd/zh/afterTrading/STOCK_DAY?date=20251201&stockNo=3189&response=json,2025-12-18
2025-12-19,3189,景碩,135.0,137.5,133.5,135.0,8859608.0,1198293513.0,TWSE STOCK_DAY,https://www.twse.com.tw/rwd/zh/afterTrading/STOCK_DAY?date=20251201&stockNo=3189&response=json,2025-12-19
2025-12-22,3189,景碩,138.5,148.0,136.0,144.0,17191163.0,2453008543.0,TWSE STOCK_DAY,https://www.twse.com.tw/rwd/zh/afterTrading/STOCK_DAY?date=20251201&stockNo=3189&response=json,2025-12-22
2025-12-23,3189,景碩,145.0,149.0,142.0,142.5,14751212.0,2133033165.0,TWSE STOCK_DAY,https://www.twse.com.tw/rwd/zh/afterTrading/STOCK_DAY?date=20251201&stockNo=3189&response=json,2025-12-23
2025-12-24,3189,景碩,145.0,146.5,142.5,144.0,7020465.0,1013619152.0,TWSE STOCK_DAY,https://www.twse.com.tw/rwd/zh/afterTrading/STOCK_DAY?date=20251201&stockNo=3189&response=json,2025-12-24
2025-12-26,3189,景碩,145.5,157.0,144.5,153.0,23900388.0,3637071817.0,TWSE STOCK_DAY,https://www.twse.com.tw/rwd/zh/afterTrading/STOCK_DAY?date=20251201&stockNo=3189&response=json,2025-12-26
2025-12-29,3189,景碩,153.5,154.5,149.0,150.5,11358969.0,1719577195.0,TWSE STOCK_DAY,https://www.twse.com.tw/rwd/zh/afterTrading/STOCK_DAY?date=20251201&stockNo=3189&response=json,2025-12-29
2025-12-30,3189,景碩,149.5,151.0,146.0,148.0,9624135.0,1423760775.0,TWSE STOCK_DAY,https://www.twse.com.tw/rwd/zh/afterTrading/STOCK_DAY?date=20251201&stockNo=3189&response=json,2025-12-30
2025-12-31,3189,景碩,149.0,161.0,149.0,159.0,36657855.0,5762371179.0,TWSE STOCK_DAY,https://www.twse.com.tw/rwd/zh/afterTrading/STOCK_DAY?date=20251201&stockNo=3189&response=json,2025-12-31
2026-01-02,3189,景碩,162.0,167.0,156.0,156.0,27284853.0,4356529904.0,TWSE STOCK_DAY,https://www.twse.com.tw/rwd/zh/afterTrading/STOCK_DAY?date=20260101&stockNo=3189&response=json,2026-01-02
2026-01-05,3189,景碩,159.0,171.5,151.5,168.0,46626433.0,7657201877.0,TWSE STOCK_DAY,https://www.twse.com.tw/rwd/zh/afterTrading/STOCK_DAY?date=20260101&stockNo=3189&response=json,2026-01-05
2026-01-06,3189,景碩,167.5,172.0,164.0,169.5,29339104.0,4928443340.0,TWSE STOCK_DAY,https://www.twse.com.tw/rwd/zh/afterTrading/STOCK_DAY?date=20260101&stockNo=3189&response=json,2026-01-06
2026-01-07,3189,景碩,178.5,186.0,171.5,175.0,64764264.0,11681189691.0,TWSE STOCK_DAY,https://www.twse.com.tw/rwd/zh/afterTrading/STOCK_DAY?date=20260101&stockNo=3189&response=json,2026-01-07
2026-01-08,3189,景碩,174.5,178.0,164.0,166.0,27885262.0,4724717956.0,TWSE STOCK_DAY,https://www.twse.com.tw/rwd/zh/afterTrading/STOCK_DAY?date=20260101&stockNo=3189&response=json,2026-01-08
2026-01-09,3189,景碩,166.0,177.0,164.5,168.5,31041101.0,5318983421.0,TWSE STOCK_DAY,https://www.twse.com.tw/rwd/zh/afterTrading/STOCK_DAY?date=20260101&stockNo=3189&response=json,2026-01-09
2026-01-12,3189,景碩,172.5,182.5,172.5,181.0,31251113.0,5598128879.0,TWSE STOCK_DAY,https://www.twse.com.tw/rwd/zh/afterTrading/STOCK_DAY?date=20260101&stockNo=3189&response=json,2026-01-12
2026-01-13,3189,景碩,179.5,184.5,175.5,176.5,35678180.0,6424490301.0,TWSE STOCK_DAY,https://www.twse.com.tw/rwd/zh/afterTrading/STOCK_DAY?date=20260101&stockNo=3189&response=json,2026-01-13
2026-01-14,3189,景碩,179.0,179.5,171.0,172.0,18862843.0,3285659293.0,TWSE STOCK_DAY,https://www.twse.com.tw/rwd/zh/afterTrading/STOCK_DAY?date=20260101&stockNo=3189&response=json,2026-01-14
2026-01-15,3189,景碩,172.5,179.0,170.0,175.0,25414189.0,4422241908.0,TWSE STOCK_DAY,https://www.twse.com.tw/rwd/zh/afterTrading/STOCK_DAY?date=20260101&stockNo=3189&response=json,2026-01-15
2026-01-16,3189,景碩,176.5,192.5,174.5,192.5,55502025.0,10394261525.0,TWSE STOCK_DAY,https://www.twse.com.tw/rwd/zh/afterTrading/STOCK_DAY?date=20260101&stockNo=3189&response=json,2026-01-16
2026-01-19,3189,景碩,197.5,211.5,195.0,211.5,68351434.0,13946684135.0,TWSE STOCK_DAY,https://www.twse.com.tw/rwd/zh/afterTrading/STOCK_DAY?date=20260101&stockNo=3189&response=json,2026-01-19
2026-01-20,3189,景碩,209.5,220.5,202.0,206.5,95080480.0,20135697364.0,TWSE STOCK_DAY,https://www.twse.com.tw/rwd/zh/afterTrading/STOCK_DAY?date=20260101&stockNo=3189&response=json,2026-01-20
2026-01-21,3189,景碩,206.0,218.0,200.0,200.0,72926558.0,15193069799.0,TWSE STOCK_DAY,https://www.twse.com.tw/rwd/zh/afterTrading/STOCK_DAY?date=20260101&stockNo=3189&response=json,2026-01-21
2026-01-22,3189,景碩,209.0,213.0,205.0,205.5,30531808.0,6385832463.0,TWSE STOCK_DAY,https://www.twse.com.tw/rwd/zh/afterTrading/STOCK_DAY?date=20260101&stockNo=3189&response=json,2026-01-22
2026-01-23,3189,景碩,207.0,215.0,204.0,214.0,31668283.0,6644620277.0,TWSE STOCK_DAY,https://www.twse.com.tw/rwd/zh/afterTrading/STOCK_DAY?date=20260101&stockNo=3189&response=json,2026-01-23
2026-01-26,3189,景碩,210.0,214.0,205.5,208.0,21470613.0,4496522545.0,TWSE STOCK_DAY,https://www.twse.com.tw/rwd/zh/afterTrading/STOCK_DAY?date=20260101&stockNo=3189&response=json,2026-01-26
2026-01-27,3189,景碩,213.0,228.5,210.0,228.5,32338657.0,7209176516.0,TWSE STOCK_DAY,https://www.twse.com.tw/rwd/zh/afterTrading/STOCK_DAY?date=20260101&stockNo=3189&response=json,2026-01-27
2026-01-28,3189,景碩,228.5,249.5,227.0,243.5,66707750.0,15923955501.0,TWSE STOCK_DAY,https://www.twse.com.tw/rwd/zh/afterTrading/STOCK_DAY?date=20260101&stockNo=3189&response=json,2026-01-28
2026-01-29,3189,景碩,243.5,243.5,219.5,229.5,39665970.0,9099487862.0,TWSE STOCK_DAY,https://www.twse.com.tw/rwd/zh/afterTrading/STOCK_DAY?date=20260101&stockNo=3189&response=json,2026-01-29
2026-01-30,3189,景碩,233.0,252.0,231.0,252.0,76967011.0,18738030317.0,TWSE STOCK_DAY,https://www.twse.com.tw/rwd/zh/afterTrading/STOCK_DAY?date=20260101&stockNo=3189&response=json,2026-01-30
2026-02-02,3189,景碩,245.0,251.0,230.5,239.5,44449860.0,10692149350.0,TWSE STOCK_DAY,https://www.twse.com.tw/rwd/zh/afterTrading/STOCK_DAY?date=20260201&stockNo=3189&response=json,2026-02-02
2026-02-03,3189,景碩,253.5,259.0,236.0,246.0,68948124.0,17128581753.0,TWSE STOCK_DAY,https://www.twse.com.tw/rwd/zh/afterTrading/STOCK_DAY?date=20260201&stockNo=3189&response=json,2026-02-03
2026-02-04,3189,景碩,248.5,270.5,248.0,270.5,78044116.0,20779608536.0,TWSE STOCK_DAY,https://www.twse.com.tw/rwd/zh/afterTrading/STOCK_DAY?date=20260201&stockNo=3189&response=json,2026-02-04
2026-02-05,3189,景碩,272.0,274.5,258.0,263.5,57158598.0,15225212203.0,TWSE STOCK_DAY,https://www.twse.com.tw/rwd/zh/afterTrading/STOCK_DAY?date=20260201&stockNo=3189&response=json,2026-02-05
2026-02-06,3189,景碩,246.0,250.0,237.5,242.5,45777861.0,10969675683.0,TWSE STOCK_DAY,https://www.twse.com.tw/rwd/zh/afterTrading/STOCK_DAY?date=20260201&stockNo=3189&response=json,2026-02-06
2026-02-09,3189,景碩,261.0,261.0,240.5,255.0,44875118.0,11298256258.0,TWSE STOCK_DAY,https://www.twse.com.tw/rwd/zh/afterTrading/STOCK_DAY?date=20260201&stockNo=3189&response=json,2026-02-09
2026-02-10,3189,景碩,257.0,268.5,251.0,253.5,60687229.0,15854273355.0,TWSE STOCK_DAY,https://www.twse.com.tw/rwd/zh/afterTrading/STOCK_DAY?date=20260201&stockNo=3189&response=json,2026-02-10
2026-02-11,3189,景碩,253.5,268.0,252.5,265.5,36128337.0,9509314171.0,TWSE STOCK_DAY,https://www.twse.com.tw/rwd/zh/afterTrading/STOCK_DAY?date=20260201&stockNo=3189&response=json,2026-02-11
2026-02-23,3189,景碩,280.0,292.0,280.0,292.0,23267123.0,6720838389.0,TWSE STOCK_DAY,https://www.twse.com.tw/rwd/zh/afterTrading/STOCK_DAY?date=20260201&stockNo=3189&response=json,2026-02-23
2026-02-24,3189,景碩,302.0,321.0,301.0,321.0,34019528.0,10609943332.0,TWSE STOCK_DAY,https://www.twse.com.tw/rwd/zh/afterTrading/STOCK_DAY?date=20260201&stockNo=3189&response=json,2026-02-24
2026-02-25,3189,景碩,327.0,332.5,312.5,325.5,61480296.0,19867058525.0,TWSE STOCK_DAY,https://www.twse.com.tw/rwd/zh/afterTrading/STOCK_DAY?date=20260201&stockNo=3189&response=json,2026-02-25
2026-02-26,3189,景碩,325.0,329.5,304.5,314.5,51206644.0,16210004874.0,TWSE STOCK_DAY,https://www.twse.com.tw/rwd/zh/afterTrading/STOCK_DAY?date=20260201&stockNo=3189&response=json,2026-02-26
2026-03-02,3189,景碩,300.0,323.0,299.5,304.5,41298007.0,12881471447.0,TWSE STOCK_DAY,https://www.twse.com.tw/rwd/zh/afterTrading/STOCK_DAY?date=20260301&stockNo=3189&response=json,2026-03-02
2026-03-03,3189,景碩,311.0,330.0,305.0,309.0,46756665.0,14795544133.0,TWSE STOCK_DAY,https://www.twse.com.tw/rwd/zh/afterTrading/STOCK_DAY?date=20260301&stockNo=3189&response=json,2026-03-03
2026-03-04,3189,景碩,304.0,312.0,282.0,284.5,45624084.0,13391861813.0,TWSE STOCK_DAY,https://www.twse.com.tw/rwd/zh/afterTrading/STOCK_DAY?date=20260301&stockNo=3189&response=json,2026-03-04
2026-03-05,3189,景碩,308.0,309.5,289.0,297.5,36204641.0,10842846147.0,TWSE STOCK_DAY,https://www.twse.com.tw/rwd/zh/afterTrading/STOCK_DAY?date=20260301&stockNo=3189&response=json,2026-03-05
2026-03-06,3189,景碩,295.0,304.0,291.5,291.5,20355106.0,6046868139.0,TWSE STOCK_DAY,https://www.twse.com.tw/rwd/zh/afterTrading/STOCK_DAY?date=20260301&stockNo=3189&response=json,2026-03-06
2026-03-09,3189,景碩,262.5,271.0,262.5,264.5,16857608.0,4449354556.0,TWSE STOCK_DAY,https://www.twse.com.tw/rwd/zh/afterTrading/STOCK_DAY?date=20260301&stockNo=3189&response=json,2026-03-09
2026-03-10,3189,景碩,280.0,286.5,267.5,274.0,24723052.0,6878302606.0,TWSE STOCK_DAY,https://www.twse.com.tw/rwd/zh/afterTrading/STOCK_DAY?date=20260301&stockNo=3189&response=json,2026-03-10
2026-03-11,3189,景碩,285.0,296.5,284.0,290.5,26988757.0,7852695366.0,TWSE STOCK_DAY,https://www.twse.com.tw/rwd/zh/afterTrading/STOCK_DAY?date=20260301&stockNo=3189&response=json,2026-03-11
2026-03-12,3189,景碩,288.0,300.0,282.5,289.0,29349770.0,8523186727.0,TWSE STOCK_DAY,https://www.twse.com.tw/rwd/zh/afterTrading/STOCK_DAY?date=20260301&stockNo=3189&response=json,2026-03-12
2026-03-13,3189,景碩,283.0,317.5,280.0,317.5,48278519.0,14713038086.0,TWSE STOCK_DAY,https://www.twse.com.tw/rwd/zh/afterTrading/STOCK_DAY?date=20260301&stockNo=3189&response=json,2026-03-13
2026-03-16,3189,景碩,322.5,348.5,312.0,337.0,91831377.0,30222415399.0,TWSE STOCK_DAY,https://www.twse.com.tw/rwd/zh/afterTrading/STOCK_DAY?date=20260301&stockNo=3189&response=json,2026-03-16
2026-03-17,3189,景碩,342.5,368.0,331.5,341.5,61696256.0,21441046174.0,TWSE STOCK_DAY,https://www.twse.com.tw/rwd/zh/afterTrading/STOCK_DAY?date=20260301&stockNo=3189&response=json,2026-03-17
2026-03-18,3189,景碩,349.0,373.0,339.0,365.5,59260279.0,21208417110.0,TWSE STOCK_DAY,https://www.twse.com.tw/rwd/zh/afterTrading/STOCK_DAY?date=20260301&stockNo=3189&response=json,2026-03-18
2026-03-19,3189,景碩,356.0,398.0,352.0,383.5,66787097.0,25243897811.0,TWSE STOCK_DAY,https://www.twse.com.tw/rwd/zh/afterTrading/STOCK_DAY?date=20260301&stockNo=3189&response=json,2026-03-19
2026-03-20,3189,景碩,388.5,388.5,356.0,380.0,9781675.0,3603606918.0,TWSE STOCK_DAY,https://www.twse.com.tw/rwd/zh/afterTrading/STOCK_DAY?date=20260301&stockNo=3189&response=json,2026-03-20
2026-03-23,3189,景碩,345.0,360.0,345.0,346.0,7125514.0,2489383772.0,TWSE STOCK_DAY,https://www.twse.com.tw/rwd/zh/afterTrading/STOCK_DAY?date=20260301&stockNo=3189&response=json,2026-03-23
2026-03-24,3189,景碩,357.0,357.0,311.5,320.5,8948825.0,2897107494.0,TWSE STOCK_DAY,https://www.twse.com.tw/rwd/zh/afterTrading/STOCK_DAY?date=20260301&stockNo=3189&response=json,2026-03-24
2026-03-25,3189,景碩,333.5,351.5,333.5,351.5,4847721.0,1681580350.0,TWSE STOCK_DAY,https://www.twse.com.tw/rwd/zh/afterTrading/STOCK_DAY?date=20260301&stockNo=3189&response=json,2026-03-25
2026-03-26,3189,景碩,352.0,370.0,351.5,351.5,6883559.0,2471443950.0,TWSE STOCK_DAY,https://www.twse.com.tw/rwd/zh/afterTrading/STOCK_DAY?date=20260301&stockNo=3189&response=json,2026-03-26
2026-03-27,3189,景碩,333.5,352.0,333.5,352.0,4269127.0,1482594138.0,TWSE STOCK_DAY,https://www.twse.com.tw/rwd/zh/afterTrading/STOCK_DAY?date=20260301&stockNo=3189&response=json,2026-03-27
2026-03-30,3189,景碩,334.5,348.5,324.5,346.5,6536532.0,2183278955.0,TWSE STOCK_DAY,https://www.twse.com.tw/rwd/zh/afterTrading/STOCK_DAY?date=20260301&stockNo=3189&response=json,2026-03-30
2026-03-31,3189,景碩,335.0,339.0,312.0,313.0,7785444.0,2481722228.0,TWSE STOCK_DAY,https://www.twse.com.tw/rwd/zh/afterTrading/STOCK_DAY?date=20260301&stockNo=3189&response=json,2026-03-31
2026-04-01,3189,景碩,335.0,335.0,321.0,332.0,7162420.0,2363791275.0,TWSE STOCK_DAY,https://www.twse.com.tw/rwd/zh/afterTrading/STOCK_DAY?date=20260401&stockNo=3189&response=json,2026-04-01
2026-04-02,3189,景碩,342.0,352.0,323.5,336.0,8260441.0,2783962388.0,TWSE STOCK_DAY,https://www.twse.com.tw/rwd/zh/afterTrading/STOCK_DAY?date=20260401&stockNo=3189&response=json,2026-04-02
2026-04-07,3189,景碩,350.0,366.0,350.0,358.5,9917650.0,3554503056.0,TWSE STOCK_DAY,https://www.twse.com.tw/rwd/zh/afterTrading/STOCK_DAY?date=20260401&stockNo=3189&response=json,2026-04-07
2026-04-08,3189,景碩,391.5,394.0,381.5,394.0,15644754.0,6102966075.0,TWSE STOCK_DAY,https://www.twse.com.tw/rwd/zh/afterTrading/STOCK_DAY?date=20260401&stockNo=3189&response=json,2026-04-08
2026-04-09,3189,景碩,393.0,408.0,380.5,387.0,51903063.0,20436819312.0,TWSE STOCK_DAY,https://www.twse.com.tw/rwd/zh/afterTrading/STOCK_DAY?date=20260401&stockNo=3189&response=json,2026-04-09
2026-04-10,3189,景碩,399.5,400.0,373.0,381.0,25688029.0,9868927970.0,TWSE STOCK_DAY,https://www.twse.com.tw/rwd/zh/afterTrading/STOCK_DAY?date=20260401&stockNo=3189&response=json,2026-04-10
2026-04-13,3189,景碩,379.0,381.0,360.5,366.5,24114477.0,8925540455.0,TWSE STOCK_DAY,https://www.twse.com.tw/rwd/zh/afterTrading/STOCK_DAY?date=20260401&stockNo=3189&response=json,2026-04-13
2026-04-14,3189,景碩,375.0,386.0,366.0,371.0,26463388.0,9904043420.0,TWSE STOCK_DAY,https://www.twse.com.tw/rwd/zh/afterTrading/STOCK_DAY?date=20260401&stockNo=3189&response=json,2026-04-14
2026-04-15,3189,景碩,376.5,399.0,363.5,383.5,42021402.0,16224247651.0,TWSE STOCK_DAY,https://www.twse.com.tw/rwd/zh/afterTrading/STOCK_DAY?date=20260401&stockNo=3189&response=json,2026-04-15
2026-04-16,3189,景碩,389.0,402.5,377.5,393.5,43262498.0,16921614788.0,TWSE STOCK_DAY,https://www.twse.com.tw/rwd/zh/afterTrading/STOCK_DAY?date=20260401&stockNo=3189&response=json,2026-04-16
2026-04-17,3189,景碩,395.0,405.0,391.0,391.5,27129642.0,10766493066.0,TWSE STOCK_DAY,https://www.twse.com.tw/rwd/zh/afterTrading/STOCK_DAY?date=20260401&stockNo=3189&response=json,2026-04-17
2026-04-20,3189,景碩,397.0,430.5,396.0,430.5,33909184.0,14213273632.0,TWSE STOCK_DAY,https://www.twse.com.tw/rwd/zh/afterTrading/STOCK_DAY?date=20260401&stockNo=3189&response=json,2026-04-20
2026-04-21,3189,景碩,453.0,473.5,446.0,473.5,38001566.0,17590092162.0,TWSE STOCK_DAY,https://www.twse.com.tw/rwd/zh/afterTrading/STOCK_DAY?date=20260401&stockNo=3189&response=json,2026-04-21
2026-04-22,3189,景碩,496.0,509.0,484.5,491.5,53118820.0,26331044262.0,TWSE STOCK_DAY,https://www.twse.com.tw/rwd/zh/afterTrading/STOCK_DAY?date=20260401&stockNo=3189&response=json,2026-04-22
2026-04-23,3189,景碩,496.0,509.0,453.0,479.0,58632149.0,28435475227.0,TWSE STOCK_DAY,https://www.twse.com.tw/rwd/zh/afterTrading/STOCK_DAY?date=20260401&stockNo=3189&response=json,2026-04-23
2026-04-24,3189,景碩,499.0,526.0,498.5,526.0,57209204.0,29755624353.0,TWSE STOCK_DAY,https://www.twse.com.tw/rwd/zh/afterTrading/STOCK_DAY?date=20260401&stockNo=3189&response=json,2026-04-24
2026-04-27,3189,景碩,546.0,555.0,502.0,515.0,54177803.0,28563749052.0,TWSE STOCK_DAY,https://www.twse.com.tw/rwd/zh/afterTrading/STOCK_DAY?date=20260401&stockNo=3189&response=json,2026-04-27
2026-04-28,3189,景碩,521.0,538.0,496.0,508.0,44138536.0,22616419579.0,TWSE STOCK_DAY,https://www.twse.com.tw/rwd/zh/afterTrading/STOCK_DAY?date=20260401&stockNo=3189&response=json,2026-04-28
2026-04-29,3189,景碩,508.0,516.0,490.0,508.0,24948151.0,12573175658.0,TWSE STOCK_DAY,https://www.twse.com.tw/rwd/zh/afterTrading/STOCK_DAY?date=20260401&stockNo=3189&response=json,2026-04-29
2026-04-30,3189,景碩,516.0,556.0,510.0,528.0,49392113.0,26443871028.0,TWSE STOCK_DAY,https://www.twse.com.tw/rwd/zh/afterTrading/STOCK_DAY?date=20260401&stockNo=3189&response=json,2026-04-30
2026-05-04,3189,景碩,544.0,544.0,512.0,531.0,24877312.0,13188579959.0,TWSE STOCK_DAY,https://www.twse.com.tw/rwd/zh/afterTrading/STOCK_DAY?date=20260501&stockNo=3189&response=json,2026-05-04
2026-05-05,3189,景碩,530.0,541.0,521.0,527.0,15100395.0,7995273331.0,TWSE STOCK_DAY,https://www.twse.com.tw/rwd/zh/afterTrading/STOCK_DAY?date=20260501&stockNo=3189&response=json,2026-05-05
2026-05-06,3189,景碩,532.0,537.0,475.0,482.5,32577765.0,16163746596.0,TWSE STOCK_DAY,https://www.twse.com.tw/rwd/zh/afterTrading/STOCK_DAY?date=20260501&stockNo=3189&response=json,2026-05-06
2026-05-07,3189,景碩,486.5,506.0,478.0,492.5,21099853.0,10399773616.0,TWSE STOCK_DAY,https://www.twse.com.tw/rwd/zh/afterTrading/STOCK_DAY?date=20260501&stockNo=3189&response=json,2026-05-07
2026-05-08,3189,景碩,487.0,487.5,445.5,458.0,28689133.0,13326516382.0,TWSE STOCK_DAY,https://www.twse.com.tw/rwd/zh/afterTrading/STOCK_DAY?date=20260501&stockNo=3189&response=json,2026-05-08
2026-05-11,3189,景碩,475.0,503.0,468.0,503.0,26643811.0,13019892785.0,TWSE STOCK_DAY,https://www.twse.com.tw/rwd/zh/afterTrading/STOCK_DAY?date=20260501&stockNo=3189&response=json,2026-05-11
2026-05-12,3189,景碩,525.0,532.0,494.0,494.0,29425571.0,15071501993.0,TWSE STOCK_DAY,https://www.twse.com.tw/rwd/zh/afterTrading/STOCK_DAY?date=20260501&stockNo=3189&response=json,2026-05-12
2026-05-13,3189,景碩,482.0,516.0,481.5,497.5,24218373.0,12139349380.0,TWSE STOCK_DAY,https://www.twse.com.tw/rwd/zh/afterTrading/STOCK_DAY?date=20260501&stockNo=3189&response=json,2026-05-13
2026-05-14,3189,景碩,506.0,540.0,488.0,522.0,45244266.0,23468589890.0,TWSE STOCK_DAY,https://www.twse.com.tw/rwd/zh/afterTrading/STOCK_DAY?date=20260501&stockNo=3189&response=json,2026-05-14
2026-05-15,3189,景碩,536.0,537.0,480.0,486.0,33389422.0,16672453674.0,TWSE STOCK_DAY,https://www.twse.com.tw/rwd/zh/afterTrading/STOCK_DAY?date=20260501&stockNo=3189&response=json,2026-05-15
2026-05-18,3189,景碩,472.0,510.0,460.0,505.0,20228783.0,9750537678.0,TWSE STOCK_DAY,https://www.twse.com.tw/rwd/zh/afterTrading/STOCK_DAY?date=20260501&stockNo=3189&response=json,2026-05-18
2026-05-19,3189,景碩,515.0,530.0,497.0,513.0,37470963.0,19302831992.0,TWSE STOCK_DAY,https://www.twse.com.tw/rwd/zh/afterTrading/STOCK_DAY?date=20260501&stockNo=3189&response=json,2026-05-19
2026-05-20,3189,景碩,513.0,520.0,481.0,504.0,39836206.0,19958513035.0,TWSE STOCK_DAY,https://www.twse.com.tw/rwd/zh/afterTrading/STOCK_DAY?date=20260501&stockNo=3189&response=json,2026-05-20
2026-05-21,3189,景碩,540.0,554.0,531.0,554.0,35212876.0,19254979961.0,TWSE STOCK_DAY,https://www.twse.com.tw/rwd/zh/afterTrading/STOCK_DAY?date=20260501&stockNo=3189&response=json,2026-05-21
2026-05-22,3189,景碩,588.0,609.0,588.0,609.0,11454728.0,6883833352.0,TWSE STOCK_DAY,https://www.twse.com.tw/rwd/zh/afterTrading/STOCK_DAY?date=20260501&stockNo=3189&response=json,2026-05-22
2026-05-25,3189,景碩,664.0,669.0,660.0,669.0,8536899.0,5690800431.0,TWSE STOCK_DAY,https://www.twse.com.tw/rwd/zh/afterTrading/STOCK_DAY?date=20260501&stockNo=3189&response=json,2026-05-25
2026-05-26,3189,景碩,670.0,719.0,654.0,696.0,50429815.0,34607396590.0,TWSE STOCK_DAY,https://www.twse.com.tw/rwd/zh/afterTrading/STOCK_DAY?date=20260501&stockNo=3189&response=json,2026-05-26
2026-05-27,3189,景碩,726.0,764.0,693.0,702.0,30662886.0,22202080119.0,TWSE STOCK_DAY,https://www.twse.com.tw/rwd/zh/afterTrading/STOCK_DAY?date=20260501&stockNo=3189&response=json,2026-05-27
2026-05-28,3189,景碩,702.0,702.0,654.0,681.0,8187338.0,5578812838.0,TWSE STOCK_DAY,https://www.twse.com.tw/rwd/zh/afterTrading/STOCK_DAY?date=20260501&stockNo=3189&response=json,2026-05-28
2026-05-29,3189,景碩,707.0,746.0,704.0,729.0,7357595.0,5320212011.0,TWSE STOCK_DAY,https://www.twse.com.tw/rwd/zh/afterTrading/STOCK_DAY?date=20260501&stockNo=3189&response=json,2026-05-29
2026-06-01,3189,景碩,740.0,775.0,740.0,774.0,6218324.0,4735282955.0,TWSE STOCK_DAY,https://www.twse.com.tw/rwd/zh/afterTrading/STOCK_DAY?date=20260601&stockNo=3189&response=json,2026-06-01
2026-06-02,3189,景碩,778.0,778.0,710.0,743.0,6753281.0,4927070109.0,TWSE STOCK_DAY,https://www.twse.com.tw/rwd/zh/afterTrading/STOCK_DAY?date=20260601&stockNo=3189&response=json,2026-06-02
2026-06-03,3189,景碩,740.0,749.0,730.0,739.0,4661433.0,3439201474.0,TWSE STOCK_DAY,https://www.twse.com.tw/rwd/zh/afterTrading/STOCK_DAY?date=20260601&stockNo=3189&response=json,2026-06-03
2026-06-04,3189,景碩,706.0,720.0,681.0,692.0,6144218.0,4277338334.0,TWSE STOCK_DAY,https://www.twse.com.tw/rwd/zh/afterTrading/STOCK_DAY?date=20260601&stockNo=3189&response=json,2026-06-04
2026-06-05,3189,景碩,662.0,725.0,623.0,712.0,7602120.0,5119045349.0,TWSE STOCK_DAY,https://www.twse.com.tw/rwd/zh/afterTrading/STOCK_DAY?date=20260601&stockNo=3189&response=json,2026-06-05
2026-06-08,3189,景碩,641.0,698.0,641.0,698.0,8137218.0,5403523911.0,TWSE STOCK_DAY,https://www.twse.com.tw/rwd/zh/afterTrading/STOCK_DAY?date=20260601&stockNo=3189&response=json,2026-06-08
2026-06-09,3189,景碩,705.0,732.0,683.0,714.0,5537626.0,3922503055.0,TWSE STOCK_DAY,https://www.twse.com.tw/rwd/zh/afterTrading/STOCK_DAY?date=20260601&stockNo=3189&response=json,2026-06-09
2026-06-10,3189,景碩,705.0,723.0,650.0,660.0,6573701.0,4501574946.0,TWSE STOCK_DAY,https://www.twse.com.tw/rwd/zh/afterTrading/STOCK_DAY?date=20260601&stockNo=3189&response=json,2026-06-10
2026-06-11,3189,景碩,674.0,693.0,594.0,619.0,31037944.0,19201356933.0,TWSE STOCK_DAY,https://www.twse.com.tw/rwd/zh/afterTrading/STOCK_DAY?date=20260601&stockNo=3189&response=json,2026-06-11
2026-06-12,3189,景碩,661.0,664.0,599.0,610.0,27158125.0,16895458024.0,TWSE STOCK_DAY,https://www.twse.com.tw/rwd/zh/afterTrading/STOCK_DAY?date=20260601&stockNo=3189&response=json,2026-06-12
2026-06-15,3189,景碩,631.0,660.0,621.0,660.0,21349711.0,13714532839.0,TWSE STOCK_DAY,https://www.twse.com.tw/rwd/zh/afterTrading/STOCK_DAY?date=20260601&stockNo=3189&response=json,2026-06-15
2026-06-16,3189,景碩,660.0,688.0,637.0,642.0,26698363.0,17556950322.0,TWSE STOCK_DAY,https://www.twse.com.tw/rwd/zh/afterTrading/STOCK_DAY?date=20260601&stockNo=3189&response=json,2026-06-16
2026-06-17,3189,景碩,642.0,706.0,640.0,706.0,29986280.0,20708074212.0,TWSE STOCK_DAY,https://www.twse.com.tw/rwd/zh/afterTrading/STOCK_DAY?date=20260601&stockNo=3189&response=json,2026-06-17
2026-06-18,3189,景碩,738.0,738.0,702.0,724.0,27743868.0,19845128175.0,TWSE STOCK_DAY,https://www.twse.com.tw/rwd/zh/afterTrading/STOCK_DAY?date=20260601&stockNo=3189&response=json,2026-06-18
2026-06-22,3189,景碩,740.0,796.0,733.0,796.0,20663905.0,15996985976.0,TWSE STOCK_DAY,https://www.twse.com.tw/rwd/zh/afterTrading/STOCK_DAY?date=20260601&stockNo=3189&response=json,2026-06-22
2026-06-23,3189,景碩,780.0,788.0,727.0,727.0,36604253.0,27638749214.0,TWSE STOCK_DAY,https://www.twse.com.tw/rwd/zh/afterTrading/STOCK_DAY?date=20260601&stockNo=3189&response=json,2026-06-23
2026-06-24,3189,景碩,749.0,766.0,710.0,739.0,29958162.0,22169743017.0,TWSE STOCK_DAY,https://www.twse.com.tw/rwd/zh/afterTrading/STOCK_DAY?date=20260601&stockNo=3189&response=json,2026-06-24
2026-06-25,3189,景碩,760.0,812.0,750.0,812.0,44514741.0,35088172686.0,TWSE STOCK_DAY,https://www.twse.com.tw/rwd/zh/afterTrading/STOCK_DAY?date=20260601&stockNo=3189&response=json,2026-06-25
2026-06-26,3189,景碩,828.0,893.0,790.0,797.0,62632239.0,53658839939.0,TWSE STOCK_DAY,https://www.twse.com.tw/rwd/zh/afterTrading/STOCK_DAY?date=20260601&stockNo=3189&response=json,2026-06-26
2026-06-29,3189,景碩,825.0,833.0,782.0,810.0,31131139.0,25302720507.0,TWSE STOCK_DAY,https://www.twse.com.tw/rwd/zh/afterTrading/STOCK_DAY?date=20260601&stockNo=3189&response=json,2026-06-29
2026-06-30,3189,景碩,851.0,891.0,840.0,891.0,31315583.0,27362612179.0,TWSE STOCK_DAY,https://www.twse.com.tw/rwd/zh/afterTrading/STOCK_DAY?date=20260601&stockNo=3189&response=json,2026-06-30
2026-07-01,3189,景碩,900.0,939.0,872.0,888.0,38728579.0,35018399433.0,TWSE STOCK_DAY,https://www.twse.com.tw/rwd/zh/afterTrading/STOCK_DAY?date=20260701&stockNo=3189&response=json,2026-07-01
2026-07-02,3189,景碩,845.0,857.0,816.0,830.0,27680448.0,23103472338.0,TWSE STOCK_DAY,https://www.twse.com.tw/rwd/zh/afterTrading/STOCK_DAY?date=20260701&stockNo=3189&response=json,2026-07-02
2026-07-03,3189,景碩,770.0,843.0,770.0,833.0,3349718.0,2703617547.0,TWSE STOCK_DAY,https://www.twse.com.tw/rwd/zh/afterTrading/STOCK_DAY?date=20260701&stockNo=3189&response=json,2026-07-03
2026-07-06,3189,景碩,807.0,807.0,763.0,763.0,3956863.0,3089750266.0,TWSE STOCK_DAY,https://www.twse.com.tw/rwd/zh/afterTrading/STOCK_DAY?date=20260701&stockNo=3189&response=json,2026-07-06
2026-07-07,3189,景碩,761.0,770.0,687.0,687.0,6854269.0,4937308784.0,TWSE STOCK_DAY,https://www.twse.com.tw/rwd/zh/afterTrading/STOCK_DAY?date=20260701&stockNo=3189&response=json,2026-07-07
2026-07-08,3189,景碩,714.0,755.0,714.0,755.0,4336069.0,3220098378.0,TWSE STOCK_DAY,https://www.twse.com.tw/rwd/zh/afterTrading/STOCK_DAY?date=20260701&stockNo=3189&response=json,2026-07-08
2026-07-09,3189,景碩,770.0,829.0,770.0,795.0,2569666.0,2066662104.0,TWSE STOCK_DAY,https://www.twse.com.tw/rwd/zh/afterTrading/STOCK_DAY?date=20260701&stockNo=3189&response=json,2026-07-09
2026-07-13,3189,景碩,838.0,838.0,815.0,819.0,3480697.0,2879432565.0,TWSE STOCK_DAY,https://www.twse.com.tw/rwd/zh/afterTrading/STOCK_DAY?date=20260701&stockNo=3189&response=json,2026-07-13
2026-07-14,3189,景碩,793.0,805.0,738.0,805.0,3717468.0,2873799356.0,TWSE STOCK_DAY,https://www.twse.com.tw/rwd/zh/afterTrading/STOCK_DAY?date=20260701&stockNo=3189&response=json,2026-07-14
2026-07-15,3189,景碩,831.0,859.0,823.0,845.0,4103308.0,3453342278.0,TWSE STOCK_DAY,https://www.twse.com.tw/rwd/zh/afterTrading/STOCK_DAY?date=20260701&stockNo=3189&response=json,2026-07-15
2026-07-16,3189,景碩,820.0,820.0,764.0,770.0,2674083.0,2094934222.0,TWSE STOCK_DAY,https://www.twse.com.tw/rwd/zh/afterTrading/STOCK_DAY?date=20260701&stockNo=3189&response=json,2026-07-16
2026-07-17,3189,景碩,705.0,711.0,693.0,693.0,3693770.0,2573124165.0,TWSE STOCK_DAY,https://www.twse.com.tw/rwd/zh/afterTrading/STOCK_DAY?date=20260701&stockNo=3189&response=json,2026-07-17
2026-07-20,3189,景碩,693.0,724.0,653.0,679.0,23743793.0,16462657909.0,TWSE STOCK_DAY,https://www.twse.com.tw/rwd/zh/afterTrading/STOCK_DAY?date=20260701&stockNo=3189&response=json,2026-07-20
2026-07-21,3189,景碩,715.0,746.0,704.0,746.0,6598311.0,4842844006.0,TWSE STOCK_DAY,https://www.twse.com.tw/rwd/zh/afterTrading/STOCK_DAY?date=20260701&stockNo=3189&response=json,2026-07-21
2026-07-22,3189,景碩,804.0,819.0,770.0,796.0,25561416.0,20426356411.0,TWSE STOCK_DAY,https://www.twse.com.tw/rwd/zh/afterTrading/STOCK_DAY?date=20260701&stockNo=3189&response=json,2026-07-22
2026-07-23,3189,景碩,802.0,814.0,760.0,785.0,16084194.0,12660613680.0,TWSE STOCK_DAY,https://www.twse.com.tw/rwd/zh/afterTrading/STOCK_DAY?date=20260701&stockNo=3189&response=json,2026-07-23
2026-07-24,3189,景碩,766.0,770.0,707.0,711.0,14224914.0,10362094070.0,TWSE STOCK_DAY,https://www.twse.com.tw/rwd/zh/afterTrading/STOCK_DAY?date=20260701&stockNo=3189&response=json,2026-07-24
2026-07-27,3189,景碩,702.0,718.0,673.0,710.0,11397368.0,7928691872.0,TWSE STOCK_DAY,https://www.twse.com.tw/rwd/zh/afterTrading/STOCK_DAY?date=20260701&stockNo=3189&response=json,2026-07-27
2026-07-28,3189,景碩,650.0,700.0,639.0,639.0,19391146.0,12770179886.0,TWSE STOCK_DAY,https://www.twse.com.tw/rwd/zh/afterTrading/STOCK_DAY?date=20260701&stockNo=3189&response=json,2026-07-28
2026-07-29,3189,景碩,650.0,650.0,576.0,576.0,15851867.0,9453252975.0,TWSE STOCK_DAY,https://www.twse.com.tw/rwd/zh/afterTrading/STOCK_DAY?date=20260701&stockNo=3189&response=json,2026-07-29
2026-07-30,3189,景碩,550.0,633.0,541.0,578.0,30600261.0,18415149507.0,TWSE STOCK_DAY,https://www.twse.com.tw/rwd/zh/afterTrading/STOCK_DAY?date=20260701&stockNo=3189&response=json,2026-07-30
2026-07-31,3189,景碩,635.0,635.0,635.0,635.0,1399371.0,888600585.0,TWSE STOCK_DAY,https://www.twse.com.tw/rwd/zh/afterTrading/STOCK_DAY?date=20260701&stockNo=3189&response=json,2026-07-31
2026-08-03,3189,景碩,695.0,698.0,694.0,698.0,4279917.0,2983216066.0,TWSE STOCK_DAY,https://www.twse.com.tw/rwd/zh/afterTrading/STOCK_DAY?date=20260801&stockNo=3189&response=json,2026-08-03
2026-08-04,3189,景碩,755.0,767.0,754.0,767.0,6043831.0,4620580377.0,TWSE STOCK_DAY,https://www.twse.com.tw/rwd/zh/afterTrading/STOCK_DAY?date=20260801&stockNo=3189&response=json,2026-08-04
2026-08-05,3189,景碩,843.0,843.0,812.0,828.0,33103524.0,27700605414.0,TWSE STOCK_DAY,https://www.twse.com.tw/rwd/zh/afterTrading/STOCK_DAY?date=20260801&stockNo=3189&response=json,2026-08-05
2026-08-06,3189,景碩,816.0,853.0,801.0,853.0,23356386.0,19481027645.0,TWSE STOCK_DAY,https://www.twse.com.tw/rwd/zh/afterTrading/STOCK_DAY?date=20260801&stockNo=3189&response=json,2026-08-06
2026-08-07,3189,景碩,848.0,854.0,808.0,823.0,16107601.0,13363533661.0,TWSE STOCK_DAY,https://www.twse.com.tw/rwd/zh/afterTrading/STOCK_DAY?date=20260801&stockNo=3189&response=json,2026-08-07
2026-08-10,3189,景碩,823.0,849.0,811.0,836.0,3650916.0,3034065584.0,TWSE STOCK_DAY,https://www.twse.com.tw/rwd/zh/afterTrading/STOCK_DAY?date=20260801&stockNo=3189&response=json,2026-08-10
2026-08-11,3189,景碩,820.0,844.0,807.0,842.0,2961490.0,2459488798.0,TWSE STOCK_DAY,https://www.twse.com.tw/rwd/zh/afterTrading/STOCK_DAY?date=20260801&stockNo=3189&response=json,2026-08-11
2026-08-12,3189,景碩,847.0,864.0,827.0,858.0,3488257.0,2967136379.0,TWSE STOCK_DAY,https://www.twse.com.tw/rwd/zh/afterTrading/STOCK_DAY?date=20260801&stockNo=3189&response=json,2026-08-12
2026-08-13,3189,景碩,866.0,872.0,813.0,851.0,4544970.0,3797290822.0,TWSE STOCK_DAY,https://www.twse.com.tw/rwd/zh/afterTrading/STOCK_DAY?date=20260801&stockNo=3189&response=json,2026-08-13
2026-08-14,3189,景碩,841.0,862.0,840.0,862.0,4293886.0,3660805471.0,TWSE STOCK_DAY,https://www.twse.com.tw/rwd/zh/afterTrading/STOCK_DAY?date=20260801&stockNo=3189&response=json,2026-08-14
2026-08-17,3189,景碩,896.0,932.0,881.0,905.0,38323719.0,34802947201.0,TWSE STOCK_DAY,https://www.twse.com.tw/rwd/zh/afterTrading/STOCK_DAY?date=20260801&stockNo=3189&response=json,2026-08-17
2026-08-18,3189,景碩,917.0,937.0,861.0,865.0,26966801.0,24210045795.0,TWSE STOCK_DAY,https://www.twse.com.tw/rwd/zh/afterTrading/STOCK_DAY?date=20260801&stockNo=3189&response=json,2026-08-18
2026-08-19,3189,景碩,834.0,902.0,832.0,849.0,21079068.0,18209051004.0,TWSE STOCK_DAY,https://www.twse.com.tw/rwd/zh/afterTrading/STOCK_DAY?date=20260801&stockNo=3189&response=json,2026-08-19
2026-08-20,3189,景碩,871.0,880.0,818.0,851.0,16928119.0,14299407495.0,TWSE STOCK_DAY,https://www.twse.com.tw/rwd/zh/afterTrading/STOCK_DAY?date=20260801&stockNo=3189&response=json,2026-08-20
2026-08-21,3189,景碩,842.0,842.0,792.0,811.0,17272838.0,14047360962.0,TWSE STOCK_DAY,https://www.twse.com.tw/rwd/zh/afterTrading/STOCK_DAY?date=20260801&stockNo=3189&response=json,2026-08-21
2026-08-24,3189,景碩,814.0,842.0,791.0,794.0,11764951.0,9494636552.0,TWSE STOCK_DAY,https://www.twse.com.tw/rwd/zh/afterTrading/STOCK_DAY?date=20260801&stockNo=3189&response=json,2026-08-24
2026-08-25,3189,景碩,783.0,837.0,766.0,835.0,11433672.0,9169982179.0,TWSE STOCK_DAY,https://www.twse.com.tw/rwd/zh/afterTrading/STOCK_DAY?date=20260801&stockNo=3189&response=json,2026-08-25
2026-08-26,3189,景碩,820.0,881.0,812.0,881.0,23277987.0,19562894456.0,TWSE STOCK_DAY,https://www.twse.com.tw/rwd/zh/afterTrading/STOCK_DAY?date=20260801&stockNo=3189&response=json,2026-08-26
2026-08-27,3189,景碩,920.0,960.0,905.0,914.0,32580788.0,30258717988.0,TWSE STOCK_DAY,https://www.twse.com.tw/rwd/zh/afterTrading/STOCK_DAY?date=20260801&stockNo=3189&response=json,2026-08-27
2026-08-28,3189,景碩,929.0,933.0,867.0,899.0,21576121.0,19476377313.0,TWSE STOCK_DAY,https://www.twse.com.tw/rwd/zh/afterTrading/STOCK_DAY?date=20260801&stockNo=3189&response=json,2026-08-28
2026-08-31,3189,景碩,844.0,899.0,810.0,819.0,31932413.0,26652095390.0,TWSE STOCK_DAY,https://www.twse.com.tw/rwd/zh/afterTrading/STOCK_DAY?date=20260801&stockNo=3189&response=json,2026-08-31
2026-09-01,3189,景碩,838.0,900.0,835.0,874.0,36368169.0,32041668680.0,TWSE STOCK_DAY,https://www.twse.com.tw/rwd/zh/afterTrading/STOCK_DAY?date=20260901&stockNo=3189&response=json,2026-09-01
2026-09-02,3189,景碩,850.0,864.0,837.0,847.0,14894440.0,12677487842.0,TWSE STOCK_DAY,https://www.twse.com.tw/rwd/zh/afterTrading/STOCK_DAY?date=20260901&stockNo=3189&response=json,2026-09-02
2026-09-03,3189,景碩,867.0,882.0,775.0,775.0,27084870.0,22092746781.0,TWSE STOCK_DAY,https://www.twse.com.tw/rwd/zh/afterTrading/STOCK_DAY?date=20260901&stockNo=3189&response=json,2026-09-03
2026-09-04,3189,景碩,797.0,828.0,766.0,819.0,19778741.0,15770884241.0,TWSE STOCK_DAY,https://www.twse.com.tw/rwd/zh/afterTrading/STOCK_DAY?date=20260901&stockNo=3189&response=json,2026-09-04
2026-09-07,3189,景碩,819.0,831.0,805.0,813.0,17014894.0,13866578553.0,TWSE STOCK_DAY,https://www.twse.com.tw/rwd/zh/afterTrading/STOCK_DAY?date=20260901&stockNo=3189&response=json,2026-09-07
2026-09-08,3189,景碩,822.0,832.0,792.0,800.0,11072227.0,8940456936.0,TWSE STOCK_DAY,https://www.twse.com.tw/rwd/zh/afterTrading/STOCK_DAY?date=20260901&stockNo=3189&response=json,2026-09-08
2026-09-09,3189,景碩,812.0,835.0,805.0,812.0,15225627.0,12465866596.0,TWSE STOCK_DAY,https://www.twse.com.tw/rwd/zh/afterTrading/STOCK_DAY?date=20260901&stockNo=3189&response=json,2026-09-09
2026-09-10,3189,景碩,800.0,835.0,792.0,827.0,13682688.0,11224753066.0,TWSE STOCK_DAY,https://www.twse.com.tw/rwd/zh/afterTrading/STOCK_DAY?date=20260901&stockNo=3189&response=json,2026-09-10
2026-09-11,3189,景碩,811.0,833.0,806.0,822.0,8394038.0,6866576960.0,TWSE STOCK_DAY,https://www.twse.com.tw/rwd/zh/afterTrading/STOCK_DAY?date=20260901&stockNo=3189&response=json,2026-09-11
2026-09-14,3189,景碩,795.0,810.0,784.0,798.0,11217499.0,8937310600.0,TWSE STOCK_DAY,https://www.twse.com.tw/rwd/zh/afterTrading/STOCK_DAY?date=20260901&stockNo=3189&response=json,2026-09-14
2026-09-15,3189,景碩,795.0,822.0,791.0,795.0,7509520.0,6051891571.0,TWSE STOCK_DAY,https://www.twse.com.tw/rwd/zh/afterTrading/STOCK_DAY?date=20260901&stockNo=3189&response=json,2026-09-15
2026-09-16,3189,景碩,810.0,832.0,792.0,820.0,10957053.0,8908932513.0,TWSE STOCK_DAY,https://www.twse.com.tw/rwd/zh/afterTrading/STOCK_DAY?date=20260901&stockNo=3189&response=json,2026-09-16
2026-09-17,3189,景碩,825.0,835.0,785.0,805.0,15730754.0,12713222974.0,TWSE STOCK_DAY,https://www.twse.com.tw/rwd/zh/afterTrading/STOCK_DAY?date=20260901&stockNo=3189&response=json,2026-09-17
2026-09-18,3189,景碩,828.0,850.0,815.0,832.0,18317821.0,15216149397.0,TWSE STOCK_DAY,https://www.twse.com.tw/rwd/zh/afterTrading/STOCK_DAY?date=20260901&stockNo=3189&response=json,2026-09-18
2026-09-21,3189,景碩,849.0,878.0,824.0,827.0,23391137.0,19835033475.0,TWSE STOCK_DAY,https://www.twse.com.tw/rwd/zh/afterTrading/STOCK_DAY?date=20260901&stockNo=3189&response=json,2026-09-21
2026-09-22,3189,景碩,875.0,909.0,875.0,909.0,29109027.0,26206915085.0,TWSE STOCK_DAY,https://www.twse.com.tw/rwd/zh/afterTrading/STOCK_DAY?date=20260901&stockNo=3189&response=json,2026-09-22
2026-09-23,3189,景碩,905.0,922.0,881.0,906.0,29744187.0,26899777317.0,TWSE STOCK_DAY,https://www.twse.com.tw/rwd/zh/afterTrading/STOCK_DAY?date=20260901&stockNo=3189&response=json,2026-09-23
2026-09-24,3189,景碩,938.0,996.0,929.0,962.0,44137311.0,42422694809.0,TWSE STOCK_DAY,https://www.twse.com.tw/rwd/zh/afterTrading/STOCK_DAY?date=20260901&stockNo=3189&response=json,2026-09-24
