date,symbol,name,open,high,low,close,volume,turnover_value,source,source_url,pit_available_date
2023-01-03,3443,創意,641.0,684.0,637.0,684.0,6400009.0,4262102457.0,TWSE STOCK_DAY,https://www.twse.com.tw/rwd/zh/afterTrading/STOCK_DAY?date=20230101&stockNo=3443&response=json,2023-01-03
2023-01-04,3443,創意,677.0,689.0,669.0,685.0,6255997.0,4256004370.0,TWSE STOCK_DAY,https://www.twse.com.tw/rwd/zh/afterTrading/STOCK_DAY?date=20230101&stockNo=3443&response=json,2023-01-04
2023-01-05,3443,創意,690.0,705.0,650.0,650.0,8376609.0,5673535946.0,TWSE STOCK_DAY,https://www.twse.com.tw/rwd/zh/afterTrading/STOCK_DAY?date=20230101&stockNo=3443&response=json,2023-01-05
2023-01-06,3443,創意,652.0,670.0,648.0,650.0,9744118.0,6407910972.0,TWSE STOCK_DAY,https://www.twse.com.tw/rwd/zh/afterTrading/STOCK_DAY?date=20230101&stockNo=3443&response=json,2023-01-06
2023-01-09,3443,創意,670.0,694.0,670.0,687.0,8938561.0,6107179070.0,TWSE STOCK_DAY,https://www.twse.com.tw/rwd/zh/afterTrading/STOCK_DAY?date=20230101&stockNo=3443&response=json,2023-01-09
2023-01-10,3443,創意,691.0,701.0,680.0,692.0,6587606.0,4546686174.0,TWSE STOCK_DAY,https://www.twse.com.tw/rwd/zh/afterTrading/STOCK_DAY?date=20230101&stockNo=3443&response=json,2023-01-10
2023-01-11,3443,創意,699.0,701.0,675.0,701.0,6639734.0,4576102103.0,TWSE STOCK_DAY,https://www.twse.com.tw/rwd/zh/afterTrading/STOCK_DAY?date=20230101&stockNo=3443&response=json,2023-01-11
2023-01-12,3443,創意,702.0,707.0,692.0,702.0,5335599.0,3738338717.0,TWSE STOCK_DAY,https://www.twse.com.tw/rwd/zh/afterTrading/STOCK_DAY?date=20230101&stockNo=3443&response=json,2023-01-12
2023-01-13,3443,創意,720.0,722.0,682.0,682.0,7510027.0,5275138915.0,TWSE STOCK_DAY,https://www.twse.com.tw/rwd/zh/afterTrading/STOCK_DAY?date=20230101&stockNo=3443&response=json,2023-01-13
2023-01-16,3443,創意,695.0,705.0,685.0,705.0,5246711.0,3661355431.0,TWSE STOCK_DAY,https://www.twse.com.tw/rwd/zh/afterTrading/STOCK_DAY?date=20230101&stockNo=3443&response=json,2023-01-16
2023-01-17,3443,創意,707.0,728.0,698.0,722.0,6067769.0,4343910751.0,TWSE STOCK_DAY,https://www.twse.com.tw/rwd/zh/afterTrading/STOCK_DAY?date=20230101&stockNo=3443&response=json,2023-01-17
2023-01-30,3443,創意,765.0,778.0,746.0,775.0,7171582.0,5459996684.0,TWSE STOCK_DAY,https://www.twse.com.tw/rwd/zh/afterTrading/STOCK_DAY?date=20230101&stockNo=3443&response=json,2023-01-30
2023-01-31,3443,創意,769.0,782.0,766.0,782.0,4352934.0,3381261962.0,TWSE STOCK_DAY,https://www.twse.com.tw/rwd/zh/afterTrading/STOCK_DAY?date=20230101&stockNo=3443&response=json,2023-01-31
2023-02-01,3443,創意,789.0,798.0,784.0,786.0,4385654.0,3459816014.0,TWSE STOCK_DAY,https://www.twse.com.tw/rwd/zh/afterTrading/STOCK_DAY?date=20230201&stockNo=3443&response=json,2023-02-01
2023-02-02,3443,創意,798.0,864.0,797.0,864.0,9478000.0,7930701131.0,TWSE STOCK_DAY,https://www.twse.com.tw/rwd/zh/afterTrading/STOCK_DAY?date=20230201&stockNo=3443&response=json,2023-02-02
2023-02-03,3443,創意,868.0,871.0,832.0,860.0,9768975.0,8367795654.0,TWSE STOCK_DAY,https://www.twse.com.tw/rwd/zh/afterTrading/STOCK_DAY?date=20230201&stockNo=3443&response=json,2023-02-03
2023-02-06,3443,創意,817.0,819.0,789.0,798.0,7701921.0,6204068087.0,TWSE STOCK_DAY,https://www.twse.com.tw/rwd/zh/afterTrading/STOCK_DAY?date=20230201&stockNo=3443&response=json,2023-02-06
2023-02-07,3443,創意,801.0,858.0,801.0,841.0,8013353.0,6664261528.0,TWSE STOCK_DAY,https://www.twse.com.tw/rwd/zh/afterTrading/STOCK_DAY?date=20230201&stockNo=3443&response=json,2023-02-07
2023-02-08,3443,創意,858.0,925.0,855.0,925.0,9449443.0,8472927410.0,TWSE STOCK_DAY,https://www.twse.com.tw/rwd/zh/afterTrading/STOCK_DAY?date=20230201&stockNo=3443&response=json,2023-02-08
2023-02-09,3443,創意,922.0,988.0,917.0,920.0,13765919.0,12993598014.0,TWSE STOCK_DAY,https://www.twse.com.tw/rwd/zh/afterTrading/STOCK_DAY?date=20230201&stockNo=3443&response=json,2023-02-09
2023-02-10,3443,創意,905.0,927.0,878.0,910.0,9916788.0,8972042055.0,TWSE STOCK_DAY,https://www.twse.com.tw/rwd/zh/afterTrading/STOCK_DAY?date=20230201&stockNo=3443&response=json,2023-02-10
2023-02-13,3443,創意,903.0,935.0,896.0,898.0,7642521.0,6975566617.0,TWSE STOCK_DAY,https://www.twse.com.tw/rwd/zh/afterTrading/STOCK_DAY?date=20230201&stockNo=3443&response=json,2023-02-13
2023-02-14,3443,創意,919.0,933.0,903.0,911.0,8799625.0,8085676918.0,TWSE STOCK_DAY,https://www.twse.com.tw/rwd/zh/afterTrading/STOCK_DAY?date=20230201&stockNo=3443&response=json,2023-02-14
2023-02-15,3443,創意,898.0,935.0,893.0,926.0,9770648.0,8966662847.0,TWSE STOCK_DAY,https://www.twse.com.tw/rwd/zh/afterTrading/STOCK_DAY?date=20230201&stockNo=3443&response=json,2023-02-15
2023-02-16,3443,創意,940.0,1010.0,934.0,958.0,13204497.0,12808733114.0,TWSE STOCK_DAY,https://www.twse.com.tw/rwd/zh/afterTrading/STOCK_DAY?date=20230201&stockNo=3443&response=json,2023-02-16
2023-02-17,3443,創意,958.0,983.0,943.0,976.0,10614770.0,10223672630.0,TWSE STOCK_DAY,https://www.twse.com.tw/rwd/zh/afterTrading/STOCK_DAY?date=20230201&stockNo=3443&response=json,2023-02-17
2023-02-20,3443,創意,980.0,1020.0,978.0,995.0,10258165.0,10263465084.0,TWSE STOCK_DAY,https://www.twse.com.tw/rwd/zh/afterTrading/STOCK_DAY?date=20230201&stockNo=3443&response=json,2023-02-20
2023-02-21,3443,創意,1010.0,1045.0,998.0,1035.0,6632633.0,6792995622.0,TWSE STOCK_DAY,https://www.twse.com.tw/rwd/zh/afterTrading/STOCK_DAY?date=20230201&stockNo=3443&response=json,2023-02-21
2023-02-22,3443,創意,1015.0,1020.0,984.0,1015.0,6476587.0,6494929813.0,TWSE STOCK_DAY,https://www.twse.com.tw/rwd/zh/afterTrading/STOCK_DAY?date=20230201&stockNo=3443&response=json,2023-02-22
2023-02-23,3443,創意,1050.0,1115.0,1045.0,1115.0,5221187.0,5676374590.0,TWSE STOCK_DAY,https://www.twse.com.tw/rwd/zh/afterTrading/STOCK_DAY?date=20230201&stockNo=3443&response=json,2023-02-23
2023-02-24,3443,創意,1155.0,1175.0,1120.0,1160.0,7913285.0,9111970450.0,TWSE STOCK_DAY,https://www.twse.com.tw/rwd/zh/afterTrading/STOCK_DAY?date=20230201&stockNo=3443&response=json,2023-02-24
2023-03-01,3443,創意,1130.0,1180.0,1120.0,1180.0,5494469.0,6353984660.0,TWSE STOCK_DAY,https://www.twse.com.tw/rwd/zh/afterTrading/STOCK_DAY?date=20230301&stockNo=3443&response=json,2023-03-01
2023-03-02,3443,創意,1180.0,1215.0,1160.0,1195.0,5781998.0,6845307175.0,TWSE STOCK_DAY,https://www.twse.com.tw/rwd/zh/afterTrading/STOCK_DAY?date=20230301&stockNo=3443&response=json,2023-03-02
2023-03-03,3443,創意,1215.0,1230.0,1080.0,1080.0,11034277.0,12598230180.0,TWSE STOCK_DAY,https://www.twse.com.tw/rwd/zh/afterTrading/STOCK_DAY?date=20230301&stockNo=3443&response=json,2023-03-03
2023-03-06,3443,創意,1105.0,1120.0,1050.0,1075.0,9589501.0,10360606795.0,TWSE STOCK_DAY,https://www.twse.com.tw/rwd/zh/afterTrading/STOCK_DAY?date=20230301&stockNo=3443&response=json,2023-03-06
2023-03-07,3443,創意,1070.0,1085.0,1035.0,1075.0,5478245.0,5836885575.0,TWSE STOCK_DAY,https://www.twse.com.tw/rwd/zh/afterTrading/STOCK_DAY?date=20230301&stockNo=3443&response=json,2023-03-07
2023-03-08,3443,創意,1060.0,1125.0,1050.0,1105.0,7045575.0,7724917335.0,TWSE STOCK_DAY,https://www.twse.com.tw/rwd/zh/afterTrading/STOCK_DAY?date=20230301&stockNo=3443&response=json,2023-03-08
2023-03-09,3443,創意,1120.0,1135.0,1090.0,1110.0,5650646.0,6298600250.0,TWSE STOCK_DAY,https://www.twse.com.tw/rwd/zh/afterTrading/STOCK_DAY?date=20230301&stockNo=3443&response=json,2023-03-09
2023-03-10,3443,創意,1075.0,1105.0,1065.0,1090.0,5306814.0,5745878905.0,TWSE STOCK_DAY,https://www.twse.com.tw/rwd/zh/afterTrading/STOCK_DAY?date=20230301&stockNo=3443&response=json,2023-03-10
2023-03-13,3443,創意,1105.0,1140.0,1070.0,1130.0,5541446.0,6121416815.0,TWSE STOCK_DAY,https://www.twse.com.tw/rwd/zh/afterTrading/STOCK_DAY?date=20230301&stockNo=3443&response=json,2023-03-13
2023-03-14,3443,創意,1125.0,1150.0,1060.0,1060.0,4879185.0,5405866615.0,TWSE STOCK_DAY,https://www.twse.com.tw/rwd/zh/afterTrading/STOCK_DAY?date=20230301&stockNo=3443&response=json,2023-03-14
2023-03-15,3443,創意,1095.0,1165.0,1095.0,1115.0,6024239.0,6802216845.0,TWSE STOCK_DAY,https://www.twse.com.tw/rwd/zh/afterTrading/STOCK_DAY?date=20230301&stockNo=3443&response=json,2023-03-15
2023-03-16,3443,創意,1130.0,1150.0,1080.0,1100.0,6161423.0,6853234640.0,TWSE STOCK_DAY,https://www.twse.com.tw/rwd/zh/afterTrading/STOCK_DAY?date=20230301&stockNo=3443&response=json,2023-03-16
2023-03-17,3443,創意,1145.0,1190.0,1115.0,1130.0,8979611.0,10375783175.0,TWSE STOCK_DAY,https://www.twse.com.tw/rwd/zh/afterTrading/STOCK_DAY?date=20230301&stockNo=3443&response=json,2023-03-17
2023-03-20,3443,創意,1150.0,1180.0,1145.0,1170.0,4535347.0,5281228330.0,TWSE STOCK_DAY,https://www.twse.com.tw/rwd/zh/afterTrading/STOCK_DAY?date=20230301&stockNo=3443&response=json,2023-03-20
2023-03-21,3443,創意,1170.0,1185.0,1105.0,1125.0,7489661.0,8528750030.0,TWSE STOCK_DAY,https://www.twse.com.tw/rwd/zh/afterTrading/STOCK_DAY?date=20230301&stockNo=3443&response=json,2023-03-21
2023-03-22,3443,創意,1150.0,1165.0,1135.0,1160.0,4884245.0,5630485700.0,TWSE STOCK_DAY,https://www.twse.com.tw/rwd/zh/afterTrading/STOCK_DAY?date=20230301&stockNo=3443&response=json,2023-03-22
2023-03-23,3443,創意,1160.0,1220.0,1150.0,1195.0,8444771.0,9974738310.0,TWSE STOCK_DAY,https://www.twse.com.tw/rwd/zh/afterTrading/STOCK_DAY?date=20230301&stockNo=3443&response=json,2023-03-23
2023-03-24,3443,創意,1215.0,1230.0,1165.0,1165.0,6317730.0,7553603370.0,TWSE STOCK_DAY,https://www.twse.com.tw/rwd/zh/afterTrading/STOCK_DAY?date=20230301&stockNo=3443&response=json,2023-03-24
2023-03-27,3443,創意,1160.0,1180.0,1140.0,1180.0,3276348.0,3822121255.0,TWSE STOCK_DAY,https://www.twse.com.tw/rwd/zh/afterTrading/STOCK_DAY?date=20230301&stockNo=3443&response=json,2023-03-27
2023-03-28,3443,創意,1180.0,1185.0,1105.0,1105.0,5766995.0,6518403070.0,TWSE STOCK_DAY,https://www.twse.com.tw/rwd/zh/afterTrading/STOCK_DAY?date=20230301&stockNo=3443&response=json,2023-03-28
2023-03-29,3443,創意,1105.0,1115.0,1000.0,1010.0,9699541.0,10104283775.0,TWSE STOCK_DAY,https://www.twse.com.tw/rwd/zh/afterTrading/STOCK_DAY?date=20230301&stockNo=3443&response=json,2023-03-29
2023-03-30,3443,創意,1035.0,1055.0,1030.0,1050.0,5737538.0,5990513325.0,TWSE STOCK_DAY,https://www.twse.com.tw/rwd/zh/afterTrading/STOCK_DAY?date=20230301&stockNo=3443&response=json,2023-03-30
2023-03-31,3443,創意,1050.0,1095.0,1025.0,1085.0,5639966.0,6000944745.0,TWSE STOCK_DAY,https://www.twse.com.tw/rwd/zh/afterTrading/STOCK_DAY?date=20230301&stockNo=3443&response=json,2023-03-31
2023-04-06,3443,創意,1050.0,1080.0,1025.0,1070.0,4914986.0,5166621210.0,TWSE STOCK_DAY,https://www.twse.com.tw/rwd/zh/afterTrading/STOCK_DAY?date=20230401&stockNo=3443&response=json,2023-04-06
2023-04-07,3443,創意,1085.0,1095.0,1050.0,1080.0,4896571.0,5274308750.0,TWSE STOCK_DAY,https://www.twse.com.tw/rwd/zh/afterTrading/STOCK_DAY?date=20230401&stockNo=3443&response=json,2023-04-07
2023-04-10,3443,創意,1090.0,1115.0,1090.0,1100.0,4617795.0,5085542910.0,TWSE STOCK_DAY,https://www.twse.com.tw/rwd/zh/afterTrading/STOCK_DAY?date=20230401&stockNo=3443&response=json,2023-04-10
2023-04-11,3443,創意,1110.0,1120.0,1065.0,1070.0,4694169.0,5104292230.0,TWSE STOCK_DAY,https://www.twse.com.tw/rwd/zh/afterTrading/STOCK_DAY?date=20230401&stockNo=3443&response=json,2023-04-11
2023-04-12,3443,創意,1080.0,1085.0,1040.0,1070.0,3969391.0,4231621450.0,TWSE STOCK_DAY,https://www.twse.com.tw/rwd/zh/afterTrading/STOCK_DAY?date=20230401&stockNo=3443&response=json,2023-04-12
2023-04-13,3443,創意,1050.0,1060.0,1030.0,1030.0,3567366.0,3712553170.0,TWSE STOCK_DAY,https://www.twse.com.tw/rwd/zh/afterTrading/STOCK_DAY?date=20230401&stockNo=3443&response=json,2023-04-13
2023-04-14,3443,創意,1050.0,1095.0,1040.0,1085.0,5002759.0,5363178770.0,TWSE STOCK_DAY,https://www.twse.com.tw/rwd/zh/afterTrading/STOCK_DAY?date=20230401&stockNo=3443&response=json,2023-04-14
2023-04-17,3443,創意,1075.0,1090.0,1060.0,1070.0,2358315.0,2540760475.0,TWSE STOCK_DAY,https://www.twse.com.tw/rwd/zh/afterTrading/STOCK_DAY?date=20230401&stockNo=3443&response=json,2023-04-17
2023-04-18,3443,創意,1080.0,1090.0,1025.0,1025.0,4630740.0,4865581350.0,TWSE STOCK_DAY,https://www.twse.com.tw/rwd/zh/afterTrading/STOCK_DAY?date=20230401&stockNo=3443&response=json,2023-04-18
2023-04-19,3443,創意,1030.0,1055.0,1025.0,1030.0,3140200.0,3262963970.0,TWSE STOCK_DAY,https://www.twse.com.tw/rwd/zh/afterTrading/STOCK_DAY?date=20230401&stockNo=3443&response=json,2023-04-19
2023-04-20,3443,創意,1045.0,1065.0,1030.0,1050.0,3606370.0,3785484900.0,TWSE STOCK_DAY,https://www.twse.com.tw/rwd/zh/afterTrading/STOCK_DAY?date=20230401&stockNo=3443&response=json,2023-04-20
2023-04-21,3443,創意,1050.0,1060.0,1005.0,1015.0,5195917.0,5342159735.0,TWSE STOCK_DAY,https://www.twse.com.tw/rwd/zh/afterTrading/STOCK_DAY?date=20230401&stockNo=3443&response=json,2023-04-21
2023-04-24,3443,創意,1010.0,1030.0,1000.0,1020.0,2498587.0,2543272415.0,TWSE STOCK_DAY,https://www.twse.com.tw/rwd/zh/afterTrading/STOCK_DAY?date=20230401&stockNo=3443&response=json,2023-04-24
2023-04-25,3443,創意,1030.0,1030.0,921.0,933.0,9668575.0,9275062143.0,TWSE STOCK_DAY,https://www.twse.com.tw/rwd/zh/afterTrading/STOCK_DAY?date=20230401&stockNo=3443&response=json,2023-04-25
2023-04-26,3443,創意,926.0,959.0,925.0,957.0,5808807.0,5490495074.0,TWSE STOCK_DAY,https://www.twse.com.tw/rwd/zh/afterTrading/STOCK_DAY?date=20230401&stockNo=3443&response=json,2023-04-26
2023-04-27,3443,創意,958.0,993.0,941.0,970.0,5805188.0,5623490833.0,TWSE STOCK_DAY,https://www.twse.com.tw/rwd/zh/afterTrading/STOCK_DAY?date=20230401&stockNo=3443&response=json,2023-04-27
2023-04-28,3443,創意,997.0,1010.0,982.0,996.0,7085585.0,7057911484.0,TWSE STOCK_DAY,https://www.twse.com.tw/rwd/zh/afterTrading/STOCK_DAY?date=20230401&stockNo=3443&response=json,2023-04-28
2023-05-02,3443,創意,1010.0,1095.0,997.0,1095.0,5974194.0,6343839175.0,TWSE STOCK_DAY,https://www.twse.com.tw/rwd/zh/afterTrading/STOCK_DAY?date=20230501&stockNo=3443&response=json,2023-05-02
2023-05-03,3443,創意,1085.0,1115.0,1070.0,1080.0,5871980.0,6403196170.0,TWSE STOCK_DAY,https://www.twse.com.tw/rwd/zh/afterTrading/STOCK_DAY?date=20230501&stockNo=3443&response=json,2023-05-03
2023-05-04,3443,創意,1100.0,1130.0,1095.0,1105.0,7012289.0,7782262110.0,TWSE STOCK_DAY,https://www.twse.com.tw/rwd/zh/afterTrading/STOCK_DAY?date=20230501&stockNo=3443&response=json,2023-05-04
2023-05-05,3443,創意,1135.0,1155.0,1090.0,1140.0,6245777.0,7035528965.0,TWSE STOCK_DAY,https://www.twse.com.tw/rwd/zh/afterTrading/STOCK_DAY?date=20230501&stockNo=3443&response=json,2023-05-05
2023-05-08,3443,創意,1155.0,1180.0,1125.0,1125.0,5903199.0,6774854100.0,TWSE STOCK_DAY,https://www.twse.com.tw/rwd/zh/afterTrading/STOCK_DAY?date=20230501&stockNo=3443&response=json,2023-05-08
2023-05-09,3443,創意,1140.0,1155.0,1115.0,1140.0,4280121.0,4870343195.0,TWSE STOCK_DAY,https://www.twse.com.tw/rwd/zh/afterTrading/STOCK_DAY?date=20230501&stockNo=3443&response=json,2023-05-09
2023-05-10,3443,創意,1145.0,1150.0,1085.0,1130.0,5647272.0,6361275605.0,TWSE STOCK_DAY,https://www.twse.com.tw/rwd/zh/afterTrading/STOCK_DAY?date=20230501&stockNo=3443&response=json,2023-05-10
2023-05-11,3443,創意,1135.0,1145.0,1105.0,1105.0,4124890.0,4630303375.0,TWSE STOCK_DAY,https://www.twse.com.tw/rwd/zh/afterTrading/STOCK_DAY?date=20230501&stockNo=3443&response=json,2023-05-11
2023-05-12,3443,創意,1125.0,1175.0,1115.0,1170.0,6586999.0,7565632230.0,TWSE STOCK_DAY,https://www.twse.com.tw/rwd/zh/afterTrading/STOCK_DAY?date=20230501&stockNo=3443&response=json,2023-05-12
2023-05-15,3443,創意,1155.0,1165.0,1130.0,1130.0,3531445.0,4043956455.0,TWSE STOCK_DAY,https://www.twse.com.tw/rwd/zh/afterTrading/STOCK_DAY?date=20230501&stockNo=3443&response=json,2023-05-15
2023-05-16,3443,創意,1160.0,1180.0,1125.0,1130.0,5733407.0,6587486035.0,TWSE STOCK_DAY,https://www.twse.com.tw/rwd/zh/afterTrading/STOCK_DAY?date=20230501&stockNo=3443&response=json,2023-05-16
2023-05-17,3443,創意,1135.0,1170.0,1135.0,1165.0,4489458.0,5196214395.0,TWSE STOCK_DAY,https://www.twse.com.tw/rwd/zh/afterTrading/STOCK_DAY?date=20230501&stockNo=3443&response=json,2023-05-17
2023-05-18,3443,創意,1200.0,1205.0,1160.0,1165.0,4966370.0,5865780005.0,TWSE STOCK_DAY,https://www.twse.com.tw/rwd/zh/afterTrading/STOCK_DAY?date=20230501&stockNo=3443&response=json,2023-05-18
2023-05-19,3443,創意,1190.0,1280.0,1185.0,1280.0,8538545.0,10484121725.0,TWSE STOCK_DAY,https://www.twse.com.tw/rwd/zh/afterTrading/STOCK_DAY?date=20230501&stockNo=3443&response=json,2023-05-19
2023-05-22,3443,創意,1310.0,1315.0,1260.0,1275.0,6346166.0,8192502970.0,TWSE STOCK_DAY,https://www.twse.com.tw/rwd/zh/afterTrading/STOCK_DAY?date=20230501&stockNo=3443&response=json,2023-05-22
2023-05-23,3443,創意,1280.0,1320.0,1265.0,1285.0,4771221.0,6178205240.0,TWSE STOCK_DAY,https://www.twse.com.tw/rwd/zh/afterTrading/STOCK_DAY?date=20230501&stockNo=3443&response=json,2023-05-23
2023-05-24,3443,創意,1275.0,1285.0,1220.0,1265.0,3788864.0,4755102360.0,TWSE STOCK_DAY,https://www.twse.com.tw/rwd/zh/afterTrading/STOCK_DAY?date=20230501&stockNo=3443&response=json,2023-05-24
2023-05-25,3443,創意,1345.0,1390.0,1345.0,1390.0,8761880.0,12076003470.0,TWSE STOCK_DAY,https://www.twse.com.tw/rwd/zh/afterTrading/STOCK_DAY?date=20230501&stockNo=3443&response=json,2023-05-25
2023-05-26,3443,創意,1425.0,1465.0,1405.0,1435.0,8984983.0,12905776850.0,TWSE STOCK_DAY,https://www.twse.com.tw/rwd/zh/afterTrading/STOCK_DAY?date=20230501&stockNo=3443&response=json,2023-05-26
2023-05-29,3443,創意,1455.0,1540.0,1450.0,1515.0,6880434.0,10343630815.0,TWSE STOCK_DAY,https://www.twse.com.tw/rwd/zh/afterTrading/STOCK_DAY?date=20230501&stockNo=3443&response=json,2023-05-29
2023-05-30,3443,創意,1525.0,1530.0,1475.0,1490.0,3222507.0,4840735595.0,TWSE STOCK_DAY,https://www.twse.com.tw/rwd/zh/afterTrading/STOCK_DAY?date=20230501&stockNo=3443&response=json,2023-05-30
2023-05-31,3443,創意,1520.0,1540.0,1470.0,1495.0,10848674.0,16258761575.0,TWSE STOCK_DAY,https://www.twse.com.tw/rwd/zh/afterTrading/STOCK_DAY?date=20230501&stockNo=3443&response=json,2023-05-31
2023-06-01,3443,創意,1475.0,1545.0,1470.0,1535.0,3877466.0,5885601710.0,TWSE STOCK_DAY,https://www.twse.com.tw/rwd/zh/afterTrading/STOCK_DAY?date=20230601&stockNo=3443&response=json,2023-06-01
2023-06-02,3443,創意,1570.0,1570.0,1425.0,1425.0,5665363.0,8479834635.0,TWSE STOCK_DAY,https://www.twse.com.tw/rwd/zh/afterTrading/STOCK_DAY?date=20230601&stockNo=3443&response=json,2023-06-02
2023-06-05,3443,創意,1440.0,1480.0,1430.0,1440.0,2942915.0,4280083875.0,TWSE STOCK_DAY,https://www.twse.com.tw/rwd/zh/afterTrading/STOCK_DAY?date=20230601&stockNo=3443&response=json,2023-06-05
2023-06-06,3443,創意,1450.0,1480.0,1415.0,1455.0,4308530.0,6259992835.0,TWSE STOCK_DAY,https://www.twse.com.tw/rwd/zh/afterTrading/STOCK_DAY?date=20230601&stockNo=3443&response=json,2023-06-06
2023-06-07,3443,創意,1460.0,1480.0,1445.0,1465.0,3079714.0,4507188590.0,TWSE STOCK_DAY,https://www.twse.com.tw/rwd/zh/afterTrading/STOCK_DAY?date=20230601&stockNo=3443&response=json,2023-06-07
2023-06-08,3443,創意,1460.0,1460.0,1365.0,1385.0,5105169.0,7173216780.0,TWSE STOCK_DAY,https://www.twse.com.tw/rwd/zh/afterTrading/STOCK_DAY?date=20230601&stockNo=3443&response=json,2023-06-08
2023-06-09,3443,創意,1420.0,1445.0,1405.0,1405.0,3502403.0,4990117015.0,TWSE STOCK_DAY,https://www.twse.com.tw/rwd/zh/afterTrading/STOCK_DAY?date=20230601&stockNo=3443&response=json,2023-06-09
2023-06-12,3443,創意,1430.0,1480.0,1425.0,1465.0,4109552.0,5977848810.0,TWSE STOCK_DAY,https://www.twse.com.tw/rwd/zh/afterTrading/STOCK_DAY?date=20230601&stockNo=3443&response=json,2023-06-12
2023-06-13,3443,創意,1505.0,1570.0,1495.0,1545.0,5805009.0,8924680030.0,TWSE STOCK_DAY,https://www.twse.com.tw/rwd/zh/afterTrading/STOCK_DAY?date=20230601&stockNo=3443&response=json,2023-06-13
2023-06-14,3443,創意,1510.0,1565.0,1500.0,1565.0,4208376.0,6493514428.0,TWSE STOCK_DAY,https://www.twse.com.tw/rwd/zh/afterTrading/STOCK_DAY?date=20230601&stockNo=3443&response=json,2023-06-14
2023-06-15,3443,創意,1615.0,1715.0,1610.0,1645.0,6191891.0,10256855975.0,TWSE STOCK_DAY,https://www.twse.com.tw/rwd/zh/afterTrading/STOCK_DAY?date=20230601&stockNo=3443&response=json,2023-06-15
2023-06-16,3443,創意,1650.0,1675.0,1635.0,1650.0,3577833.0,5925746075.0,TWSE STOCK_DAY,https://www.twse.com.tw/rwd/zh/afterTrading/STOCK_DAY?date=20230601&stockNo=3443&response=json,2023-06-16
2023-06-19,3443,創意,1645.0,1710.0,1620.0,1700.0,3792051.0,6372017475.0,TWSE STOCK_DAY,https://www.twse.com.tw/rwd/zh/afterTrading/STOCK_DAY?date=20230601&stockNo=3443&response=json,2023-06-19
2023-06-20,3443,創意,1715.0,1725.0,1670.0,1690.0,3348898.0,5629492080.0,TWSE STOCK_DAY,https://www.twse.com.tw/rwd/zh/afterTrading/STOCK_DAY?date=20230601&stockNo=3443&response=json,2023-06-20
2023-06-21,3443,創意,1695.0,1695.0,1615.0,1625.0,4511945.0,7408251530.0,TWSE STOCK_DAY,https://www.twse.com.tw/rwd/zh/afterTrading/STOCK_DAY?date=20230601&stockNo=3443&response=json,2023-06-21
2023-06-26,3443,創意,1590.0,1640.0,1585.0,1615.0,3012742.0,4854737710.0,TWSE STOCK_DAY,https://www.twse.com.tw/rwd/zh/afterTrading/STOCK_DAY?date=20230601&stockNo=3443&response=json,2023-06-26
2023-06-27,3443,創意,1610.0,1635.0,1555.0,1560.0,3234500.0,5128325355.0,TWSE STOCK_DAY,https://www.twse.com.tw/rwd/zh/afterTrading/STOCK_DAY?date=20230601&stockNo=3443&response=json,2023-06-27
2023-06-28,3443,創意,1600.0,1625.0,1545.0,1550.0,3818682.0,6013971565.0,TWSE STOCK_DAY,https://www.twse.com.tw/rwd/zh/afterTrading/STOCK_DAY?date=20230601&stockNo=3443&response=json,2023-06-28
2023-06-29,3443,創意,1570.0,1610.0,1565.0,1600.0,3112448.0,4951652980.0,TWSE STOCK_DAY,https://www.twse.com.tw/rwd/zh/afterTrading/STOCK_DAY?date=20230601&stockNo=3443&response=json,2023-06-29
2023-06-30,3443,創意,1595.0,1620.0,1580.0,1605.0,2025991.0,3247258365.0,TWSE STOCK_DAY,https://www.twse.com.tw/rwd/zh/afterTrading/STOCK_DAY?date=20230601&stockNo=3443&response=json,2023-06-30
2023-07-03,3443,創意,1630.0,1670.0,1625.0,1670.0,2425770.0,4010065460.0,TWSE STOCK_DAY,https://www.twse.com.tw/rwd/zh/afterTrading/STOCK_DAY?date=20230701&stockNo=3443&response=json,2023-07-03
2023-07-04,3443,創意,1675.0,1725.0,1660.0,1700.0,2865528.0,4850341180.0,TWSE STOCK_DAY,https://www.twse.com.tw/rwd/zh/afterTrading/STOCK_DAY?date=20230701&stockNo=3443&response=json,2023-07-04
2023-07-05,3443,創意,1650.0,1675.0,1550.0,1635.0,4852456.0,7863363235.0,TWSE STOCK_DAY,https://www.twse.com.tw/rwd/zh/afterTrading/STOCK_DAY?date=20230701&stockNo=3443&response=json,2023-07-05
2023-07-06,3443,創意,1640.0,1685.0,1630.0,1650.0,3026255.0,5013663870.0,TWSE STOCK_DAY,https://www.twse.com.tw/rwd/zh/afterTrading/STOCK_DAY?date=20230701&stockNo=3443&response=json,2023-07-06
2023-07-07,3443,創意,1640.0,1675.0,1600.0,1600.0,3349443.0,5469596740.0,TWSE STOCK_DAY,https://www.twse.com.tw/rwd/zh/afterTrading/STOCK_DAY?date=20230701&stockNo=3443&response=json,2023-07-07
2023-07-10,3443,創意,1625.0,1640.0,1605.0,1615.0,2430145.0,3940600820.0,TWSE STOCK_DAY,https://www.twse.com.tw/rwd/zh/afterTrading/STOCK_DAY?date=20230701&stockNo=3443&response=json,2023-07-10
2023-07-11,3443,創意,1645.0,1655.0,1575.0,1585.0,3540849.0,5695517265.0,TWSE STOCK_DAY,https://www.twse.com.tw/rwd/zh/afterTrading/STOCK_DAY?date=20230701&stockNo=3443&response=json,2023-07-11
2023-07-12,3443,創意,1605.0,1670.0,1605.0,1630.0,3766841.0,6177644755.0,TWSE STOCK_DAY,https://www.twse.com.tw/rwd/zh/afterTrading/STOCK_DAY?date=20230701&stockNo=3443&response=json,2023-07-12
2023-07-13,3443,創意,1690.0,1790.0,1675.0,1750.0,7346950.0,12800491885.0,TWSE STOCK_DAY,https://www.twse.com.tw/rwd/zh/afterTrading/STOCK_DAY?date=20230701&stockNo=3443&response=json,2023-07-13
2023-07-14,3443,創意,1800.0,1870.0,1735.0,1870.0,5600396.0,10119146275.0,TWSE STOCK_DAY,https://www.twse.com.tw/rwd/zh/afterTrading/STOCK_DAY?date=20230701&stockNo=3443&response=json,2023-07-14
2023-07-17,3443,創意,1855.0,1885.0,1785.0,1795.0,4102982.0,7521613130.0,TWSE STOCK_DAY,https://www.twse.com.tw/rwd/zh/afterTrading/STOCK_DAY?date=20230701&stockNo=3443&response=json,2023-07-17
2023-07-18,3443,創意,1840.0,1875.0,1780.0,1790.0,4154818.0,7569022985.0,TWSE STOCK_DAY,https://www.twse.com.tw/rwd/zh/afterTrading/STOCK_DAY?date=20230701&stockNo=3443&response=json,2023-07-18
2023-07-19,3443,創意,1810.0,1940.0,1810.0,1850.0,5713227.0,10731776400.0,TWSE STOCK_DAY,https://www.twse.com.tw/rwd/zh/afterTrading/STOCK_DAY?date=20230701&stockNo=3443&response=json,2023-07-19
2023-07-20,3443,創意,1850.0,1865.0,1810.0,1830.0,3092474.0,5660632525.0,TWSE STOCK_DAY,https://www.twse.com.tw/rwd/zh/afterTrading/STOCK_DAY?date=20230701&stockNo=3443&response=json,2023-07-20
2023-07-21,3443,創意,1765.0,1910.0,1765.0,1905.0,4120007.0,7622440430.0,TWSE STOCK_DAY,https://www.twse.com.tw/rwd/zh/afterTrading/STOCK_DAY?date=20230701&stockNo=3443&response=json,2023-07-21
2023-07-24,3443,創意,1905.0,1920.0,1870.0,1885.0,2602289.0,4928440920.0,TWSE STOCK_DAY,https://www.twse.com.tw/rwd/zh/afterTrading/STOCK_DAY?date=20230701&stockNo=3443&response=json,2023-07-24
2023-07-25,3443,創意,1905.0,2015.0,1885.0,1885.0,4472521.0,8707567470.0,TWSE STOCK_DAY,https://www.twse.com.tw/rwd/zh/afterTrading/STOCK_DAY?date=20230701&stockNo=3443&response=json,2023-07-25
2023-07-26,3443,創意,1920.0,1950.0,1840.0,1840.0,3472367.0,6574546955.0,TWSE STOCK_DAY,https://www.twse.com.tw/rwd/zh/afterTrading/STOCK_DAY?date=20230701&stockNo=3443&response=json,2023-07-26
2023-07-27,3443,創意,1895.0,1910.0,1785.0,1825.0,3374798.0,6222902905.0,TWSE STOCK_DAY,https://www.twse.com.tw/rwd/zh/afterTrading/STOCK_DAY?date=20230701&stockNo=3443&response=json,2023-07-27
2023-07-28,3443,創意,1835.0,1840.0,1785.0,1815.0,2400001.0,4347330025.0,TWSE STOCK_DAY,https://www.twse.com.tw/rwd/zh/afterTrading/STOCK_DAY?date=20230701&stockNo=3443&response=json,2023-07-28
2023-07-31,3443,創意,1635.0,1635.0,1635.0,1635.0,1193501.0,1951374135.0,TWSE STOCK_DAY,https://www.twse.com.tw/rwd/zh/afterTrading/STOCK_DAY?date=20230701&stockNo=3443&response=json,2023-07-31
2023-08-01,3443,創意,1500.0,1550.0,1475.0,1475.0,4625834.0,6930932620.0,TWSE STOCK_DAY,https://www.twse.com.tw/rwd/zh/afterTrading/STOCK_DAY?date=20230801&stockNo=3443&response=json,2023-08-01
2023-08-02,3443,創意,1475.0,1490.0,1375.0,1405.0,8874035.0,12721870870.0,TWSE STOCK_DAY,https://www.twse.com.tw/rwd/zh/afterTrading/STOCK_DAY?date=20230801&stockNo=3443&response=json,2023-08-02
2023-08-04,3443,創意,1415.0,1440.0,1365.0,1380.0,4949726.0,6926272205.0,TWSE STOCK_DAY,https://www.twse.com.tw/rwd/zh/afterTrading/STOCK_DAY?date=20230801&stockNo=3443&response=json,2023-08-04
2023-08-07,3443,創意,1415.0,1440.0,1385.0,1405.0,5126096.0,7259647600.0,TWSE STOCK_DAY,https://www.twse.com.tw/rwd/zh/afterTrading/STOCK_DAY?date=20230801&stockNo=3443&response=json,2023-08-07
2023-08-08,3443,創意,1415.0,1425.0,1310.0,1345.0,6814260.0,9212006790.0,TWSE STOCK_DAY,https://www.twse.com.tw/rwd/zh/afterTrading/STOCK_DAY?date=20230801&stockNo=3443&response=json,2023-08-08
2023-08-09,3443,創意,1335.0,1410.0,1330.0,1340.0,5682069.0,7769039670.0,TWSE STOCK_DAY,https://www.twse.com.tw/rwd/zh/afterTrading/STOCK_DAY?date=20230801&stockNo=3443&response=json,2023-08-09
2023-08-10,3443,創意,1320.0,1350.0,1225.0,1250.0,6317617.0,8031803715.0,TWSE STOCK_DAY,https://www.twse.com.tw/rwd/zh/afterTrading/STOCK_DAY?date=20230801&stockNo=3443&response=json,2023-08-10
2023-08-11,3443,創意,1300.0,1300.0,1260.0,1270.0,3397803.0,4331142265.0,TWSE STOCK_DAY,https://www.twse.com.tw/rwd/zh/afterTrading/STOCK_DAY?date=20230801&stockNo=3443&response=json,2023-08-11
2023-08-14,3443,創意,1250.0,1290.0,1240.0,1265.0,2873110.0,3648599195.0,TWSE STOCK_DAY,https://www.twse.com.tw/rwd/zh/afterTrading/STOCK_DAY?date=20230801&stockNo=3443&response=json,2023-08-14
2023-08-15,3443,創意,1310.0,1320.0,1245.0,1265.0,5195299.0,6645394280.0,TWSE STOCK_DAY,https://www.twse.com.tw/rwd/zh/afterTrading/STOCK_DAY?date=20230801&stockNo=3443&response=json,2023-08-15
2023-08-16,3443,創意,1245.0,1320.0,1245.0,1285.0,4049115.0,5204190225.0,TWSE STOCK_DAY,https://www.twse.com.tw/rwd/zh/afterTrading/STOCK_DAY?date=20230801&stockNo=3443&response=json,2023-08-16
2023-08-17,3443,創意,1275.0,1405.0,1265.0,1365.0,7743299.0,10519025420.0,TWSE STOCK_DAY,https://www.twse.com.tw/rwd/zh/afterTrading/STOCK_DAY?date=20230801&stockNo=3443&response=json,2023-08-17
2023-08-18,3443,創意,1365.0,1390.0,1330.0,1345.0,5136821.0,6978159790.0,TWSE STOCK_DAY,https://www.twse.com.tw/rwd/zh/afterTrading/STOCK_DAY?date=20230801&stockNo=3443&response=json,2023-08-18
2023-08-21,3443,創意,1430.0,1440.0,1340.0,1340.0,6668731.0,9179773640.0,TWSE STOCK_DAY,https://www.twse.com.tw/rwd/zh/afterTrading/STOCK_DAY?date=20230801&stockNo=3443&response=json,2023-08-21
2023-08-22,3443,創意,1380.0,1410.0,1360.0,1370.0,6127328.0,8465379050.0,TWSE STOCK_DAY,https://www.twse.com.tw/rwd/zh/afterTrading/STOCK_DAY?date=20230801&stockNo=3443&response=json,2023-08-22
2023-08-23,3443,創意,1380.0,1500.0,1340.0,1465.0,8986242.0,12875577920.0,TWSE STOCK_DAY,https://www.twse.com.tw/rwd/zh/afterTrading/STOCK_DAY?date=20230801&stockNo=3443&response=json,2023-08-23
2023-08-24,3443,創意,1540.0,1560.0,1475.0,1485.0,7541461.0,11459405595.0,TWSE STOCK_DAY,https://www.twse.com.tw/rwd/zh/afterTrading/STOCK_DAY?date=20230801&stockNo=3443&response=json,2023-08-24
2023-08-25,3443,創意,1435.0,1480.0,1425.0,1430.0,4400069.0,6367936995.0,TWSE STOCK_DAY,https://www.twse.com.tw/rwd/zh/afterTrading/STOCK_DAY?date=20230801&stockNo=3443&response=json,2023-08-25
2023-08-28,3443,創意,1450.0,1455.0,1385.0,1430.0,3370105.0,4798520340.0,TWSE STOCK_DAY,https://www.twse.com.tw/rwd/zh/afterTrading/STOCK_DAY?date=20230801&stockNo=3443&response=json,2023-08-28
2023-08-29,3443,創意,1445.0,1500.0,1400.0,1500.0,4555783.0,6621613205.0,TWSE STOCK_DAY,https://www.twse.com.tw/rwd/zh/afterTrading/STOCK_DAY?date=20230801&stockNo=3443&response=json,2023-08-29
2023-08-30,3443,創意,1540.0,1540.0,1485.0,1485.0,4009224.0,6069923310.0,TWSE STOCK_DAY,https://www.twse.com.tw/rwd/zh/afterTrading/STOCK_DAY?date=20230801&stockNo=3443&response=json,2023-08-30
2023-08-31,3443,創意,1475.0,1495.0,1450.0,1460.0,3571148.0,5246355835.0,TWSE STOCK_DAY,https://www.twse.com.tw/rwd/zh/afterTrading/STOCK_DAY?date=20230801&stockNo=3443&response=json,2023-08-31
2023-09-01,3443,創意,1470.0,1500.0,1405.0,1405.0,4099094.0,5923285660.0,TWSE STOCK_DAY,https://www.twse.com.tw/rwd/zh/afterTrading/STOCK_DAY?date=20230901&stockNo=3443&response=json,2023-09-01
2023-09-04,3443,創意,1420.0,1460.0,1400.0,1445.0,2517275.0,3608821900.0,TWSE STOCK_DAY,https://www.twse.com.tw/rwd/zh/afterTrading/STOCK_DAY?date=20230901&stockNo=3443&response=json,2023-09-04
2023-09-05,3443,創意,1430.0,1455.0,1420.0,1440.0,1797514.0,2581628195.0,TWSE STOCK_DAY,https://www.twse.com.tw/rwd/zh/afterTrading/STOCK_DAY?date=20230901&stockNo=3443&response=json,2023-09-05
2023-09-06,3443,創意,1455.0,1480.0,1435.0,1450.0,2373972.0,3455199985.0,TWSE STOCK_DAY,https://www.twse.com.tw/rwd/zh/afterTrading/STOCK_DAY?date=20230901&stockNo=3443&response=json,2023-09-06
2023-09-07,3443,創意,1435.0,1440.0,1365.0,1415.0,4661834.0,6529617195.0,TWSE STOCK_DAY,https://www.twse.com.tw/rwd/zh/afterTrading/STOCK_DAY?date=20230901&stockNo=3443&response=json,2023-09-07
2023-09-08,3443,創意,1400.0,1420.0,1385.0,1395.0,2061636.0,2881889395.0,TWSE STOCK_DAY,https://www.twse.com.tw/rwd/zh/afterTrading/STOCK_DAY?date=20230901&stockNo=3443&response=json,2023-09-08
2023-09-11,3443,創意,1400.0,1405.0,1360.0,1360.0,2488418.0,3423251515.0,TWSE STOCK_DAY,https://www.twse.com.tw/rwd/zh/afterTrading/STOCK_DAY?date=20230901&stockNo=3443&response=json,2023-09-11
2023-09-12,3443,創意,1375.0,1415.0,1365.0,1385.0,2428777.0,3378064120.0,TWSE STOCK_DAY,https://www.twse.com.tw/rwd/zh/afterTrading/STOCK_DAY?date=20230901&stockNo=3443&response=json,2023-09-12
2023-09-13,3443,創意,1390.0,1475.0,1370.0,1460.0,4632742.0,6673091925.0,TWSE STOCK_DAY,https://www.twse.com.tw/rwd/zh/afterTrading/STOCK_DAY?date=20230901&stockNo=3443&response=json,2023-09-13
2023-09-14,3443,創意,1480.0,1490.0,1455.0,1470.0,3940318.0,5802152735.0,TWSE STOCK_DAY,https://www.twse.com.tw/rwd/zh/afterTrading/STOCK_DAY?date=20230901&stockNo=3443&response=json,2023-09-14
2023-09-15,3443,創意,1495.0,1530.0,1450.0,1480.0,5813546.0,8645385605.0,TWSE STOCK_DAY,https://www.twse.com.tw/rwd/zh/afterTrading/STOCK_DAY?date=20230901&stockNo=3443&response=json,2023-09-15
2023-09-18,3443,創意,1445.0,1485.0,1440.0,1440.0,2327321.0,3395210610.0,TWSE STOCK_DAY,https://www.twse.com.tw/rwd/zh/afterTrading/STOCK_DAY?date=20230901&stockNo=3443&response=json,2023-09-18
2023-09-19,3443,創意,1455.0,1480.0,1425.0,1425.0,2587118.0,3753127970.0,TWSE STOCK_DAY,https://www.twse.com.tw/rwd/zh/afterTrading/STOCK_DAY?date=20230901&stockNo=3443&response=json,2023-09-19
2023-09-20,3443,創意,1420.0,1425.0,1350.0,1360.0,2681588.0,3722273015.0,TWSE STOCK_DAY,https://www.twse.com.tw/rwd/zh/afterTrading/STOCK_DAY?date=20230901&stockNo=3443&response=json,2023-09-20
2023-09-21,3443,創意,1335.0,1340.0,1300.0,1320.0,2711876.0,3577619840.0,TWSE STOCK_DAY,https://www.twse.com.tw/rwd/zh/afterTrading/STOCK_DAY?date=20230901&stockNo=3443&response=json,2023-09-21
2023-09-22,3443,創意,1305.0,1395.0,1295.0,1390.0,3135659.0,4254950770.0,TWSE STOCK_DAY,https://www.twse.com.tw/rwd/zh/afterTrading/STOCK_DAY?date=20230901&stockNo=3443&response=json,2023-09-22
2023-09-25,3443,創意,1395.0,1425.0,1385.0,1410.0,2253393.0,3166235215.0,TWSE STOCK_DAY,https://www.twse.com.tw/rwd/zh/afterTrading/STOCK_DAY?date=20230901&stockNo=3443&response=json,2023-09-25
2023-09-26,3443,創意,1410.0,1425.0,1385.0,1405.0,2103673.0,2961052445.0,TWSE STOCK_DAY,https://www.twse.com.tw/rwd/zh/afterTrading/STOCK_DAY?date=20230901&stockNo=3443&response=json,2023-09-26
2023-09-27,3443,創意,1395.0,1420.0,1350.0,1360.0,3026697.0,4172125935.0,TWSE STOCK_DAY,https://www.twse.com.tw/rwd/zh/afterTrading/STOCK_DAY?date=20230901&stockNo=3443&response=json,2023-09-27
2023-09-28,3443,創意,1385.0,1420.0,1360.0,1365.0,3363955.0,4663728280.0,TWSE STOCK_DAY,https://www.twse.com.tw/rwd/zh/afterTrading/STOCK_DAY?date=20230901&stockNo=3443&response=json,2023-09-28
2023-10-02,3443,創意,1400.0,1440.0,1390.0,1410.0,3432829.0,4855659365.0,TWSE STOCK_DAY,https://www.twse.com.tw/rwd/zh/afterTrading/STOCK_DAY?date=20231001&stockNo=3443&response=json,2023-10-02
2023-10-03,3443,創意,1420.0,1460.0,1405.0,1430.0,3764153.0,5401637620.0,TWSE STOCK_DAY,https://www.twse.com.tw/rwd/zh/afterTrading/STOCK_DAY?date=20231001&stockNo=3443&response=json,2023-10-03
2023-10-04,3443,創意,1410.0,1455.0,1400.0,1400.0,3643348.0,5177026660.0,TWSE STOCK_DAY,https://www.twse.com.tw/rwd/zh/afterTrading/STOCK_DAY?date=20231001&stockNo=3443&response=json,2023-10-04
2023-10-05,3443,創意,1415.0,1425.0,1400.0,1425.0,2512747.0,3553275200.0,TWSE STOCK_DAY,https://www.twse.com.tw/rwd/zh/afterTrading/STOCK_DAY?date=20231001&stockNo=3443&response=json,2023-10-05
2023-10-06,3443,創意,1435.0,1445.0,1405.0,1435.0,2214510.0,3162951670.0,TWSE STOCK_DAY,https://www.twse.com.tw/rwd/zh/afterTrading/STOCK_DAY?date=20231001&stockNo=3443&response=json,2023-10-06
2023-10-11,3443,創意,1490.0,1575.0,1490.0,1575.0,7637352.0,11867395830.0,TWSE STOCK_DAY,https://www.twse.com.tw/rwd/zh/afterTrading/STOCK_DAY?date=20231001&stockNo=3443&response=json,2023-10-11
2023-10-12,3443,創意,1600.0,1725.0,1575.0,1695.0,9676379.0,15966471800.0,TWSE STOCK_DAY,https://www.twse.com.tw/rwd/zh/afterTrading/STOCK_DAY?date=20231001&stockNo=3443&response=json,2023-10-12
2023-10-13,3443,創意,1680.0,1715.0,1645.0,1695.0,5250647.0,8834660930.0,TWSE STOCK_DAY,https://www.twse.com.tw/rwd/zh/afterTrading/STOCK_DAY?date=20231001&stockNo=3443&response=json,2023-10-13
2023-10-16,3443,創意,1685.0,1735.0,1645.0,1715.0,4141367.0,7040564400.0,TWSE STOCK_DAY,https://www.twse.com.tw/rwd/zh/afterTrading/STOCK_DAY?date=20231001&stockNo=3443&response=json,2023-10-16
2023-10-17,3443,創意,1740.0,1765.0,1685.0,1685.0,4764616.0,8216257725.0,TWSE STOCK_DAY,https://www.twse.com.tw/rwd/zh/afterTrading/STOCK_DAY?date=20231001&stockNo=3443&response=json,2023-10-17
2023-10-18,3443,創意,1665.0,1710.0,1595.0,1635.0,5683740.0,9348560425.0,TWSE STOCK_DAY,https://www.twse.com.tw/rwd/zh/afterTrading/STOCK_DAY?date=20231001&stockNo=3443&response=json,2023-10-18
2023-10-19,3443,創意,1625.0,1690.0,1620.0,1630.0,4691381.0,7741195995.0,TWSE STOCK_DAY,https://www.twse.com.tw/rwd/zh/afterTrading/STOCK_DAY?date=20231001&stockNo=3443&response=json,2023-10-19
2023-10-20,3443,創意,1640.0,1640.0,1580.0,1590.0,4214110.0,6769364390.0,TWSE STOCK_DAY,https://www.twse.com.tw/rwd/zh/afterTrading/STOCK_DAY?date=20231001&stockNo=3443&response=json,2023-10-20
2023-10-23,3443,創意,1535.0,1560.0,1445.0,1450.0,6896368.0,10295845725.0,TWSE STOCK_DAY,https://www.twse.com.tw/rwd/zh/afterTrading/STOCK_DAY?date=20231001&stockNo=3443&response=json,2023-10-23
2023-10-24,3443,創意,1465.0,1475.0,1435.0,1465.0,4113388.0,5992541220.0,TWSE STOCK_DAY,https://www.twse.com.tw/rwd/zh/afterTrading/STOCK_DAY?date=20231001&stockNo=3443&response=json,2023-10-24
2023-10-25,3443,創意,1490.0,1540.0,1480.0,1490.0,4955940.0,7464739260.0,TWSE STOCK_DAY,https://www.twse.com.tw/rwd/zh/afterTrading/STOCK_DAY?date=20231001&stockNo=3443&response=json,2023-10-25
2023-10-26,3443,創意,1430.0,1465.0,1425.0,1425.0,3078567.0,4443532955.0,TWSE STOCK_DAY,https://www.twse.com.tw/rwd/zh/afterTrading/STOCK_DAY?date=20231001&stockNo=3443&response=json,2023-10-26
2023-10-27,3443,創意,1450.0,1490.0,1440.0,1480.0,4071803.0,5978403940.0,TWSE STOCK_DAY,https://www.twse.com.tw/rwd/zh/afterTrading/STOCK_DAY?date=20231001&stockNo=3443&response=json,2023-10-27
2023-10-30,3443,創意,1500.0,1515.0,1475.0,1500.0,3333297.0,4992048070.0,TWSE STOCK_DAY,https://www.twse.com.tw/rwd/zh/afterTrading/STOCK_DAY?date=20231001&stockNo=3443&response=json,2023-10-30
2023-10-31,3443,創意,1520.0,1525.0,1435.0,1435.0,4019057.0,5937215960.0,TWSE STOCK_DAY,https://www.twse.com.tw/rwd/zh/afterTrading/STOCK_DAY?date=20231001&stockNo=3443&response=json,2023-10-31
2023-11-01,3443,創意,1475.0,1495.0,1440.0,1485.0,3405627.0,5007062245.0,TWSE STOCK_DAY,https://www.twse.com.tw/rwd/zh/afterTrading/STOCK_DAY?date=20231101&stockNo=3443&response=json,2023-11-01
2023-11-02,3443,創意,1535.0,1560.0,1500.0,1520.0,4630403.0,7080651660.0,TWSE STOCK_DAY,https://www.twse.com.tw/rwd/zh/afterTrading/STOCK_DAY?date=20231101&stockNo=3443&response=json,2023-11-02
2023-11-03,3443,創意,1540.0,1550.0,1490.0,1525.0,3634309.0,5528431615.0,TWSE STOCK_DAY,https://www.twse.com.tw/rwd/zh/afterTrading/STOCK_DAY?date=20231101&stockNo=3443&response=json,2023-11-03
2023-11-06,3443,創意,1550.0,1565.0,1540.0,1560.0,2826901.0,4395820110.0,TWSE STOCK_DAY,https://www.twse.com.tw/rwd/zh/afterTrading/STOCK_DAY?date=20231101&stockNo=3443&response=json,2023-11-06
2023-11-07,3443,創意,1545.0,1565.0,1525.0,1555.0,3053688.0,4734117035.0,TWSE STOCK_DAY,https://www.twse.com.tw/rwd/zh/afterTrading/STOCK_DAY?date=20231101&stockNo=3443&response=json,2023-11-07
2023-11-08,3443,創意,1565.0,1620.0,1550.0,1620.0,4149640.0,6594364735.0,TWSE STOCK_DAY,https://www.twse.com.tw/rwd/zh/afterTrading/STOCK_DAY?date=20231101&stockNo=3443&response=json,2023-11-08
2023-11-09,3443,創意,1620.0,1710.0,1610.0,1665.0,6020918.0,10005441565.0,TWSE STOCK_DAY,https://www.twse.com.tw/rwd/zh/afterTrading/STOCK_DAY?date=20231101&stockNo=3443&response=json,2023-11-09
2023-11-10,3443,創意,1675.0,1710.0,1650.0,1670.0,4748652.0,7972580325.0,TWSE STOCK_DAY,https://www.twse.com.tw/rwd/zh/afterTrading/STOCK_DAY?date=20231101&stockNo=3443&response=json,2023-11-10
2023-11-13,3443,創意,1720.0,1760.0,1700.0,1700.0,4551879.0,7861002850.0,TWSE STOCK_DAY,https://www.twse.com.tw/rwd/zh/afterTrading/STOCK_DAY?date=20231101&stockNo=3443&response=json,2023-11-13
2023-11-14,3443,創意,1720.0,1745.0,1700.0,1735.0,3599996.0,6213794620.0,TWSE STOCK_DAY,https://www.twse.com.tw/rwd/zh/afterTrading/STOCK_DAY?date=20231101&stockNo=3443&response=json,2023-11-14
2023-11-15,3443,創意,1770.0,1775.0,1660.0,1675.0,5162623.0,8885023925.0,TWSE STOCK_DAY,https://www.twse.com.tw/rwd/zh/afterTrading/STOCK_DAY?date=20231101&stockNo=3443&response=json,2023-11-15
2023-11-16,3443,創意,1675.0,1700.0,1640.0,1675.0,3395133.0,5659916785.0,TWSE STOCK_DAY,https://www.twse.com.tw/rwd/zh/afterTrading/STOCK_DAY?date=20231101&stockNo=3443&response=json,2023-11-16
2023-11-17,3443,創意,1685.0,1740.0,1670.0,1735.0,4397345.0,7541929105.0,TWSE STOCK_DAY,https://www.twse.com.tw/rwd/zh/afterTrading/STOCK_DAY?date=20231101&stockNo=3443&response=json,2023-11-17
2023-11-20,3443,創意,1745.0,1750.0,1705.0,1715.0,2441287.0,4222973975.0,TWSE STOCK_DAY,https://www.twse.com.tw/rwd/zh/afterTrading/STOCK_DAY?date=20231101&stockNo=3443&response=json,2023-11-20
2023-11-21,3443,創意,1750.0,1770.0,1715.0,1740.0,3913664.0,6812892165.0,TWSE STOCK_DAY,https://www.twse.com.tw/rwd/zh/afterTrading/STOCK_DAY?date=20231101&stockNo=3443&response=json,2023-11-21
2023-11-22,3443,創意,1725.0,1790.0,1720.0,1785.0,3764252.0,6643856310.0,TWSE STOCK_DAY,https://www.twse.com.tw/rwd/zh/afterTrading/STOCK_DAY?date=20231101&stockNo=3443&response=json,2023-11-22
2023-11-23,3443,創意,1790.0,1790.0,1690.0,1695.0,4424394.0,7659558760.0,TWSE STOCK_DAY,https://www.twse.com.tw/rwd/zh/afterTrading/STOCK_DAY?date=20231101&stockNo=3443&response=json,2023-11-23
2023-11-24,3443,創意,1710.0,1710.0,1650.0,1655.0,3218884.0,5395358385.0,TWSE STOCK_DAY,https://www.twse.com.tw/rwd/zh/afterTrading/STOCK_DAY?date=20231101&stockNo=3443&response=json,2023-11-24
2023-11-27,3443,創意,1665.0,1680.0,1605.0,1610.0,3035859.0,4987854875.0,TWSE STOCK_DAY,https://www.twse.com.tw/rwd/zh/afterTrading/STOCK_DAY?date=20231101&stockNo=3443&response=json,2023-11-27
2023-11-28,3443,創意,1630.0,1675.0,1620.0,1645.0,2961216.0,4878330120.0,TWSE STOCK_DAY,https://www.twse.com.tw/rwd/zh/afterTrading/STOCK_DAY?date=20231101&stockNo=3443&response=json,2023-11-28
2023-11-29,3443,創意,1645.0,1655.0,1590.0,1625.0,3601155.0,5818334470.0,TWSE STOCK_DAY,https://www.twse.com.tw/rwd/zh/afterTrading/STOCK_DAY?date=20231101&stockNo=3443&response=json,2023-11-29
2023-11-30,3443,創意,1635.0,1655.0,1620.0,1650.0,2889987.0,4741098570.0,TWSE STOCK_DAY,https://www.twse.com.tw/rwd/zh/afterTrading/STOCK_DAY?date=20231101&stockNo=3443&response=json,2023-11-30
2023-12-01,3443,創意,1645.0,1660.0,1610.0,1630.0,1959565.0,3207492485.0,TWSE STOCK_DAY,https://www.twse.com.tw/rwd/zh/afterTrading/STOCK_DAY?date=20231201&stockNo=3443&response=json,2023-12-01
2023-12-04,3443,創意,1655.0,1670.0,1595.0,1595.0,2653404.0,4325766220.0,TWSE STOCK_DAY,https://www.twse.com.tw/rwd/zh/afterTrading/STOCK_DAY?date=20231201&stockNo=3443&response=json,2023-12-04
2023-12-05,3443,創意,1595.0,1635.0,1575.0,1630.0,2416756.0,3890477240.0,TWSE STOCK_DAY,https://www.twse.com.tw/rwd/zh/afterTrading/STOCK_DAY?date=20231201&stockNo=3443&response=json,2023-12-05
2023-12-06,3443,創意,1615.0,1725.0,1585.0,1680.0,6709598.0,11205934250.0,TWSE STOCK_DAY,https://www.twse.com.tw/rwd/zh/afterTrading/STOCK_DAY?date=20231201&stockNo=3443&response=json,2023-12-06
2023-12-07,3443,創意,1675.0,1725.0,1660.0,1725.0,4122629.0,6967332335.0,TWSE STOCK_DAY,https://www.twse.com.tw/rwd/zh/afterTrading/STOCK_DAY?date=20231201&stockNo=3443&response=json,2023-12-07
2023-12-08,3443,創意,1755.0,1895.0,1740.0,1895.0,9470984.0,17235530700.0,TWSE STOCK_DAY,https://www.twse.com.tw/rwd/zh/afterTrading/STOCK_DAY?date=20231201&stockNo=3443&response=json,2023-12-08
2023-12-11,3443,創意,1855.0,1880.0,1805.0,1825.0,7481080.0,13784660150.0,TWSE STOCK_DAY,https://www.twse.com.tw/rwd/zh/afterTrading/STOCK_DAY?date=20231201&stockNo=3443&response=json,2023-12-11
2023-12-12,3443,創意,1850.0,1855.0,1790.0,1790.0,4214193.0,7672564590.0,TWSE STOCK_DAY,https://www.twse.com.tw/rwd/zh/afterTrading/STOCK_DAY?date=20231201&stockNo=3443&response=json,2023-12-12
2023-12-13,3443,創意,1795.0,1850.0,1795.0,1810.0,3847945.0,7023345545.0,TWSE STOCK_DAY,https://www.twse.com.tw/rwd/zh/afterTrading/STOCK_DAY?date=20231201&stockNo=3443&response=json,2023-12-13
2023-12-14,3443,創意,1850.0,1865.0,1750.0,1805.0,5315878.0,9620085420.0,TWSE STOCK_DAY,https://www.twse.com.tw/rwd/zh/afterTrading/STOCK_DAY?date=20231201&stockNo=3443&response=json,2023-12-14
2023-12-15,3443,創意,1820.0,1845.0,1765.0,1765.0,3800364.0,6830934185.0,TWSE STOCK_DAY,https://www.twse.com.tw/rwd/zh/afterTrading/STOCK_DAY?date=20231201&stockNo=3443&response=json,2023-12-15
2023-12-18,3443,創意,1775.0,1790.0,1720.0,1730.0,2381415.0,4176921320.0,TWSE STOCK_DAY,https://www.twse.com.tw/rwd/zh/afterTrading/STOCK_DAY?date=20231201&stockNo=3443&response=json,2023-12-18
2023-12-19,3443,創意,1735.0,1745.0,1705.0,1705.0,2301369.0,3956597550.0,TWSE STOCK_DAY,https://www.twse.com.tw/rwd/zh/afterTrading/STOCK_DAY?date=20231201&stockNo=3443&response=json,2023-12-19
2023-12-20,3443,創意,1725.0,1730.0,1670.0,1685.0,2713783.0,4601329015.0,TWSE STOCK_DAY,https://www.twse.com.tw/rwd/zh/afterTrading/STOCK_DAY?date=20231201&stockNo=3443&response=json,2023-12-20
2023-12-21,3443,創意,1665.0,1705.0,1640.0,1695.0,2524584.0,4251490710.0,TWSE STOCK_DAY,https://www.twse.com.tw/rwd/zh/afterTrading/STOCK_DAY?date=20231201&stockNo=3443&response=json,2023-12-21
2023-12-22,3443,創意,1715.0,1760.0,1690.0,1750.0,3216121.0,5584684405.0,TWSE STOCK_DAY,https://www.twse.com.tw/rwd/zh/afterTrading/STOCK_DAY?date=20231201&stockNo=3443&response=json,2023-12-22
2023-12-25,3443,創意,1755.0,1765.0,1730.0,1730.0,2087332.0,3646873190.0,TWSE STOCK_DAY,https://www.twse.com.tw/rwd/zh/afterTrading/STOCK_DAY?date=20231201&stockNo=3443&response=json,2023-12-25
2023-12-26,3443,創意,1730.0,1775.0,1730.0,1765.0,1880092.0,3309386525.0,TWSE STOCK_DAY,https://www.twse.com.tw/rwd/zh/afterTrading/STOCK_DAY?date=20231201&stockNo=3443&response=json,2023-12-26
2023-12-27,3443,創意,1780.0,1780.0,1735.0,1760.0,2309150.0,4052381030.0,TWSE STOCK_DAY,https://www.twse.com.tw/rwd/zh/afterTrading/STOCK_DAY?date=20231201&stockNo=3443&response=json,2023-12-27
2023-12-28,3443,創意,1775.0,1780.0,1720.0,1720.0,1790485.0,3125024150.0,TWSE STOCK_DAY,https://www.twse.com.tw/rwd/zh/afterTrading/STOCK_DAY?date=20231201&stockNo=3443&response=json,2023-12-28
2023-12-29,3443,創意,1730.0,1745.0,1705.0,1740.0,1777809.0,3073698425.0,TWSE STOCK_DAY,https://www.twse.com.tw/rwd/zh/afterTrading/STOCK_DAY?date=20231201&stockNo=3443&response=json,2023-12-29
2024-01-02,3443,創意,1725.0,1760.0,1665.0,1670.0,3587977.0,6084649255.0,TWSE STOCK_DAY,https://www.twse.com.tw/rwd/zh/afterTrading/STOCK_DAY?date=20240101&stockNo=3443&response=json,2024-01-02
2024-01-03,3443,創意,1660.0,1680.0,1615.0,1640.0,2839253.0,4689964970.0,TWSE STOCK_DAY,https://www.twse.com.tw/rwd/zh/afterTrading/STOCK_DAY?date=20240101&stockNo=3443&response=json,2024-01-03
2024-01-04,3443,創意,1650.0,1655.0,1625.0,1630.0,1664685.0,2728777335.0,TWSE STOCK_DAY,https://www.twse.com.tw/rwd/zh/afterTrading/STOCK_DAY?date=20240101&stockNo=3443&response=json,2024-01-04
2024-01-05,3443,創意,1650.0,1680.0,1620.0,1655.0,2088563.0,3455465570.0,TWSE STOCK_DAY,https://www.twse.com.tw/rwd/zh/afterTrading/STOCK_DAY?date=20240101&stockNo=3443&response=json,2024-01-05
2024-01-08,3443,創意,1675.0,1690.0,1665.0,1665.0,1318781.0,2207473510.0,TWSE STOCK_DAY,https://www.twse.com.tw/rwd/zh/afterTrading/STOCK_DAY?date=20240101&stockNo=3443&response=json,2024-01-08
2024-01-09,3443,創意,1690.0,1715.0,1680.0,1690.0,2701015.0,4590753865.0,TWSE STOCK_DAY,https://www.twse.com.tw/rwd/zh/afterTrading/STOCK_DAY?date=20240101&stockNo=3443&response=json,2024-01-09
2024-01-10,3443,創意,1685.0,1800.0,1685.0,1790.0,4319314.0,7567176485.0,TWSE STOCK_DAY,https://www.twse.com.tw/rwd/zh/afterTrading/STOCK_DAY?date=20240101&stockNo=3443&response=json,2024-01-10
2024-01-11,3443,創意,1800.0,1880.0,1790.0,1860.0,7013407.0,12957223190.0,TWSE STOCK_DAY,https://www.twse.com.tw/rwd/zh/afterTrading/STOCK_DAY?date=20240101&stockNo=3443&response=json,2024-01-11
2024-01-12,3443,創意,1865.0,1865.0,1805.0,1810.0,2955936.0,5403004980.0,TWSE STOCK_DAY,https://www.twse.com.tw/rwd/zh/afterTrading/STOCK_DAY?date=20240101&stockNo=3443&response=json,2024-01-12
2024-01-15,3443,創意,1835.0,1840.0,1750.0,1760.0,3196238.0,5689473455.0,TWSE STOCK_DAY,https://www.twse.com.tw/rwd/zh/afterTrading/STOCK_DAY?date=20240101&stockNo=3443&response=json,2024-01-15
2024-01-16,3443,創意,1765.0,1780.0,1730.0,1735.0,3048883.0,5346657840.0,TWSE STOCK_DAY,https://www.twse.com.tw/rwd/zh/afterTrading/STOCK_DAY?date=20240101&stockNo=3443&response=json,2024-01-16
2024-01-17,3443,創意,1740.0,1750.0,1680.0,1680.0,3077465.0,5258626410.0,TWSE STOCK_DAY,https://www.twse.com.tw/rwd/zh/afterTrading/STOCK_DAY?date=20240101&stockNo=3443&response=json,2024-01-17
2024-01-18,3443,創意,1700.0,1750.0,1695.0,1725.0,3412028.0,5872779885.0,TWSE STOCK_DAY,https://www.twse.com.tw/rwd/zh/afterTrading/STOCK_DAY?date=20240101&stockNo=3443&response=json,2024-01-18
2024-01-19,3443,創意,1765.0,1780.0,1665.0,1675.0,6253266.0,10710685725.0,TWSE STOCK_DAY,https://www.twse.com.tw/rwd/zh/afterTrading/STOCK_DAY?date=20240101&stockNo=3443&response=json,2024-01-19
2024-01-22,3443,創意,1710.0,1770.0,1685.0,1715.0,5064453.0,8747434770.0,TWSE STOCK_DAY,https://www.twse.com.tw/rwd/zh/afterTrading/STOCK_DAY?date=20240101&stockNo=3443&response=json,2024-01-22
2024-01-23,3443,創意,1725.0,1780.0,1705.0,1705.0,5264899.0,9147756755.0,TWSE STOCK_DAY,https://www.twse.com.tw/rwd/zh/afterTrading/STOCK_DAY?date=20240101&stockNo=3443&response=json,2024-01-23
2024-01-24,3443,創意,1705.0,1720.0,1660.0,1660.0,3522114.0,5927756290.0,TWSE STOCK_DAY,https://www.twse.com.tw/rwd/zh/afterTrading/STOCK_DAY?date=20240101&stockNo=3443&response=json,2024-01-24
2024-01-25,3443,創意,1640.0,1655.0,1555.0,1555.0,8245861.0,13155397515.0,TWSE STOCK_DAY,https://www.twse.com.tw/rwd/zh/afterTrading/STOCK_DAY?date=20240101&stockNo=3443&response=json,2024-01-25
2024-01-26,3443,創意,1530.0,1575.0,1520.0,1545.0,5397908.0,8350970130.0,TWSE STOCK_DAY,https://www.twse.com.tw/rwd/zh/afterTrading/STOCK_DAY?date=20240101&stockNo=3443&response=json,2024-01-26
2024-01-29,3443,創意,1565.0,1595.0,1545.0,1560.0,2953422.0,4634479825.0,TWSE STOCK_DAY,https://www.twse.com.tw/rwd/zh/afterTrading/STOCK_DAY?date=20240101&stockNo=3443&response=json,2024-01-29
2024-01-30,3443,創意,1575.0,1595.0,1535.0,1565.0,3937547.0,6142387040.0,TWSE STOCK_DAY,https://www.twse.com.tw/rwd/zh/afterTrading/STOCK_DAY?date=20240101&stockNo=3443&response=json,2024-01-30
2024-01-31,3443,創意,1560.0,1590.0,1545.0,1545.0,2909321.0,4546497150.0,TWSE STOCK_DAY,https://www.twse.com.tw/rwd/zh/afterTrading/STOCK_DAY?date=20240101&stockNo=3443&response=json,2024-01-31
2024-02-01,3443,創意,1535.0,1570.0,1490.0,1545.0,5175386.0,7916711165.0,TWSE STOCK_DAY,https://www.twse.com.tw/rwd/zh/afterTrading/STOCK_DAY?date=20240201&stockNo=3443&response=json,2024-02-01
2024-02-02,3443,創意,1570.0,1605.0,1560.0,1590.0,3949191.0,6261456310.0,TWSE STOCK_DAY,https://www.twse.com.tw/rwd/zh/afterTrading/STOCK_DAY?date=20240201&stockNo=3443&response=json,2024-02-02
2024-02-05,3443,創意,1440.0,1490.0,1435.0,1435.0,9023784.0,13113113140.0,TWSE STOCK_DAY,https://www.twse.com.tw/rwd/zh/afterTrading/STOCK_DAY?date=20240201&stockNo=3443&response=json,2024-02-05
2024-02-15,3443,創意,1470.0,1475.0,1400.0,1460.0,6635500.0,9582835885.0,TWSE STOCK_DAY,https://www.twse.com.tw/rwd/zh/afterTrading/STOCK_DAY?date=20240201&stockNo=3443&response=json,2024-02-15
2024-02-16,3443,創意,1465.0,1525.0,1450.0,1520.0,5506832.0,8286838990.0,TWSE STOCK_DAY,https://www.twse.com.tw/rwd/zh/afterTrading/STOCK_DAY?date=20240201&stockNo=3443&response=json,2024-02-16
2024-02-19,3443,創意,1530.0,1545.0,1515.0,1525.0,2567619.0,3923509205.0,TWSE STOCK_DAY,https://www.twse.com.tw/rwd/zh/afterTrading/STOCK_DAY?date=20240201&stockNo=3443&response=json,2024-02-19
2024-02-20,3443,創意,1530.0,1570.0,1520.0,1560.0,3012145.0,4676636065.0,TWSE STOCK_DAY,https://www.twse.com.tw/rwd/zh/afterTrading/STOCK_DAY?date=20240201&stockNo=3443&response=json,2024-02-20
2024-02-21,3443,創意,1540.0,1560.0,1465.0,1470.0,4641919.0,6957879450.0,TWSE STOCK_DAY,https://www.twse.com.tw/rwd/zh/afterTrading/STOCK_DAY?date=20240201&stockNo=3443&response=json,2024-02-21
2024-02-22,3443,創意,1495.0,1510.0,1465.0,1465.0,3020881.0,4478782550.0,TWSE STOCK_DAY,https://www.twse.com.tw/rwd/zh/afterTrading/STOCK_DAY?date=20240201&stockNo=3443&response=json,2024-02-22
2024-02-23,3443,創意,1495.0,1510.0,1445.0,1455.0,2802436.0,4120444275.0,TWSE STOCK_DAY,https://www.twse.com.tw/rwd/zh/afterTrading/STOCK_DAY?date=20240201&stockNo=3443&response=json,2024-02-23
2024-02-26,3443,創意,1460.0,1470.0,1430.0,1445.0,1888894.0,2734145505.0,TWSE STOCK_DAY,https://www.twse.com.tw/rwd/zh/afterTrading/STOCK_DAY?date=20240201&stockNo=3443&response=json,2024-02-26
2024-02-27,3443,創意,1460.0,1510.0,1450.0,1470.0,3579285.0,5302897550.0,TWSE STOCK_DAY,https://www.twse.com.tw/rwd/zh/afterTrading/STOCK_DAY?date=20240201&stockNo=3443&response=json,2024-02-27
2024-02-29,3443,創意,1480.0,1590.0,1460.0,1590.0,6279143.0,9707204880.0,TWSE STOCK_DAY,https://www.twse.com.tw/rwd/zh/afterTrading/STOCK_DAY?date=20240201&stockNo=3443&response=json,2024-02-29
2024-03-01,3443,創意,1590.0,1615.0,1560.0,1580.0,3908398.0,6202622055.0,TWSE STOCK_DAY,https://www.twse.com.tw/rwd/zh/afterTrading/STOCK_DAY?date=20240301&stockNo=3443&response=json,2024-03-01
2024-03-04,3443,創意,1610.0,1620.0,1535.0,1545.0,3319561.0,5218967140.0,TWSE STOCK_DAY,https://www.twse.com.tw/rwd/zh/afterTrading/STOCK_DAY?date=20240301&stockNo=3443&response=json,2024-03-04
2024-03-05,3443,創意,1560.0,1595.0,1550.0,1565.0,2421514.0,3800125905.0,TWSE STOCK_DAY,https://www.twse.com.tw/rwd/zh/afterTrading/STOCK_DAY?date=20240301&stockNo=3443&response=json,2024-03-05
2024-03-06,3443,創意,1560.0,1575.0,1520.0,1525.0,2076284.0,3189186095.0,TWSE STOCK_DAY,https://www.twse.com.tw/rwd/zh/afterTrading/STOCK_DAY?date=20240301&stockNo=3443&response=json,2024-03-06
2024-03-07,3443,創意,1540.0,1565.0,1480.0,1550.0,3240710.0,4954805495.0,TWSE STOCK_DAY,https://www.twse.com.tw/rwd/zh/afterTrading/STOCK_DAY?date=20240301&stockNo=3443&response=json,2024-03-07
2024-03-08,3443,創意,1575.0,1580.0,1485.0,1490.0,2652729.0,4045392640.0,TWSE STOCK_DAY,https://www.twse.com.tw/rwd/zh/afterTrading/STOCK_DAY?date=20240301&stockNo=3443&response=json,2024-03-08
2024-03-11,3443,創意,1510.0,1520.0,1470.0,1475.0,1532324.0,2286509330.0,TWSE STOCK_DAY,https://www.twse.com.tw/rwd/zh/afterTrading/STOCK_DAY?date=20240301&stockNo=3443&response=json,2024-03-11
2024-03-12,3443,創意,1490.0,1495.0,1445.0,1445.0,1735073.0,2539002245.0,TWSE STOCK_DAY,https://www.twse.com.tw/rwd/zh/afterTrading/STOCK_DAY?date=20240301&stockNo=3443&response=json,2024-03-12
2024-03-13,3443,創意,1460.0,1465.0,1315.0,1330.0,4545480.0,6229105515.0,TWSE STOCK_DAY,https://www.twse.com.tw/rwd/zh/afterTrading/STOCK_DAY?date=20240301&stockNo=3443&response=json,2024-03-13
2024-03-14,3443,創意,1340.0,1390.0,1320.0,1340.0,3974608.0,5387080640.0,TWSE STOCK_DAY,https://www.twse.com.tw/rwd/zh/afterTrading/STOCK_DAY?date=20240301&stockNo=3443&response=json,2024-03-14
2024-03-15,3443,創意,1340.0,1420.0,1340.0,1340.0,3398736.0,4657536670.0,TWSE STOCK_DAY,https://www.twse.com.tw/rwd/zh/afterTrading/STOCK_DAY?date=20240301&stockNo=3443&response=json,2024-03-15
2024-03-18,3443,創意,1360.0,1375.0,1340.0,1355.0,1814967.0,2467156305.0,TWSE STOCK_DAY,https://www.twse.com.tw/rwd/zh/afterTrading/STOCK_DAY?date=20240301&stockNo=3443&response=json,2024-03-18
2024-03-19,3443,創意,1355.0,1360.0,1285.0,1320.0,3303729.0,4351750595.0,TWSE STOCK_DAY,https://www.twse.com.tw/rwd/zh/afterTrading/STOCK_DAY?date=20240301&stockNo=3443&response=json,2024-03-19
2024-03-20,3443,創意,1335.0,1345.0,1295.0,1295.0,1936667.0,2545339455.0,TWSE STOCK_DAY,https://www.twse.com.tw/rwd/zh/afterTrading/STOCK_DAY?date=20240301&stockNo=3443&response=json,2024-03-20
2024-03-21,3443,創意,1330.0,1330.0,1280.0,1300.0,2375552.0,3089766575.0,TWSE STOCK_DAY,https://www.twse.com.tw/rwd/zh/afterTrading/STOCK_DAY?date=20240301&stockNo=3443&response=json,2024-03-21
2024-03-22,3443,創意,1315.0,1335.0,1300.0,1320.0,1859292.0,2446577305.0,TWSE STOCK_DAY,https://www.twse.com.tw/rwd/zh/afterTrading/STOCK_DAY?date=20240301&stockNo=3443&response=json,2024-03-22
2024-03-25,3443,創意,1330.0,1335.0,1295.0,1295.0,1378730.0,1810924710.0,TWSE STOCK_DAY,https://www.twse.com.tw/rwd/zh/afterTrading/STOCK_DAY?date=20240301&stockNo=3443&response=json,2024-03-25
2024-03-26,3443,創意,1305.0,1325.0,1260.0,1265.0,2157800.0,2763404070.0,TWSE STOCK_DAY,https://www.twse.com.tw/rwd/zh/afterTrading/STOCK_DAY?date=20240301&stockNo=3443&response=json,2024-03-26
2024-03-27,3443,創意,1275.0,1285.0,1215.0,1240.0,2883665.0,3578787285.0,TWSE STOCK_DAY,https://www.twse.com.tw/rwd/zh/afterTrading/STOCK_DAY?date=20240301&stockNo=3443&response=json,2024-03-27
2024-03-28,3443,創意,1245.0,1250.0,1215.0,1220.0,1891140.0,2321615125.0,TWSE STOCK_DAY,https://www.twse.com.tw/rwd/zh/afterTrading/STOCK_DAY?date=20240301&stockNo=3443&response=json,2024-03-28
2024-03-29,3443,創意,1225.0,1275.0,1220.0,1245.0,2747228.0,3431690420.0,TWSE STOCK_DAY,https://www.twse.com.tw/rwd/zh/afterTrading/STOCK_DAY?date=20240301&stockNo=3443&response=json,2024-03-29
2024-04-01,3443,創意,1255.0,1310.0,1240.0,1295.0,2401299.0,3084701365.0,TWSE STOCK_DAY,https://www.twse.com.tw/rwd/zh/afterTrading/STOCK_DAY?date=20240401&stockNo=3443&response=json,2024-04-01
2024-04-02,3443,創意,1360.0,1395.0,1345.0,1375.0,4566974.0,6270098280.0,TWSE STOCK_DAY,https://www.twse.com.tw/rwd/zh/afterTrading/STOCK_DAY?date=20240401&stockNo=3443&response=json,2024-04-02
2024-04-03,3443,創意,1380.0,1410.0,1365.0,1385.0,2442647.0,3385724580.0,TWSE STOCK_DAY,https://www.twse.com.tw/rwd/zh/afterTrading/STOCK_DAY?date=20240401&stockNo=3443&response=json,2024-04-03
2024-04-08,3443,創意,1330.0,1345.0,1295.0,1300.0,4085566.0,5388560810.0,TWSE STOCK_DAY,https://www.twse.com.tw/rwd/zh/afterTrading/STOCK_DAY?date=20240401&stockNo=3443&response=json,2024-04-08
2024-04-09,3443,創意,1330.0,1370.0,1305.0,1315.0,3112226.0,4152817565.0,TWSE STOCK_DAY,https://www.twse.com.tw/rwd/zh/afterTrading/STOCK_DAY?date=20240401&stockNo=3443&response=json,2024-04-09
2024-04-10,3443,創意,1330.0,1350.0,1310.0,1320.0,1908107.0,2528700975.0,TWSE STOCK_DAY,https://www.twse.com.tw/rwd/zh/afterTrading/STOCK_DAY?date=20240401&stockNo=3443&response=json,2024-04-10
2024-04-11,3443,創意,1315.0,1340.0,1295.0,1325.0,1607012.0,2123206930.0,TWSE STOCK_DAY,https://www.twse.com.tw/rwd/zh/afterTrading/STOCK_DAY?date=20240401&stockNo=3443&response=json,2024-04-11
2024-04-12,3443,創意,1330.0,1340.0,1240.0,1255.0,4132463.0,5270541005.0,TWSE STOCK_DAY,https://www.twse.com.tw/rwd/zh/afterTrading/STOCK_DAY?date=20240401&stockNo=3443&response=json,2024-04-12
2024-04-15,3443,創意,1230.0,1240.0,1160.0,1160.0,3865244.0,4597117570.0,TWSE STOCK_DAY,https://www.twse.com.tw/rwd/zh/afterTrading/STOCK_DAY?date=20240401&stockNo=3443&response=json,2024-04-15
2024-04-16,3443,創意,1140.0,1220.0,1120.0,1185.0,5104673.0,5987274435.0,TWSE STOCK_DAY,https://www.twse.com.tw/rwd/zh/afterTrading/STOCK_DAY?date=20240401&stockNo=3443&response=json,2024-04-16
2024-04-17,3443,創意,1200.0,1210.0,1180.0,1200.0,1763855.0,2109837180.0,TWSE STOCK_DAY,https://www.twse.com.tw/rwd/zh/afterTrading/STOCK_DAY?date=20240401&stockNo=3443&response=json,2024-04-17
2024-04-18,3443,創意,1185.0,1235.0,1170.0,1215.0,2322258.0,2817203260.0,TWSE STOCK_DAY,https://www.twse.com.tw/rwd/zh/afterTrading/STOCK_DAY?date=20240401&stockNo=3443&response=json,2024-04-18
2024-04-19,3443,創意,1190.0,1225.0,1120.0,1155.0,3325771.0,3872349225.0,TWSE STOCK_DAY,https://www.twse.com.tw/rwd/zh/afterTrading/STOCK_DAY?date=20240401&stockNo=3443&response=json,2024-04-19
2024-04-22,3443,創意,1150.0,1180.0,1090.0,1105.0,3276075.0,3689770865.0,TWSE STOCK_DAY,https://www.twse.com.tw/rwd/zh/afterTrading/STOCK_DAY?date=20240401&stockNo=3443&response=json,2024-04-22
2024-04-23,3443,創意,1130.0,1140.0,1105.0,1125.0,2184662.0,2450277690.0,TWSE STOCK_DAY,https://www.twse.com.tw/rwd/zh/afterTrading/STOCK_DAY?date=20240401&stockNo=3443&response=json,2024-04-23
2024-04-24,3443,創意,1150.0,1220.0,1140.0,1190.0,3380367.0,3987150425.0,TWSE STOCK_DAY,https://www.twse.com.tw/rwd/zh/afterTrading/STOCK_DAY?date=20240401&stockNo=3443&response=json,2024-04-24
2024-04-25,3443,創意,1175.0,1215.0,1150.0,1200.0,2745611.0,3254189700.0,TWSE STOCK_DAY,https://www.twse.com.tw/rwd/zh/afterTrading/STOCK_DAY?date=20240401&stockNo=3443&response=json,2024-04-25
2024-04-26,3443,創意,1260.0,1320.0,1240.0,1320.0,4586958.0,5896049970.0,TWSE STOCK_DAY,https://www.twse.com.tw/rwd/zh/afterTrading/STOCK_DAY?date=20240401&stockNo=3443&response=json,2024-04-26
2024-04-29,3443,創意,1350.0,1400.0,1340.0,1360.0,6282423.0,8592970695.0,TWSE STOCK_DAY,https://www.twse.com.tw/rwd/zh/afterTrading/STOCK_DAY?date=20240401&stockNo=3443&response=json,2024-04-29
2024-04-30,3443,創意,1370.0,1375.0,1345.0,1370.0,1920725.0,2614024730.0,TWSE STOCK_DAY,https://www.twse.com.tw/rwd/zh/afterTrading/STOCK_DAY?date=20240401&stockNo=3443&response=json,2024-04-30
2024-05-02,3443,創意,1360.0,1400.0,1350.0,1375.0,2227941.0,3064275225.0,TWSE STOCK_DAY,https://www.twse.com.tw/rwd/zh/afterTrading/STOCK_DAY?date=20240501&stockNo=3443&response=json,2024-05-02
2024-05-03,3443,創意,1405.0,1410.0,1335.0,1345.0,3300309.0,4508427620.0,TWSE STOCK_DAY,https://www.twse.com.tw/rwd/zh/afterTrading/STOCK_DAY?date=20240501&stockNo=3443&response=json,2024-05-03
2024-05-06,3443,創意,1370.0,1375.0,1290.0,1350.0,3362507.0,4498134135.0,TWSE STOCK_DAY,https://www.twse.com.tw/rwd/zh/afterTrading/STOCK_DAY?date=20240501&stockNo=3443&response=json,2024-05-06
2024-05-07,3443,創意,1320.0,1335.0,1250.0,1315.0,3895117.0,5057581155.0,TWSE STOCK_DAY,https://www.twse.com.tw/rwd/zh/afterTrading/STOCK_DAY?date=20240501&stockNo=3443&response=json,2024-05-07
2024-05-08,3443,創意,1315.0,1335.0,1305.0,1315.0,1325575.0,1748381760.0,TWSE STOCK_DAY,https://www.twse.com.tw/rwd/zh/afterTrading/STOCK_DAY?date=20240501&stockNo=3443&response=json,2024-05-08
2024-05-09,3443,創意,1320.0,1320.0,1260.0,1275.0,2158613.0,2763301985.0,TWSE STOCK_DAY,https://www.twse.com.tw/rwd/zh/afterTrading/STOCK_DAY?date=20240501&stockNo=3443&response=json,2024-05-09
2024-05-10,3443,創意,1280.0,1290.0,1245.0,1270.0,1569847.0,1997235125.0,TWSE STOCK_DAY,https://www.twse.com.tw/rwd/zh/afterTrading/STOCK_DAY?date=20240501&stockNo=3443&response=json,2024-05-10
2024-05-13,3443,創意,1270.0,1345.0,1265.0,1335.0,2170077.0,2848613195.0,TWSE STOCK_DAY,https://www.twse.com.tw/rwd/zh/afterTrading/STOCK_DAY?date=20240501&stockNo=3443&response=json,2024-05-13
2024-05-14,3443,創意,1335.0,1395.0,1330.0,1370.0,3197634.0,4375030795.0,TWSE STOCK_DAY,https://www.twse.com.tw/rwd/zh/afterTrading/STOCK_DAY?date=20240501&stockNo=3443&response=json,2024-05-14
2024-05-15,3443,創意,1440.0,1460.0,1380.0,1410.0,4807319.0,6826851985.0,TWSE STOCK_DAY,https://www.twse.com.tw/rwd/zh/afterTrading/STOCK_DAY?date=20240501&stockNo=3443&response=json,2024-05-15
2024-05-16,3443,創意,1435.0,1455.0,1410.0,1420.0,2793896.0,3993608605.0,TWSE STOCK_DAY,https://www.twse.com.tw/rwd/zh/afterTrading/STOCK_DAY?date=20240501&stockNo=3443&response=json,2024-05-16
2024-05-17,3443,創意,1430.0,1445.0,1405.0,1430.0,1913880.0,2730050270.0,TWSE STOCK_DAY,https://www.twse.com.tw/rwd/zh/afterTrading/STOCK_DAY?date=20240501&stockNo=3443&response=json,2024-05-17
2024-05-20,3443,創意,1440.0,1465.0,1420.0,1460.0,2415178.0,3500586015.0,TWSE STOCK_DAY,https://www.twse.com.tw/rwd/zh/afterTrading/STOCK_DAY?date=20240501&stockNo=3443&response=json,2024-05-20
2024-05-21,3443,創意,1475.0,1475.0,1430.0,1435.0,2151441.0,3118612400.0,TWSE STOCK_DAY,https://www.twse.com.tw/rwd/zh/afterTrading/STOCK_DAY?date=20240501&stockNo=3443&response=json,2024-05-21
2024-05-22,3443,創意,1430.0,1450.0,1400.0,1445.0,1810862.0,2587538750.0,TWSE STOCK_DAY,https://www.twse.com.tw/rwd/zh/afterTrading/STOCK_DAY?date=20240501&stockNo=3443&response=json,2024-05-22
2024-05-23,3443,創意,1450.0,1450.0,1405.0,1430.0,1808824.0,2578964005.0,TWSE STOCK_DAY,https://www.twse.com.tw/rwd/zh/afterTrading/STOCK_DAY?date=20240501&stockNo=3443&response=json,2024-05-23
2024-05-24,3443,創意,1410.0,1500.0,1410.0,1465.0,3433868.0,5047354025.0,TWSE STOCK_DAY,https://www.twse.com.tw/rwd/zh/afterTrading/STOCK_DAY?date=20240501&stockNo=3443&response=json,2024-05-24
2024-05-27,3443,創意,1470.0,1510.0,1460.0,1495.0,2590517.0,3875302025.0,TWSE STOCK_DAY,https://www.twse.com.tw/rwd/zh/afterTrading/STOCK_DAY?date=20240501&stockNo=3443&response=json,2024-05-27
2024-05-28,3443,創意,1500.0,1580.0,1495.0,1530.0,5082872.0,7873884320.0,TWSE STOCK_DAY,https://www.twse.com.tw/rwd/zh/afterTrading/STOCK_DAY?date=20240501&stockNo=3443&response=json,2024-05-28
2024-05-29,3443,創意,1550.0,1565.0,1525.0,1530.0,2540069.0,3931238370.0,TWSE STOCK_DAY,https://www.twse.com.tw/rwd/zh/afterTrading/STOCK_DAY?date=20240501&stockNo=3443&response=json,2024-05-29
2024-05-30,3443,創意,1505.0,1545.0,1495.0,1510.0,1435762.0,2187032700.0,TWSE STOCK_DAY,https://www.twse.com.tw/rwd/zh/afterTrading/STOCK_DAY?date=20240501&stockNo=3443&response=json,2024-05-30
2024-05-31,3443,創意,1530.0,1545.0,1450.0,1455.0,3290026.0,4872805525.0,TWSE STOCK_DAY,https://www.twse.com.tw/rwd/zh/afterTrading/STOCK_DAY?date=20240501&stockNo=3443&response=json,2024-05-31
2024-06-03,3443,創意,1510.0,1585.0,1505.0,1570.0,3859388.0,5986598740.0,TWSE STOCK_DAY,https://www.twse.com.tw/rwd/zh/afterTrading/STOCK_DAY?date=20240601&stockNo=3443&response=json,2024-06-03
2024-06-04,3443,創意,1575.0,1640.0,1535.0,1535.0,5610623.0,8897066330.0,TWSE STOCK_DAY,https://www.twse.com.tw/rwd/zh/afterTrading/STOCK_DAY?date=20240601&stockNo=3443&response=json,2024-06-04
2024-06-05,3443,創意,1560.0,1580.0,1505.0,1580.0,2781951.0,4329929270.0,TWSE STOCK_DAY,https://www.twse.com.tw/rwd/zh/afterTrading/STOCK_DAY?date=20240601&stockNo=3443&response=json,2024-06-05
2024-06-06,3443,創意,1565.0,1580.0,1530.0,1545.0,4366956.0,6778410430.0,TWSE STOCK_DAY,https://www.twse.com.tw/rwd/zh/afterTrading/STOCK_DAY?date=20240601&stockNo=3443&response=json,2024-06-06
2024-06-07,3443,創意,1550.0,1625.0,1550.0,1605.0,4138240.0,6608843310.0,TWSE STOCK_DAY,https://www.twse.com.tw/rwd/zh/afterTrading/STOCK_DAY?date=20240601&stockNo=3443&response=json,2024-06-07
2024-06-11,3443,創意,1615.0,1615.0,1535.0,1560.0,2529726.0,3971726610.0,TWSE STOCK_DAY,https://www.twse.com.tw/rwd/zh/afterTrading/STOCK_DAY?date=20240601&stockNo=3443&response=json,2024-06-11
2024-06-12,3443,創意,1565.0,1605.0,1560.0,1585.0,2024425.0,3209626910.0,TWSE STOCK_DAY,https://www.twse.com.tw/rwd/zh/afterTrading/STOCK_DAY?date=20240601&stockNo=3443&response=json,2024-06-12
2024-06-13,3443,創意,1600.0,1620.0,1550.0,1550.0,2917325.0,4611033540.0,TWSE STOCK_DAY,https://www.twse.com.tw/rwd/zh/afterTrading/STOCK_DAY?date=20240601&stockNo=3443&response=json,2024-06-13
2024-06-14,3443,創意,1560.0,1580.0,1520.0,1565.0,2481648.0,3854942465.0,TWSE STOCK_DAY,https://www.twse.com.tw/rwd/zh/afterTrading/STOCK_DAY?date=20240601&stockNo=3443&response=json,2024-06-14
2024-06-17,3443,創意,1565.0,1580.0,1540.0,1540.0,1139042.0,1773643260.0,TWSE STOCK_DAY,https://www.twse.com.tw/rwd/zh/afterTrading/STOCK_DAY?date=20240601&stockNo=3443&response=json,2024-06-17
2024-06-18,3443,創意,1650.0,1690.0,1640.0,1680.0,6259164.0,10469217675.0,TWSE STOCK_DAY,https://www.twse.com.tw/rwd/zh/afterTrading/STOCK_DAY?date=20240601&stockNo=3443&response=json,2024-06-18
2024-06-19,3443,創意,1670.0,1670.0,1610.0,1615.0,3749825.0,6134140625.0,TWSE STOCK_DAY,https://www.twse.com.tw/rwd/zh/afterTrading/STOCK_DAY?date=20240601&stockNo=3443&response=json,2024-06-19
2024-06-20,3443,創意,1615.0,1640.0,1585.0,1625.0,4195043.0,6757989925.0,TWSE STOCK_DAY,https://www.twse.com.tw/rwd/zh/afterTrading/STOCK_DAY?date=20240601&stockNo=3443&response=json,2024-06-20
2024-06-21,3443,創意,1630.0,1660.0,1625.0,1630.0,3186233.0,5227364610.0,TWSE STOCK_DAY,https://www.twse.com.tw/rwd/zh/afterTrading/STOCK_DAY?date=20240601&stockNo=3443&response=json,2024-06-21
2024-06-24,3443,創意,1605.0,1635.0,1540.0,1550.0,3400149.0,5365129170.0,TWSE STOCK_DAY,https://www.twse.com.tw/rwd/zh/afterTrading/STOCK_DAY?date=20240601&stockNo=3443&response=json,2024-06-24
2024-06-25,3443,創意,1535.0,1585.0,1470.0,1585.0,3894323.0,5969796085.0,TWSE STOCK_DAY,https://www.twse.com.tw/rwd/zh/afterTrading/STOCK_DAY?date=20240601&stockNo=3443&response=json,2024-06-25
2024-06-26,3443,創意,1600.0,1610.0,1570.0,1575.0,1751992.0,2777443090.0,TWSE STOCK_DAY,https://www.twse.com.tw/rwd/zh/afterTrading/STOCK_DAY?date=20240601&stockNo=3443&response=json,2024-06-26
2024-06-27,3443,創意,1545.0,1585.0,1540.0,1540.0,1837169.0,2862978330.0,TWSE STOCK_DAY,https://www.twse.com.tw/rwd/zh/afterTrading/STOCK_DAY?date=20240601&stockNo=3443&response=json,2024-06-27
2024-06-28,3443,創意,1550.0,1615.0,1550.0,1605.0,2150209.0,3422921465.0,TWSE STOCK_DAY,https://www.twse.com.tw/rwd/zh/afterTrading/STOCK_DAY?date=20240601&stockNo=3443&response=json,2024-06-28
2024-07-01,3443,創意,1625.0,1630.0,1580.0,1580.0,1859295.0,2974079780.0,TWSE STOCK_DAY,https://www.twse.com.tw/rwd/zh/afterTrading/STOCK_DAY?date=20240701&stockNo=3443&response=json,2024-07-01
2024-07-02,3443,創意,1580.0,1580.0,1510.0,1540.0,3587091.0,5493227750.0,TWSE STOCK_DAY,https://www.twse.com.tw/rwd/zh/afterTrading/STOCK_DAY?date=20240701&stockNo=3443&response=json,2024-07-02
2024-07-03,3443,創意,1605.0,1640.0,1555.0,1600.0,5187290.0,8311961285.0,TWSE STOCK_DAY,https://www.twse.com.tw/rwd/zh/afterTrading/STOCK_DAY?date=20240701&stockNo=3443&response=json,2024-07-03
2024-07-04,3443,創意,1625.0,1630.0,1590.0,1615.0,3027398.0,4879492825.0,TWSE STOCK_DAY,https://www.twse.com.tw/rwd/zh/afterTrading/STOCK_DAY?date=20240701&stockNo=3443&response=json,2024-07-04
2024-07-05,3443,創意,1615.0,1625.0,1590.0,1600.0,1746637.0,2800069010.0,TWSE STOCK_DAY,https://www.twse.com.tw/rwd/zh/afterTrading/STOCK_DAY?date=20240701&stockNo=3443&response=json,2024-07-05
2024-07-08,3443,創意,1595.0,1600.0,1540.0,1550.0,2876461.0,4491262140.0,TWSE STOCK_DAY,https://www.twse.com.tw/rwd/zh/afterTrading/STOCK_DAY?date=20240701&stockNo=3443&response=json,2024-07-08
2024-07-09,3443,創意,1560.0,1635.0,1535.0,1635.0,3925596.0,6237693430.0,TWSE STOCK_DAY,https://www.twse.com.tw/rwd/zh/afterTrading/STOCK_DAY?date=20240701&stockNo=3443&response=json,2024-07-09
2024-07-10,3443,創意,1620.0,1635.0,1585.0,1605.0,2108278.0,3385792720.0,TWSE STOCK_DAY,https://www.twse.com.tw/rwd/zh/afterTrading/STOCK_DAY?date=20240701&stockNo=3443&response=json,2024-07-10
2024-07-11,3443,創意,1630.0,1640.0,1575.0,1595.0,2768428.0,4432000105.0,TWSE STOCK_DAY,https://www.twse.com.tw/rwd/zh/afterTrading/STOCK_DAY?date=20240701&stockNo=3443&response=json,2024-07-11
2024-07-12,3443,創意,1565.0,1595.0,1550.0,1575.0,1733171.0,2720406590.0,TWSE STOCK_DAY,https://www.twse.com.tw/rwd/zh/afterTrading/STOCK_DAY?date=20240701&stockNo=3443&response=json,2024-07-12
2024-07-15,3443,創意,1605.0,1605.0,1555.0,1555.0,1261902.0,1982171675.0,TWSE STOCK_DAY,https://www.twse.com.tw/rwd/zh/afterTrading/STOCK_DAY?date=20240701&stockNo=3443&response=json,2024-07-15
2024-07-16,3443,創意,1560.0,1610.0,1555.0,1565.0,1931779.0,3055957590.0,TWSE STOCK_DAY,https://www.twse.com.tw/rwd/zh/afterTrading/STOCK_DAY?date=20240701&stockNo=3443&response=json,2024-07-16
2024-07-17,3443,創意,1565.0,1575.0,1510.0,1515.0,1914601.0,2943543480.0,TWSE STOCK_DAY,https://www.twse.com.tw/rwd/zh/afterTrading/STOCK_DAY?date=20240701&stockNo=3443&response=json,2024-07-17
2024-07-18,3443,創意,1490.0,1490.0,1415.0,1470.0,2957488.0,4298287895.0,TWSE STOCK_DAY,https://www.twse.com.tw/rwd/zh/afterTrading/STOCK_DAY?date=20240701&stockNo=3443&response=json,2024-07-18
2024-07-19,3443,創意,1470.0,1490.0,1435.0,1440.0,1640308.0,2397760405.0,TWSE STOCK_DAY,https://www.twse.com.tw/rwd/zh/afterTrading/STOCK_DAY?date=20240701&stockNo=3443&response=json,2024-07-19
2024-07-22,3443,創意,1435.0,1450.0,1390.0,1435.0,1875303.0,2661100060.0,TWSE STOCK_DAY,https://www.twse.com.tw/rwd/zh/afterTrading/STOCK_DAY?date=20240701&stockNo=3443&response=json,2024-07-22
2024-07-23,3443,創意,1475.0,1480.0,1420.0,1430.0,2117434.0,3061019060.0,TWSE STOCK_DAY,https://www.twse.com.tw/rwd/zh/afterTrading/STOCK_DAY?date=20240701&stockNo=3443&response=json,2024-07-23
2024-07-26,3443,創意,1340.0,1375.0,1325.0,1335.0,2104757.0,2833823620.0,TWSE STOCK_DAY,https://www.twse.com.tw/rwd/zh/afterTrading/STOCK_DAY?date=20240701&stockNo=3443&response=json,2024-07-26
2024-07-29,3443,創意,1215.0,1220.0,1205.0,1205.0,1934015.0,2334646660.0,TWSE STOCK_DAY,https://www.twse.com.tw/rwd/zh/afterTrading/STOCK_DAY?date=20240701&stockNo=3443&response=json,2024-07-29
2024-07-30,3443,創意,1125.0,1140.0,1085.0,1095.0,8418532.0,9251599680.0,TWSE STOCK_DAY,https://www.twse.com.tw/rwd/zh/afterTrading/STOCK_DAY?date=20240701&stockNo=3443&response=json,2024-07-30
2024-07-31,3443,創意,1095.0,1170.0,1080.0,1150.0,6450947.0,7297713895.0,TWSE STOCK_DAY,https://www.twse.com.tw/rwd/zh/afterTrading/STOCK_DAY?date=20240701&stockNo=3443&response=json,2024-07-31
2024-08-01,3443,創意,1175.0,1185.0,1135.0,1140.0,3501029.0,4037905540.0,TWSE STOCK_DAY,https://www.twse.com.tw/rwd/zh/afterTrading/STOCK_DAY?date=20240801&stockNo=3443&response=json,2024-08-01
2024-08-02,3443,創意,1090.0,1120.0,1060.0,1060.0,3136176.0,3409259415.0,TWSE STOCK_DAY,https://www.twse.com.tw/rwd/zh/afterTrading/STOCK_DAY?date=20240801&stockNo=3443&response=json,2024-08-02
2024-08-05,3443,創意,960.0,969.0,954.0,954.0,2327845.0,2228656751.0,TWSE STOCK_DAY,https://www.twse.com.tw/rwd/zh/afterTrading/STOCK_DAY?date=20240801&stockNo=3443&response=json,2024-08-05
2024-08-06,3443,創意,991.0,991.0,862.0,942.0,7079843.0,6538277982.0,TWSE STOCK_DAY,https://www.twse.com.tw/rwd/zh/afterTrading/STOCK_DAY?date=20240801&stockNo=3443&response=json,2024-08-06
2024-08-07,3443,創意,954.0,1035.0,954.0,1015.0,4745494.0,4744515610.0,TWSE STOCK_DAY,https://www.twse.com.tw/rwd/zh/afterTrading/STOCK_DAY?date=20240801&stockNo=3443&response=json,2024-08-07
2024-08-08,3443,創意,985.0,1005.0,971.0,998.0,3114137.0,3092533989.0,TWSE STOCK_DAY,https://www.twse.com.tw/rwd/zh/afterTrading/STOCK_DAY?date=20240801&stockNo=3443&response=json,2024-08-08
2024-08-09,3443,創意,1040.0,1065.0,1015.0,1035.0,3002848.0,3117195415.0,TWSE STOCK_DAY,https://www.twse.com.tw/rwd/zh/afterTrading/STOCK_DAY?date=20240801&stockNo=3443&response=json,2024-08-09
2024-08-12,3443,創意,1030.0,1070.0,1030.0,1060.0,1553692.0,1634750280.0,TWSE STOCK_DAY,https://www.twse.com.tw/rwd/zh/afterTrading/STOCK_DAY?date=20240801&stockNo=3443&response=json,2024-08-12
2024-08-13,3443,創意,1070.0,1075.0,1040.0,1050.0,2071484.0,2190712980.0,TWSE STOCK_DAY,https://www.twse.com.tw/rwd/zh/afterTrading/STOCK_DAY?date=20240801&stockNo=3443&response=json,2024-08-13
2024-08-14,3443,創意,1080.0,1125.0,1070.0,1085.0,2617408.0,2863350090.0,TWSE STOCK_DAY,https://www.twse.com.tw/rwd/zh/afterTrading/STOCK_DAY?date=20240801&stockNo=3443&response=json,2024-08-14
2024-08-15,3443,創意,1080.0,1125.0,1070.0,1115.0,2036846.0,2250717655.0,TWSE STOCK_DAY,https://www.twse.com.tw/rwd/zh/afterTrading/STOCK_DAY?date=20240801&stockNo=3443&response=json,2024-08-15
2024-08-16,3443,創意,1140.0,1180.0,1110.0,1155.0,3848708.0,4390936476.0,TWSE STOCK_DAY,https://www.twse.com.tw/rwd/zh/afterTrading/STOCK_DAY?date=20240801&stockNo=3443&response=json,2024-08-16
2024-08-19,3443,創意,1160.0,1180.0,1145.0,1180.0,2094284.0,2443900730.0,TWSE STOCK_DAY,https://www.twse.com.tw/rwd/zh/afterTrading/STOCK_DAY?date=20240801&stockNo=3443&response=json,2024-08-19
2024-08-20,3443,創意,1180.0,1200.0,1170.0,1180.0,2571764.0,3036627085.0,TWSE STOCK_DAY,https://www.twse.com.tw/rwd/zh/afterTrading/STOCK_DAY?date=20240801&stockNo=3443&response=json,2024-08-20
2024-08-21,3443,創意,1180.0,1190.0,1150.0,1165.0,1897000.0,2214815529.0,TWSE STOCK_DAY,https://www.twse.com.tw/rwd/zh/afterTrading/STOCK_DAY?date=20240801&stockNo=3443&response=json,2024-08-21
2024-08-22,3443,創意,1175.0,1215.0,1170.0,1175.0,1937089.0,2304470295.0,TWSE STOCK_DAY,https://www.twse.com.tw/rwd/zh/afterTrading/STOCK_DAY?date=20240801&stockNo=3443&response=json,2024-08-22
2024-08-23,3443,創意,1170.0,1170.0,1140.0,1150.0,1906182.0,2194297015.0,TWSE STOCK_DAY,https://www.twse.com.tw/rwd/zh/afterTrading/STOCK_DAY?date=20240801&stockNo=3443&response=json,2024-08-23
2024-08-26,3443,創意,1160.0,1175.0,1130.0,1130.0,1543533.0,1775236080.0,TWSE STOCK_DAY,https://www.twse.com.tw/rwd/zh/afterTrading/STOCK_DAY?date=20240801&stockNo=3443&response=json,2024-08-26
2024-08-27,3443,創意,1130.0,1150.0,1125.0,1135.0,812381.0,923406770.0,TWSE STOCK_DAY,https://www.twse.com.tw/rwd/zh/afterTrading/STOCK_DAY?date=20240801&stockNo=3443&response=json,2024-08-27
2024-08-28,3443,創意,1140.0,1145.0,1110.0,1120.0,1240647.0,1396197490.0,TWSE STOCK_DAY,https://www.twse.com.tw/rwd/zh/afterTrading/STOCK_DAY?date=20240801&stockNo=3443&response=json,2024-08-28
2024-08-29,3443,創意,1085.0,1130.0,1080.0,1105.0,1839089.0,2041349325.0,TWSE STOCK_DAY,https://www.twse.com.tw/rwd/zh/afterTrading/STOCK_DAY?date=20240801&stockNo=3443&response=json,2024-08-29
2024-08-30,3443,創意,1115.0,1125.0,1110.0,1115.0,1151599.0,1284776195.0,TWSE STOCK_DAY,https://www.twse.com.tw/rwd/zh/afterTrading/STOCK_DAY?date=20240801&stockNo=3443&response=json,2024-08-30
2024-09-02,3443,創意,1130.0,1135.0,1090.0,1095.0,763831.0,850922040.0,TWSE STOCK_DAY,https://www.twse.com.tw/rwd/zh/afterTrading/STOCK_DAY?date=20240901&stockNo=3443&response=json,2024-09-02
2024-09-03,3443,創意,1100.0,1110.0,1065.0,1070.0,1245045.0,1346624315.0,TWSE STOCK_DAY,https://www.twse.com.tw/rwd/zh/afterTrading/STOCK_DAY?date=20240901&stockNo=3443&response=json,2024-09-03
2024-09-04,3443,創意,1000.0,1005.0,978.0,987.0,2688851.0,2667963032.0,TWSE STOCK_DAY,https://www.twse.com.tw/rwd/zh/afterTrading/STOCK_DAY?date=20240901&stockNo=3443&response=json,2024-09-04
2024-09-05,3443,創意,1000.0,1005.0,985.0,985.0,1539093.0,1531060250.0,TWSE STOCK_DAY,https://www.twse.com.tw/rwd/zh/afterTrading/STOCK_DAY?date=20240901&stockNo=3443&response=json,2024-09-05
2024-09-06,3443,創意,973.0,1030.0,963.0,1020.0,2258267.0,2285418997.0,TWSE STOCK_DAY,https://www.twse.com.tw/rwd/zh/afterTrading/STOCK_DAY?date=20240901&stockNo=3443&response=json,2024-09-06
2024-09-09,3443,創意,995.0,1030.0,992.0,1020.0,1724443.0,1752445100.0,TWSE STOCK_DAY,https://www.twse.com.tw/rwd/zh/afterTrading/STOCK_DAY?date=20240901&stockNo=3443&response=json,2024-09-09
2024-09-10,3443,創意,1030.0,1040.0,992.0,999.0,1208323.0,1226226462.0,TWSE STOCK_DAY,https://www.twse.com.tw/rwd/zh/afterTrading/STOCK_DAY?date=20240901&stockNo=3443&response=json,2024-09-10
2024-09-11,3443,創意,1000.0,1025.0,1000.0,1015.0,784433.0,794435850.0,TWSE STOCK_DAY,https://www.twse.com.tw/rwd/zh/afterTrading/STOCK_DAY?date=20240901&stockNo=3443&response=json,2024-09-11
2024-09-12,3443,創意,1050.0,1070.0,1040.0,1060.0,1688428.0,1782133595.0,TWSE STOCK_DAY,https://www.twse.com.tw/rwd/zh/afterTrading/STOCK_DAY?date=20240901&stockNo=3443&response=json,2024-09-12
2024-09-13,3443,創意,1060.0,1070.0,1035.0,1040.0,864825.0,906411200.0,TWSE STOCK_DAY,https://www.twse.com.tw/rwd/zh/afterTrading/STOCK_DAY?date=20240901&stockNo=3443&response=json,2024-09-13
2024-09-16,3443,創意,1040.0,1050.0,1025.0,1045.0,614697.0,637662780.0,TWSE STOCK_DAY,https://www.twse.com.tw/rwd/zh/afterTrading/STOCK_DAY?date=20240901&stockNo=3443&response=json,2024-09-16
2024-09-18,3443,創意,1035.0,1040.0,998.0,998.0,1360006.0,1373460260.0,TWSE STOCK_DAY,https://www.twse.com.tw/rwd/zh/afterTrading/STOCK_DAY?date=20240901&stockNo=3443&response=json,2024-09-18
2024-09-19,3443,創意,1005.0,1030.0,1000.0,1020.0,1087761.0,1107789735.0,TWSE STOCK_DAY,https://www.twse.com.tw/rwd/zh/afterTrading/STOCK_DAY?date=20240901&stockNo=3443&response=json,2024-09-19
2024-09-20,3443,創意,1045.0,1050.0,1020.0,1040.0,1385366.0,1434184130.0,TWSE STOCK_DAY,https://www.twse.com.tw/rwd/zh/afterTrading/STOCK_DAY?date=20240901&stockNo=3443&response=json,2024-09-20
2024-09-23,3443,創意,1030.0,1060.0,1030.0,1045.0,892896.0,933696655.0,TWSE STOCK_DAY,https://www.twse.com.tw/rwd/zh/afterTrading/STOCK_DAY?date=20240901&stockNo=3443&response=json,2024-09-23
2024-09-24,3443,創意,1045.0,1065.0,1020.0,1065.0,1295789.0,1351821790.0,TWSE STOCK_DAY,https://www.twse.com.tw/rwd/zh/afterTrading/STOCK_DAY?date=20240901&stockNo=3443&response=json,2024-09-24
2024-09-25,3443,創意,1170.0,1170.0,1170.0,1170.0,987842.0,1155775140.0,TWSE STOCK_DAY,https://www.twse.com.tw/rwd/zh/afterTrading/STOCK_DAY?date=20240901&stockNo=3443&response=json,2024-09-25
2024-09-26,3443,創意,1220.0,1220.0,1110.0,1125.0,4307263.0,4985295175.0,TWSE STOCK_DAY,https://www.twse.com.tw/rwd/zh/afterTrading/STOCK_DAY?date=20240901&stockNo=3443&response=json,2024-09-26
2024-09-27,3443,創意,1140.0,1160.0,1120.0,1120.0,1600168.0,1822373230.0,TWSE STOCK_DAY,https://www.twse.com.tw/rwd/zh/afterTrading/STOCK_DAY?date=20240901&stockNo=3443&response=json,2024-09-27
2024-09-30,3443,創意,1110.0,1135.0,1100.0,1100.0,1143246.0,1277478325.0,TWSE STOCK_DAY,https://www.twse.com.tw/rwd/zh/afterTrading/STOCK_DAY?date=20240901&stockNo=3443&response=json,2024-09-30
2024-10-01,3443,創意,1110.0,1120.0,1060.0,1060.0,1488596.0,1611755805.0,TWSE STOCK_DAY,https://www.twse.com.tw/rwd/zh/afterTrading/STOCK_DAY?date=20241001&stockNo=3443&response=json,2024-10-01
2024-10-04,3443,創意,1065.0,1080.0,1030.0,1040.0,1584044.0,1674673940.0,TWSE STOCK_DAY,https://www.twse.com.tw/rwd/zh/afterTrading/STOCK_DAY?date=20241001&stockNo=3443&response=json,2024-10-04
2024-10-07,3443,創意,1060.0,1125.0,1050.0,1110.0,1787950.0,1970123650.0,TWSE STOCK_DAY,https://www.twse.com.tw/rwd/zh/afterTrading/STOCK_DAY?date=20241001&stockNo=3443&response=json,2024-10-07
2024-10-08,3443,創意,1100.0,1180.0,1100.0,1170.0,3125204.0,3583963640.0,TWSE STOCK_DAY,https://www.twse.com.tw/rwd/zh/afterTrading/STOCK_DAY?date=20241001&stockNo=3443&response=json,2024-10-08
2024-10-09,3443,創意,1175.0,1210.0,1155.0,1180.0,3138556.0,3722417930.0,TWSE STOCK_DAY,https://www.twse.com.tw/rwd/zh/afterTrading/STOCK_DAY?date=20241001&stockNo=3443&response=json,2024-10-09
2024-10-11,3443,創意,1185.0,1225.0,1175.0,1195.0,2386974.0,2879770050.0,TWSE STOCK_DAY,https://www.twse.com.tw/rwd/zh/afterTrading/STOCK_DAY?date=20241001&stockNo=3443&response=json,2024-10-11
2024-10-14,3443,創意,1195.0,1220.0,1185.0,1215.0,1377586.0,1658958840.0,TWSE STOCK_DAY,https://www.twse.com.tw/rwd/zh/afterTrading/STOCK_DAY?date=20241001&stockNo=3443&response=json,2024-10-14
2024-10-15,3443,創意,1220.0,1240.0,1210.0,1215.0,1548279.0,1887943865.0,TWSE STOCK_DAY,https://www.twse.com.tw/rwd/zh/afterTrading/STOCK_DAY?date=20241001&stockNo=3443&response=json,2024-10-15
2024-10-16,3443,創意,1190.0,1215.0,1185.0,1210.0,962092.0,1157594805.0,TWSE STOCK_DAY,https://www.twse.com.tw/rwd/zh/afterTrading/STOCK_DAY?date=20241001&stockNo=3443&response=json,2024-10-16
2024-10-17,3443,創意,1210.0,1230.0,1200.0,1215.0,1089012.0,1323378620.0,TWSE STOCK_DAY,https://www.twse.com.tw/rwd/zh/afterTrading/STOCK_DAY?date=20241001&stockNo=3443&response=json,2024-10-17
2024-10-18,3443,創意,1240.0,1245.0,1200.0,1200.0,1470440.0,1795579070.0,TWSE STOCK_DAY,https://www.twse.com.tw/rwd/zh/afterTrading/STOCK_DAY?date=20241001&stockNo=3443&response=json,2024-10-18
2024-10-21,3443,創意,1205.0,1265.0,1205.0,1265.0,2304204.0,2877179765.0,TWSE STOCK_DAY,https://www.twse.com.tw/rwd/zh/afterTrading/STOCK_DAY?date=20241001&stockNo=3443&response=json,2024-10-21
2024-10-22,3443,創意,1250.0,1325.0,1235.0,1280.0,3041134.0,3906262795.0,TWSE STOCK_DAY,https://www.twse.com.tw/rwd/zh/afterTrading/STOCK_DAY?date=20241001&stockNo=3443&response=json,2024-10-22
2024-10-23,3443,創意,1265.0,1315.0,1265.0,1315.0,2084139.0,2700638690.0,TWSE STOCK_DAY,https://www.twse.com.tw/rwd/zh/afterTrading/STOCK_DAY?date=20241001&stockNo=3443&response=json,2024-10-23
2024-10-24,3443,創意,1305.0,1320.0,1270.0,1280.0,1889413.0,2448775365.0,TWSE STOCK_DAY,https://www.twse.com.tw/rwd/zh/afterTrading/STOCK_DAY?date=20241001&stockNo=3443&response=json,2024-10-24
2024-10-25,3443,創意,1295.0,1295.0,1250.0,1285.0,1431076.0,1820426600.0,TWSE STOCK_DAY,https://www.twse.com.tw/rwd/zh/afterTrading/STOCK_DAY?date=20241001&stockNo=3443&response=json,2024-10-25
2024-10-28,3443,創意,1285.0,1295.0,1260.0,1260.0,1720730.0,2196512960.0,TWSE STOCK_DAY,https://www.twse.com.tw/rwd/zh/afterTrading/STOCK_DAY?date=20241001&stockNo=3443&response=json,2024-10-28
2024-10-29,3443,創意,1245.0,1245.0,1210.0,1235.0,1755102.0,2154143415.0,TWSE STOCK_DAY,https://www.twse.com.tw/rwd/zh/afterTrading/STOCK_DAY?date=20241001&stockNo=3443&response=json,2024-10-29
2024-10-30,3443,創意,1235.0,1290.0,1225.0,1235.0,1684005.0,2116160020.0,TWSE STOCK_DAY,https://www.twse.com.tw/rwd/zh/afterTrading/STOCK_DAY?date=20241001&stockNo=3443&response=json,2024-10-30
2024-11-01,3443,創意,1130.0,1195.0,1115.0,1180.0,4490754.0,5125184215.0,TWSE STOCK_DAY,https://www.twse.com.tw/rwd/zh/afterTrading/STOCK_DAY?date=20241101&stockNo=3443&response=json,2024-11-01
2024-11-04,3443,創意,1185.0,1235.0,1180.0,1235.0,2265088.0,2748255110.0,TWSE STOCK_DAY,https://www.twse.com.tw/rwd/zh/afterTrading/STOCK_DAY?date=20241101&stockNo=3443&response=json,2024-11-04
2024-11-05,3443,創意,1220.0,1245.0,1210.0,1215.0,1576997.0,1929389600.0,TWSE STOCK_DAY,https://www.twse.com.tw/rwd/zh/afterTrading/STOCK_DAY?date=20241101&stockNo=3443&response=json,2024-11-05
2024-11-06,3443,創意,1220.0,1270.0,1190.0,1255.0,2632758.0,3270132210.0,TWSE STOCK_DAY,https://www.twse.com.tw/rwd/zh/afterTrading/STOCK_DAY?date=20241101&stockNo=3443&response=json,2024-11-06
2024-11-07,3443,創意,1275.0,1310.0,1255.0,1285.0,2536449.0,3264035535.0,TWSE STOCK_DAY,https://www.twse.com.tw/rwd/zh/afterTrading/STOCK_DAY?date=20241101&stockNo=3443&response=json,2024-11-07
2024-11-08,3443,創意,1300.0,1310.0,1280.0,1280.0,1527783.0,1970725345.0,TWSE STOCK_DAY,https://www.twse.com.tw/rwd/zh/afterTrading/STOCK_DAY?date=20241101&stockNo=3443&response=json,2024-11-08
2024-11-11,3443,創意,1280.0,1300.0,1260.0,1265.0,1151630.0,1469481830.0,TWSE STOCK_DAY,https://www.twse.com.tw/rwd/zh/afterTrading/STOCK_DAY?date=20241101&stockNo=3443&response=json,2024-11-11
2024-11-12,3443,創意,1240.0,1290.0,1240.0,1245.0,1974347.0,2497889215.0,TWSE STOCK_DAY,https://www.twse.com.tw/rwd/zh/afterTrading/STOCK_DAY?date=20241101&stockNo=3443&response=json,2024-11-12
2024-11-13,3443,創意,1255.0,1255.0,1185.0,1195.0,2792363.0,3373033880.0,TWSE STOCK_DAY,https://www.twse.com.tw/rwd/zh/afterTrading/STOCK_DAY?date=20241101&stockNo=3443&response=json,2024-11-13
2024-11-14,3443,創意,1200.0,1240.0,1185.0,1230.0,1705021.0,2069661105.0,TWSE STOCK_DAY,https://www.twse.com.tw/rwd/zh/afterTrading/STOCK_DAY?date=20241101&stockNo=3443&response=json,2024-11-14
2024-11-15,3443,創意,1230.0,1245.0,1205.0,1220.0,1192186.0,1460080980.0,TWSE STOCK_DAY,https://www.twse.com.tw/rwd/zh/afterTrading/STOCK_DAY?date=20241101&stockNo=3443&response=json,2024-11-15
2024-11-18,3443,創意,1230.0,1230.0,1180.0,1180.0,1286875.0,1534934270.0,TWSE STOCK_DAY,https://www.twse.com.tw/rwd/zh/afterTrading/STOCK_DAY?date=20241101&stockNo=3443&response=json,2024-11-18
2024-11-19,3443,創意,1205.0,1260.0,1170.0,1245.0,2130374.0,2584503915.0,TWSE STOCK_DAY,https://www.twse.com.tw/rwd/zh/afterTrading/STOCK_DAY?date=20241101&stockNo=3443&response=json,2024-11-19
2024-11-20,3443,創意,1250.0,1255.0,1200.0,1215.0,1443380.0,1768730175.0,TWSE STOCK_DAY,https://www.twse.com.tw/rwd/zh/afterTrading/STOCK_DAY?date=20241101&stockNo=3443&response=json,2024-11-20
2024-11-21,3443,創意,1215.0,1275.0,1215.0,1265.0,2423791.0,3034990790.0,TWSE STOCK_DAY,https://www.twse.com.tw/rwd/zh/afterTrading/STOCK_DAY?date=20241101&stockNo=3443&response=json,2024-11-21
2024-11-22,3443,創意,1275.0,1290.0,1245.0,1245.0,1871531.0,2368514100.0,TWSE STOCK_DAY,https://www.twse.com.tw/rwd/zh/afterTrading/STOCK_DAY?date=20241101&stockNo=3443&response=json,2024-11-22
2024-11-25,3443,創意,1255.0,1305.0,1255.0,1275.0,2449776.0,3146360870.0,TWSE STOCK_DAY,https://www.twse.com.tw/rwd/zh/afterTrading/STOCK_DAY?date=20241101&stockNo=3443&response=json,2024-11-25
2024-11-26,3443,創意,1260.0,1265.0,1220.0,1220.0,1433289.0,1767941715.0,TWSE STOCK_DAY,https://www.twse.com.tw/rwd/zh/afterTrading/STOCK_DAY?date=20241101&stockNo=3443&response=json,2024-11-26
2024-11-27,3443,創意,1230.0,1240.0,1180.0,1180.0,1194363.0,1438664840.0,TWSE STOCK_DAY,https://www.twse.com.tw/rwd/zh/afterTrading/STOCK_DAY?date=20241101&stockNo=3443&response=json,2024-11-27
2024-11-28,3443,創意,1195.0,1200.0,1130.0,1150.0,1836422.0,2128982090.0,TWSE STOCK_DAY,https://www.twse.com.tw/rwd/zh/afterTrading/STOCK_DAY?date=20241101&stockNo=3443&response=json,2024-11-28
2024-11-29,3443,創意,1155.0,1200.0,1140.0,1190.0,1631870.0,1915454100.0,TWSE STOCK_DAY,https://www.twse.com.tw/rwd/zh/afterTrading/STOCK_DAY?date=20241101&stockNo=3443&response=json,2024-11-29
2024-12-02,3443,創意,1205.0,1210.0,1175.0,1175.0,1177592.0,1399202205.0,TWSE STOCK_DAY,https://www.twse.com.tw/rwd/zh/afterTrading/STOCK_DAY?date=20241201&stockNo=3443&response=json,2024-12-02
2024-12-03,3443,創意,1200.0,1210.0,1170.0,1190.0,1234292.0,1468123105.0,TWSE STOCK_DAY,https://www.twse.com.tw/rwd/zh/afterTrading/STOCK_DAY?date=20241201&stockNo=3443&response=json,2024-12-03
2024-12-04,3443,創意,1195.0,1245.0,1190.0,1215.0,1907750.0,2339448215.0,TWSE STOCK_DAY,https://www.twse.com.tw/rwd/zh/afterTrading/STOCK_DAY?date=20241201&stockNo=3443&response=json,2024-12-04
2024-12-05,3443,創意,1235.0,1245.0,1215.0,1225.0,1603102.0,1967509140.0,TWSE STOCK_DAY,https://www.twse.com.tw/rwd/zh/afterTrading/STOCK_DAY?date=20241201&stockNo=3443&response=json,2024-12-05
2024-12-06,3443,創意,1205.0,1290.0,1190.0,1220.0,4374633.0,5443887345.0,TWSE STOCK_DAY,https://www.twse.com.tw/rwd/zh/afterTrading/STOCK_DAY?date=20241201&stockNo=3443&response=json,2024-12-06
2024-12-09,3443,創意,1240.0,1260.0,1225.0,1225.0,1689034.0,2093952195.0,TWSE STOCK_DAY,https://www.twse.com.tw/rwd/zh/afterTrading/STOCK_DAY?date=20241201&stockNo=3443&response=json,2024-12-09
2024-12-10,3443,創意,1230.0,1285.0,1225.0,1270.0,2761742.0,3490687715.0,TWSE STOCK_DAY,https://www.twse.com.tw/rwd/zh/afterTrading/STOCK_DAY?date=20241201&stockNo=3443&response=json,2024-12-10
2024-12-11,3443,創意,1245.0,1270.0,1240.0,1250.0,1680475.0,2108165145.0,TWSE STOCK_DAY,https://www.twse.com.tw/rwd/zh/afterTrading/STOCK_DAY?date=20241201&stockNo=3443&response=json,2024-12-11
2024-12-12,3443,創意,1270.0,1325.0,1250.0,1325.0,3406454.0,4415406165.0,TWSE STOCK_DAY,https://www.twse.com.tw/rwd/zh/afterTrading/STOCK_DAY?date=20241201&stockNo=3443&response=json,2024-12-12
2024-12-13,3443,創意,1325.0,1355.0,1300.0,1325.0,4059507.0,5383027885.0,TWSE STOCK_DAY,https://www.twse.com.tw/rwd/zh/afterTrading/STOCK_DAY?date=20241201&stockNo=3443&response=json,2024-12-13
2024-12-16,3443,創意,1355.0,1455.0,1355.0,1365.0,8359102.0,11728386075.0,TWSE STOCK_DAY,https://www.twse.com.tw/rwd/zh/afterTrading/STOCK_DAY?date=20241201&stockNo=3443&response=json,2024-12-16
2024-12-17,3443,創意,1395.0,1500.0,1390.0,1485.0,8272722.0,12098982840.0,TWSE STOCK_DAY,https://www.twse.com.tw/rwd/zh/afterTrading/STOCK_DAY?date=20241201&stockNo=3443&response=json,2024-12-17
2024-12-18,3443,創意,1480.0,1485.0,1410.0,1430.0,4421204.0,6382841355.0,TWSE STOCK_DAY,https://www.twse.com.tw/rwd/zh/afterTrading/STOCK_DAY?date=20241201&stockNo=3443&response=json,2024-12-18
2024-12-19,3443,創意,1355.0,1410.0,1350.0,1390.0,3529682.0,4890795850.0,TWSE STOCK_DAY,https://www.twse.com.tw/rwd/zh/afterTrading/STOCK_DAY?date=20241201&stockNo=3443&response=json,2024-12-19
2024-12-20,3443,創意,1390.0,1410.0,1335.0,1350.0,3482788.0,4753489615.0,TWSE STOCK_DAY,https://www.twse.com.tw/rwd/zh/afterTrading/STOCK_DAY?date=20241201&stockNo=3443&response=json,2024-12-20
2024-12-23,3443,創意,1380.0,1385.0,1350.0,1355.0,1832655.0,2506431075.0,TWSE STOCK_DAY,https://www.twse.com.tw/rwd/zh/afterTrading/STOCK_DAY?date=20241201&stockNo=3443&response=json,2024-12-23
2024-12-24,3443,創意,1370.0,1380.0,1310.0,1320.0,3063450.0,4096269385.0,TWSE STOCK_DAY,https://www.twse.com.tw/rwd/zh/afterTrading/STOCK_DAY?date=20241201&stockNo=3443&response=json,2024-12-24
2024-12-25,3443,創意,1340.0,1345.0,1320.0,1320.0,1326484.0,1767814940.0,TWSE STOCK_DAY,https://www.twse.com.tw/rwd/zh/afterTrading/STOCK_DAY?date=20241201&stockNo=3443&response=json,2024-12-25
2024-12-26,3443,創意,1325.0,1350.0,1315.0,1345.0,1303861.0,1739577250.0,TWSE STOCK_DAY,https://www.twse.com.tw/rwd/zh/afterTrading/STOCK_DAY?date=20241201&stockNo=3443&response=json,2024-12-26
2024-12-27,3443,創意,1340.0,1380.0,1335.0,1380.0,1990770.0,2711879920.0,TWSE STOCK_DAY,https://www.twse.com.tw/rwd/zh/afterTrading/STOCK_DAY?date=20241201&stockNo=3443&response=json,2024-12-27
2024-12-30,3443,創意,1385.0,1385.0,1325.0,1325.0,1624279.0,2182351165.0,TWSE STOCK_DAY,https://www.twse.com.tw/rwd/zh/afterTrading/STOCK_DAY?date=20241201&stockNo=3443&response=json,2024-12-30
2024-12-31,3443,創意,1310.0,1360.0,1310.0,1360.0,1458397.0,1966255430.0,TWSE STOCK_DAY,https://www.twse.com.tw/rwd/zh/afterTrading/STOCK_DAY?date=20241201&stockNo=3443&response=json,2024-12-31
2025-01-02,3443,創意,1365.0,1365.0,1280.0,1285.0,2330466.0,3047524125.0,TWSE STOCK_DAY,https://www.twse.com.tw/rwd/zh/afterTrading/STOCK_DAY?date=20250101&stockNo=3443&response=json,2025-01-02
2025-01-03,3443,創意,1300.0,1310.0,1265.0,1270.0,1725986.0,2215308990.0,TWSE STOCK_DAY,https://www.twse.com.tw/rwd/zh/afterTrading/STOCK_DAY?date=20250101&stockNo=3443&response=json,2025-01-03
2025-01-06,3443,創意,1300.0,1340.0,1290.0,1340.0,1821143.0,2402614145.0,TWSE STOCK_DAY,https://www.twse.com.tw/rwd/zh/afterTrading/STOCK_DAY?date=20250101&stockNo=3443&response=json,2025-01-06
2025-01-07,3443,創意,1365.0,1370.0,1330.0,1340.0,2126872.0,2858857520.0,TWSE STOCK_DAY,https://www.twse.com.tw/rwd/zh/afterTrading/STOCK_DAY?date=20250101&stockNo=3443&response=json,2025-01-07
2025-01-08,3443,創意,1330.0,1355.0,1290.0,1290.0,1750630.0,2298517780.0,TWSE STOCK_DAY,https://www.twse.com.tw/rwd/zh/afterTrading/STOCK_DAY?date=20250101&stockNo=3443&response=json,2025-01-08
2025-01-09,3443,創意,1295.0,1320.0,1285.0,1295.0,1256655.0,1634153955.0,TWSE STOCK_DAY,https://www.twse.com.tw/rwd/zh/afterTrading/STOCK_DAY?date=20250101&stockNo=3443&response=json,2025-01-09
2025-01-10,3443,創意,1295.0,1310.0,1265.0,1270.0,1395752.0,1788626085.0,TWSE STOCK_DAY,https://www.twse.com.tw/rwd/zh/afterTrading/STOCK_DAY?date=20250101&stockNo=3443&response=json,2025-01-10
2025-01-13,3443,創意,1260.0,1270.0,1175.0,1180.0,2674577.0,3220655580.0,TWSE STOCK_DAY,https://www.twse.com.tw/rwd/zh/afterTrading/STOCK_DAY?date=20250101&stockNo=3443&response=json,2025-01-13
2025-01-14,3443,創意,1190.0,1215.0,1180.0,1205.0,1228863.0,1476153145.0,TWSE STOCK_DAY,https://www.twse.com.tw/rwd/zh/afterTrading/STOCK_DAY?date=20250101&stockNo=3443&response=json,2025-01-14
2025-01-15,3443,創意,1210.0,1215.0,1185.0,1195.0,1152643.0,1382913470.0,TWSE STOCK_DAY,https://www.twse.com.tw/rwd/zh/afterTrading/STOCK_DAY?date=20250101&stockNo=3443&response=json,2025-01-15
2025-01-16,3443,創意,1230.0,1255.0,1215.0,1255.0,1221717.0,1514186450.0,TWSE STOCK_DAY,https://www.twse.com.tw/rwd/zh/afterTrading/STOCK_DAY?date=20250101&stockNo=3443&response=json,2025-01-16
2025-01-17,3443,創意,1255.0,1265.0,1215.0,1225.0,1198260.0,1477368935.0,TWSE STOCK_DAY,https://www.twse.com.tw/rwd/zh/afterTrading/STOCK_DAY?date=20250101&stockNo=3443&response=json,2025-01-17
2025-01-20,3443,創意,1235.0,1325.0,1235.0,1325.0,3240926.0,4184800620.0,TWSE STOCK_DAY,https://www.twse.com.tw/rwd/zh/afterTrading/STOCK_DAY?date=20250101&stockNo=3443&response=json,2025-01-20
2025-01-21,3443,創意,1310.0,1330.0,1300.0,1330.0,1301536.0,1712408940.0,TWSE STOCK_DAY,https://www.twse.com.tw/rwd/zh/afterTrading/STOCK_DAY?date=20250101&stockNo=3443&response=json,2025-01-21
2025-01-22,3443,創意,1350.0,1350.0,1310.0,1320.0,2476018.0,3277090710.0,TWSE STOCK_DAY,https://www.twse.com.tw/rwd/zh/afterTrading/STOCK_DAY?date=20250101&stockNo=3443&response=json,2025-01-22
2025-02-03,3443,創意,1230.0,1295.0,1230.0,1280.0,1950097.0,2468005760.0,TWSE STOCK_DAY,https://www.twse.com.tw/rwd/zh/afterTrading/STOCK_DAY?date=20250201&stockNo=3443&response=json,2025-02-03
2025-02-04,3443,創意,1300.0,1355.0,1295.0,1315.0,3238192.0,4303327795.0,TWSE STOCK_DAY,https://www.twse.com.tw/rwd/zh/afterTrading/STOCK_DAY?date=20250201&stockNo=3443&response=json,2025-02-04
2025-02-05,3443,創意,1340.0,1370.0,1320.0,1350.0,3440214.0,4635131955.0,TWSE STOCK_DAY,https://www.twse.com.tw/rwd/zh/afterTrading/STOCK_DAY?date=20250201&stockNo=3443&response=json,2025-02-05
2025-02-06,3443,創意,1365.0,1365.0,1305.0,1325.0,2423546.0,3226611920.0,TWSE STOCK_DAY,https://www.twse.com.tw/rwd/zh/afterTrading/STOCK_DAY?date=20250201&stockNo=3443&response=json,2025-02-06
2025-02-07,3443,創意,1340.0,1390.0,1335.0,1380.0,3164650.0,4343819675.0,TWSE STOCK_DAY,https://www.twse.com.tw/rwd/zh/afterTrading/STOCK_DAY?date=20250201&stockNo=3443&response=json,2025-02-07
2025-02-10,3443,創意,1350.0,1370.0,1305.0,1335.0,2647436.0,3521520485.0,TWSE STOCK_DAY,https://www.twse.com.tw/rwd/zh/afterTrading/STOCK_DAY?date=20250201&stockNo=3443&response=json,2025-02-10
2025-02-11,3443,創意,1350.0,1360.0,1335.0,1350.0,1190748.0,1605015205.0,TWSE STOCK_DAY,https://www.twse.com.tw/rwd/zh/afterTrading/STOCK_DAY?date=20250201&stockNo=3443&response=json,2025-02-11
2025-02-12,3443,創意,1375.0,1375.0,1335.0,1335.0,937462.0,1264028960.0,TWSE STOCK_DAY,https://www.twse.com.tw/rwd/zh/afterTrading/STOCK_DAY?date=20250201&stockNo=3443&response=json,2025-02-12
2025-02-13,3443,創意,1345.0,1365.0,1335.0,1335.0,1101629.0,1483684330.0,TWSE STOCK_DAY,https://www.twse.com.tw/rwd/zh/afterTrading/STOCK_DAY?date=20250201&stockNo=3443&response=json,2025-02-13
2025-02-14,3443,創意,1345.0,1350.0,1315.0,1320.0,1312258.0,1743799140.0,TWSE STOCK_DAY,https://www.twse.com.tw/rwd/zh/afterTrading/STOCK_DAY?date=20250201&stockNo=3443&response=json,2025-02-14
2025-02-17,3443,創意,1355.0,1435.0,1345.0,1415.0,4777679.0,6697429895.0,TWSE STOCK_DAY,https://www.twse.com.tw/rwd/zh/afterTrading/STOCK_DAY?date=20250201&stockNo=3443&response=json,2025-02-17
2025-02-18,3443,創意,1430.0,1480.0,1415.0,1450.0,4594739.0,6680198370.0,TWSE STOCK_DAY,https://www.twse.com.tw/rwd/zh/afterTrading/STOCK_DAY?date=20250201&stockNo=3443&response=json,2025-02-18
2025-02-19,3443,創意,1475.0,1490.0,1415.0,1420.0,3903511.0,5655297055.0,TWSE STOCK_DAY,https://www.twse.com.tw/rwd/zh/afterTrading/STOCK_DAY?date=20250201&stockNo=3443&response=json,2025-02-19
2025-02-20,3443,創意,1425.0,1435.0,1405.0,1415.0,1679923.0,2385115705.0,TWSE STOCK_DAY,https://www.twse.com.tw/rwd/zh/afterTrading/STOCK_DAY?date=20250201&stockNo=3443&response=json,2025-02-20
2025-02-21,3443,創意,1415.0,1420.0,1390.0,1405.0,1647238.0,2316635500.0,TWSE STOCK_DAY,https://www.twse.com.tw/rwd/zh/afterTrading/STOCK_DAY?date=20250201&stockNo=3443&response=json,2025-02-21
2025-02-24,3443,創意,1395.0,1420.0,1375.0,1415.0,1392662.0,1946148720.0,TWSE STOCK_DAY,https://www.twse.com.tw/rwd/zh/afterTrading/STOCK_DAY?date=20250201&stockNo=3443&response=json,2025-02-24
2025-02-25,3443,創意,1400.0,1410.0,1380.0,1410.0,899162.0,1258869305.0,TWSE STOCK_DAY,https://www.twse.com.tw/rwd/zh/afterTrading/STOCK_DAY?date=20250201&stockNo=3443&response=json,2025-02-25
2025-02-26,3443,創意,1410.0,1415.0,1390.0,1395.0,1231056.0,1722155355.0,TWSE STOCK_DAY,https://www.twse.com.tw/rwd/zh/afterTrading/STOCK_DAY?date=20250201&stockNo=3443&response=json,2025-02-26
2025-02-27,3443,創意,1405.0,1430.0,1340.0,1340.0,2910589.0,3991648264.0,TWSE STOCK_DAY,https://www.twse.com.tw/rwd/zh/afterTrading/STOCK_DAY?date=20250201&stockNo=3443&response=json,2025-02-27
2025-03-03,3443,創意,1315.0,1345.0,1280.0,1320.0,2422451.0,3186480730.0,TWSE STOCK_DAY,https://www.twse.com.tw/rwd/zh/afterTrading/STOCK_DAY?date=20250301&stockNo=3443&response=json,2025-03-03
2025-03-04,3443,創意,1285.0,1310.0,1250.0,1285.0,2381849.0,3043102945.0,TWSE STOCK_DAY,https://www.twse.com.tw/rwd/zh/afterTrading/STOCK_DAY?date=20250301&stockNo=3443&response=json,2025-03-04
2025-03-05,3443,創意,1300.0,1330.0,1295.0,1315.0,1817472.0,2391366340.0,TWSE STOCK_DAY,https://www.twse.com.tw/rwd/zh/afterTrading/STOCK_DAY?date=20250301&stockNo=3443&response=json,2025-03-05
2025-03-06,3443,創意,1330.0,1345.0,1310.0,1335.0,1185625.0,1579712365.0,TWSE STOCK_DAY,https://www.twse.com.tw/rwd/zh/afterTrading/STOCK_DAY?date=20250301&stockNo=3443&response=json,2025-03-06
2025-03-07,3443,創意,1315.0,1330.0,1290.0,1290.0,1224592.0,1596783945.0,TWSE STOCK_DAY,https://www.twse.com.tw/rwd/zh/afterTrading/STOCK_DAY?date=20250301&stockNo=3443&response=json,2025-03-07
2025-03-10,3443,創意,1305.0,1310.0,1255.0,1255.0,919936.0,1176135030.0,TWSE STOCK_DAY,https://www.twse.com.tw/rwd/zh/afterTrading/STOCK_DAY?date=20250301&stockNo=3443&response=json,2025-03-10
2025-03-11,3443,創意,1200.0,1225.0,1165.0,1210.0,2078988.0,2494390040.0,TWSE STOCK_DAY,https://www.twse.com.tw/rwd/zh/afterTrading/STOCK_DAY?date=20250301&stockNo=3443&response=json,2025-03-11
2025-03-12,3443,創意,1235.0,1250.0,1210.0,1210.0,844255.0,1034405425.0,TWSE STOCK_DAY,https://www.twse.com.tw/rwd/zh/afterTrading/STOCK_DAY?date=20250301&stockNo=3443&response=json,2025-03-12
2025-03-13,3443,創意,1235.0,1245.0,1175.0,1175.0,990474.0,1188970680.0,TWSE STOCK_DAY,https://www.twse.com.tw/rwd/zh/afterTrading/STOCK_DAY?date=20250301&stockNo=3443&response=json,2025-03-13
2025-03-14,3443,創意,1185.0,1215.0,1175.0,1205.0,799676.0,957134060.0,TWSE STOCK_DAY,https://www.twse.com.tw/rwd/zh/afterTrading/STOCK_DAY?date=20250301&stockNo=3443&response=json,2025-03-14
2025-03-17,3443,創意,1225.0,1240.0,1195.0,1200.0,948856.0,1151240765.0,TWSE STOCK_DAY,https://www.twse.com.tw/rwd/zh/afterTrading/STOCK_DAY?date=20250301&stockNo=3443&response=json,2025-03-17
2025-03-18,3443,創意,1220.0,1235.0,1190.0,1195.0,1200455.0,1448283485.0,TWSE STOCK_DAY,https://www.twse.com.tw/rwd/zh/afterTrading/STOCK_DAY?date=20250301&stockNo=3443&response=json,2025-03-18
2025-03-19,3443,創意,1195.0,1200.0,1165.0,1165.0,1088034.0,1281019175.0,TWSE STOCK_DAY,https://www.twse.com.tw/rwd/zh/afterTrading/STOCK_DAY?date=20250301&stockNo=3443&response=json,2025-03-19
2025-03-20,3443,創意,1190.0,1205.0,1175.0,1190.0,921732.0,1098109830.0,TWSE STOCK_DAY,https://www.twse.com.tw/rwd/zh/afterTrading/STOCK_DAY?date=20250301&stockNo=3443&response=json,2025-03-20
2025-03-21,3443,創意,1195.0,1200.0,1155.0,1170.0,1158964.0,1356595255.0,TWSE STOCK_DAY,https://www.twse.com.tw/rwd/zh/afterTrading/STOCK_DAY?date=20250301&stockNo=3443&response=json,2025-03-21
2025-03-24,3443,創意,1200.0,1220.0,1180.0,1195.0,1737837.0,2084430025.0,TWSE STOCK_DAY,https://www.twse.com.tw/rwd/zh/afterTrading/STOCK_DAY?date=20250301&stockNo=3443&response=json,2025-03-24
2025-03-25,3443,創意,1215.0,1230.0,1205.0,1205.0,1549894.0,1885451305.0,TWSE STOCK_DAY,https://www.twse.com.tw/rwd/zh/afterTrading/STOCK_DAY?date=20250301&stockNo=3443&response=json,2025-03-25
2025-03-26,3443,創意,1205.0,1230.0,1205.0,1230.0,993746.0,1213201395.0,TWSE STOCK_DAY,https://www.twse.com.tw/rwd/zh/afterTrading/STOCK_DAY?date=20250301&stockNo=3443&response=json,2025-03-26
2025-03-27,3443,創意,1210.0,1210.0,1190.0,1190.0,1008084.0,1206650260.0,TWSE STOCK_DAY,https://www.twse.com.tw/rwd/zh/afterTrading/STOCK_DAY?date=20250301&stockNo=3443&response=json,2025-03-27
2025-03-28,3443,創意,1185.0,1195.0,1150.0,1155.0,1507341.0,1766300815.0,TWSE STOCK_DAY,https://www.twse.com.tw/rwd/zh/afterTrading/STOCK_DAY?date=20250301&stockNo=3443&response=json,2025-03-28
2025-03-31,3443,創意,1100.0,1125.0,1040.0,1050.0,2416268.0,2582083540.0,TWSE STOCK_DAY,https://www.twse.com.tw/rwd/zh/afterTrading/STOCK_DAY?date=20250301&stockNo=3443&response=json,2025-03-31
2025-04-01,3443,創意,1075.0,1085.0,1050.0,1085.0,1190971.0,1274591305.0,TWSE STOCK_DAY,https://www.twse.com.tw/rwd/zh/afterTrading/STOCK_DAY?date=20250401&stockNo=3443&response=json,2025-04-01
2025-04-02,3443,創意,1080.0,1110.0,1070.0,1110.0,987387.0,1079103770.0,TWSE STOCK_DAY,https://www.twse.com.tw/rwd/zh/afterTrading/STOCK_DAY?date=20250401&stockNo=3443&response=json,2025-04-02
2025-04-07,3443,創意,999.0,999.0,999.0,999.0,98116.0,98017884.0,TWSE STOCK_DAY,https://www.twse.com.tw/rwd/zh/afterTrading/STOCK_DAY?date=20250401&stockNo=3443&response=json,2025-04-07
2025-04-08,3443,創意,900.0,934.0,900.0,900.0,2472148.0,2251289381.0,TWSE STOCK_DAY,https://www.twse.com.tw/rwd/zh/afterTrading/STOCK_DAY?date=20250401&stockNo=3443&response=json,2025-04-08
2025-04-09,3443,創意,884.0,915.0,816.0,853.0,3923807.0,3400122361.0,TWSE STOCK_DAY,https://www.twse.com.tw/rwd/zh/afterTrading/STOCK_DAY?date=20250401&stockNo=3443&response=json,2025-04-09
2025-04-10,3443,創意,938.0,938.0,938.0,938.0,482575.0,452655350.0,TWSE STOCK_DAY,https://www.twse.com.tw/rwd/zh/afterTrading/STOCK_DAY?date=20250401&stockNo=3443&response=json,2025-04-10
2025-04-11,3443,創意,916.0,982.0,880.0,981.0,3506105.0,3282241073.0,TWSE STOCK_DAY,https://www.twse.com.tw/rwd/zh/afterTrading/STOCK_DAY?date=20250401&stockNo=3443&response=json,2025-04-11
2025-04-14,3443,創意,1005.0,1020.0,982.0,992.0,2480727.0,2474349213.0,TWSE STOCK_DAY,https://www.twse.com.tw/rwd/zh/afterTrading/STOCK_DAY?date=20250401&stockNo=3443&response=json,2025-04-14
2025-04-15,3443,創意,1000.0,1025.0,993.0,1015.0,1747498.0,1764177341.0,TWSE STOCK_DAY,https://www.twse.com.tw/rwd/zh/afterTrading/STOCK_DAY?date=20250401&stockNo=3443&response=json,2025-04-15
2025-04-16,3443,創意,1005.0,1010.0,966.0,966.0,1417361.0,1406401107.0,TWSE STOCK_DAY,https://www.twse.com.tw/rwd/zh/afterTrading/STOCK_DAY?date=20250401&stockNo=3443&response=json,2025-04-16
2025-04-17,3443,創意,961.0,1010.0,961.0,992.0,1668347.0,1643247161.0,TWSE STOCK_DAY,https://www.twse.com.tw/rwd/zh/afterTrading/STOCK_DAY?date=20250401&stockNo=3443&response=json,2025-04-17
2025-04-18,3443,創意,1000.0,1005.0,975.0,982.0,1515708.0,1500604279.0,TWSE STOCK_DAY,https://www.twse.com.tw/rwd/zh/afterTrading/STOCK_DAY?date=20250401&stockNo=3443&response=json,2025-04-18
2025-04-21,3443,創意,987.0,987.0,956.0,957.0,998631.0,966190288.0,TWSE STOCK_DAY,https://www.twse.com.tw/rwd/zh/afterTrading/STOCK_DAY?date=20250401&stockNo=3443&response=json,2025-04-21
2025-04-22,3443,創意,946.0,968.0,916.0,918.0,1740567.0,1637387426.0,TWSE STOCK_DAY,https://www.twse.com.tw/rwd/zh/afterTrading/STOCK_DAY?date=20250401&stockNo=3443&response=json,2025-04-22
2025-04-23,3443,創意,952.0,999.0,952.0,980.0,1635937.0,1601975762.0,TWSE STOCK_DAY,https://www.twse.com.tw/rwd/zh/afterTrading/STOCK_DAY?date=20250401&stockNo=3443&response=json,2025-04-23
2025-04-24,3443,創意,992.0,1000.0,964.0,964.0,2061398.0,2013608722.0,TWSE STOCK_DAY,https://www.twse.com.tw/rwd/zh/afterTrading/STOCK_DAY?date=20250401&stockNo=3443&response=json,2025-04-24
2025-04-25,3443,創意,1000.0,1005.0,977.0,979.0,2327218.0,2299779531.0,TWSE STOCK_DAY,https://www.twse.com.tw/rwd/zh/afterTrading/STOCK_DAY?date=20250401&stockNo=3443&response=json,2025-04-25
2025-04-28,3443,創意,996.0,1070.0,996.0,1030.0,3260603.0,3357375810.0,TWSE STOCK_DAY,https://www.twse.com.tw/rwd/zh/afterTrading/STOCK_DAY?date=20250401&stockNo=3443&response=json,2025-04-28
2025-04-29,3443,創意,1030.0,1050.0,1010.0,1045.0,1864612.0,1923902870.0,TWSE STOCK_DAY,https://www.twse.com.tw/rwd/zh/afterTrading/STOCK_DAY?date=20250401&stockNo=3443&response=json,2025-04-29
2025-04-30,3443,創意,1045.0,1045.0,1025.0,1025.0,763384.0,787739155.0,TWSE STOCK_DAY,https://www.twse.com.tw/rwd/zh/afterTrading/STOCK_DAY?date=20250401&stockNo=3443&response=json,2025-04-30
2025-05-02,3443,創意,1055.0,1095.0,1040.0,1085.0,2077292.0,2222025510.0,TWSE STOCK_DAY,https://www.twse.com.tw/rwd/zh/afterTrading/STOCK_DAY?date=20250501&stockNo=3443&response=json,2025-05-02
2025-05-05,3443,創意,1090.0,1115.0,1040.0,1115.0,2271494.0,2462914320.0,TWSE STOCK_DAY,https://www.twse.com.tw/rwd/zh/afterTrading/STOCK_DAY?date=20250501&stockNo=3443&response=json,2025-05-05
2025-05-06,3443,創意,1070.0,1100.0,1055.0,1075.0,2518779.0,2723227575.0,TWSE STOCK_DAY,https://www.twse.com.tw/rwd/zh/afterTrading/STOCK_DAY?date=20250501&stockNo=3443&response=json,2025-05-06
2025-05-07,3443,創意,1085.0,1110.0,1060.0,1090.0,1632298.0,1777515125.0,TWSE STOCK_DAY,https://www.twse.com.tw/rwd/zh/afterTrading/STOCK_DAY?date=20250501&stockNo=3443&response=json,2025-05-07
2025-05-08,3443,創意,1115.0,1135.0,1105.0,1105.0,1148915.0,1282595470.0,TWSE STOCK_DAY,https://www.twse.com.tw/rwd/zh/afterTrading/STOCK_DAY?date=20250501&stockNo=3443&response=json,2025-05-08
2025-05-09,3443,創意,1115.0,1120.0,1090.0,1100.0,867307.0,956745170.0,TWSE STOCK_DAY,https://www.twse.com.tw/rwd/zh/afterTrading/STOCK_DAY?date=20250501&stockNo=3443&response=json,2025-05-09
2025-05-12,3443,創意,1130.0,1155.0,1115.0,1150.0,1565907.0,1789114070.0,TWSE STOCK_DAY,https://www.twse.com.tw/rwd/zh/afterTrading/STOCK_DAY?date=20250501&stockNo=3443&response=json,2025-05-12
2025-05-13,3443,創意,1190.0,1195.0,1150.0,1150.0,1396268.0,1634108710.0,TWSE STOCK_DAY,https://www.twse.com.tw/rwd/zh/afterTrading/STOCK_DAY?date=20250501&stockNo=3443&response=json,2025-05-13
2025-05-14,3443,創意,1170.0,1180.0,1145.0,1150.0,1318033.0,1530946730.0,TWSE STOCK_DAY,https://www.twse.com.tw/rwd/zh/afterTrading/STOCK_DAY?date=20250501&stockNo=3443&response=json,2025-05-14
2025-05-15,3443,創意,1155.0,1165.0,1145.0,1145.0,905122.0,1044468025.0,TWSE STOCK_DAY,https://www.twse.com.tw/rwd/zh/afterTrading/STOCK_DAY?date=20250501&stockNo=3443&response=json,2025-05-15
2025-05-16,3443,創意,1155.0,1160.0,1145.0,1155.0,707344.0,814831530.0,TWSE STOCK_DAY,https://www.twse.com.tw/rwd/zh/afterTrading/STOCK_DAY?date=20250501&stockNo=3443&response=json,2025-05-16
2025-05-19,3443,創意,1155.0,1165.0,1115.0,1120.0,747329.0,848869560.0,TWSE STOCK_DAY,https://www.twse.com.tw/rwd/zh/afterTrading/STOCK_DAY?date=20250501&stockNo=3443&response=json,2025-05-19
2025-05-20,3443,創意,1145.0,1185.0,1140.0,1140.0,1587308.0,1840537525.0,TWSE STOCK_DAY,https://www.twse.com.tw/rwd/zh/afterTrading/STOCK_DAY?date=20250501&stockNo=3443&response=json,2025-05-20
2025-05-21,3443,創意,1150.0,1185.0,1150.0,1175.0,1380649.0,1617696235.0,TWSE STOCK_DAY,https://www.twse.com.tw/rwd/zh/afterTrading/STOCK_DAY?date=20250501&stockNo=3443&response=json,2025-05-21
2025-05-22,3443,創意,1155.0,1160.0,1145.0,1155.0,746023.0,858394635.0,TWSE STOCK_DAY,https://www.twse.com.tw/rwd/zh/afterTrading/STOCK_DAY?date=20250501&stockNo=3443&response=json,2025-05-22
2025-05-23,3443,創意,1165.0,1165.0,1135.0,1140.0,628368.0,721698715.0,TWSE STOCK_DAY,https://www.twse.com.tw/rwd/zh/afterTrading/STOCK_DAY?date=20250501&stockNo=3443&response=json,2025-05-23
2025-05-26,3443,創意,1140.0,1145.0,1115.0,1115.0,816725.0,920286865.0,TWSE STOCK_DAY,https://www.twse.com.tw/rwd/zh/afterTrading/STOCK_DAY?date=20250501&stockNo=3443&response=json,2025-05-26
2025-05-27,3443,創意,1125.0,1135.0,1115.0,1115.0,438172.0,491380640.0,TWSE STOCK_DAY,https://www.twse.com.tw/rwd/zh/afterTrading/STOCK_DAY?date=20250501&stockNo=3443&response=json,2025-05-27
2025-05-28,3443,創意,1135.0,1175.0,1135.0,1160.0,1281279.0,1488403460.0,TWSE STOCK_DAY,https://www.twse.com.tw/rwd/zh/afterTrading/STOCK_DAY?date=20250501&stockNo=3443&response=json,2025-05-28
2025-05-29,3443,創意,1180.0,1185.0,1160.0,1165.0,830333.0,969231685.0,TWSE STOCK_DAY,https://www.twse.com.tw/rwd/zh/afterTrading/STOCK_DAY?date=20250501&stockNo=3443&response=json,2025-05-29
2025-06-02,3443,創意,1145.0,1145.0,1085.0,1095.0,1222340.0,1350807435.0,TWSE STOCK_DAY,https://www.twse.com.tw/rwd/zh/afterTrading/STOCK_DAY?date=20250601&stockNo=3443&response=json,2025-06-02
2025-06-03,3443,創意,1100.0,1115.0,1085.0,1110.0,740205.0,818487705.0,TWSE STOCK_DAY,https://www.twse.com.tw/rwd/zh/afterTrading/STOCK_DAY?date=20250601&stockNo=3443&response=json,2025-06-03
2025-06-04,3443,創意,1140.0,1185.0,1140.0,1180.0,1537475.0,1793657140.0,TWSE STOCK_DAY,https://www.twse.com.tw/rwd/zh/afterTrading/STOCK_DAY?date=20250601&stockNo=3443&response=json,2025-06-04
2025-06-05,3443,創意,1185.0,1195.0,1165.0,1180.0,843157.0,994036175.0,TWSE STOCK_DAY,https://www.twse.com.tw/rwd/zh/afterTrading/STOCK_DAY?date=20250601&stockNo=3443&response=json,2025-06-05
2025-06-06,3443,創意,1160.0,1165.0,1130.0,1135.0,924143.0,1056136410.0,TWSE STOCK_DAY,https://www.twse.com.tw/rwd/zh/afterTrading/STOCK_DAY?date=20250601&stockNo=3443&response=json,2025-06-06
2025-06-09,3443,創意,1150.0,1155.0,1115.0,1125.0,737019.0,834022135.0,TWSE STOCK_DAY,https://www.twse.com.tw/rwd/zh/afterTrading/STOCK_DAY?date=20250601&stockNo=3443&response=json,2025-06-09
2025-06-10,3443,創意,1135.0,1150.0,1130.0,1150.0,563543.0,643110150.0,TWSE STOCK_DAY,https://www.twse.com.tw/rwd/zh/afterTrading/STOCK_DAY?date=20250601&stockNo=3443&response=json,2025-06-10
2025-06-11,3443,創意,1160.0,1175.0,1155.0,1165.0,800169.0,931986030.0,TWSE STOCK_DAY,https://www.twse.com.tw/rwd/zh/afterTrading/STOCK_DAY?date=20250601&stockNo=3443&response=json,2025-06-11
2025-06-12,3443,創意,1160.0,1170.0,1130.0,1145.0,949455.0,1089476560.0,TWSE STOCK_DAY,https://www.twse.com.tw/rwd/zh/afterTrading/STOCK_DAY?date=20250601&stockNo=3443&response=json,2025-06-12
2025-06-13,3443,創意,1130.0,1130.0,1085.0,1095.0,1783333.0,1963140785.0,TWSE STOCK_DAY,https://www.twse.com.tw/rwd/zh/afterTrading/STOCK_DAY?date=20250601&stockNo=3443&response=json,2025-06-13
2025-06-16,3443,創意,1090.0,1100.0,1065.0,1070.0,1521286.0,1635485055.0,TWSE STOCK_DAY,https://www.twse.com.tw/rwd/zh/afterTrading/STOCK_DAY?date=20250601&stockNo=3443&response=json,2025-06-16
2025-06-17,3443,創意,1085.0,1115.0,1080.0,1085.0,1188709.0,1301471735.0,TWSE STOCK_DAY,https://www.twse.com.tw/rwd/zh/afterTrading/STOCK_DAY?date=20250601&stockNo=3443&response=json,2025-06-17
2025-06-18,3443,創意,1080.0,1085.0,1055.0,1065.0,1373852.0,1465344620.0,TWSE STOCK_DAY,https://www.twse.com.tw/rwd/zh/afterTrading/STOCK_DAY?date=20250601&stockNo=3443&response=json,2025-06-18
2025-06-19,3443,創意,1070.0,1070.0,1030.0,1065.0,1695509.0,1782397375.0,TWSE STOCK_DAY,https://www.twse.com.tw/rwd/zh/afterTrading/STOCK_DAY?date=20250601&stockNo=3443&response=json,2025-06-19
2025-06-20,3443,創意,1060.0,1075.0,1040.0,1065.0,1253711.0,1330867770.0,TWSE STOCK_DAY,https://www.twse.com.tw/rwd/zh/afterTrading/STOCK_DAY?date=20250601&stockNo=3443&response=json,2025-06-20
2025-06-23,3443,創意,1040.0,1065.0,1035.0,1065.0,700980.0,737374970.0,TWSE STOCK_DAY,https://www.twse.com.tw/rwd/zh/afterTrading/STOCK_DAY?date=20250601&stockNo=3443&response=json,2025-06-23
2025-06-24,3443,創意,1100.0,1125.0,1100.0,1115.0,2405389.0,2678416065.0,TWSE STOCK_DAY,https://www.twse.com.tw/rwd/zh/afterTrading/STOCK_DAY?date=20250601&stockNo=3443&response=json,2025-06-24
2025-06-25,3443,創意,1150.0,1225.0,1145.0,1225.0,4764145.0,5664825560.0,TWSE STOCK_DAY,https://www.twse.com.tw/rwd/zh/afterTrading/STOCK_DAY?date=20250601&stockNo=3443&response=json,2025-06-25
2025-06-26,3443,創意,1225.0,1235.0,1200.0,1215.0,3345842.0,4078888195.0,TWSE STOCK_DAY,https://www.twse.com.tw/rwd/zh/afterTrading/STOCK_DAY?date=20250601&stockNo=3443&response=json,2025-06-26
2025-06-27,3443,創意,1240.0,1335.0,1220.0,1305.0,6046289.0,7784901825.0,TWSE STOCK_DAY,https://www.twse.com.tw/rwd/zh/afterTrading/STOCK_DAY?date=20250601&stockNo=3443&response=json,2025-06-27
2025-06-30,3443,創意,1330.0,1340.0,1300.0,1305.0,2545663.0,3361438170.0,TWSE STOCK_DAY,https://www.twse.com.tw/rwd/zh/afterTrading/STOCK_DAY?date=20250601&stockNo=3443&response=json,2025-06-30
2025-07-01,3443,創意,1320.0,1345.0,1310.0,1310.0,2120261.0,2811638635.0,TWSE STOCK_DAY,https://www.twse.com.tw/rwd/zh/afterTrading/STOCK_DAY?date=20250701&stockNo=3443&response=json,2025-07-01
2025-07-02,3443,創意,1305.0,1340.0,1290.0,1325.0,1802975.0,2375737625.0,TWSE STOCK_DAY,https://www.twse.com.tw/rwd/zh/afterTrading/STOCK_DAY?date=20250701&stockNo=3443&response=json,2025-07-02
2025-07-03,3443,創意,1325.0,1325.0,1265.0,1270.0,2998896.0,3851077415.0,TWSE STOCK_DAY,https://www.twse.com.tw/rwd/zh/afterTrading/STOCK_DAY?date=20250701&stockNo=3443&response=json,2025-07-03
2025-07-04,3443,創意,1280.0,1295.0,1250.0,1255.0,1583796.0,2006198665.0,TWSE STOCK_DAY,https://www.twse.com.tw/rwd/zh/afterTrading/STOCK_DAY?date=20250701&stockNo=3443&response=json,2025-07-04
2025-07-07,3443,創意,1260.0,1265.0,1230.0,1260.0,1322142.0,1655407170.0,TWSE STOCK_DAY,https://www.twse.com.tw/rwd/zh/afterTrading/STOCK_DAY?date=20250701&stockNo=3443&response=json,2025-07-07
2025-07-08,3443,創意,1240.0,1260.0,1210.0,1220.0,1914156.0,2349961895.0,TWSE STOCK_DAY,https://www.twse.com.tw/rwd/zh/afterTrading/STOCK_DAY?date=20250701&stockNo=3443&response=json,2025-07-08
2025-07-09,3443,創意,1225.0,1245.0,1215.0,1225.0,1338655.0,1643849595.0,TWSE STOCK_DAY,https://www.twse.com.tw/rwd/zh/afterTrading/STOCK_DAY?date=20250701&stockNo=3443&response=json,2025-07-09
2025-07-10,3443,創意,1235.0,1245.0,1230.0,1235.0,927292.0,1148074650.0,TWSE STOCK_DAY,https://www.twse.com.tw/rwd/zh/afterTrading/STOCK_DAY?date=20250701&stockNo=3443&response=json,2025-07-10
2025-07-11,3443,創意,1245.0,1260.0,1235.0,1250.0,1390706.0,1737180110.0,TWSE STOCK_DAY,https://www.twse.com.tw/rwd/zh/afterTrading/STOCK_DAY?date=20250701&stockNo=3443&response=json,2025-07-11
2025-07-14,3443,創意,1255.0,1260.0,1200.0,1215.0,1044588.0,1275460395.0,TWSE STOCK_DAY,https://www.twse.com.tw/rwd/zh/afterTrading/STOCK_DAY?date=20250701&stockNo=3443&response=json,2025-07-14
2025-07-15,3443,創意,1220.0,1235.0,1205.0,1205.0,1049953.0,1275415280.0,TWSE STOCK_DAY,https://www.twse.com.tw/rwd/zh/afterTrading/STOCK_DAY?date=20250701&stockNo=3443&response=json,2025-07-15
2025-07-16,3443,創意,1215.0,1260.0,1215.0,1235.0,2378998.0,2946513905.0,TWSE STOCK_DAY,https://www.twse.com.tw/rwd/zh/afterTrading/STOCK_DAY?date=20250701&stockNo=3443&response=json,2025-07-16
2025-07-17,3443,創意,1250.0,1255.0,1235.0,1235.0,932289.0,1159031330.0,TWSE STOCK_DAY,https://www.twse.com.tw/rwd/zh/afterTrading/STOCK_DAY?date=20250701&stockNo=3443&response=json,2025-07-17
2025-07-18,3443,創意,1255.0,1270.0,1240.0,1240.0,1258169.0,1573420015.0,TWSE STOCK_DAY,https://www.twse.com.tw/rwd/zh/afterTrading/STOCK_DAY?date=20250701&stockNo=3443&response=json,2025-07-18
2025-07-21,3443,創意,1240.0,1240.0,1190.0,1195.0,1520030.0,1828522465.0,TWSE STOCK_DAY,https://www.twse.com.tw/rwd/zh/afterTrading/STOCK_DAY?date=20250701&stockNo=3443&response=json,2025-07-21
2025-07-22,3443,創意,1200.0,1215.0,1160.0,1170.0,1261099.0,1488943155.0,TWSE STOCK_DAY,https://www.twse.com.tw/rwd/zh/afterTrading/STOCK_DAY?date=20250701&stockNo=3443&response=json,2025-07-22
2025-07-23,3443,創意,1185.0,1195.0,1165.0,1195.0,759888.0,900998945.0,TWSE STOCK_DAY,https://www.twse.com.tw/rwd/zh/afterTrading/STOCK_DAY?date=20250701&stockNo=3443&response=json,2025-07-23
2025-07-24,3443,創意,1205.0,1210.0,1180.0,1190.0,809353.0,964963350.0,TWSE STOCK_DAY,https://www.twse.com.tw/rwd/zh/afterTrading/STOCK_DAY?date=20250701&stockNo=3443&response=json,2025-07-24
2025-07-25,3443,創意,1185.0,1230.0,1165.0,1225.0,1982009.0,2402143485.0,TWSE STOCK_DAY,https://www.twse.com.tw/rwd/zh/afterTrading/STOCK_DAY?date=20250701&stockNo=3443&response=json,2025-07-25
2025-07-28,3443,創意,1250.0,1250.0,1220.0,1235.0,1384738.0,1713322255.0,TWSE STOCK_DAY,https://www.twse.com.tw/rwd/zh/afterTrading/STOCK_DAY?date=20250701&stockNo=3443&response=json,2025-07-28
2025-07-29,3443,創意,1230.0,1235.0,1210.0,1210.0,992574.0,1212699235.0,TWSE STOCK_DAY,https://www.twse.com.tw/rwd/zh/afterTrading/STOCK_DAY?date=20250701&stockNo=3443&response=json,2025-07-29
2025-07-30,3443,創意,1225.0,1245.0,1200.0,1200.0,1168266.0,1418902515.0,TWSE STOCK_DAY,https://www.twse.com.tw/rwd/zh/afterTrading/STOCK_DAY?date=20250701&stockNo=3443&response=json,2025-07-30
2025-07-31,3443,創意,1205.0,1240.0,1205.0,1215.0,1433858.0,1752705550.0,TWSE STOCK_DAY,https://www.twse.com.tw/rwd/zh/afterTrading/STOCK_DAY?date=20250701&stockNo=3443&response=json,2025-07-31
2025-08-01,3443,創意,1200.0,1285.0,1190.0,1255.0,2472633.0,3106278465.0,TWSE STOCK_DAY,https://www.twse.com.tw/rwd/zh/afterTrading/STOCK_DAY?date=20250801&stockNo=3443&response=json,2025-08-01
2025-08-04,3443,創意,1240.0,1255.0,1225.0,1250.0,1618757.0,2013025840.0,TWSE STOCK_DAY,https://www.twse.com.tw/rwd/zh/afterTrading/STOCK_DAY?date=20250801&stockNo=3443&response=json,2025-08-04
2025-08-05,3443,創意,1285.0,1310.0,1255.0,1300.0,3085447.0,3963575285.0,TWSE STOCK_DAY,https://www.twse.com.tw/rwd/zh/afterTrading/STOCK_DAY?date=20250801&stockNo=3443&response=json,2025-08-05
2025-08-06,3443,創意,1290.0,1290.0,1260.0,1265.0,1651192.0,2098061505.0,TWSE STOCK_DAY,https://www.twse.com.tw/rwd/zh/afterTrading/STOCK_DAY?date=20250801&stockNo=3443&response=json,2025-08-06
2025-08-07,3443,創意,1280.0,1295.0,1275.0,1280.0,1304964.0,1675427620.0,TWSE STOCK_DAY,https://www.twse.com.tw/rwd/zh/afterTrading/STOCK_DAY?date=20250801&stockNo=3443&response=json,2025-08-07
2025-08-08,3443,創意,1295.0,1305.0,1225.0,1230.0,3292117.0,4124631955.0,TWSE STOCK_DAY,https://www.twse.com.tw/rwd/zh/afterTrading/STOCK_DAY?date=20250801&stockNo=3443&response=json,2025-08-08
2025-08-11,3443,創意,1230.0,1230.0,1185.0,1200.0,3625756.0,4347495440.0,TWSE STOCK_DAY,https://www.twse.com.tw/rwd/zh/afterTrading/STOCK_DAY?date=20250801&stockNo=3443&response=json,2025-08-11
2025-08-12,3443,創意,1200.0,1205.0,1180.0,1185.0,2092401.0,2492380680.0,TWSE STOCK_DAY,https://www.twse.com.tw/rwd/zh/afterTrading/STOCK_DAY?date=20250801&stockNo=3443&response=json,2025-08-12
2025-08-13,3443,創意,1200.0,1215.0,1165.0,1165.0,3034287.0,3589768360.0,TWSE STOCK_DAY,https://www.twse.com.tw/rwd/zh/afterTrading/STOCK_DAY?date=20250801&stockNo=3443&response=json,2025-08-13
2025-08-14,3443,創意,1170.0,1210.0,1170.0,1205.0,2132990.0,2545017170.0,TWSE STOCK_DAY,https://www.twse.com.tw/rwd/zh/afterTrading/STOCK_DAY?date=20250801&stockNo=3443&response=json,2025-08-14
2025-08-15,3443,創意,1205.0,1210.0,1185.0,1205.0,1078015.0,1294738195.0,TWSE STOCK_DAY,https://www.twse.com.tw/rwd/zh/afterTrading/STOCK_DAY?date=20250801&stockNo=3443&response=json,2025-08-15
2025-08-18,3443,創意,1195.0,1205.0,1180.0,1200.0,1304148.0,1555988075.0,TWSE STOCK_DAY,https://www.twse.com.tw/rwd/zh/afterTrading/STOCK_DAY?date=20250801&stockNo=3443&response=json,2025-08-18
2025-08-19,3443,創意,1205.0,1220.0,1190.0,1195.0,2008754.0,2420142500.0,TWSE STOCK_DAY,https://www.twse.com.tw/rwd/zh/afterTrading/STOCK_DAY?date=20250801&stockNo=3443&response=json,2025-08-19
2025-08-20,3443,創意,1195.0,1200.0,1160.0,1160.0,1982712.0,2334868155.0,TWSE STOCK_DAY,https://www.twse.com.tw/rwd/zh/afterTrading/STOCK_DAY?date=20250801&stockNo=3443&response=json,2025-08-20
2025-08-21,3443,創意,1175.0,1185.0,1165.0,1180.0,863614.0,1014749225.0,TWSE STOCK_DAY,https://www.twse.com.tw/rwd/zh/afterTrading/STOCK_DAY?date=20250801&stockNo=3443&response=json,2025-08-21
2025-08-22,3443,創意,1185.0,1220.0,1170.0,1190.0,1737144.0,2087442805.0,TWSE STOCK_DAY,https://www.twse.com.tw/rwd/zh/afterTrading/STOCK_DAY?date=20250801&stockNo=3443&response=json,2025-08-22
2025-08-25,3443,創意,1225.0,1305.0,1225.0,1300.0,5501832.0,7014650430.0,TWSE STOCK_DAY,https://www.twse.com.tw/rwd/zh/afterTrading/STOCK_DAY?date=20250801&stockNo=3443&response=json,2025-08-25
2025-08-26,3443,創意,1335.0,1415.0,1325.0,1395.0,7991156.0,11007650180.0,TWSE STOCK_DAY,https://www.twse.com.tw/rwd/zh/afterTrading/STOCK_DAY?date=20250801&stockNo=3443&response=json,2025-08-26
2025-08-27,3443,創意,1395.0,1395.0,1330.0,1345.0,4665759.0,6308863870.0,TWSE STOCK_DAY,https://www.twse.com.tw/rwd/zh/afterTrading/STOCK_DAY?date=20250801&stockNo=3443&response=json,2025-08-27
2025-08-28,3443,創意,1350.0,1380.0,1335.0,1350.0,2665417.0,3621112075.0,TWSE STOCK_DAY,https://www.twse.com.tw/rwd/zh/afterTrading/STOCK_DAY?date=20250801&stockNo=3443&response=json,2025-08-28
2025-08-29,3443,創意,1360.0,1375.0,1310.0,1330.0,3305378.0,4418298810.0,TWSE STOCK_DAY,https://www.twse.com.tw/rwd/zh/afterTrading/STOCK_DAY?date=20250801&stockNo=3443&response=json,2025-08-29
2025-09-01,3443,創意,1350.0,1365.0,1310.0,1335.0,3144168.0,4203717985.0,TWSE STOCK_DAY,https://www.twse.com.tw/rwd/zh/afterTrading/STOCK_DAY?date=20250901&stockNo=3443&response=json,2025-09-01
2025-09-02,3443,創意,1355.0,1375.0,1295.0,1310.0,2801147.0,3722429335.0,TWSE STOCK_DAY,https://www.twse.com.tw/rwd/zh/afterTrading/STOCK_DAY?date=20250901&stockNo=3443&response=json,2025-09-02
2025-09-03,3443,創意,1320.0,1340.0,1290.0,1310.0,2951715.0,3861950240.0,TWSE STOCK_DAY,https://www.twse.com.tw/rwd/zh/afterTrading/STOCK_DAY?date=20250901&stockNo=3443&response=json,2025-09-03
2025-09-04,3443,創意,1330.0,1330.0,1300.0,1300.0,1141700.0,1498789430.0,TWSE STOCK_DAY,https://www.twse.com.tw/rwd/zh/afterTrading/STOCK_DAY?date=20250901&stockNo=3443&response=json,2025-09-04
2025-09-05,3443,創意,1325.0,1350.0,1310.0,1345.0,2064458.0,2758992820.0,TWSE STOCK_DAY,https://www.twse.com.tw/rwd/zh/afterTrading/STOCK_DAY?date=20250901&stockNo=3443&response=json,2025-09-05
2025-09-08,3443,創意,1380.0,1385.0,1345.0,1345.0,2244875.0,3058300880.0,TWSE STOCK_DAY,https://www.twse.com.tw/rwd/zh/afterTrading/STOCK_DAY?date=20250901&stockNo=3443&response=json,2025-09-08
2025-09-09,3443,創意,1360.0,1435.0,1350.0,1400.0,4432585.0,6163101100.0,TWSE STOCK_DAY,https://www.twse.com.tw/rwd/zh/afterTrading/STOCK_DAY?date=20250901&stockNo=3443&response=json,2025-09-09
2025-09-10,3443,創意,1420.0,1425.0,1370.0,1385.0,2825395.0,3929905880.0,TWSE STOCK_DAY,https://www.twse.com.tw/rwd/zh/afterTrading/STOCK_DAY?date=20250901&stockNo=3443&response=json,2025-09-10
2025-09-11,3443,創意,1400.0,1415.0,1380.0,1390.0,2047967.0,2859004795.0,TWSE STOCK_DAY,https://www.twse.com.tw/rwd/zh/afterTrading/STOCK_DAY?date=20250901&stockNo=3443&response=json,2025-09-11
2025-09-12,3443,創意,1400.0,1415.0,1370.0,1375.0,2158374.0,3002457495.0,TWSE STOCK_DAY,https://www.twse.com.tw/rwd/zh/afterTrading/STOCK_DAY?date=20250901&stockNo=3443&response=json,2025-09-12
2025-09-15,3443,創意,1400.0,1415.0,1305.0,1330.0,4109393.0,5534630095.0,TWSE STOCK_DAY,https://www.twse.com.tw/rwd/zh/afterTrading/STOCK_DAY?date=20250901&stockNo=3443&response=json,2025-09-15
2025-09-16,3443,創意,1320.0,1335.0,1300.0,1315.0,2442205.0,3218982050.0,TWSE STOCK_DAY,https://www.twse.com.tw/rwd/zh/afterTrading/STOCK_DAY?date=20250901&stockNo=3443&response=json,2025-09-16
2025-09-17,3443,創意,1315.0,1325.0,1285.0,1290.0,1868658.0,2429630235.0,TWSE STOCK_DAY,https://www.twse.com.tw/rwd/zh/afterTrading/STOCK_DAY?date=20250901&stockNo=3443&response=json,2025-09-17
2025-09-18,3443,創意,1305.0,1315.0,1295.0,1310.0,1245698.0,1624041945.0,TWSE STOCK_DAY,https://www.twse.com.tw/rwd/zh/afterTrading/STOCK_DAY?date=20250901&stockNo=3443&response=json,2025-09-18
2025-09-19,3443,創意,1320.0,1320.0,1285.0,1290.0,1121018.0,1455117695.0,TWSE STOCK_DAY,https://www.twse.com.tw/rwd/zh/afterTrading/STOCK_DAY?date=20250901&stockNo=3443&response=json,2025-09-19
2025-09-22,3443,創意,1305.0,1310.0,1270.0,1300.0,1863427.0,2400070040.0,TWSE STOCK_DAY,https://www.twse.com.tw/rwd/zh/afterTrading/STOCK_DAY?date=20250901&stockNo=3443&response=json,2025-09-22
2025-09-23,3443,創意,1310.0,1330.0,1290.0,1315.0,2052766.0,2699011860.0,TWSE STOCK_DAY,https://www.twse.com.tw/rwd/zh/afterTrading/STOCK_DAY?date=20250901&stockNo=3443&response=json,2025-09-23
2025-09-24,3443,創意,1320.0,1320.0,1300.0,1300.0,1248172.0,1631932815.0,TWSE STOCK_DAY,https://www.twse.com.tw/rwd/zh/afterTrading/STOCK_DAY?date=20250901&stockNo=3443&response=json,2025-09-24
2025-09-25,3443,創意,1305.0,1325.0,1285.0,1310.0,1569825.0,2049425615.0,TWSE STOCK_DAY,https://www.twse.com.tw/rwd/zh/afterTrading/STOCK_DAY?date=20250901&stockNo=3443&response=json,2025-09-25
2025-09-26,3443,創意,1300.0,1305.0,1230.0,1255.0,3308380.0,4166726685.0,TWSE STOCK_DAY,https://www.twse.com.tw/rwd/zh/afterTrading/STOCK_DAY?date=20250901&stockNo=3443&response=json,2025-09-26
2025-09-30,3443,創意,1270.0,1350.0,1265.0,1340.0,3292802.0,4372536885.0,TWSE STOCK_DAY,https://www.twse.com.tw/rwd/zh/afterTrading/STOCK_DAY?date=20250901&stockNo=3443&response=json,2025-09-30
2025-10-01,3443,創意,1355.0,1375.0,1340.0,1340.0,2330548.0,3158285990.0,TWSE STOCK_DAY,https://www.twse.com.tw/rwd/zh/afterTrading/STOCK_DAY?date=20251001&stockNo=3443&response=json,2025-10-01
2025-10-02,3443,創意,1355.0,1430.0,1355.0,1380.0,6060772.0,8452935105.0,TWSE STOCK_DAY,https://www.twse.com.tw/rwd/zh/afterTrading/STOCK_DAY?date=20251001&stockNo=3443&response=json,2025-10-02
2025-10-03,3443,創意,1385.0,1390.0,1365.0,1375.0,2153972.0,2959874495.0,TWSE STOCK_DAY,https://www.twse.com.tw/rwd/zh/afterTrading/STOCK_DAY?date=20251001&stockNo=3443&response=json,2025-10-03
2025-10-07,3443,創意,1405.0,1410.0,1370.0,1385.0,2843257.0,3952845525.0,TWSE STOCK_DAY,https://www.twse.com.tw/rwd/zh/afterTrading/STOCK_DAY?date=20251001&stockNo=3443&response=json,2025-10-07
2025-10-08,3443,創意,1410.0,1495.0,1390.0,1485.0,8365019.0,12040511810.0,TWSE STOCK_DAY,https://www.twse.com.tw/rwd/zh/afterTrading/STOCK_DAY?date=20251001&stockNo=3443&response=json,2025-10-08
2025-10-09,3443,創意,1520.0,1550.0,1495.0,1515.0,6229235.0,9467923005.0,TWSE STOCK_DAY,https://www.twse.com.tw/rwd/zh/afterTrading/STOCK_DAY?date=20251001&stockNo=3443&response=json,2025-10-09
2025-10-13,3443,創意,1450.0,1505.0,1445.0,1500.0,3477170.0,5157514845.0,TWSE STOCK_DAY,https://www.twse.com.tw/rwd/zh/afterTrading/STOCK_DAY?date=20251001&stockNo=3443&response=json,2025-10-13
2025-10-14,3443,創意,1550.0,1560.0,1435.0,1445.0,5808227.0,8646789845.0,TWSE STOCK_DAY,https://www.twse.com.tw/rwd/zh/afterTrading/STOCK_DAY?date=20251001&stockNo=3443&response=json,2025-10-14
2025-10-15,3443,創意,1465.0,1495.0,1435.0,1475.0,2664377.0,3912904040.0,TWSE STOCK_DAY,https://www.twse.com.tw/rwd/zh/afterTrading/STOCK_DAY?date=20251001&stockNo=3443&response=json,2025-10-15
2025-10-16,3443,創意,1495.0,1510.0,1450.0,1470.0,2632109.0,3881953615.0,TWSE STOCK_DAY,https://www.twse.com.tw/rwd/zh/afterTrading/STOCK_DAY?date=20251001&stockNo=3443&response=json,2025-10-16
2025-10-17,3443,創意,1465.0,1510.0,1445.0,1495.0,2756055.0,4095552215.0,TWSE STOCK_DAY,https://www.twse.com.tw/rwd/zh/afterTrading/STOCK_DAY?date=20251001&stockNo=3443&response=json,2025-10-17
2025-10-20,3443,創意,1515.0,1550.0,1510.0,1525.0,2968903.0,4539525805.0,TWSE STOCK_DAY,https://www.twse.com.tw/rwd/zh/afterTrading/STOCK_DAY?date=20251001&stockNo=3443&response=json,2025-10-20
2025-10-21,3443,創意,1570.0,1675.0,1570.0,1675.0,6809999.0,11185536155.0,TWSE STOCK_DAY,https://www.twse.com.tw/rwd/zh/afterTrading/STOCK_DAY?date=20251001&stockNo=3443&response=json,2025-10-21
2025-10-22,3443,創意,1660.0,1710.0,1635.0,1665.0,6209642.0,10374917190.0,TWSE STOCK_DAY,https://www.twse.com.tw/rwd/zh/afterTrading/STOCK_DAY?date=20251001&stockNo=3443&response=json,2025-10-22
2025-10-23,3443,創意,1645.0,1645.0,1585.0,1615.0,3836656.0,6181227740.0,TWSE STOCK_DAY,https://www.twse.com.tw/rwd/zh/afterTrading/STOCK_DAY?date=20251001&stockNo=3443&response=json,2025-10-23
2025-10-27,3443,創意,1680.0,1690.0,1600.0,1600.0,4873160.0,7951073580.0,TWSE STOCK_DAY,https://www.twse.com.tw/rwd/zh/afterTrading/STOCK_DAY?date=20251001&stockNo=3443&response=json,2025-10-27
2025-10-28,3443,創意,1580.0,1585.0,1450.0,1480.0,8490483.0,12713214790.0,TWSE STOCK_DAY,https://www.twse.com.tw/rwd/zh/afterTrading/STOCK_DAY?date=20251001&stockNo=3443&response=json,2025-10-28
2025-10-29,3443,創意,1495.0,1510.0,1460.0,1470.0,3583489.0,5308427885.0,TWSE STOCK_DAY,https://www.twse.com.tw/rwd/zh/afterTrading/STOCK_DAY?date=20251001&stockNo=3443&response=json,2025-10-29
2025-10-30,3443,創意,1480.0,1480.0,1415.0,1440.0,3036144.0,4365615995.0,TWSE STOCK_DAY,https://www.twse.com.tw/rwd/zh/afterTrading/STOCK_DAY?date=20251001&stockNo=3443&response=json,2025-10-30
2025-10-31,3443,創意,1475.0,1575.0,1470.0,1530.0,7122102.0,10894918325.0,TWSE STOCK_DAY,https://www.twse.com.tw/rwd/zh/afterTrading/STOCK_DAY?date=20251001&stockNo=3443&response=json,2025-10-31
2025-11-03,3443,創意,1580.0,1620.0,1570.0,1580.0,4702250.0,7481293020.0,TWSE STOCK_DAY,https://www.twse.com.tw/rwd/zh/afterTrading/STOCK_DAY?date=20251101&stockNo=3443&response=json,2025-11-03
2025-11-04,3443,創意,1615.0,1710.0,1575.0,1635.0,8511485.0,14075132855.0,TWSE STOCK_DAY,https://www.twse.com.tw/rwd/zh/afterTrading/STOCK_DAY?date=20251101&stockNo=3443&response=json,2025-11-04
2025-11-05,3443,創意,1570.0,1620.0,1555.0,1605.0,4903079.0,7801132330.0,TWSE STOCK_DAY,https://www.twse.com.tw/rwd/zh/afterTrading/STOCK_DAY?date=20251101&stockNo=3443&response=json,2025-11-05
2025-11-06,3443,創意,1685.0,1765.0,1680.0,1735.0,9030492.0,15619359770.0,TWSE STOCK_DAY,https://www.twse.com.tw/rwd/zh/afterTrading/STOCK_DAY?date=20251101&stockNo=3443&response=json,2025-11-06
2025-11-07,3443,創意,1705.0,1745.0,1665.0,1720.0,4857683.0,8332070340.0,TWSE STOCK_DAY,https://www.twse.com.tw/rwd/zh/afterTrading/STOCK_DAY?date=20251101&stockNo=3443&response=json,2025-11-07
2025-11-10,3443,創意,1830.0,1890.0,1815.0,1890.0,7066462.0,13198975465.0,TWSE STOCK_DAY,https://www.twse.com.tw/rwd/zh/afterTrading/STOCK_DAY?date=20251101&stockNo=3443&response=json,2025-11-10
2025-11-11,3443,創意,1910.0,2020.0,1885.0,1910.0,8542879.0,16715528900.0,TWSE STOCK_DAY,https://www.twse.com.tw/rwd/zh/afterTrading/STOCK_DAY?date=20251101&stockNo=3443&response=json,2025-11-11
2025-11-12,3443,創意,1990.0,2000.0,1880.0,1885.0,4496509.0,8687258230.0,TWSE STOCK_DAY,https://www.twse.com.tw/rwd/zh/afterTrading/STOCK_DAY?date=20251101&stockNo=3443&response=json,2025-11-12
2025-11-13,3443,創意,1880.0,1910.0,1860.0,1875.0,2946952.0,5562434290.0,TWSE STOCK_DAY,https://www.twse.com.tw/rwd/zh/afterTrading/STOCK_DAY?date=20251101&stockNo=3443&response=json,2025-11-13
2025-11-14,3443,創意,1820.0,1910.0,1815.0,1880.0,3327596.0,6201162460.0,TWSE STOCK_DAY,https://www.twse.com.tw/rwd/zh/afterTrading/STOCK_DAY?date=20251101&stockNo=3443&response=json,2025-11-14
2025-11-17,3443,創意,1905.0,1975.0,1815.0,1940.0,6002769.0,11468469015.0,TWSE STOCK_DAY,https://www.twse.com.tw/rwd/zh/afterTrading/STOCK_DAY?date=20251101&stockNo=3443&response=json,2025-11-17
2025-11-18,3443,創意,1905.0,1955.0,1855.0,1870.0,3961566.0,7525969520.0,TWSE STOCK_DAY,https://www.twse.com.tw/rwd/zh/afterTrading/STOCK_DAY?date=20251101&stockNo=3443&response=json,2025-11-18
2025-11-19,3443,創意,1890.0,1930.0,1870.0,1900.0,3117620.0,5930356180.0,TWSE STOCK_DAY,https://www.twse.com.tw/rwd/zh/afterTrading/STOCK_DAY?date=20251101&stockNo=3443&response=json,2025-11-19
2025-11-20,3443,創意,1995.0,2035.0,1935.0,1965.0,5355055.0,10625577530.0,TWSE STOCK_DAY,https://www.twse.com.tw/rwd/zh/afterTrading/STOCK_DAY?date=20251101&stockNo=3443&response=json,2025-11-20
2025-11-21,3443,創意,1890.0,1920.0,1830.0,1850.0,3736692.0,6998074120.0,TWSE STOCK_DAY,https://www.twse.com.tw/rwd/zh/afterTrading/STOCK_DAY?date=20251101&stockNo=3443&response=json,2025-11-21
2025-11-24,3443,創意,1980.0,2035.0,1955.0,1980.0,6027231.0,12112749175.0,TWSE STOCK_DAY,https://www.twse.com.tw/rwd/zh/afterTrading/STOCK_DAY?date=20251101&stockNo=3443&response=json,2025-11-24
2025-11-25,3443,創意,2055.0,2175.0,2030.0,2175.0,6955259.0,14700569220.0,TWSE STOCK_DAY,https://www.twse.com.tw/rwd/zh/afterTrading/STOCK_DAY?date=20251101&stockNo=3443&response=json,2025-11-25
2025-11-26,3443,創意,2180.0,2185.0,2105.0,2170.0,5044569.0,10834314053.0,TWSE STOCK_DAY,https://www.twse.com.tw/rwd/zh/afterTrading/STOCK_DAY?date=20251101&stockNo=3443&response=json,2025-11-26
2025-11-27,3443,創意,2120.0,2215.0,2120.0,2135.0,4284476.0,9278334150.0,TWSE STOCK_DAY,https://www.twse.com.tw/rwd/zh/afterTrading/STOCK_DAY?date=20251101&stockNo=3443&response=json,2025-11-27
2025-11-28,3443,創意,2145.0,2280.0,2115.0,2260.0,4335823.0,9588448655.0,TWSE STOCK_DAY,https://www.twse.com.tw/rwd/zh/afterTrading/STOCK_DAY?date=20251101&stockNo=3443&response=json,2025-11-28
2025-12-01,3443,創意,2250.0,2255.0,2170.0,2185.0,3064042.0,6750018750.0,TWSE STOCK_DAY,https://www.twse.com.tw/rwd/zh/afterTrading/STOCK_DAY?date=20251201&stockNo=3443&response=json,2025-12-01
2025-12-02,3443,創意,2220.0,2235.0,2160.0,2170.0,2456404.0,5384001680.0,TWSE STOCK_DAY,https://www.twse.com.tw/rwd/zh/afterTrading/STOCK_DAY?date=20251201&stockNo=3443&response=json,2025-12-02
2025-12-03,3443,創意,2180.0,2195.0,2135.0,2145.0,2118200.0,4581481705.0,TWSE STOCK_DAY,https://www.twse.com.tw/rwd/zh/afterTrading/STOCK_DAY?date=20251201&stockNo=3443&response=json,2025-12-03
2025-12-04,3443,創意,2155.0,2160.0,2110.0,2125.0,1511154.0,3224152095.0,TWSE STOCK_DAY,https://www.twse.com.tw/rwd/zh/afterTrading/STOCK_DAY?date=20251201&stockNo=3443&response=json,2025-12-04
2025-12-05,3443,創意,2120.0,2230.0,2120.0,2220.0,3314761.0,7274312640.0,TWSE STOCK_DAY,https://www.twse.com.tw/rwd/zh/afterTrading/STOCK_DAY?date=20251201&stockNo=3443&response=json,2025-12-05
2025-12-08,3443,創意,2230.0,2230.0,2140.0,2155.0,2485540.0,5409323255.0,TWSE STOCK_DAY,https://www.twse.com.tw/rwd/zh/afterTrading/STOCK_DAY?date=20251201&stockNo=3443&response=json,2025-12-08
2025-12-09,3443,創意,2165.0,2180.0,2100.0,2115.0,2550624.0,5432318570.0,TWSE STOCK_DAY,https://www.twse.com.tw/rwd/zh/afterTrading/STOCK_DAY?date=20251201&stockNo=3443&response=json,2025-12-09
2025-12-10,3443,創意,2130.0,2185.0,2095.0,2160.0,2322115.0,4969365340.0,TWSE STOCK_DAY,https://www.twse.com.tw/rwd/zh/afterTrading/STOCK_DAY?date=20251201&stockNo=3443&response=json,2025-12-10
2025-12-11,3443,創意,2180.0,2290.0,2180.0,2185.0,3849831.0,8563324765.0,TWSE STOCK_DAY,https://www.twse.com.tw/rwd/zh/afterTrading/STOCK_DAY?date=20251201&stockNo=3443&response=json,2025-12-11
2025-12-12,3443,創意,2210.0,2330.0,2190.0,2275.0,3942560.0,8925187090.0,TWSE STOCK_DAY,https://www.twse.com.tw/rwd/zh/afterTrading/STOCK_DAY?date=20251201&stockNo=3443&response=json,2025-12-12
2025-12-15,3443,創意,2200.0,2225.0,2175.0,2200.0,2357074.0,5180861455.0,TWSE STOCK_DAY,https://www.twse.com.tw/rwd/zh/afterTrading/STOCK_DAY?date=20251201&stockNo=3443&response=json,2025-12-15
2025-12-16,3443,創意,2170.0,2195.0,1985.0,2020.0,5442682.0,11209065085.0,TWSE STOCK_DAY,https://www.twse.com.tw/rwd/zh/afterTrading/STOCK_DAY?date=20251201&stockNo=3443&response=json,2025-12-16
2025-12-17,3443,創意,2040.0,2055.0,1995.0,2010.0,2697456.0,5452732380.0,TWSE STOCK_DAY,https://www.twse.com.tw/rwd/zh/afterTrading/STOCK_DAY?date=20251201&stockNo=3443&response=json,2025-12-17
2025-12-18,3443,創意,2000.0,2030.0,1970.0,2020.0,1884501.0,3772832345.0,TWSE STOCK_DAY,https://www.twse.com.tw/rwd/zh/afterTrading/STOCK_DAY?date=20251201&stockNo=3443&response=json,2025-12-18
2025-12-19,3443,創意,2080.0,2105.0,2020.0,2045.0,3318020.0,6813945010.0,TWSE STOCK_DAY,https://www.twse.com.tw/rwd/zh/afterTrading/STOCK_DAY?date=20251201&stockNo=3443&response=json,2025-12-19
2025-12-22,3443,創意,2115.0,2125.0,2010.0,2010.0,2304917.0,4704990435.0,TWSE STOCK_DAY,https://www.twse.com.tw/rwd/zh/afterTrading/STOCK_DAY?date=20251201&stockNo=3443&response=json,2025-12-22
2025-12-23,3443,創意,2020.0,2035.0,2000.0,2025.0,1130497.0,2279992060.0,TWSE STOCK_DAY,https://www.twse.com.tw/rwd/zh/afterTrading/STOCK_DAY?date=20251201&stockNo=3443&response=json,2025-12-23
2025-12-24,3443,創意,2035.0,2055.0,2010.0,2025.0,896892.0,1822557425.0,TWSE STOCK_DAY,https://www.twse.com.tw/rwd/zh/afterTrading/STOCK_DAY?date=20251201&stockNo=3443&response=json,2025-12-24
2025-12-26,3443,創意,2140.0,2160.0,2085.0,2115.0,3230782.0,6866083975.0,TWSE STOCK_DAY,https://www.twse.com.tw/rwd/zh/afterTrading/STOCK_DAY?date=20251201&stockNo=3443&response=json,2025-12-26
2025-12-29,3443,創意,2110.0,2115.0,2045.0,2055.0,1793400.0,3704972970.0,TWSE STOCK_DAY,https://www.twse.com.tw/rwd/zh/afterTrading/STOCK_DAY?date=20251201&stockNo=3443&response=json,2025-12-29
2025-12-30,3443,創意,2055.0,2080.0,2050.0,2050.0,1139113.0,2351710735.0,TWSE STOCK_DAY,https://www.twse.com.tw/rwd/zh/afterTrading/STOCK_DAY?date=20251201&stockNo=3443&response=json,2025-12-30
2025-12-31,3443,創意,2070.0,2160.0,2070.0,2125.0,3186903.0,6760336015.0,TWSE STOCK_DAY,https://www.twse.com.tw/rwd/zh/afterTrading/STOCK_DAY?date=20251201&stockNo=3443&response=json,2025-12-31
2026-01-02,3443,創意,2180.0,2240.0,2150.0,2185.0,3753466.0,8262839395.0,TWSE STOCK_DAY,https://www.twse.com.tw/rwd/zh/afterTrading/STOCK_DAY?date=20260101&stockNo=3443&response=json,2026-01-02
2026-01-05,3443,創意,2290.0,2330.0,2255.0,2320.0,4174263.0,9617071760.0,TWSE STOCK_DAY,https://www.twse.com.tw/rwd/zh/afterTrading/STOCK_DAY?date=20260101&stockNo=3443&response=json,2026-01-05
2026-01-06,3443,創意,2350.0,2525.0,2340.0,2485.0,5022467.0,12398847630.0,TWSE STOCK_DAY,https://www.twse.com.tw/rwd/zh/afterTrading/STOCK_DAY?date=20260101&stockNo=3443&response=json,2026-01-06
2026-01-07,3443,創意,2490.0,2515.0,2435.0,2490.0,3407411.0,8437316230.0,TWSE STOCK_DAY,https://www.twse.com.tw/rwd/zh/afterTrading/STOCK_DAY?date=20260101&stockNo=3443&response=json,2026-01-07
2026-01-08,3443,創意,2475.0,2495.0,2410.0,2450.0,1848319.0,4528331090.0,TWSE STOCK_DAY,https://www.twse.com.tw/rwd/zh/afterTrading/STOCK_DAY?date=20260101&stockNo=3443&response=json,2026-01-08
2026-01-09,3443,創意,2420.0,2420.0,2315.0,2365.0,2612546.0,6159619135.0,TWSE STOCK_DAY,https://www.twse.com.tw/rwd/zh/afterTrading/STOCK_DAY?date=20260101&stockNo=3443&response=json,2026-01-09
2026-01-12,3443,創意,2375.0,2475.0,2335.0,2435.0,2536550.0,6108892615.0,TWSE STOCK_DAY,https://www.twse.com.tw/rwd/zh/afterTrading/STOCK_DAY?date=20260101&stockNo=3443&response=json,2026-01-12
2026-01-13,3443,創意,2475.0,2475.0,2355.0,2420.0,2448233.0,5907897045.0,TWSE STOCK_DAY,https://www.twse.com.tw/rwd/zh/afterTrading/STOCK_DAY?date=20260101&stockNo=3443&response=json,2026-01-13
2026-01-14,3443,創意,2475.0,2550.0,2415.0,2420.0,3497518.0,8646709170.0,TWSE STOCK_DAY,https://www.twse.com.tw/rwd/zh/afterTrading/STOCK_DAY?date=20260101&stockNo=3443&response=json,2026-01-14
2026-01-15,3443,創意,2435.0,2525.0,2435.0,2505.0,3233264.0,8070654010.0,TWSE STOCK_DAY,https://www.twse.com.tw/rwd/zh/afterTrading/STOCK_DAY?date=20260101&stockNo=3443&response=json,2026-01-15
2026-01-16,3443,創意,2610.0,2675.0,2475.0,2510.0,3611838.0,9243071290.0,TWSE STOCK_DAY,https://www.twse.com.tw/rwd/zh/afterTrading/STOCK_DAY?date=20260101&stockNo=3443&response=json,2026-01-16
2026-01-19,3443,創意,2525.0,2735.0,2465.0,2695.0,3721814.0,9774686795.0,TWSE STOCK_DAY,https://www.twse.com.tw/rwd/zh/afterTrading/STOCK_DAY?date=20260101&stockNo=3443&response=json,2026-01-19
2026-01-20,3443,創意,2645.0,2730.0,2620.0,2700.0,2034495.0,5467043495.0,TWSE STOCK_DAY,https://www.twse.com.tw/rwd/zh/afterTrading/STOCK_DAY?date=20260101&stockNo=3443&response=json,2026-01-20
2026-01-21,3443,創意,2660.0,2735.0,2610.0,2625.0,2650094.0,7035719905.0,TWSE STOCK_DAY,https://www.twse.com.tw/rwd/zh/afterTrading/STOCK_DAY?date=20260101&stockNo=3443&response=json,2026-01-21
2026-01-22,3443,創意,2710.0,2755.0,2525.0,2575.0,3352013.0,8826080615.0,TWSE STOCK_DAY,https://www.twse.com.tw/rwd/zh/afterTrading/STOCK_DAY?date=20260101&stockNo=3443&response=json,2026-01-22
2026-01-23,3443,創意,2700.0,2790.0,2675.0,2725.0,4049019.0,11050505045.0,TWSE STOCK_DAY,https://www.twse.com.tw/rwd/zh/afterTrading/STOCK_DAY?date=20260101&stockNo=3443&response=json,2026-01-23
2026-01-26,3443,創意,2700.0,2720.0,2600.0,2620.0,3266890.0,8662829690.0,TWSE STOCK_DAY,https://www.twse.com.tw/rwd/zh/afterTrading/STOCK_DAY?date=20260101&stockNo=3443&response=json,2026-01-26
2026-01-27,3443,創意,2630.0,2660.0,2555.0,2585.0,3887592.0,10100678275.0,TWSE STOCK_DAY,https://www.twse.com.tw/rwd/zh/afterTrading/STOCK_DAY?date=20260101&stockNo=3443&response=json,2026-01-27
2026-01-28,3443,創意,2625.0,2630.0,2530.0,2580.0,2889427.0,7437793115.0,TWSE STOCK_DAY,https://www.twse.com.tw/rwd/zh/afterTrading/STOCK_DAY?date=20260101&stockNo=3443&response=json,2026-01-28
2026-01-29,3443,創意,2600.0,2720.0,2545.0,2695.0,4125518.0,10959163460.0,TWSE STOCK_DAY,https://www.twse.com.tw/rwd/zh/afterTrading/STOCK_DAY?date=20260101&stockNo=3443&response=json,2026-01-29
2026-01-30,3443,創意,2635.0,2670.0,2540.0,2620.0,4579235.0,11941535200.0,TWSE STOCK_DAY,https://www.twse.com.tw/rwd/zh/afterTrading/STOCK_DAY?date=20260101&stockNo=3443&response=json,2026-01-30
2026-02-02,3443,創意,2580.0,2745.0,2570.0,2685.0,5214225.0,13921374850.0,TWSE STOCK_DAY,https://www.twse.com.tw/rwd/zh/afterTrading/STOCK_DAY?date=20260201&stockNo=3443&response=json,2026-02-02
2026-02-03,3443,創意,2780.0,2830.0,2650.0,2705.0,4526322.0,12324472805.0,TWSE STOCK_DAY,https://www.twse.com.tw/rwd/zh/afterTrading/STOCK_DAY?date=20260201&stockNo=3443&response=json,2026-02-03
2026-02-04,3443,創意,2690.0,2705.0,2525.0,2530.0,4714930.0,12141710775.0,TWSE STOCK_DAY,https://www.twse.com.tw/rwd/zh/afterTrading/STOCK_DAY?date=20260201&stockNo=3443&response=json,2026-02-04
2026-02-05,3443,創意,2495.0,2520.0,2340.0,2340.0,3982343.0,9613782900.0,TWSE STOCK_DAY,https://www.twse.com.tw/rwd/zh/afterTrading/STOCK_DAY?date=20260201&stockNo=3443&response=json,2026-02-05
2026-02-06,3443,創意,2360.0,2410.0,2255.0,2375.0,3732221.0,8757473040.0,TWSE STOCK_DAY,https://www.twse.com.tw/rwd/zh/afterTrading/STOCK_DAY?date=20260201&stockNo=3443&response=json,2026-02-06
2026-02-09,3443,創意,2480.0,2505.0,2430.0,2445.0,2500866.0,6173939067.0,TWSE STOCK_DAY,https://www.twse.com.tw/rwd/zh/afterTrading/STOCK_DAY?date=20260201&stockNo=3443&response=json,2026-02-09
2026-02-10,3443,創意,2480.0,2515.0,2425.0,2505.0,2034739.0,5053373380.0,TWSE STOCK_DAY,https://www.twse.com.tw/rwd/zh/afterTrading/STOCK_DAY?date=20260201&stockNo=3443&response=json,2026-02-10
2026-02-11,3443,創意,2510.0,2510.0,2450.0,2475.0,1316450.0,3266527055.0,TWSE STOCK_DAY,https://www.twse.com.tw/rwd/zh/afterTrading/STOCK_DAY?date=20260201&stockNo=3443&response=json,2026-02-11
2026-02-23,3443,創意,2510.0,2515.0,2335.0,2370.0,3458154.0,8250945915.0,TWSE STOCK_DAY,https://www.twse.com.tw/rwd/zh/afterTrading/STOCK_DAY?date=20260201&stockNo=3443&response=json,2026-02-23
2026-02-24,3443,創意,2385.0,2515.0,2360.0,2500.0,2407115.0,5916265275.0,TWSE STOCK_DAY,https://www.twse.com.tw/rwd/zh/afterTrading/STOCK_DAY?date=20260201&stockNo=3443&response=json,2026-02-24
2026-02-25,3443,創意,2510.0,2590.0,2440.0,2575.0,2368371.0,6020642370.0,TWSE STOCK_DAY,https://www.twse.com.tw/rwd/zh/afterTrading/STOCK_DAY?date=20260201&stockNo=3443&response=json,2026-02-25
2026-02-26,3443,創意,2610.0,2800.0,2595.0,2770.0,5018399.0,13627684925.0,TWSE STOCK_DAY,https://www.twse.com.tw/rwd/zh/afterTrading/STOCK_DAY?date=20260201&stockNo=3443&response=json,2026-02-26
2026-03-02,3443,創意,2700.0,2735.0,2625.0,2645.0,2795594.0,7464658180.0,TWSE STOCK_DAY,https://www.twse.com.tw/rwd/zh/afterTrading/STOCK_DAY?date=20260301&stockNo=3443&response=json,2026-03-02
2026-03-03,3443,創意,2665.0,2680.0,2485.0,2490.0,2818378.0,7229352975.0,TWSE STOCK_DAY,https://www.twse.com.tw/rwd/zh/afterTrading/STOCK_DAY?date=20260301&stockNo=3443&response=json,2026-03-03
2026-03-04,3443,創意,2380.0,2415.0,2270.0,2280.0,3821687.0,8863824930.0,TWSE STOCK_DAY,https://www.twse.com.tw/rwd/zh/afterTrading/STOCK_DAY?date=20260301&stockNo=3443&response=json,2026-03-04
2026-03-05,3443,創意,2405.0,2425.0,2315.0,2355.0,1968833.0,4648894125.0,TWSE STOCK_DAY,https://www.twse.com.tw/rwd/zh/afterTrading/STOCK_DAY?date=20260301&stockNo=3443&response=json,2026-03-05
2026-03-06,3443,創意,2325.0,2435.0,2295.0,2385.0,1985038.0,4707871835.0,TWSE STOCK_DAY,https://www.twse.com.tw/rwd/zh/afterTrading/STOCK_DAY?date=20260301&stockNo=3443&response=json,2026-03-06
2026-03-09,3443,創意,2150.0,2200.0,2150.0,2190.0,1958110.0,4235830770.0,TWSE STOCK_DAY,https://www.twse.com.tw/rwd/zh/afterTrading/STOCK_DAY?date=20260301&stockNo=3443&response=json,2026-03-09
2026-03-10,3443,創意,2255.0,2300.0,2190.0,2245.0,1861573.0,4186492180.0,TWSE STOCK_DAY,https://www.twse.com.tw/rwd/zh/afterTrading/STOCK_DAY?date=20260301&stockNo=3443&response=json,2026-03-10
2026-03-11,3443,創意,2285.0,2385.0,2285.0,2375.0,1729566.0,4051215330.0,TWSE STOCK_DAY,https://www.twse.com.tw/rwd/zh/afterTrading/STOCK_DAY?date=20260301&stockNo=3443&response=json,2026-03-11
2026-03-12,3443,創意,2375.0,2395.0,2270.0,2290.0,2162422.0,5004274415.0,TWSE STOCK_DAY,https://www.twse.com.tw/rwd/zh/afterTrading/STOCK_DAY?date=20260301&stockNo=3443&response=json,2026-03-12
2026-03-13,3443,創意,2255.0,2330.0,2245.0,2285.0,1503131.0,3445391875.0,TWSE STOCK_DAY,https://www.twse.com.tw/rwd/zh/afterTrading/STOCK_DAY?date=20260301&stockNo=3443&response=json,2026-03-13
2026-03-16,3443,創意,2345.0,2345.0,2250.0,2260.0,1389953.0,3168163850.0,TWSE STOCK_DAY,https://www.twse.com.tw/rwd/zh/afterTrading/STOCK_DAY?date=20260301&stockNo=3443&response=json,2026-03-16
2026-03-17,3443,創意,2310.0,2345.0,2290.0,2290.0,1448578.0,3347537845.0,TWSE STOCK_DAY,https://www.twse.com.tw/rwd/zh/afterTrading/STOCK_DAY?date=20260301&stockNo=3443&response=json,2026-03-17
2026-03-18,3443,創意,2350.0,2515.0,2350.0,2515.0,3033839.0,7497388045.0,TWSE STOCK_DAY,https://www.twse.com.tw/rwd/zh/afterTrading/STOCK_DAY?date=20260301&stockNo=3443&response=json,2026-03-18
2026-03-19,3443,創意,2500.0,2660.0,2465.0,2610.0,4749379.0,12323877400.0,TWSE STOCK_DAY,https://www.twse.com.tw/rwd/zh/afterTrading/STOCK_DAY?date=20260301&stockNo=3443&response=json,2026-03-19
2026-03-20,3443,創意,2660.0,2735.0,2635.0,2645.0,3539579.0,9473145845.0,TWSE STOCK_DAY,https://www.twse.com.tw/rwd/zh/afterTrading/STOCK_DAY?date=20260301&stockNo=3443&response=json,2026-03-20
2026-03-23,3443,創意,2515.0,2645.0,2505.0,2590.0,1695758.0,4368456135.0,TWSE STOCK_DAY,https://www.twse.com.tw/rwd/zh/afterTrading/STOCK_DAY?date=20260301&stockNo=3443&response=json,2026-03-23
2026-03-24,3443,創意,2680.0,2695.0,2465.0,2505.0,2113977.0,5425858315.0,TWSE STOCK_DAY,https://www.twse.com.tw/rwd/zh/afterTrading/STOCK_DAY?date=20260301&stockNo=3443&response=json,2026-03-24
2026-03-25,3443,創意,2575.0,2635.0,2475.0,2475.0,2976338.0,7535918695.0,TWSE STOCK_DAY,https://www.twse.com.tw/rwd/zh/afterTrading/STOCK_DAY?date=20260301&stockNo=3443&response=json,2026-03-25
2026-03-26,3443,創意,2490.0,2570.0,2455.0,2540.0,2718187.0,6828018530.0,TWSE STOCK_DAY,https://www.twse.com.tw/rwd/zh/afterTrading/STOCK_DAY?date=20260301&stockNo=3443&response=json,2026-03-26
2026-03-27,3443,創意,2470.0,2510.0,2415.0,2460.0,1460106.0,3599422135.0,TWSE STOCK_DAY,https://www.twse.com.tw/rwd/zh/afterTrading/STOCK_DAY?date=20260301&stockNo=3443&response=json,2026-03-27
2026-03-30,3443,創意,2375.0,2390.0,2250.0,2310.0,2500860.0,5761225045.0,TWSE STOCK_DAY,https://www.twse.com.tw/rwd/zh/afterTrading/STOCK_DAY?date=20260301&stockNo=3443&response=json,2026-03-30
2026-03-31,3443,創意,2260.0,2285.0,2140.0,2165.0,2646583.0,5816875975.0,TWSE STOCK_DAY,https://www.twse.com.tw/rwd/zh/afterTrading/STOCK_DAY?date=20260301&stockNo=3443&response=json,2026-03-31
2026-04-01,3443,創意,2300.0,2380.0,2255.0,2355.0,1949221.0,4543682285.0,TWSE STOCK_DAY,https://www.twse.com.tw/rwd/zh/afterTrading/STOCK_DAY?date=20260401&stockNo=3443&response=json,2026-04-01
2026-04-02,3443,創意,2375.0,2410.0,2315.0,2320.0,1707978.0,4014288855.0,TWSE STOCK_DAY,https://www.twse.com.tw/rwd/zh/afterTrading/STOCK_DAY?date=20260401&stockNo=3443&response=json,2026-04-02
2026-04-07,3443,創意,2400.0,2400.0,2325.0,2365.0,971552.0,2298145850.0,TWSE STOCK_DAY,https://www.twse.com.tw/rwd/zh/afterTrading/STOCK_DAY?date=20260401&stockNo=3443&response=json,2026-04-07
2026-04-08,3443,創意,2500.0,2570.0,2360.0,2510.0,3309931.0,8219744510.0,TWSE STOCK_DAY,https://www.twse.com.tw/rwd/zh/afterTrading/STOCK_DAY?date=20260401&stockNo=3443&response=json,2026-04-08
2026-04-09,3443,創意,2530.0,2685.0,2460.0,2655.0,3451635.0,8976748590.0,TWSE STOCK_DAY,https://www.twse.com.tw/rwd/zh/afterTrading/STOCK_DAY?date=20260401&stockNo=3443&response=json,2026-04-09
2026-04-10,3443,創意,2695.0,2720.0,2645.0,2665.0,2503866.0,6718275845.0,TWSE STOCK_DAY,https://www.twse.com.tw/rwd/zh/afterTrading/STOCK_DAY?date=20260401&stockNo=3443&response=json,2026-04-10
2026-04-13,3443,創意,2620.0,2800.0,2575.0,2775.0,3023352.0,8226640530.0,TWSE STOCK_DAY,https://www.twse.com.tw/rwd/zh/afterTrading/STOCK_DAY?date=20260401&stockNo=3443&response=json,2026-04-13
2026-04-14,3443,創意,2850.0,3050.0,2845.0,3050.0,4080105.0,12257296245.0,TWSE STOCK_DAY,https://www.twse.com.tw/rwd/zh/afterTrading/STOCK_DAY?date=20260401&stockNo=3443&response=json,2026-04-14
2026-04-15,3443,創意,3150.0,3225.0,3070.0,3070.0,3760881.0,11836705105.0,TWSE STOCK_DAY,https://www.twse.com.tw/rwd/zh/afterTrading/STOCK_DAY?date=20260401&stockNo=3443&response=json,2026-04-15
2026-04-16,3443,創意,3165.0,3375.0,3140.0,3345.0,4238415.0,14024991355.0,TWSE STOCK_DAY,https://www.twse.com.tw/rwd/zh/afterTrading/STOCK_DAY?date=20260401&stockNo=3443&response=json,2026-04-16
2026-04-17,3443,創意,3340.0,3380.0,3250.0,3255.0,1284330.0,4248692105.0,TWSE STOCK_DAY,https://www.twse.com.tw/rwd/zh/afterTrading/STOCK_DAY?date=20260401&stockNo=3443&response=json,2026-04-17
2026-04-20,3443,創意,3495.0,3580.0,3450.0,3580.0,1159632.0,4099387950.0,TWSE STOCK_DAY,https://www.twse.com.tw/rwd/zh/afterTrading/STOCK_DAY?date=20260401&stockNo=3443&response=json,2026-04-20
2026-04-21,3443,創意,3605.0,3830.0,3605.0,3735.0,1074702.0,3979265575.0,TWSE STOCK_DAY,https://www.twse.com.tw/rwd/zh/afterTrading/STOCK_DAY?date=20260401&stockNo=3443&response=json,2026-04-21
2026-04-22,3443,創意,3755.0,3755.0,3660.0,3675.0,927944.0,3435289465.0,TWSE STOCK_DAY,https://www.twse.com.tw/rwd/zh/afterTrading/STOCK_DAY?date=20260401&stockNo=3443&response=json,2026-04-22
2026-04-23,3443,創意,4035.0,4040.0,3710.0,3910.0,1774532.0,6965457075.0,TWSE STOCK_DAY,https://www.twse.com.tw/rwd/zh/afterTrading/STOCK_DAY?date=20260401&stockNo=3443&response=json,2026-04-23
2026-04-24,3443,創意,4200.0,4300.0,3975.0,4035.0,1807025.0,7608248030.0,TWSE STOCK_DAY,https://www.twse.com.tw/rwd/zh/afterTrading/STOCK_DAY?date=20260401&stockNo=3443&response=json,2026-04-24
2026-04-27,3443,創意,4120.0,4120.0,3705.0,3955.0,1745516.0,6770611835.0,TWSE STOCK_DAY,https://www.twse.com.tw/rwd/zh/afterTrading/STOCK_DAY?date=20260401&stockNo=3443&response=json,2026-04-27
2026-04-28,3443,創意,4015.0,4245.0,4015.0,4190.0,701701.0,2924784510.0,TWSE STOCK_DAY,https://www.twse.com.tw/rwd/zh/afterTrading/STOCK_DAY?date=20260401&stockNo=3443&response=json,2026-04-28
2026-04-29,3443,創意,4140.0,4140.0,3960.0,4120.0,626209.0,2542528260.0,TWSE STOCK_DAY,https://www.twse.com.tw/rwd/zh/afterTrading/STOCK_DAY?date=20260401&stockNo=3443&response=json,2026-04-29
2026-04-30,3443,創意,4180.0,4350.0,4070.0,4260.0,1038809.0,4367335290.0,TWSE STOCK_DAY,https://www.twse.com.tw/rwd/zh/afterTrading/STOCK_DAY?date=20260401&stockNo=3443&response=json,2026-04-30
2026-05-04,3443,創意,4580.0,4685.0,4475.0,4685.0,1595186.0,7350880115.0,TWSE STOCK_DAY,https://www.twse.com.tw/rwd/zh/afterTrading/STOCK_DAY?date=20260501&stockNo=3443&response=json,2026-05-04
2026-05-05,3443,創意,4700.0,4930.0,4570.0,4835.0,4179087.0,19858493265.0,TWSE STOCK_DAY,https://www.twse.com.tw/rwd/zh/afterTrading/STOCK_DAY?date=20260501&stockNo=3443&response=json,2026-05-05
2026-05-06,3443,創意,4925.0,4965.0,4520.0,4955.0,4890790.0,23255837870.0,TWSE STOCK_DAY,https://www.twse.com.tw/rwd/zh/afterTrading/STOCK_DAY?date=20260501&stockNo=3443&response=json,2026-05-06
2026-05-07,3443,創意,4955.0,5450.0,4945.0,5450.0,2180365.0,11514942405.0,TWSE STOCK_DAY,https://www.twse.com.tw/rwd/zh/afterTrading/STOCK_DAY?date=20260501&stockNo=3443&response=json,2026-05-07
2026-05-08,3443,創意,5465.0,5555.0,5210.0,5210.0,2898906.0,15622703065.0,TWSE STOCK_DAY,https://www.twse.com.tw/rwd/zh/afterTrading/STOCK_DAY?date=20260501&stockNo=3443&response=json,2026-05-08
2026-05-11,3443,創意,5300.0,5730.0,5245.0,5730.0,2419167.0,13526016300.0,TWSE STOCK_DAY,https://www.twse.com.tw/rwd/zh/afterTrading/STOCK_DAY?date=20260501&stockNo=3443&response=json,2026-05-11
2026-05-12,3443,創意,5950.0,5950.0,5510.0,5570.0,2615297.0,14799220160.0,TWSE STOCK_DAY,https://www.twse.com.tw/rwd/zh/afterTrading/STOCK_DAY?date=20260501&stockNo=3443&response=json,2026-05-12
2026-05-13,3443,創意,5405.0,5455.0,5050.0,5330.0,2747701.0,14423575070.0,TWSE STOCK_DAY,https://www.twse.com.tw/rwd/zh/afterTrading/STOCK_DAY?date=20260501&stockNo=3443&response=json,2026-05-13
2026-05-14,3443,創意,5505.0,5515.0,5055.0,5075.0,2742620.0,14185978030.0,TWSE STOCK_DAY,https://www.twse.com.tw/rwd/zh/afterTrading/STOCK_DAY?date=20260501&stockNo=3443&response=json,2026-05-14
2026-05-15,3443,創意,5140.0,5205.0,4765.0,4845.0,3680869.0,18106828750.0,TWSE STOCK_DAY,https://www.twse.com.tw/rwd/zh/afterTrading/STOCK_DAY?date=20260501&stockNo=3443&response=json,2026-05-15
2026-05-18,3443,創意,4625.0,4760.0,4560.0,4740.0,2458298.0,11397678185.0,TWSE STOCK_DAY,https://www.twse.com.tw/rwd/zh/afterTrading/STOCK_DAY?date=20260501&stockNo=3443&response=json,2026-05-18
2026-05-19,3443,創意,4710.0,4710.0,4370.0,4465.0,2565536.0,11489818600.0,TWSE STOCK_DAY,https://www.twse.com.tw/rwd/zh/afterTrading/STOCK_DAY?date=20260501&stockNo=3443&response=json,2026-05-19
2026-05-20,3443,創意,4505.0,4830.0,4420.0,4605.0,3290150.0,15247799385.0,TWSE STOCK_DAY,https://www.twse.com.tw/rwd/zh/afterTrading/STOCK_DAY?date=20260501&stockNo=3443&response=json,2026-05-20
2026-05-21,3443,創意,4820.0,5065.0,4770.0,5065.0,2896956.0,14312484670.0,TWSE STOCK_DAY,https://www.twse.com.tw/rwd/zh/afterTrading/STOCK_DAY?date=20260501&stockNo=3443&response=json,2026-05-21
2026-05-22,3443,創意,5105.0,5195.0,4955.0,5140.0,2682444.0,13623470060.0,TWSE STOCK_DAY,https://www.twse.com.tw/rwd/zh/afterTrading/STOCK_DAY?date=20260501&stockNo=3443&response=json,2026-05-22
2026-05-25,3443,創意,5320.0,5560.0,5155.0,5310.0,2519157.0,13560912060.0,TWSE STOCK_DAY,https://www.twse.com.tw/rwd/zh/afterTrading/STOCK_DAY?date=20260501&stockNo=3443&response=json,2026-05-25
2026-05-26,3443,創意,5510.0,5510.0,4910.0,5285.0,2019188.0,10566956125.0,TWSE STOCK_DAY,https://www.twse.com.tw/rwd/zh/afterTrading/STOCK_DAY?date=20260501&stockNo=3443&response=json,2026-05-26
2026-05-27,3443,創意,5350.0,5620.0,5050.0,5100.0,2728891.0,14423055640.0,TWSE STOCK_DAY,https://www.twse.com.tw/rwd/zh/afterTrading/STOCK_DAY?date=20260501&stockNo=3443&response=json,2026-05-27
2026-05-28,3443,創意,5090.0,5320.0,4590.0,4590.0,4074783.0,19746703530.0,TWSE STOCK_DAY,https://www.twse.com.tw/rwd/zh/afterTrading/STOCK_DAY?date=20260501&stockNo=3443&response=json,2026-05-28
2026-05-29,3443,創意,4440.0,4835.0,4155.0,4670.0,7153455.0,32009611980.0,TWSE STOCK_DAY,https://www.twse.com.tw/rwd/zh/afterTrading/STOCK_DAY?date=20260501&stockNo=3443&response=json,2026-05-29
2026-06-01,3443,創意,4655.0,4790.0,4540.0,4655.0,3322337.0,15461832075.0,TWSE STOCK_DAY,https://www.twse.com.tw/rwd/zh/afterTrading/STOCK_DAY?date=20260601&stockNo=3443&response=json,2026-06-01
2026-06-02,3443,創意,4745.0,4795.0,4420.0,4535.0,2850767.0,12986244575.0,TWSE STOCK_DAY,https://www.twse.com.tw/rwd/zh/afterTrading/STOCK_DAY?date=20260601&stockNo=3443&response=json,2026-06-02
2026-06-03,3443,創意,4600.0,4725.0,4510.0,4605.0,1608751.0,7408169165.0,TWSE STOCK_DAY,https://www.twse.com.tw/rwd/zh/afterTrading/STOCK_DAY?date=20260601&stockNo=3443&response=json,2026-06-03
2026-06-04,3443,創意,4550.0,4690.0,4400.0,4400.0,1429563.0,6450707460.0,TWSE STOCK_DAY,https://www.twse.com.tw/rwd/zh/afterTrading/STOCK_DAY?date=20260601&stockNo=3443&response=json,2026-06-04
2026-06-05,3443,創意,4335.0,4570.0,4130.0,4410.0,2408529.0,10493419470.0,TWSE STOCK_DAY,https://www.twse.com.tw/rwd/zh/afterTrading/STOCK_DAY?date=20260601&stockNo=3443&response=json,2026-06-05
2026-06-08,3443,創意,4000.0,4315.0,4000.0,4255.0,1876483.0,7743605060.0,TWSE STOCK_DAY,https://www.twse.com.tw/rwd/zh/afterTrading/STOCK_DAY?date=20260601&stockNo=3443&response=json,2026-06-08
2026-06-09,3443,創意,4300.0,4430.0,4240.0,4310.0,1777373.0,7697306390.0,TWSE STOCK_DAY,https://www.twse.com.tw/rwd/zh/afterTrading/STOCK_DAY?date=20260601&stockNo=3443&response=json,2026-06-09
2026-06-10,3443,創意,4220.0,4365.0,4000.0,4025.0,2697470.0,11249485865.0,TWSE STOCK_DAY,https://www.twse.com.tw/rwd/zh/afterTrading/STOCK_DAY?date=20260601&stockNo=3443&response=json,2026-06-10
2026-06-11,3443,創意,4030.0,4250.0,3935.0,4105.0,2049636.0,8370214440.0,TWSE STOCK_DAY,https://www.twse.com.tw/rwd/zh/afterTrading/STOCK_DAY?date=20260601&stockNo=3443&response=json,2026-06-11
2026-06-12,3443,創意,4390.0,4455.0,4220.0,4380.0,2209665.0,9644720985.0,TWSE STOCK_DAY,https://www.twse.com.tw/rwd/zh/afterTrading/STOCK_DAY?date=20260601&stockNo=3443&response=json,2026-06-12
2026-06-15,3443,創意,4720.0,4815.0,4670.0,4815.0,1252068.0,6003937445.0,TWSE STOCK_DAY,https://www.twse.com.tw/rwd/zh/afterTrading/STOCK_DAY?date=20260601&stockNo=3443&response=json,2026-06-15
2026-06-16,3443,創意,5055.0,5055.0,4845.0,4920.0,3257983.0,16132499030.0,TWSE STOCK_DAY,https://www.twse.com.tw/rwd/zh/afterTrading/STOCK_DAY?date=20260601&stockNo=3443&response=json,2026-06-16
2026-06-17,3443,創意,4900.0,5135.0,4830.0,5075.0,3268312.0,16378580540.0,TWSE STOCK_DAY,https://www.twse.com.tw/rwd/zh/afterTrading/STOCK_DAY?date=20260601&stockNo=3443&response=json,2026-06-17
2026-06-18,3443,創意,5160.0,5160.0,4860.0,4860.0,4719521.0,23249958325.0,TWSE STOCK_DAY,https://www.twse.com.tw/rwd/zh/afterTrading/STOCK_DAY?date=20260601&stockNo=3443&response=json,2026-06-18
2026-06-22,3443,創意,5000.0,5050.0,4715.0,4755.0,2992095.0,14596627360.0,TWSE STOCK_DAY,https://www.twse.com.tw/rwd/zh/afterTrading/STOCK_DAY?date=20260601&stockNo=3443&response=json,2026-06-22
2026-06-23,3443,創意,4855.0,4980.0,4650.0,4725.0,1910835.0,9130024625.0,TWSE STOCK_DAY,https://www.twse.com.tw/rwd/zh/afterTrading/STOCK_DAY?date=20260601&stockNo=3443&response=json,2026-06-23
2026-06-24,3443,創意,4725.0,4880.0,4615.0,4880.0,1747105.0,8295987820.0,TWSE STOCK_DAY,https://www.twse.com.tw/rwd/zh/afterTrading/STOCK_DAY?date=20260601&stockNo=3443&response=json,2026-06-24
2026-06-25,3443,創意,5255.0,5330.0,4735.0,4850.0,3234838.0,16239033045.0,TWSE STOCK_DAY,https://www.twse.com.tw/rwd/zh/afterTrading/STOCK_DAY?date=20260601&stockNo=3443&response=json,2026-06-25
2026-06-26,3443,創意,4790.0,4875.0,4410.0,4420.0,2291763.0,10553956900.0,TWSE STOCK_DAY,https://www.twse.com.tw/rwd/zh/afterTrading/STOCK_DAY?date=20260601&stockNo=3443&response=json,2026-06-26
2026-06-29,3443,創意,4425.0,4520.0,4355.0,4420.0,947448.0,4191250805.0,TWSE STOCK_DAY,https://www.twse.com.tw/rwd/zh/afterTrading/STOCK_DAY?date=20260601&stockNo=3443&response=json,2026-06-29
2026-06-30,3443,創意,4555.0,4860.0,4445.0,4845.0,2006814.0,9506629420.0,TWSE STOCK_DAY,https://www.twse.com.tw/rwd/zh/afterTrading/STOCK_DAY?date=20260601&stockNo=3443&response=json,2026-06-30
2026-07-01,3443,創意,4865.0,5130.0,4845.0,5045.0,2288154.0,11464470595.0,TWSE STOCK_DAY,https://www.twse.com.tw/rwd/zh/afterTrading/STOCK_DAY?date=20260701&stockNo=3443&response=json,2026-07-01
2026-07-02,3443,創意,4900.0,5345.0,4845.0,5330.0,3217683.0,16661121045.0,TWSE STOCK_DAY,https://www.twse.com.tw/rwd/zh/afterTrading/STOCK_DAY?date=20260701&stockNo=3443&response=json,2026-07-02
2026-07-03,3443,創意,5225.0,5310.0,5015.0,5040.0,1908960.0,9750195520.0,TWSE STOCK_DAY,https://www.twse.com.tw/rwd/zh/afterTrading/STOCK_DAY?date=20260701&stockNo=3443&response=json,2026-07-03
2026-07-06,3443,創意,5105.0,5105.0,4555.0,4605.0,2512560.0,11907340800.0,TWSE STOCK_DAY,https://www.twse.com.tw/rwd/zh/afterTrading/STOCK_DAY?date=20260701&stockNo=3443&response=json,2026-07-06
2026-07-07,3443,創意,4770.0,4830.0,4425.0,4480.0,2274231.0,10479238655.0,TWSE STOCK_DAY,https://www.twse.com.tw/rwd/zh/afterTrading/STOCK_DAY?date=20260701&stockNo=3443&response=json,2026-07-07
2026-07-08,3443,創意,4500.0,4570.0,4330.0,4400.0,1695901.0,7526430470.0,TWSE STOCK_DAY,https://www.twse.com.tw/rwd/zh/afterTrading/STOCK_DAY?date=20260701&stockNo=3443&response=json,2026-07-08
2026-07-09,3443,創意,4380.0,4560.0,4330.0,4340.0,1850306.0,8178592215.0,TWSE STOCK_DAY,https://www.twse.com.tw/rwd/zh/afterTrading/STOCK_DAY?date=20260701&stockNo=3443&response=json,2026-07-09
2026-07-13,3443,創意,4385.0,4415.0,4180.0,4270.0,1703309.0,7298040875.0,TWSE STOCK_DAY,https://www.twse.com.tw/rwd/zh/afterTrading/STOCK_DAY?date=20260701&stockNo=3443&response=json,2026-07-13
2026-07-14,3443,創意,4275.0,4275.0,3845.0,4020.0,2805750.0,11099152930.0,TWSE STOCK_DAY,https://www.twse.com.tw/rwd/zh/afterTrading/STOCK_DAY?date=20260701&stockNo=3443&response=json,2026-07-14
2026-07-15,3443,創意,4135.0,4185.0,3970.0,4120.0,1617992.0,6657075335.0,TWSE STOCK_DAY,https://www.twse.com.tw/rwd/zh/afterTrading/STOCK_DAY?date=20260701&stockNo=3443&response=json,2026-07-15
2026-07-16,3443,創意,4120.0,4240.0,3990.0,4185.0,849361.0,3516031670.0,TWSE STOCK_DAY,https://www.twse.com.tw/rwd/zh/afterTrading/STOCK_DAY?date=20260701&stockNo=3443&response=json,2026-07-16
2026-07-17,3443,創意,3950.0,4050.0,3780.0,3835.0,2361511.0,9221110205.0,TWSE STOCK_DAY,https://www.twse.com.tw/rwd/zh/afterTrading/STOCK_DAY?date=20260701&stockNo=3443&response=json,2026-07-17
2026-07-20,3443,創意,3880.0,3880.0,3535.0,3745.0,1809521.0,6700555410.0,TWSE STOCK_DAY,https://www.twse.com.tw/rwd/zh/afterTrading/STOCK_DAY?date=20260701&stockNo=3443&response=json,2026-07-20
2026-07-21,3443,創意,3830.0,4115.0,3810.0,4115.0,1416745.0,5691820925.0,TWSE STOCK_DAY,https://www.twse.com.tw/rwd/zh/afterTrading/STOCK_DAY?date=20260701&stockNo=3443&response=json,2026-07-21
2026-07-22,3443,創意,4305.0,4450.0,4235.0,4370.0,2504634.0,10840111140.0,TWSE STOCK_DAY,https://www.twse.com.tw/rwd/zh/afterTrading/STOCK_DAY?date=20260701&stockNo=3443&response=json,2026-07-22
2026-07-23,3443,創意,4400.0,4420.0,4220.0,4380.0,1318309.0,5704848735.0,TWSE STOCK_DAY,https://www.twse.com.tw/rwd/zh/afterTrading/STOCK_DAY?date=20260701&stockNo=3443&response=json,2026-07-23
2026-07-24,3443,創意,4330.0,4475.0,4060.0,4070.0,1934100.0,8144366725.0,TWSE STOCK_DAY,https://www.twse.com.tw/rwd/zh/afterTrading/STOCK_DAY?date=20260701&stockNo=3443&response=json,2026-07-24
2026-07-27,3443,創意,4080.0,4080.0,3855.0,4050.0,1820157.0,7226596245.0,TWSE STOCK_DAY,https://www.twse.com.tw/rwd/zh/afterTrading/STOCK_DAY?date=20260701&stockNo=3443&response=json,2026-07-27
2026-07-28,3443,創意,3795.0,3855.0,3645.0,3660.0,2329437.0,8692975085.0,TWSE STOCK_DAY,https://www.twse.com.tw/rwd/zh/afterTrading/STOCK_DAY?date=20260701&stockNo=3443&response=json,2026-07-28
2026-07-29,3443,創意,3605.0,3685.0,3295.0,3295.0,2438225.0,8341289725.0,TWSE STOCK_DAY,https://www.twse.com.tw/rwd/zh/afterTrading/STOCK_DAY?date=20260701&stockNo=3443&response=json,2026-07-29
2026-07-30,3443,創意,3175.0,3620.0,3175.0,3460.0,3078508.0,10711506305.0,TWSE STOCK_DAY,https://www.twse.com.tw/rwd/zh/afterTrading/STOCK_DAY?date=20260701&stockNo=3443&response=json,2026-07-30
2026-07-31,3443,創意,3805.0,3805.0,3805.0,3805.0,750048.0,2853932640.0,TWSE STOCK_DAY,https://www.twse.com.tw/rwd/zh/afterTrading/STOCK_DAY?date=20260701&stockNo=3443&response=json,2026-07-31
2026-08-03,3443,創意,4150.0,4185.0,4030.0,4185.0,1306441.0,5437655585.0,TWSE STOCK_DAY,https://www.twse.com.tw/rwd/zh/afterTrading/STOCK_DAY?date=20260801&stockNo=3443&response=json,2026-08-03
2026-08-04,3443,創意,4200.0,4335.0,4085.0,4145.0,3005664.0,12655876735.0,TWSE STOCK_DAY,https://www.twse.com.tw/rwd/zh/afterTrading/STOCK_DAY?date=20260801&stockNo=3443&response=json,2026-08-04
2026-08-05,3443,創意,4355.0,4515.0,4285.0,4390.0,2175518.0,9603737715.0,TWSE STOCK_DAY,https://www.twse.com.tw/rwd/zh/afterTrading/STOCK_DAY?date=20260801&stockNo=3443&response=json,2026-08-05
2026-08-06,3443,創意,4395.0,4550.0,4250.0,4480.0,1855688.0,8240657435.0,TWSE STOCK_DAY,https://www.twse.com.tw/rwd/zh/afterTrading/STOCK_DAY?date=20260801&stockNo=3443&response=json,2026-08-06
2026-08-07,3443,創意,4505.0,4665.0,4415.0,4545.0,1913717.0,8715655140.0,TWSE STOCK_DAY,https://www.twse.com.tw/rwd/zh/afterTrading/STOCK_DAY?date=20260801&stockNo=3443&response=json,2026-08-07
2026-08-10,3443,創意,4640.0,4815.0,4510.0,4530.0,2048185.0,9507228235.0,TWSE STOCK_DAY,https://www.twse.com.tw/rwd/zh/afterTrading/STOCK_DAY?date=20260801&stockNo=3443&response=json,2026-08-10
2026-08-11,3443,創意,4630.0,4980.0,4615.0,4955.0,3469647.0,16802639225.0,TWSE STOCK_DAY,https://www.twse.com.tw/rwd/zh/afterTrading/STOCK_DAY?date=20260801&stockNo=3443&response=json,2026-08-11
2026-08-12,3443,創意,5025.0,5180.0,4945.0,5130.0,2712101.0,13761993470.0,TWSE STOCK_DAY,https://www.twse.com.tw/rwd/zh/afterTrading/STOCK_DAY?date=20260801&stockNo=3443&response=json,2026-08-12
2026-08-13,3443,創意,5260.0,5580.0,5230.0,5540.0,2994558.0,16257215455.0,TWSE STOCK_DAY,https://www.twse.com.tw/rwd/zh/afterTrading/STOCK_DAY?date=20260801&stockNo=3443&response=json,2026-08-13
2026-08-14,3443,創意,5640.0,5830.0,5420.0,5465.0,2676032.0,15029846210.0,TWSE STOCK_DAY,https://www.twse.com.tw/rwd/zh/afterTrading/STOCK_DAY?date=20260801&stockNo=3443&response=json,2026-08-14
2026-08-17,3443,創意,5475.0,5990.0,5360.0,5850.0,3216422.0,18513234390.0,TWSE STOCK_DAY,https://www.twse.com.tw/rwd/zh/afterTrading/STOCK_DAY?date=20260801&stockNo=3443&response=json,2026-08-17
2026-08-18,3443,創意,5845.0,5885.0,5520.0,5535.0,2450968.0,13928284670.0,TWSE STOCK_DAY,https://www.twse.com.tw/rwd/zh/afterTrading/STOCK_DAY?date=20260801&stockNo=3443&response=json,2026-08-18
2026-08-19,3443,創意,5350.0,5530.0,5230.0,5295.0,2510975.0,13479515735.0,TWSE STOCK_DAY,https://www.twse.com.tw/rwd/zh/afterTrading/STOCK_DAY?date=20260801&stockNo=3443&response=json,2026-08-19
2026-08-20,3443,創意,5345.0,5660.0,5300.0,5630.0,2626990.0,14379203410.0,TWSE STOCK_DAY,https://www.twse.com.tw/rwd/zh/afterTrading/STOCK_DAY?date=20260801&stockNo=3443&response=json,2026-08-20
2026-08-21,3443,創意,5620.0,5830.0,5425.0,5600.0,3184974.0,17998366205.0,TWSE STOCK_DAY,https://www.twse.com.tw/rwd/zh/afterTrading/STOCK_DAY?date=20260801&stockNo=3443&response=json,2026-08-21
2026-08-24,3443,創意,5635.0,5690.0,5350.0,5365.0,1656444.0,9129025455.0,TWSE STOCK_DAY,https://www.twse.com.tw/rwd/zh/afterTrading/STOCK_DAY?date=20260801&stockNo=3443&response=json,2026-08-24
2026-08-25,3443,創意,5260.0,5570.0,5205.0,5570.0,1644526.0,8820001980.0,TWSE STOCK_DAY,https://www.twse.com.tw/rwd/zh/afterTrading/STOCK_DAY?date=20260801&stockNo=3443&response=json,2026-08-25
2026-08-26,3443,創意,5640.0,6125.0,5570.0,6125.0,2298730.0,13695514970.0,TWSE STOCK_DAY,https://www.twse.com.tw/rwd/zh/afterTrading/STOCK_DAY?date=20260801&stockNo=3443&response=json,2026-08-26
2026-08-27,3443,創意,6345.0,6370.0,5880.0,5920.0,3050886.0,18795609865.0,TWSE STOCK_DAY,https://www.twse.com.tw/rwd/zh/afterTrading/STOCK_DAY?date=20260801&stockNo=3443&response=json,2026-08-27
2026-08-28,3443,創意,5975.0,6245.0,5910.0,6015.0,1881658.0,11433324680.0,TWSE STOCK_DAY,https://www.twse.com.tw/rwd/zh/afterTrading/STOCK_DAY?date=20260801&stockNo=3443&response=json,2026-08-28
2026-08-31,3443,創意,5850.0,6100.0,5680.0,6100.0,2037697.0,11981709730.0,TWSE STOCK_DAY,https://www.twse.com.tw/rwd/zh/afterTrading/STOCK_DAY?date=20260801&stockNo=3443&response=json,2026-08-31
2026-09-01,3443,創意,6490.0,6490.0,5925.0,5995.0,2108698.0,12898210290.0,TWSE STOCK_DAY,https://www.twse.com.tw/rwd/zh/afterTrading/STOCK_DAY?date=20260901&stockNo=3443&response=json,2026-09-01
2026-09-02,3443,創意,5955.0,6080.0,5860.0,5895.0,1159803.0,6893933585.0,TWSE STOCK_DAY,https://www.twse.com.tw/rwd/zh/afterTrading/STOCK_DAY?date=20260901&stockNo=3443&response=json,2026-09-02
2026-09-03,3443,創意,5895.0,6045.0,5725.0,5800.0,1600424.0,9415174865.0,TWSE STOCK_DAY,https://www.twse.com.tw/rwd/zh/afterTrading/STOCK_DAY?date=20260901&stockNo=3443&response=json,2026-09-03
2026-09-04,3443,創意,5945.0,6000.0,5680.0,5810.0,1581762.0,9187836880.0,TWSE STOCK_DAY,https://www.twse.com.tw/rwd/zh/afterTrading/STOCK_DAY?date=20260901&stockNo=3443&response=json,2026-09-04
2026-09-07,3443,創意,6000.0,6030.0,5705.0,5935.0,2131993.0,12609985290.0,TWSE STOCK_DAY,https://www.twse.com.tw/rwd/zh/afterTrading/STOCK_DAY?date=20260901&stockNo=3443&response=json,2026-09-07
2026-09-08,3443,創意,5940.0,6100.0,5730.0,5960.0,1602965.0,9512725720.0,TWSE STOCK_DAY,https://www.twse.com.tw/rwd/zh/afterTrading/STOCK_DAY?date=20260901&stockNo=3443&response=json,2026-09-08
2026-09-09,3443,創意,5955.0,6075.0,5875.0,5925.0,993983.0,5932169410.0,TWSE STOCK_DAY,https://www.twse.com.tw/rwd/zh/afterTrading/STOCK_DAY?date=20260901&stockNo=3443&response=json,2026-09-09
2026-09-10,3443,創意,5895.0,6275.0,5850.0,6225.0,1829250.0,11207290355.0,TWSE STOCK_DAY,https://www.twse.com.tw/rwd/zh/afterTrading/STOCK_DAY?date=20260901&stockNo=3443&response=json,2026-09-10
2026-09-11,3443,創意,6200.0,6200.0,5970.0,6120.0,1484010.0,9041726600.0,TWSE STOCK_DAY,https://www.twse.com.tw/rwd/zh/afterTrading/STOCK_DAY?date=20260901&stockNo=3443&response=json,2026-09-11
2026-09-14,3443,創意,5995.0,6575.0,5850.0,6400.0,2640389.0,16667635500.0,TWSE STOCK_DAY,https://www.twse.com.tw/rwd/zh/afterTrading/STOCK_DAY?date=20260901&stockNo=3443&response=json,2026-09-14
2026-09-15,3443,創意,6400.0,6455.0,6035.0,6035.0,2199061.0,13618376645.0,TWSE STOCK_DAY,https://www.twse.com.tw/rwd/zh/afterTrading/STOCK_DAY?date=20260901&stockNo=3443&response=json,2026-09-15
2026-09-16,3443,創意,6070.0,6295.0,6050.0,6170.0,1261412.0,7788259740.0,TWSE STOCK_DAY,https://www.twse.com.tw/rwd/zh/afterTrading/STOCK_DAY?date=20260901&stockNo=3443&response=json,2026-09-16
2026-09-17,3443,創意,6315.0,6610.0,6205.0,6500.0,2334082.0,15104569705.0,TWSE STOCK_DAY,https://www.twse.com.tw/rwd/zh/afterTrading/STOCK_DAY?date=20260901&stockNo=3443&response=json,2026-09-17
2026-09-18,3443,創意,6600.0,7150.0,6510.0,7150.0,2735598.0,19043564150.0,TWSE STOCK_DAY,https://www.twse.com.tw/rwd/zh/afterTrading/STOCK_DAY?date=20260901&stockNo=3443&response=json,2026-09-18
2026-09-21,3443,創意,7395.0,7755.0,7030.0,7615.0,3187762.0,23526975000.0,TWSE STOCK_DAY,https://www.twse.com.tw/rwd/zh/afterTrading/STOCK_DAY?date=20260901&stockNo=3443&response=json,2026-09-21
2026-09-22,3443,創意,8370.0,8375.0,8370.0,8375.0,711474.0,5957804750.0,TWSE STOCK_DAY,https://www.twse.com.tw/rwd/zh/afterTrading/STOCK_DAY?date=20260901&stockNo=3443&response=json,2026-09-22
2026-09-23,3443,創意,8325.0,8540.0,8200.0,8385.0,2107816.0,17663909663.0,TWSE STOCK_DAY,https://www.twse.com.tw/rwd/zh/afterTrading/STOCK_DAY?date=20260901&stockNo=3443&response=json,2026-09-23
2026-09-24,3443,創意,8300.0,8545.0,8205.0,8525.0,1471460.0,12367022922.0,TWSE STOCK_DAY,https://www.twse.com.tw/rwd/zh/afterTrading/STOCK_DAY?date=20260901&stockNo=3443&response=json,2026-09-24
