date,symbol,name,open,high,low,close,volume,turnover_value,source,source_url,pit_available_date
2023-10-19,6526,達發,410.0,429.0,400.0,415.0,5006963.0,2088862794.0,TWSE STOCK_DAY,https://www.twse.com.tw/rwd/zh/afterTrading/STOCK_DAY?date=20231001&stockNo=6526&response=json,2023-10-19
2023-10-20,6526,達發,414.0,439.5,410.5,436.5,3159773.0,1349428553.0,TWSE STOCK_DAY,https://www.twse.com.tw/rwd/zh/afterTrading/STOCK_DAY?date=20231001&stockNo=6526&response=json,2023-10-20
2023-10-23,6526,達發,434.5,438.0,421.5,424.0,1436293.0,615553744.0,TWSE STOCK_DAY,https://www.twse.com.tw/rwd/zh/afterTrading/STOCK_DAY?date=20231001&stockNo=6526&response=json,2023-10-23
2023-10-24,6526,達發,425.0,427.0,414.0,419.0,973294.0,407547440.0,TWSE STOCK_DAY,https://www.twse.com.tw/rwd/zh/afterTrading/STOCK_DAY?date=20231001&stockNo=6526&response=json,2023-10-24
2023-10-25,6526,達發,421.0,430.5,421.0,422.0,1058152.0,449566245.0,TWSE STOCK_DAY,https://www.twse.com.tw/rwd/zh/afterTrading/STOCK_DAY?date=20231001&stockNo=6526&response=json,2023-10-25
2023-10-26,6526,達發,413.0,417.5,410.0,412.0,775316.0,320569407.0,TWSE STOCK_DAY,https://www.twse.com.tw/rwd/zh/afterTrading/STOCK_DAY?date=20231001&stockNo=6526&response=json,2023-10-26
2023-10-27,6526,達發,412.0,420.0,410.0,420.0,1060803.0,441135798.0,TWSE STOCK_DAY,https://www.twse.com.tw/rwd/zh/afterTrading/STOCK_DAY?date=20231001&stockNo=6526&response=json,2023-10-27
2023-10-30,6526,達發,428.5,435.0,426.5,427.0,1024439.0,440188175.0,TWSE STOCK_DAY,https://www.twse.com.tw/rwd/zh/afterTrading/STOCK_DAY?date=20231001&stockNo=6526&response=json,2023-10-30
2023-10-31,6526,達發,427.0,427.0,411.0,412.0,820568.0,343171611.0,TWSE STOCK_DAY,https://www.twse.com.tw/rwd/zh/afterTrading/STOCK_DAY?date=20231001&stockNo=6526&response=json,2023-10-31
2023-11-01,6526,達發,415.5,417.0,412.0,415.0,278667.0,115448780.0,TWSE STOCK_DAY,https://www.twse.com.tw/rwd/zh/afterTrading/STOCK_DAY?date=20231101&stockNo=6526&response=json,2023-11-01
2023-11-02,6526,達發,419.0,428.0,419.0,424.0,759884.0,322280460.0,TWSE STOCK_DAY,https://www.twse.com.tw/rwd/zh/afterTrading/STOCK_DAY?date=20231101&stockNo=6526&response=json,2023-11-02
2023-11-03,6526,達發,427.5,427.5,421.0,421.5,446562.0,189205304.0,TWSE STOCK_DAY,https://www.twse.com.tw/rwd/zh/afterTrading/STOCK_DAY?date=20231101&stockNo=6526&response=json,2023-11-03
2023-11-06,6526,達發,424.5,424.5,418.0,421.5,421483.0,177629107.0,TWSE STOCK_DAY,https://www.twse.com.tw/rwd/zh/afterTrading/STOCK_DAY?date=20231101&stockNo=6526&response=json,2023-11-06
2023-11-07,6526,達發,454.5,454.5,439.0,454.0,3281536.0,1472123529.0,TWSE STOCK_DAY,https://www.twse.com.tw/rwd/zh/afterTrading/STOCK_DAY?date=20231101&stockNo=6526&response=json,2023-11-07
2023-11-08,6526,達發,455.0,459.0,447.0,454.0,2010575.0,917555932.0,TWSE STOCK_DAY,https://www.twse.com.tw/rwd/zh/afterTrading/STOCK_DAY?date=20231101&stockNo=6526&response=json,2023-11-08
2023-11-09,6526,達發,454.0,454.0,448.0,451.0,878744.0,395559611.0,TWSE STOCK_DAY,https://www.twse.com.tw/rwd/zh/afterTrading/STOCK_DAY?date=20231101&stockNo=6526&response=json,2023-11-09
2023-11-10,6526,達發,450.5,458.0,449.5,456.0,1192810.0,543191189.0,TWSE STOCK_DAY,https://www.twse.com.tw/rwd/zh/afterTrading/STOCK_DAY?date=20231101&stockNo=6526&response=json,2023-11-10
2023-11-13,6526,達發,458.0,459.0,450.5,450.5,1008853.0,458969757.0,TWSE STOCK_DAY,https://www.twse.com.tw/rwd/zh/afterTrading/STOCK_DAY?date=20231101&stockNo=6526&response=json,2023-11-13
2023-11-14,6526,達發,452.5,452.5,441.0,444.0,931923.0,415140461.0,TWSE STOCK_DAY,https://www.twse.com.tw/rwd/zh/afterTrading/STOCK_DAY?date=20231101&stockNo=6526&response=json,2023-11-14
2023-11-15,6526,達發,448.5,475.0,446.5,464.5,2205275.0,1020312253.0,TWSE STOCK_DAY,https://www.twse.com.tw/rwd/zh/afterTrading/STOCK_DAY?date=20231101&stockNo=6526&response=json,2023-11-15
2023-11-16,6526,達發,461.5,466.5,457.0,462.0,768175.0,353819009.0,TWSE STOCK_DAY,https://www.twse.com.tw/rwd/zh/afterTrading/STOCK_DAY?date=20231101&stockNo=6526&response=json,2023-11-16
2023-11-17,6526,達發,461.5,465.0,456.5,462.5,579842.0,266733540.0,TWSE STOCK_DAY,https://www.twse.com.tw/rwd/zh/afterTrading/STOCK_DAY?date=20231101&stockNo=6526&response=json,2023-11-17
2023-11-20,6526,達發,462.5,468.0,460.0,465.5,597168.0,277238264.0,TWSE STOCK_DAY,https://www.twse.com.tw/rwd/zh/afterTrading/STOCK_DAY?date=20231101&stockNo=6526&response=json,2023-11-20
2023-11-21,6526,達發,470.0,493.5,468.0,493.5,2662262.0,1285388623.0,TWSE STOCK_DAY,https://www.twse.com.tw/rwd/zh/afterTrading/STOCK_DAY?date=20231101&stockNo=6526&response=json,2023-11-21
2023-11-22,6526,達發,490.0,540.0,488.5,536.0,3415855.0,1758204484.0,TWSE STOCK_DAY,https://www.twse.com.tw/rwd/zh/afterTrading/STOCK_DAY?date=20231101&stockNo=6526&response=json,2023-11-22
2023-11-23,6526,達發,531.0,532.0,510.0,523.0,2078036.0,1084198392.0,TWSE STOCK_DAY,https://www.twse.com.tw/rwd/zh/afterTrading/STOCK_DAY?date=20231101&stockNo=6526&response=json,2023-11-23
2023-11-24,6526,達發,527.0,535.0,515.0,533.0,1025532.0,540151127.0,TWSE STOCK_DAY,https://www.twse.com.tw/rwd/zh/afterTrading/STOCK_DAY?date=20231101&stockNo=6526&response=json,2023-11-24
2023-11-27,6526,達發,539.0,550.0,529.0,529.0,1697720.0,911459053.0,TWSE STOCK_DAY,https://www.twse.com.tw/rwd/zh/afterTrading/STOCK_DAY?date=20231101&stockNo=6526&response=json,2023-11-27
2023-11-28,6526,達發,530.0,536.0,525.0,534.0,679220.0,360619642.0,TWSE STOCK_DAY,https://www.twse.com.tw/rwd/zh/afterTrading/STOCK_DAY?date=20231101&stockNo=6526&response=json,2023-11-28
2023-11-29,6526,達發,536.0,539.0,530.0,537.0,643069.0,343893579.0,TWSE STOCK_DAY,https://www.twse.com.tw/rwd/zh/afterTrading/STOCK_DAY?date=20231101&stockNo=6526&response=json,2023-11-29
2023-11-30,6526,達發,542.0,559.0,538.0,551.0,1231489.0,677075252.0,TWSE STOCK_DAY,https://www.twse.com.tw/rwd/zh/afterTrading/STOCK_DAY?date=20231101&stockNo=6526&response=json,2023-11-30
2023-12-01,6526,達發,551.0,551.0,537.0,542.0,920681.0,500764071.0,TWSE STOCK_DAY,https://www.twse.com.tw/rwd/zh/afterTrading/STOCK_DAY?date=20231201&stockNo=6526&response=json,2023-12-01
2023-12-04,6526,達發,545.0,557.0,542.0,542.0,1128124.0,618608571.0,TWSE STOCK_DAY,https://www.twse.com.tw/rwd/zh/afterTrading/STOCK_DAY?date=20231201&stockNo=6526&response=json,2023-12-04
2023-12-05,6526,達發,542.0,552.0,535.0,543.0,707948.0,385906797.0,TWSE STOCK_DAY,https://www.twse.com.tw/rwd/zh/afterTrading/STOCK_DAY?date=20231201&stockNo=6526&response=json,2023-12-05
2023-12-06,6526,達發,544.0,544.0,533.0,539.0,652880.0,351563105.0,TWSE STOCK_DAY,https://www.twse.com.tw/rwd/zh/afterTrading/STOCK_DAY?date=20231201&stockNo=6526&response=json,2023-12-06
2023-12-07,6526,達發,532.0,538.0,521.0,524.0,1089770.0,576473569.0,TWSE STOCK_DAY,https://www.twse.com.tw/rwd/zh/afterTrading/STOCK_DAY?date=20231201&stockNo=6526&response=json,2023-12-07
2023-12-08,6526,達發,532.0,534.0,526.0,529.0,472524.0,250651879.0,TWSE STOCK_DAY,https://www.twse.com.tw/rwd/zh/afterTrading/STOCK_DAY?date=20231201&stockNo=6526&response=json,2023-12-08
2023-12-11,6526,達發,530.0,550.0,530.0,549.0,1000391.0,542913583.0,TWSE STOCK_DAY,https://www.twse.com.tw/rwd/zh/afterTrading/STOCK_DAY?date=20231201&stockNo=6526&response=json,2023-12-11
2023-12-12,6526,達發,554.0,554.0,542.0,546.0,506938.0,277901999.0,TWSE STOCK_DAY,https://www.twse.com.tw/rwd/zh/afterTrading/STOCK_DAY?date=20231201&stockNo=6526&response=json,2023-12-12
2023-12-13,6526,達發,548.0,556.0,542.0,554.0,925277.0,511194695.0,TWSE STOCK_DAY,https://www.twse.com.tw/rwd/zh/afterTrading/STOCK_DAY?date=20231201&stockNo=6526&response=json,2023-12-13
2023-12-14,6526,達發,563.0,580.0,561.0,578.0,1828611.0,1048873758.0,TWSE STOCK_DAY,https://www.twse.com.tw/rwd/zh/afterTrading/STOCK_DAY?date=20231201&stockNo=6526&response=json,2023-12-14
2023-12-15,6526,達發,585.0,587.0,568.0,578.0,1447530.0,837523024.0,TWSE STOCK_DAY,https://www.twse.com.tw/rwd/zh/afterTrading/STOCK_DAY?date=20231201&stockNo=6526&response=json,2023-12-15
2023-12-18,6526,達發,578.0,579.0,564.0,574.0,722840.0,414297602.0,TWSE STOCK_DAY,https://www.twse.com.tw/rwd/zh/afterTrading/STOCK_DAY?date=20231201&stockNo=6526&response=json,2023-12-18
2023-12-19,6526,達發,576.0,579.0,564.0,573.0,684686.0,392644157.0,TWSE STOCK_DAY,https://www.twse.com.tw/rwd/zh/afterTrading/STOCK_DAY?date=20231201&stockNo=6526&response=json,2023-12-19
2023-12-20,6526,達發,576.0,579.0,568.0,575.0,442854.0,254479048.0,TWSE STOCK_DAY,https://www.twse.com.tw/rwd/zh/afterTrading/STOCK_DAY?date=20231201&stockNo=6526&response=json,2023-12-20
2023-12-21,6526,達發,569.0,571.0,562.0,567.0,597294.0,339339789.0,TWSE STOCK_DAY,https://www.twse.com.tw/rwd/zh/afterTrading/STOCK_DAY?date=20231201&stockNo=6526&response=json,2023-12-21
2023-12-22,6526,達發,568.0,572.0,563.0,565.0,458237.0,260143229.0,TWSE STOCK_DAY,https://www.twse.com.tw/rwd/zh/afterTrading/STOCK_DAY?date=20231201&stockNo=6526&response=json,2023-12-22
2023-12-25,6526,達發,565.0,565.0,554.0,563.0,481749.0,270497356.0,TWSE STOCK_DAY,https://www.twse.com.tw/rwd/zh/afterTrading/STOCK_DAY?date=20231201&stockNo=6526&response=json,2023-12-25
2023-12-26,6526,達發,563.0,579.0,561.0,578.0,981741.0,563282439.0,TWSE STOCK_DAY,https://www.twse.com.tw/rwd/zh/afterTrading/STOCK_DAY?date=20231201&stockNo=6526&response=json,2023-12-26
2023-12-27,6526,達發,580.0,609.0,580.0,595.0,2262964.0,1351085935.0,TWSE STOCK_DAY,https://www.twse.com.tw/rwd/zh/afterTrading/STOCK_DAY?date=20231201&stockNo=6526&response=json,2023-12-27
2023-12-28,6526,達發,598.0,600.0,585.0,587.0,867516.0,513880924.0,TWSE STOCK_DAY,https://www.twse.com.tw/rwd/zh/afterTrading/STOCK_DAY?date=20231201&stockNo=6526&response=json,2023-12-28
2023-12-29,6526,達發,588.0,589.0,575.0,577.0,760718.0,441288259.0,TWSE STOCK_DAY,https://www.twse.com.tw/rwd/zh/afterTrading/STOCK_DAY?date=20231201&stockNo=6526&response=json,2023-12-29
2024-01-02,6526,達發,574.0,576.0,543.0,553.0,1478267.0,822152367.0,TWSE STOCK_DAY,https://www.twse.com.tw/rwd/zh/afterTrading/STOCK_DAY?date=20240101&stockNo=6526&response=json,2024-01-02
2024-01-03,6526,達發,549.0,552.0,539.0,544.0,649208.0,353551754.0,TWSE STOCK_DAY,https://www.twse.com.tw/rwd/zh/afterTrading/STOCK_DAY?date=20240101&stockNo=6526&response=json,2024-01-03
2024-01-04,6526,達發,547.0,555.0,544.0,548.0,499311.0,273727982.0,TWSE STOCK_DAY,https://www.twse.com.tw/rwd/zh/afterTrading/STOCK_DAY?date=20240101&stockNo=6526&response=json,2024-01-04
2024-01-05,6526,達發,548.0,550.0,543.0,544.0,337999.0,184202797.0,TWSE STOCK_DAY,https://www.twse.com.tw/rwd/zh/afterTrading/STOCK_DAY?date=20240101&stockNo=6526&response=json,2024-01-05
2024-01-08,6526,達發,546.0,552.0,540.0,540.0,498833.0,272001771.0,TWSE STOCK_DAY,https://www.twse.com.tw/rwd/zh/afterTrading/STOCK_DAY?date=20240101&stockNo=6526&response=json,2024-01-08
2024-01-09,6526,達發,546.0,546.0,539.0,539.0,371924.0,201724404.0,TWSE STOCK_DAY,https://www.twse.com.tw/rwd/zh/afterTrading/STOCK_DAY?date=20240101&stockNo=6526&response=json,2024-01-09
2024-01-10,6526,達發,540.0,545.0,529.0,541.0,399652.0,214767718.0,TWSE STOCK_DAY,https://www.twse.com.tw/rwd/zh/afterTrading/STOCK_DAY?date=20240101&stockNo=6526&response=json,2024-01-10
2024-01-11,6526,達發,547.0,547.0,541.0,541.0,316858.0,172055023.0,TWSE STOCK_DAY,https://www.twse.com.tw/rwd/zh/afterTrading/STOCK_DAY?date=20240101&stockNo=6526&response=json,2024-01-11
2024-01-12,6526,達發,543.0,544.0,535.0,536.0,361453.0,194950082.0,TWSE STOCK_DAY,https://www.twse.com.tw/rwd/zh/afterTrading/STOCK_DAY?date=20240101&stockNo=6526&response=json,2024-01-12
2024-01-15,6526,達發,539.0,543.0,531.0,531.0,320508.0,171630243.0,TWSE STOCK_DAY,https://www.twse.com.tw/rwd/zh/afterTrading/STOCK_DAY?date=20240101&stockNo=6526&response=json,2024-01-15
2024-01-16,6526,達發,528.0,528.0,513.0,517.0,961125.0,498492803.0,TWSE STOCK_DAY,https://www.twse.com.tw/rwd/zh/afterTrading/STOCK_DAY?date=20240101&stockNo=6526&response=json,2024-01-16
2024-01-17,6526,達發,514.0,527.0,514.0,517.0,555445.0,288750963.0,TWSE STOCK_DAY,https://www.twse.com.tw/rwd/zh/afterTrading/STOCK_DAY?date=20240101&stockNo=6526&response=json,2024-01-17
2024-01-18,6526,達發,517.0,546.0,517.0,538.0,1106677.0,593263265.0,TWSE STOCK_DAY,https://www.twse.com.tw/rwd/zh/afterTrading/STOCK_DAY?date=20240101&stockNo=6526&response=json,2024-01-18
2024-01-19,6526,達發,547.0,549.0,533.0,538.0,666845.0,360357975.0,TWSE STOCK_DAY,https://www.twse.com.tw/rwd/zh/afterTrading/STOCK_DAY?date=20240101&stockNo=6526&response=json,2024-01-19
2024-01-22,6526,達發,542.0,546.0,535.0,536.0,496751.0,268068117.0,TWSE STOCK_DAY,https://www.twse.com.tw/rwd/zh/afterTrading/STOCK_DAY?date=20240101&stockNo=6526&response=json,2024-01-22
2024-01-23,6526,達發,536.0,543.0,532.0,543.0,308516.0,166196009.0,TWSE STOCK_DAY,https://www.twse.com.tw/rwd/zh/afterTrading/STOCK_DAY?date=20240101&stockNo=6526&response=json,2024-01-23
2024-01-24,6526,達發,547.0,574.0,547.0,569.0,1869340.0,1056264610.0,TWSE STOCK_DAY,https://www.twse.com.tw/rwd/zh/afterTrading/STOCK_DAY?date=20240101&stockNo=6526&response=json,2024-01-24
2024-01-25,6526,達發,568.0,588.0,561.0,578.0,1659049.0,959548711.0,TWSE STOCK_DAY,https://www.twse.com.tw/rwd/zh/afterTrading/STOCK_DAY?date=20240101&stockNo=6526&response=json,2024-01-25
2024-01-26,6526,達發,576.0,582.0,568.0,572.0,648004.0,371949663.0,TWSE STOCK_DAY,https://www.twse.com.tw/rwd/zh/afterTrading/STOCK_DAY?date=20240101&stockNo=6526&response=json,2024-01-26
2024-01-29,6526,達發,575.0,575.0,559.0,568.0,793379.0,449591573.0,TWSE STOCK_DAY,https://www.twse.com.tw/rwd/zh/afterTrading/STOCK_DAY?date=20240101&stockNo=6526&response=json,2024-01-29
2024-01-30,6526,達發,572.0,588.0,564.0,579.0,1436780.0,831031394.0,TWSE STOCK_DAY,https://www.twse.com.tw/rwd/zh/afterTrading/STOCK_DAY?date=20240101&stockNo=6526&response=json,2024-01-30
2024-01-31,6526,達發,579.0,584.0,565.0,569.0,935445.0,536220455.0,TWSE STOCK_DAY,https://www.twse.com.tw/rwd/zh/afterTrading/STOCK_DAY?date=20240101&stockNo=6526&response=json,2024-01-31
2024-02-01,6526,達發,568.0,570.0,560.0,562.0,545757.0,308122798.0,TWSE STOCK_DAY,https://www.twse.com.tw/rwd/zh/afterTrading/STOCK_DAY?date=20240201&stockNo=6526&response=json,2024-02-01
2024-02-02,6526,達發,566.0,582.0,566.0,577.0,909357.0,523415443.0,TWSE STOCK_DAY,https://www.twse.com.tw/rwd/zh/afterTrading/STOCK_DAY?date=20240201&stockNo=6526&response=json,2024-02-02
2024-02-05,6526,達發,582.0,582.0,566.0,572.0,732396.0,419239588.0,TWSE STOCK_DAY,https://www.twse.com.tw/rwd/zh/afterTrading/STOCK_DAY?date=20240201&stockNo=6526&response=json,2024-02-05
2024-02-15,6526,達發,582.0,602.0,575.0,601.0,3012110.0,1791202329.0,TWSE STOCK_DAY,https://www.twse.com.tw/rwd/zh/afterTrading/STOCK_DAY?date=20240201&stockNo=6526&response=json,2024-02-15
2024-02-16,6526,達發,610.0,610.0,594.0,600.0,954392.0,573137335.0,TWSE STOCK_DAY,https://www.twse.com.tw/rwd/zh/afterTrading/STOCK_DAY?date=20240201&stockNo=6526&response=json,2024-02-16
2024-02-19,6526,達發,597.0,599.0,586.0,591.0,871253.0,514711665.0,TWSE STOCK_DAY,https://www.twse.com.tw/rwd/zh/afterTrading/STOCK_DAY?date=20240201&stockNo=6526&response=json,2024-02-19
2024-02-20,6526,達發,592.0,606.0,590.0,598.0,994347.0,595760742.0,TWSE STOCK_DAY,https://www.twse.com.tw/rwd/zh/afterTrading/STOCK_DAY?date=20240201&stockNo=6526&response=json,2024-02-20
2024-02-21,6526,達發,600.0,602.0,594.0,595.0,505236.0,302089163.0,TWSE STOCK_DAY,https://www.twse.com.tw/rwd/zh/afterTrading/STOCK_DAY?date=20240201&stockNo=6526&response=json,2024-02-21
2024-02-22,6526,達發,602.0,654.0,600.0,650.0,4511419.0,2876518624.0,TWSE STOCK_DAY,https://www.twse.com.tw/rwd/zh/afterTrading/STOCK_DAY?date=20240201&stockNo=6526&response=json,2024-02-22
2024-02-23,6526,達發,658.0,693.0,656.0,688.0,4955681.0,3355307792.0,TWSE STOCK_DAY,https://www.twse.com.tw/rwd/zh/afterTrading/STOCK_DAY?date=20240201&stockNo=6526&response=json,2024-02-23
2024-02-26,6526,達發,685.0,709.0,669.0,699.0,3286678.0,2271451314.0,TWSE STOCK_DAY,https://www.twse.com.tw/rwd/zh/afterTrading/STOCK_DAY?date=20240201&stockNo=6526&response=json,2024-02-26
2024-02-27,6526,達發,703.0,710.0,679.0,693.0,2275956.0,1579606645.0,TWSE STOCK_DAY,https://www.twse.com.tw/rwd/zh/afterTrading/STOCK_DAY?date=20240201&stockNo=6526&response=json,2024-02-27
2024-02-29,6526,達發,700.0,707.0,684.0,692.0,2514547.0,1741795900.0,TWSE STOCK_DAY,https://www.twse.com.tw/rwd/zh/afterTrading/STOCK_DAY?date=20240201&stockNo=6526&response=json,2024-02-29
2024-03-01,6526,達發,692.0,700.0,680.0,681.0,1166240.0,801804199.0,TWSE STOCK_DAY,https://www.twse.com.tw/rwd/zh/afterTrading/STOCK_DAY?date=20240301&stockNo=6526&response=json,2024-03-01
2024-03-04,6526,達發,686.0,698.0,681.0,681.0,1125028.0,775433024.0,TWSE STOCK_DAY,https://www.twse.com.tw/rwd/zh/afterTrading/STOCK_DAY?date=20240301&stockNo=6526&response=json,2024-03-04
2024-03-05,6526,達發,691.0,696.0,677.0,677.0,1064521.0,727089716.0,TWSE STOCK_DAY,https://www.twse.com.tw/rwd/zh/afterTrading/STOCK_DAY?date=20240301&stockNo=6526&response=json,2024-03-05
2024-03-06,6526,達發,675.0,686.0,673.0,677.0,922674.0,626327162.0,TWSE STOCK_DAY,https://www.twse.com.tw/rwd/zh/afterTrading/STOCK_DAY?date=20240301&stockNo=6526&response=json,2024-03-06
2024-03-07,6526,達發,702.0,717.0,671.0,671.0,3544770.0,2453779329.0,TWSE STOCK_DAY,https://www.twse.com.tw/rwd/zh/afterTrading/STOCK_DAY?date=20240301&stockNo=6526&response=json,2024-03-07
2024-03-08,6526,達發,676.0,697.0,645.0,658.0,3061286.0,2055841366.0,TWSE STOCK_DAY,https://www.twse.com.tw/rwd/zh/afterTrading/STOCK_DAY?date=20240301&stockNo=6526&response=json,2024-03-08
2024-03-11,6526,達發,667.0,678.0,659.0,667.0,796221.0,532423855.0,TWSE STOCK_DAY,https://www.twse.com.tw/rwd/zh/afterTrading/STOCK_DAY?date=20240301&stockNo=6526&response=json,2024-03-11
2024-03-12,6526,達發,674.0,674.0,656.0,659.0,775588.0,513019014.0,TWSE STOCK_DAY,https://www.twse.com.tw/rwd/zh/afterTrading/STOCK_DAY?date=20240301&stockNo=6526&response=json,2024-03-12
2024-03-13,6526,達發,666.0,674.0,651.0,651.0,934713.0,615579241.0,TWSE STOCK_DAY,https://www.twse.com.tw/rwd/zh/afterTrading/STOCK_DAY?date=20240301&stockNo=6526&response=json,2024-03-13
2024-03-14,6526,達發,648.0,648.0,621.0,628.0,1307078.0,829013939.0,TWSE STOCK_DAY,https://www.twse.com.tw/rwd/zh/afterTrading/STOCK_DAY?date=20240301&stockNo=6526&response=json,2024-03-14
2024-03-15,6526,達發,615.0,623.0,611.0,614.0,1028807.0,634445962.0,TWSE STOCK_DAY,https://www.twse.com.tw/rwd/zh/afterTrading/STOCK_DAY?date=20240301&stockNo=6526&response=json,2024-03-15
2024-03-18,6526,達發,601.0,634.0,601.0,630.0,943881.0,584939127.0,TWSE STOCK_DAY,https://www.twse.com.tw/rwd/zh/afterTrading/STOCK_DAY?date=20240301&stockNo=6526&response=json,2024-03-18
2024-03-19,6526,達發,626.0,645.0,623.0,629.0,725586.0,460523685.0,TWSE STOCK_DAY,https://www.twse.com.tw/rwd/zh/afterTrading/STOCK_DAY?date=20240301&stockNo=6526&response=json,2024-03-19
2024-03-20,6526,達發,629.0,642.0,623.0,626.0,686215.0,432312690.0,TWSE STOCK_DAY,https://www.twse.com.tw/rwd/zh/afterTrading/STOCK_DAY?date=20240301&stockNo=6526&response=json,2024-03-20
2024-03-21,6526,達發,649.0,676.0,636.0,640.0,2250339.0,1466966936.0,TWSE STOCK_DAY,https://www.twse.com.tw/rwd/zh/afterTrading/STOCK_DAY?date=20240301&stockNo=6526&response=json,2024-03-21
2024-03-22,6526,達發,640.0,657.0,638.0,648.0,774775.0,502314424.0,TWSE STOCK_DAY,https://www.twse.com.tw/rwd/zh/afterTrading/STOCK_DAY?date=20240301&stockNo=6526&response=json,2024-03-22
2024-03-25,6526,達發,643.0,651.0,627.0,631.0,1055871.0,671137872.0,TWSE STOCK_DAY,https://www.twse.com.tw/rwd/zh/afterTrading/STOCK_DAY?date=20240301&stockNo=6526&response=json,2024-03-25
2024-03-26,6526,達發,631.0,642.0,619.0,625.0,698099.0,438559800.0,TWSE STOCK_DAY,https://www.twse.com.tw/rwd/zh/afterTrading/STOCK_DAY?date=20240301&stockNo=6526&response=json,2024-03-26
2024-03-27,6526,達發,621.0,628.0,620.0,624.0,303974.0,189938933.0,TWSE STOCK_DAY,https://www.twse.com.tw/rwd/zh/afterTrading/STOCK_DAY?date=20240301&stockNo=6526&response=json,2024-03-27
2024-03-28,6526,達發,626.0,627.0,609.0,611.0,656296.0,403921988.0,TWSE STOCK_DAY,https://www.twse.com.tw/rwd/zh/afterTrading/STOCK_DAY?date=20240301&stockNo=6526&response=json,2024-03-28
2024-03-29,6526,達發,610.0,619.0,606.0,619.0,587435.0,359610584.0,TWSE STOCK_DAY,https://www.twse.com.tw/rwd/zh/afterTrading/STOCK_DAY?date=20240301&stockNo=6526&response=json,2024-03-29
2024-04-01,6526,達發,619.0,624.0,616.0,619.0,220192.0,136424621.0,TWSE STOCK_DAY,https://www.twse.com.tw/rwd/zh/afterTrading/STOCK_DAY?date=20240401&stockNo=6526&response=json,2024-04-01
2024-04-02,6526,達發,624.0,665.0,624.0,650.0,1847886.0,1197514957.0,TWSE STOCK_DAY,https://www.twse.com.tw/rwd/zh/afterTrading/STOCK_DAY?date=20240401&stockNo=6526&response=json,2024-04-02
2024-04-03,6526,達發,640.0,658.0,640.0,647.0,638964.0,415808049.0,TWSE STOCK_DAY,https://www.twse.com.tw/rwd/zh/afterTrading/STOCK_DAY?date=20240401&stockNo=6526&response=json,2024-04-03
2024-04-08,6526,達發,655.0,668.0,639.0,639.0,651112.0,421941956.0,TWSE STOCK_DAY,https://www.twse.com.tw/rwd/zh/afterTrading/STOCK_DAY?date=20240401&stockNo=6526&response=json,2024-04-08
2024-04-09,6526,達發,646.0,659.0,643.0,650.0,798076.0,520014980.0,TWSE STOCK_DAY,https://www.twse.com.tw/rwd/zh/afterTrading/STOCK_DAY?date=20240401&stockNo=6526&response=json,2024-04-09
2024-04-10,6526,達發,651.0,664.0,649.0,655.0,660055.0,432782304.0,TWSE STOCK_DAY,https://www.twse.com.tw/rwd/zh/afterTrading/STOCK_DAY?date=20240401&stockNo=6526&response=json,2024-04-10
2024-04-11,6526,達發,656.0,662.0,641.0,644.0,610342.0,396203343.0,TWSE STOCK_DAY,https://www.twse.com.tw/rwd/zh/afterTrading/STOCK_DAY?date=20240401&stockNo=6526&response=json,2024-04-11
2024-04-12,6526,達發,642.0,654.0,642.0,650.0,422233.0,273959072.0,TWSE STOCK_DAY,https://www.twse.com.tw/rwd/zh/afterTrading/STOCK_DAY?date=20240401&stockNo=6526&response=json,2024-04-12
2024-04-15,6526,達發,650.0,650.0,628.0,630.0,613270.0,390282284.0,TWSE STOCK_DAY,https://www.twse.com.tw/rwd/zh/afterTrading/STOCK_DAY?date=20240401&stockNo=6526&response=json,2024-04-15
2024-04-16,6526,達發,621.0,653.0,621.0,635.0,1412345.0,903654665.0,TWSE STOCK_DAY,https://www.twse.com.tw/rwd/zh/afterTrading/STOCK_DAY?date=20240401&stockNo=6526&response=json,2024-04-16
2024-04-17,6526,達發,646.0,698.0,644.0,698.0,3913853.0,2659041206.0,TWSE STOCK_DAY,https://www.twse.com.tw/rwd/zh/afterTrading/STOCK_DAY?date=20240401&stockNo=6526&response=json,2024-04-17
2024-04-18,6526,達發,692.0,725.0,687.0,704.0,3567453.0,2533987232.0,TWSE STOCK_DAY,https://www.twse.com.tw/rwd/zh/afterTrading/STOCK_DAY?date=20240401&stockNo=6526&response=json,2024-04-18
2024-04-19,6526,達發,700.0,704.0,648.0,675.0,1848822.0,1247508753.0,TWSE STOCK_DAY,https://www.twse.com.tw/rwd/zh/afterTrading/STOCK_DAY?date=20240401&stockNo=6526&response=json,2024-04-19
2024-04-22,6526,達發,679.0,679.0,640.0,640.0,1220945.0,801904222.0,TWSE STOCK_DAY,https://www.twse.com.tw/rwd/zh/afterTrading/STOCK_DAY?date=20240401&stockNo=6526&response=json,2024-04-22
2024-04-23,6526,達發,648.0,655.0,625.0,631.0,1059318.0,674234866.0,TWSE STOCK_DAY,https://www.twse.com.tw/rwd/zh/afterTrading/STOCK_DAY?date=20240401&stockNo=6526&response=json,2024-04-23
2024-04-24,6526,達發,639.0,682.0,638.0,674.0,1958389.0,1294814445.0,TWSE STOCK_DAY,https://www.twse.com.tw/rwd/zh/afterTrading/STOCK_DAY?date=20240401&stockNo=6526&response=json,2024-04-24
2024-04-25,6526,達發,668.0,668.0,654.0,654.0,614001.0,404749191.0,TWSE STOCK_DAY,https://www.twse.com.tw/rwd/zh/afterTrading/STOCK_DAY?date=20240401&stockNo=6526&response=json,2024-04-25
2024-04-26,6526,達發,665.0,688.0,652.0,652.0,1869003.0,1248744516.0,TWSE STOCK_DAY,https://www.twse.com.tw/rwd/zh/afterTrading/STOCK_DAY?date=20240401&stockNo=6526&response=json,2024-04-26
2024-04-29,6526,達發,659.0,677.0,652.0,672.0,1338900.0,890034760.0,TWSE STOCK_DAY,https://www.twse.com.tw/rwd/zh/afterTrading/STOCK_DAY?date=20240401&stockNo=6526&response=json,2024-04-29
2024-04-30,6526,達發,682.0,708.0,675.0,681.0,3526754.0,2438209654.0,TWSE STOCK_DAY,https://www.twse.com.tw/rwd/zh/afterTrading/STOCK_DAY?date=20240401&stockNo=6526&response=json,2024-04-30
2024-05-02,6526,達發,675.0,696.0,669.0,690.0,1432829.0,984501347.0,TWSE STOCK_DAY,https://www.twse.com.tw/rwd/zh/afterTrading/STOCK_DAY?date=20240501&stockNo=6526&response=json,2024-05-02
2024-05-03,6526,達發,701.0,713.0,686.0,690.0,1540261.0,1073197162.0,TWSE STOCK_DAY,https://www.twse.com.tw/rwd/zh/afterTrading/STOCK_DAY?date=20240501&stockNo=6526&response=json,2024-05-03
2024-05-06,6526,達發,698.0,698.0,668.0,671.0,1292032.0,877687704.0,TWSE STOCK_DAY,https://www.twse.com.tw/rwd/zh/afterTrading/STOCK_DAY?date=20240501&stockNo=6526&response=json,2024-05-06
2024-05-07,6526,達發,677.0,692.0,662.0,674.0,1096250.0,738996797.0,TWSE STOCK_DAY,https://www.twse.com.tw/rwd/zh/afterTrading/STOCK_DAY?date=20240501&stockNo=6526&response=json,2024-05-07
2024-05-08,6526,達發,679.0,718.0,672.0,695.0,3016757.0,2112284487.0,TWSE STOCK_DAY,https://www.twse.com.tw/rwd/zh/afterTrading/STOCK_DAY?date=20240501&stockNo=6526&response=json,2024-05-08
2024-05-09,6526,達發,697.0,704.0,683.0,688.0,958136.0,662572206.0,TWSE STOCK_DAY,https://www.twse.com.tw/rwd/zh/afterTrading/STOCK_DAY?date=20240501&stockNo=6526&response=json,2024-05-09
2024-05-10,6526,達發,695.0,695.0,666.0,670.0,1404937.0,944298056.0,TWSE STOCK_DAY,https://www.twse.com.tw/rwd/zh/afterTrading/STOCK_DAY?date=20240501&stockNo=6526&response=json,2024-05-10
2024-05-13,6526,達發,670.0,675.0,660.0,660.0,720232.0,478295128.0,TWSE STOCK_DAY,https://www.twse.com.tw/rwd/zh/afterTrading/STOCK_DAY?date=20240501&stockNo=6526&response=json,2024-05-13
2024-05-14,6526,達發,661.0,672.0,657.0,671.0,537677.0,358451457.0,TWSE STOCK_DAY,https://www.twse.com.tw/rwd/zh/afterTrading/STOCK_DAY?date=20240501&stockNo=6526&response=json,2024-05-14
2024-05-15,6526,達發,680.0,694.0,667.0,668.0,967515.0,656185797.0,TWSE STOCK_DAY,https://www.twse.com.tw/rwd/zh/afterTrading/STOCK_DAY?date=20240501&stockNo=6526&response=json,2024-05-15
2024-05-16,6526,達發,678.0,686.0,672.0,677.0,603007.0,409231426.0,TWSE STOCK_DAY,https://www.twse.com.tw/rwd/zh/afterTrading/STOCK_DAY?date=20240501&stockNo=6526&response=json,2024-05-16
2024-05-17,6526,達發,677.0,682.0,670.0,680.0,396602.0,268076180.0,TWSE STOCK_DAY,https://www.twse.com.tw/rwd/zh/afterTrading/STOCK_DAY?date=20240501&stockNo=6526&response=json,2024-05-17
2024-05-20,6526,達發,683.0,695.0,675.0,691.0,927686.0,637402587.0,TWSE STOCK_DAY,https://www.twse.com.tw/rwd/zh/afterTrading/STOCK_DAY?date=20240501&stockNo=6526&response=json,2024-05-20
2024-05-21,6526,達發,690.0,695.0,680.0,693.0,525755.0,362585112.0,TWSE STOCK_DAY,https://www.twse.com.tw/rwd/zh/afterTrading/STOCK_DAY?date=20240501&stockNo=6526&response=json,2024-05-21
2024-05-22,6526,達發,694.0,762.0,689.0,762.0,5300832.0,3917559104.0,TWSE STOCK_DAY,https://www.twse.com.tw/rwd/zh/afterTrading/STOCK_DAY?date=20240501&stockNo=6526&response=json,2024-05-22
2024-05-23,6526,達發,763.0,770.0,731.0,760.0,2783757.0,2098342332.0,TWSE STOCK_DAY,https://www.twse.com.tw/rwd/zh/afterTrading/STOCK_DAY?date=20240501&stockNo=6526&response=json,2024-05-23
2024-05-24,6526,達發,755.0,776.0,742.0,765.0,1918395.0,1460538352.0,TWSE STOCK_DAY,https://www.twse.com.tw/rwd/zh/afterTrading/STOCK_DAY?date=20240501&stockNo=6526&response=json,2024-05-24
2024-05-27,6526,達發,776.0,794.0,757.0,759.0,3208616.0,2474991744.0,TWSE STOCK_DAY,https://www.twse.com.tw/rwd/zh/afterTrading/STOCK_DAY?date=20240501&stockNo=6526&response=json,2024-05-27
2024-05-28,6526,達發,767.0,782.0,755.0,760.0,1623993.0,1246184004.0,TWSE STOCK_DAY,https://www.twse.com.tw/rwd/zh/afterTrading/STOCK_DAY?date=20240501&stockNo=6526&response=json,2024-05-28
2024-05-29,6526,達發,760.0,761.0,741.0,747.0,1031760.0,772594162.0,TWSE STOCK_DAY,https://www.twse.com.tw/rwd/zh/afterTrading/STOCK_DAY?date=20240501&stockNo=6526&response=json,2024-05-29
2024-05-30,6526,達發,736.0,748.0,725.0,726.0,1134822.0,832260119.0,TWSE STOCK_DAY,https://www.twse.com.tw/rwd/zh/afterTrading/STOCK_DAY?date=20240501&stockNo=6526&response=json,2024-05-30
2024-05-31,6526,達發,736.0,738.0,706.0,711.0,1293001.0,924876374.0,TWSE STOCK_DAY,https://www.twse.com.tw/rwd/zh/afterTrading/STOCK_DAY?date=20240501&stockNo=6526&response=json,2024-05-31
2024-06-03,6526,達發,727.0,729.0,692.0,704.0,1313469.0,925396225.0,TWSE STOCK_DAY,https://www.twse.com.tw/rwd/zh/afterTrading/STOCK_DAY?date=20240601&stockNo=6526&response=json,2024-06-03
2024-06-04,6526,達發,704.0,738.0,704.0,721.0,1356458.0,981695445.0,TWSE STOCK_DAY,https://www.twse.com.tw/rwd/zh/afterTrading/STOCK_DAY?date=20240601&stockNo=6526&response=json,2024-06-04
2024-06-05,6526,達發,733.0,733.0,710.0,710.0,828831.0,594781082.0,TWSE STOCK_DAY,https://www.twse.com.tw/rwd/zh/afterTrading/STOCK_DAY?date=20240601&stockNo=6526&response=json,2024-06-05
2024-06-06,6526,達發,720.0,729.0,713.0,726.0,757747.0,548032199.0,TWSE STOCK_DAY,https://www.twse.com.tw/rwd/zh/afterTrading/STOCK_DAY?date=20240601&stockNo=6526&response=json,2024-06-06
2024-06-07,6526,達發,730.0,737.0,718.0,732.0,674191.0,493208200.0,TWSE STOCK_DAY,https://www.twse.com.tw/rwd/zh/afterTrading/STOCK_DAY?date=20240601&stockNo=6526&response=json,2024-06-07
2024-06-11,6526,達發,737.0,742.0,725.0,725.0,603872.0,441857343.0,TWSE STOCK_DAY,https://www.twse.com.tw/rwd/zh/afterTrading/STOCK_DAY?date=20240601&stockNo=6526&response=json,2024-06-11
2024-06-12,6526,達發,727.0,749.0,727.0,744.0,1046688.0,776878763.0,TWSE STOCK_DAY,https://www.twse.com.tw/rwd/zh/afterTrading/STOCK_DAY?date=20240601&stockNo=6526&response=json,2024-06-12
2024-06-13,6526,達發,770.0,799.0,762.0,786.0,3492383.0,2728118735.0,TWSE STOCK_DAY,https://www.twse.com.tw/rwd/zh/afterTrading/STOCK_DAY?date=20240601&stockNo=6526&response=json,2024-06-13
2024-06-14,6526,達發,790.0,827.0,781.0,809.0,3427394.0,2773336171.0,TWSE STOCK_DAY,https://www.twse.com.tw/rwd/zh/afterTrading/STOCK_DAY?date=20240601&stockNo=6526&response=json,2024-06-14
2024-06-17,6526,達發,819.0,844.0,796.0,805.0,2415063.0,1977996078.0,TWSE STOCK_DAY,https://www.twse.com.tw/rwd/zh/afterTrading/STOCK_DAY?date=20240601&stockNo=6526&response=json,2024-06-17
2024-06-18,6526,達發,815.0,834.0,801.0,810.0,2307840.0,1881318924.0,TWSE STOCK_DAY,https://www.twse.com.tw/rwd/zh/afterTrading/STOCK_DAY?date=20240601&stockNo=6526&response=json,2024-06-18
2024-06-19,6526,達發,811.0,822.0,796.0,800.0,1683992.0,1358963787.0,TWSE STOCK_DAY,https://www.twse.com.tw/rwd/zh/afterTrading/STOCK_DAY?date=20240601&stockNo=6526&response=json,2024-06-19
2024-06-20,6526,達發,803.0,804.0,790.0,792.0,857674.0,681529989.0,TWSE STOCK_DAY,https://www.twse.com.tw/rwd/zh/afterTrading/STOCK_DAY?date=20240601&stockNo=6526&response=json,2024-06-20
2024-06-21,6526,達發,788.0,796.0,771.0,792.0,1524274.0,1191170357.0,TWSE STOCK_DAY,https://www.twse.com.tw/rwd/zh/afterTrading/STOCK_DAY?date=20240601&stockNo=6526&response=json,2024-06-21
2024-06-24,6526,達發,799.0,804.0,752.0,752.0,2006151.0,1538859237.0,TWSE STOCK_DAY,https://www.twse.com.tw/rwd/zh/afterTrading/STOCK_DAY?date=20240601&stockNo=6526&response=json,2024-06-24
2024-06-25,6526,達發,750.0,752.0,733.0,743.0,1040410.0,773185937.0,TWSE STOCK_DAY,https://www.twse.com.tw/rwd/zh/afterTrading/STOCK_DAY?date=20240601&stockNo=6526&response=json,2024-06-25
2024-06-26,6526,達發,751.0,756.0,740.0,748.0,1103691.0,823204963.0,TWSE STOCK_DAY,https://www.twse.com.tw/rwd/zh/afterTrading/STOCK_DAY?date=20240601&stockNo=6526&response=json,2024-06-26
2024-06-27,6526,達發,750.0,763.0,743.0,747.0,961621.0,724638617.0,TWSE STOCK_DAY,https://www.twse.com.tw/rwd/zh/afterTrading/STOCK_DAY?date=20240601&stockNo=6526&response=json,2024-06-27
2024-06-28,6526,達發,762.0,765.0,736.0,739.0,1211646.0,904231366.0,TWSE STOCK_DAY,https://www.twse.com.tw/rwd/zh/afterTrading/STOCK_DAY?date=20240601&stockNo=6526&response=json,2024-06-28
2024-07-01,6526,達發,743.0,756.0,740.0,742.0,846089.0,632704537.0,TWSE STOCK_DAY,https://www.twse.com.tw/rwd/zh/afterTrading/STOCK_DAY?date=20240701&stockNo=6526&response=json,2024-07-01
2024-07-02,6526,達發,748.0,748.0,732.0,734.0,936864.0,690234803.0,TWSE STOCK_DAY,https://www.twse.com.tw/rwd/zh/afterTrading/STOCK_DAY?date=20240701&stockNo=6526&response=json,2024-07-02
2024-07-03,6526,達發,747.0,759.0,744.0,744.0,1357225.0,1018631918.0,TWSE STOCK_DAY,https://www.twse.com.tw/rwd/zh/afterTrading/STOCK_DAY?date=20240701&stockNo=6526&response=json,2024-07-03
2024-07-04,6526,達發,755.0,761.0,736.0,740.0,1184336.0,881455264.0,TWSE STOCK_DAY,https://www.twse.com.tw/rwd/zh/afterTrading/STOCK_DAY?date=20240701&stockNo=6526&response=json,2024-07-04
2024-07-05,6526,達發,747.0,750.0,732.0,738.0,1034939.0,763238188.0,TWSE STOCK_DAY,https://www.twse.com.tw/rwd/zh/afterTrading/STOCK_DAY?date=20240701&stockNo=6526&response=json,2024-07-05
2024-07-08,6526,達發,737.0,746.0,733.0,738.0,741513.0,547922785.0,TWSE STOCK_DAY,https://www.twse.com.tw/rwd/zh/afterTrading/STOCK_DAY?date=20240701&stockNo=6526&response=json,2024-07-08
2024-07-09,6526,達發,744.0,753.0,723.0,732.0,1239026.0,914019478.0,TWSE STOCK_DAY,https://www.twse.com.tw/rwd/zh/afterTrading/STOCK_DAY?date=20240701&stockNo=6526&response=json,2024-07-09
2024-07-10,6526,達發,735.0,746.0,727.0,741.0,679498.0,499364741.0,TWSE STOCK_DAY,https://www.twse.com.tw/rwd/zh/afterTrading/STOCK_DAY?date=20240701&stockNo=6526&response=json,2024-07-10
2024-07-11,6526,達發,753.0,753.0,721.0,721.0,1800608.0,1314646763.0,TWSE STOCK_DAY,https://www.twse.com.tw/rwd/zh/afterTrading/STOCK_DAY?date=20240701&stockNo=6526&response=json,2024-07-11
2024-07-12,6526,達發,716.0,716.0,690.0,690.0,1779348.0,1241796677.0,TWSE STOCK_DAY,https://www.twse.com.tw/rwd/zh/afterTrading/STOCK_DAY?date=20240701&stockNo=6526&response=json,2024-07-12
2024-07-15,6526,達發,694.0,699.0,689.0,692.0,481519.0,334122454.0,TWSE STOCK_DAY,https://www.twse.com.tw/rwd/zh/afterTrading/STOCK_DAY?date=20240701&stockNo=6526&response=json,2024-07-15
2024-07-16,6526,達發,694.0,707.0,692.0,692.0,597164.0,417035677.0,TWSE STOCK_DAY,https://www.twse.com.tw/rwd/zh/afterTrading/STOCK_DAY?date=20240701&stockNo=6526&response=json,2024-07-16
2024-07-17,6526,達發,697.0,699.0,682.0,688.0,568353.0,390504072.0,TWSE STOCK_DAY,https://www.twse.com.tw/rwd/zh/afterTrading/STOCK_DAY?date=20240701&stockNo=6526&response=json,2024-07-17
2024-07-18,6526,達發,672.0,673.0,643.0,657.0,1944228.0,1274717997.0,TWSE STOCK_DAY,https://www.twse.com.tw/rwd/zh/afterTrading/STOCK_DAY?date=20240701&stockNo=6526&response=json,2024-07-18
2024-07-19,6526,達發,656.0,657.0,635.0,635.0,1318329.0,845510335.0,TWSE STOCK_DAY,https://www.twse.com.tw/rwd/zh/afterTrading/STOCK_DAY?date=20240701&stockNo=6526&response=json,2024-07-19
2024-07-22,6526,達發,639.0,639.0,598.0,606.0,2172423.0,1320758572.0,TWSE STOCK_DAY,https://www.twse.com.tw/rwd/zh/afterTrading/STOCK_DAY?date=20240701&stockNo=6526&response=json,2024-07-22
2024-07-23,6526,達發,618.0,621.0,611.0,616.0,785226.0,482992203.0,TWSE STOCK_DAY,https://www.twse.com.tw/rwd/zh/afterTrading/STOCK_DAY?date=20240701&stockNo=6526&response=json,2024-07-23
2024-07-26,6526,達發,590.0,608.0,588.0,606.0,786383.0,471325146.0,TWSE STOCK_DAY,https://www.twse.com.tw/rwd/zh/afterTrading/STOCK_DAY?date=20240701&stockNo=6526&response=json,2024-07-26
2024-07-29,6526,達發,624.0,628.0,596.0,599.0,1013338.0,620147891.0,TWSE STOCK_DAY,https://www.twse.com.tw/rwd/zh/afterTrading/STOCK_DAY?date=20240701&stockNo=6526&response=json,2024-07-29
2024-07-30,6526,達發,593.0,611.0,592.0,611.0,513837.0,308591559.0,TWSE STOCK_DAY,https://www.twse.com.tw/rwd/zh/afterTrading/STOCK_DAY?date=20240701&stockNo=6526&response=json,2024-07-30
2024-07-31,6526,達發,605.0,620.0,598.0,616.0,616521.0,377085709.0,TWSE STOCK_DAY,https://www.twse.com.tw/rwd/zh/afterTrading/STOCK_DAY?date=20240701&stockNo=6526&response=json,2024-07-31
2024-08-01,6526,達發,633.0,635.0,616.0,626.0,856499.0,535745115.0,TWSE STOCK_DAY,https://www.twse.com.tw/rwd/zh/afterTrading/STOCK_DAY?date=20240801&stockNo=6526&response=json,2024-08-01
2024-08-02,6526,達發,601.0,613.0,588.0,588.0,858125.0,514121902.0,TWSE STOCK_DAY,https://www.twse.com.tw/rwd/zh/afterTrading/STOCK_DAY?date=20240801&stockNo=6526&response=json,2024-08-02
2024-08-05,6526,達發,544.0,547.0,530.0,530.0,890040.0,474180303.0,TWSE STOCK_DAY,https://www.twse.com.tw/rwd/zh/afterTrading/STOCK_DAY?date=20240801&stockNo=6526&response=json,2024-08-05
2024-08-06,6526,達發,544.0,555.0,496.5,532.0,1330664.0,699040206.0,TWSE STOCK_DAY,https://www.twse.com.tw/rwd/zh/afterTrading/STOCK_DAY?date=20240801&stockNo=6526&response=json,2024-08-06
2024-08-07,6526,達發,534.0,569.0,533.0,564.0,749235.0,416844227.0,TWSE STOCK_DAY,https://www.twse.com.tw/rwd/zh/afterTrading/STOCK_DAY?date=20240801&stockNo=6526&response=json,2024-08-07
2024-08-08,6526,達發,550.0,566.0,543.0,554.0,519232.0,288444882.0,TWSE STOCK_DAY,https://www.twse.com.tw/rwd/zh/afterTrading/STOCK_DAY?date=20240801&stockNo=6526&response=json,2024-08-08
2024-08-09,6526,達發,571.0,575.0,556.0,556.0,862348.0,485860585.0,TWSE STOCK_DAY,https://www.twse.com.tw/rwd/zh/afterTrading/STOCK_DAY?date=20240801&stockNo=6526&response=json,2024-08-09
2024-08-12,6526,達發,569.0,587.0,567.0,580.0,717871.0,415574317.0,TWSE STOCK_DAY,https://www.twse.com.tw/rwd/zh/afterTrading/STOCK_DAY?date=20240801&stockNo=6526&response=json,2024-08-12
2024-08-13,6526,達發,585.0,591.0,573.0,587.0,439154.0,256101330.0,TWSE STOCK_DAY,https://www.twse.com.tw/rwd/zh/afterTrading/STOCK_DAY?date=20240801&stockNo=6526&response=json,2024-08-13
2024-08-14,6526,達發,601.0,608.0,596.0,598.0,640958.0,385462765.0,TWSE STOCK_DAY,https://www.twse.com.tw/rwd/zh/afterTrading/STOCK_DAY?date=20240801&stockNo=6526&response=json,2024-08-14
2024-08-15,6526,達發,601.0,611.0,595.0,605.0,457441.0,276380549.0,TWSE STOCK_DAY,https://www.twse.com.tw/rwd/zh/afterTrading/STOCK_DAY?date=20240801&stockNo=6526&response=json,2024-08-15
2024-08-16,6526,達發,615.0,621.0,612.0,619.0,728561.0,449597180.0,TWSE STOCK_DAY,https://www.twse.com.tw/rwd/zh/afterTrading/STOCK_DAY?date=20240801&stockNo=6526&response=json,2024-08-16
2024-08-19,6526,達發,619.0,621.0,610.0,615.0,499805.0,308018136.0,TWSE STOCK_DAY,https://www.twse.com.tw/rwd/zh/afterTrading/STOCK_DAY?date=20240801&stockNo=6526&response=json,2024-08-19
2024-08-20,6526,達發,620.0,624.0,613.0,613.0,384491.0,237522185.0,TWSE STOCK_DAY,https://www.twse.com.tw/rwd/zh/afterTrading/STOCK_DAY?date=20240801&stockNo=6526&response=json,2024-08-20
2024-08-21,6526,達發,611.0,614.0,602.0,606.0,458816.0,278361046.0,TWSE STOCK_DAY,https://www.twse.com.tw/rwd/zh/afterTrading/STOCK_DAY?date=20240801&stockNo=6526&response=json,2024-08-21
2024-08-22,6526,達發,613.0,613.0,597.0,600.0,217238.0,131007530.0,TWSE STOCK_DAY,https://www.twse.com.tw/rwd/zh/afterTrading/STOCK_DAY?date=20240801&stockNo=6526&response=json,2024-08-22
2024-08-23,6526,達發,597.0,600.0,579.0,598.0,791956.0,466078495.0,TWSE STOCK_DAY,https://www.twse.com.tw/rwd/zh/afterTrading/STOCK_DAY?date=20240801&stockNo=6526&response=json,2024-08-23
2024-08-26,6526,達發,608.0,614.0,598.0,599.0,422322.0,255776723.0,TWSE STOCK_DAY,https://www.twse.com.tw/rwd/zh/afterTrading/STOCK_DAY?date=20240801&stockNo=6526&response=json,2024-08-26
2024-08-27,6526,達發,595.0,606.0,595.0,600.0,250328.0,150447888.0,TWSE STOCK_DAY,https://www.twse.com.tw/rwd/zh/afterTrading/STOCK_DAY?date=20240801&stockNo=6526&response=json,2024-08-27
2024-08-28,6526,達發,605.0,605.0,591.0,599.0,276459.0,165412671.0,TWSE STOCK_DAY,https://www.twse.com.tw/rwd/zh/afterTrading/STOCK_DAY?date=20240801&stockNo=6526&response=json,2024-08-28
2024-08-29,6526,達發,592.0,657.0,590.0,652.0,2341977.0,1496013373.0,TWSE STOCK_DAY,https://www.twse.com.tw/rwd/zh/afterTrading/STOCK_DAY?date=20240801&stockNo=6526&response=json,2024-08-29
2024-08-30,6526,達發,660.0,668.0,642.0,646.0,1240272.0,810260391.0,TWSE STOCK_DAY,https://www.twse.com.tw/rwd/zh/afterTrading/STOCK_DAY?date=20240801&stockNo=6526&response=json,2024-08-30
2024-09-02,6526,達發,655.0,655.0,633.0,635.0,569394.0,364063031.0,TWSE STOCK_DAY,https://www.twse.com.tw/rwd/zh/afterTrading/STOCK_DAY?date=20240901&stockNo=6526&response=json,2024-09-02
2024-09-03,6526,達發,633.0,645.0,624.0,624.0,550792.0,347829790.0,TWSE STOCK_DAY,https://www.twse.com.tw/rwd/zh/afterTrading/STOCK_DAY?date=20240901&stockNo=6526&response=json,2024-09-03
2024-09-04,6526,達發,588.0,593.0,568.0,579.0,1161673.0,677672738.0,TWSE STOCK_DAY,https://www.twse.com.tw/rwd/zh/afterTrading/STOCK_DAY?date=20240901&stockNo=6526&response=json,2024-09-04
2024-09-05,6526,達發,585.0,590.0,567.0,569.0,593130.0,342249935.0,TWSE STOCK_DAY,https://www.twse.com.tw/rwd/zh/afterTrading/STOCK_DAY?date=20240901&stockNo=6526&response=json,2024-09-05
2024-09-06,6526,達發,571.0,580.0,563.0,580.0,364733.0,209838063.0,TWSE STOCK_DAY,https://www.twse.com.tw/rwd/zh/afterTrading/STOCK_DAY?date=20240901&stockNo=6526&response=json,2024-09-06
2024-09-09,6526,達發,565.0,578.0,564.0,575.0,325552.0,185675973.0,TWSE STOCK_DAY,https://www.twse.com.tw/rwd/zh/afterTrading/STOCK_DAY?date=20240901&stockNo=6526&response=json,2024-09-09
2024-09-10,6526,達發,579.0,584.0,551.0,558.0,542658.0,306737024.0,TWSE STOCK_DAY,https://www.twse.com.tw/rwd/zh/afterTrading/STOCK_DAY?date=20240901&stockNo=6526&response=json,2024-09-10
2024-09-11,6526,達發,560.0,578.0,559.0,570.0,516766.0,294145507.0,TWSE STOCK_DAY,https://www.twse.com.tw/rwd/zh/afterTrading/STOCK_DAY?date=20240901&stockNo=6526&response=json,2024-09-11
2024-09-12,6526,達發,583.0,592.0,576.0,586.0,592045.0,346121784.0,TWSE STOCK_DAY,https://www.twse.com.tw/rwd/zh/afterTrading/STOCK_DAY?date=20240901&stockNo=6526&response=json,2024-09-12
2024-09-13,6526,達發,586.0,591.0,577.0,587.0,362296.0,211612729.0,TWSE STOCK_DAY,https://www.twse.com.tw/rwd/zh/afterTrading/STOCK_DAY?date=20240901&stockNo=6526&response=json,2024-09-13
2024-09-16,6526,達發,590.0,592.0,582.0,590.0,226466.0,133337699.0,TWSE STOCK_DAY,https://www.twse.com.tw/rwd/zh/afterTrading/STOCK_DAY?date=20240901&stockNo=6526&response=json,2024-09-16
2024-09-18,6526,達發,585.0,586.0,561.0,561.0,927199.0,528233384.0,TWSE STOCK_DAY,https://www.twse.com.tw/rwd/zh/afterTrading/STOCK_DAY?date=20240901&stockNo=6526&response=json,2024-09-18
2024-09-19,6526,達發,563.0,584.0,561.0,579.0,668501.0,383797077.0,TWSE STOCK_DAY,https://www.twse.com.tw/rwd/zh/afterTrading/STOCK_DAY?date=20240901&stockNo=6526&response=json,2024-09-19
2024-09-20,6526,達發,583.0,605.0,583.0,600.0,2206924.0,1320275159.0,TWSE STOCK_DAY,https://www.twse.com.tw/rwd/zh/afterTrading/STOCK_DAY?date=20240901&stockNo=6526&response=json,2024-09-20
2024-09-23,6526,達發,603.0,640.0,603.0,620.0,1219065.0,762180239.0,TWSE STOCK_DAY,https://www.twse.com.tw/rwd/zh/afterTrading/STOCK_DAY?date=20240901&stockNo=6526&response=json,2024-09-23
2024-09-24,6526,達發,624.0,631.0,616.0,629.0,640897.0,400615291.0,TWSE STOCK_DAY,https://www.twse.com.tw/rwd/zh/afterTrading/STOCK_DAY?date=20240901&stockNo=6526&response=json,2024-09-24
2024-09-25,6526,達發,640.0,640.0,627.0,631.0,458197.0,290207418.0,TWSE STOCK_DAY,https://www.twse.com.tw/rwd/zh/afterTrading/STOCK_DAY?date=20240901&stockNo=6526&response=json,2024-09-25
2024-09-26,6526,達發,637.0,654.0,631.0,641.0,1159323.0,746296457.0,TWSE STOCK_DAY,https://www.twse.com.tw/rwd/zh/afterTrading/STOCK_DAY?date=20240901&stockNo=6526&response=json,2024-09-26
2024-09-27,6526,達發,650.0,653.0,630.0,631.0,668375.0,427149189.0,TWSE STOCK_DAY,https://www.twse.com.tw/rwd/zh/afterTrading/STOCK_DAY?date=20240901&stockNo=6526&response=json,2024-09-27
2024-09-30,6526,達發,628.0,641.0,623.0,632.0,485075.0,307165375.0,TWSE STOCK_DAY,https://www.twse.com.tw/rwd/zh/afterTrading/STOCK_DAY?date=20240901&stockNo=6526&response=json,2024-09-30
2024-10-01,6526,達發,642.0,643.0,625.0,625.0,729760.0,462844558.0,TWSE STOCK_DAY,https://www.twse.com.tw/rwd/zh/afterTrading/STOCK_DAY?date=20241001&stockNo=6526&response=json,2024-10-01
2024-10-04,6526,達發,632.0,646.0,630.0,636.0,524136.0,334404797.0,TWSE STOCK_DAY,https://www.twse.com.tw/rwd/zh/afterTrading/STOCK_DAY?date=20241001&stockNo=6526&response=json,2024-10-04
2024-10-07,6526,達發,642.0,644.0,635.0,635.0,252041.0,160728826.0,TWSE STOCK_DAY,https://www.twse.com.tw/rwd/zh/afterTrading/STOCK_DAY?date=20241001&stockNo=6526&response=json,2024-10-07
2024-10-08,6526,達發,637.0,637.0,618.0,633.0,448271.0,280949953.0,TWSE STOCK_DAY,https://www.twse.com.tw/rwd/zh/afterTrading/STOCK_DAY?date=20241001&stockNo=6526&response=json,2024-10-08
2024-10-09,6526,達發,636.0,641.0,630.0,630.0,261028.0,165171050.0,TWSE STOCK_DAY,https://www.twse.com.tw/rwd/zh/afterTrading/STOCK_DAY?date=20241001&stockNo=6526&response=json,2024-10-09
2024-10-11,6526,達發,637.0,642.0,631.0,638.0,443999.0,283017837.0,TWSE STOCK_DAY,https://www.twse.com.tw/rwd/zh/afterTrading/STOCK_DAY?date=20241001&stockNo=6526&response=json,2024-10-11
2024-10-14,6526,達發,640.0,641.0,616.0,633.0,805041.0,505648215.0,TWSE STOCK_DAY,https://www.twse.com.tw/rwd/zh/afterTrading/STOCK_DAY?date=20241001&stockNo=6526&response=json,2024-10-14
2024-10-15,6526,達發,640.0,646.0,636.0,638.0,545800.0,349629050.0,TWSE STOCK_DAY,https://www.twse.com.tw/rwd/zh/afterTrading/STOCK_DAY?date=20241001&stockNo=6526&response=json,2024-10-15
2024-10-16,6526,達發,630.0,633.0,626.0,629.0,448943.0,282789547.0,TWSE STOCK_DAY,https://www.twse.com.tw/rwd/zh/afterTrading/STOCK_DAY?date=20241001&stockNo=6526&response=json,2024-10-16
2024-10-17,6526,達發,631.0,632.0,623.0,632.0,414015.0,260312329.0,TWSE STOCK_DAY,https://www.twse.com.tw/rwd/zh/afterTrading/STOCK_DAY?date=20241001&stockNo=6526&response=json,2024-10-17
2024-10-18,6526,達發,636.0,642.0,626.0,630.0,306262.0,193963437.0,TWSE STOCK_DAY,https://www.twse.com.tw/rwd/zh/afterTrading/STOCK_DAY?date=20241001&stockNo=6526&response=json,2024-10-18
2024-10-21,6526,達發,636.0,674.0,634.0,664.0,1469522.0,969591595.0,TWSE STOCK_DAY,https://www.twse.com.tw/rwd/zh/afterTrading/STOCK_DAY?date=20241001&stockNo=6526&response=json,2024-10-21
2024-10-22,6526,達發,664.0,667.0,652.0,656.0,503102.0,331049196.0,TWSE STOCK_DAY,https://www.twse.com.tw/rwd/zh/afterTrading/STOCK_DAY?date=20241001&stockNo=6526&response=json,2024-10-22
2024-10-23,6526,達發,660.0,669.0,656.0,658.0,479593.0,317283460.0,TWSE STOCK_DAY,https://www.twse.com.tw/rwd/zh/afterTrading/STOCK_DAY?date=20241001&stockNo=6526&response=json,2024-10-23
2024-10-24,6526,達發,666.0,674.0,652.0,652.0,941158.0,624820167.0,TWSE STOCK_DAY,https://www.twse.com.tw/rwd/zh/afterTrading/STOCK_DAY?date=20241001&stockNo=6526&response=json,2024-10-24
2024-10-25,6526,達發,653.0,657.0,644.0,653.0,330788.0,215051534.0,TWSE STOCK_DAY,https://www.twse.com.tw/rwd/zh/afterTrading/STOCK_DAY?date=20241001&stockNo=6526&response=json,2024-10-25
2024-10-28,6526,達發,655.0,656.0,625.0,625.0,1131976.0,715689271.0,TWSE STOCK_DAY,https://www.twse.com.tw/rwd/zh/afterTrading/STOCK_DAY?date=20241001&stockNo=6526&response=json,2024-10-28
2024-10-29,6526,達發,618.0,621.0,605.0,616.0,515852.0,315904773.0,TWSE STOCK_DAY,https://www.twse.com.tw/rwd/zh/afterTrading/STOCK_DAY?date=20241001&stockNo=6526&response=json,2024-10-29
2024-10-30,6526,達發,617.0,631.0,613.0,621.0,368212.0,228964826.0,TWSE STOCK_DAY,https://www.twse.com.tw/rwd/zh/afterTrading/STOCK_DAY?date=20241001&stockNo=6526&response=json,2024-10-30
2024-11-01,6526,達發,606.0,632.0,601.0,631.0,337505.0,209051544.0,TWSE STOCK_DAY,https://www.twse.com.tw/rwd/zh/afterTrading/STOCK_DAY?date=20241101&stockNo=6526&response=json,2024-11-01
2024-11-04,6526,達發,625.0,631.0,621.0,630.0,236277.0,148373792.0,TWSE STOCK_DAY,https://www.twse.com.tw/rwd/zh/afterTrading/STOCK_DAY?date=20241101&stockNo=6526&response=json,2024-11-04
2024-11-05,6526,達發,625.0,634.0,625.0,630.0,179535.0,113163842.0,TWSE STOCK_DAY,https://www.twse.com.tw/rwd/zh/afterTrading/STOCK_DAY?date=20241101&stockNo=6526&response=json,2024-11-05
2024-11-06,6526,達發,632.0,638.0,627.0,635.0,254336.0,161020480.0,TWSE STOCK_DAY,https://www.twse.com.tw/rwd/zh/afterTrading/STOCK_DAY?date=20241101&stockNo=6526&response=json,2024-11-06
2024-11-07,6526,達發,635.0,642.0,635.0,636.0,167277.0,106925160.0,TWSE STOCK_DAY,https://www.twse.com.tw/rwd/zh/afterTrading/STOCK_DAY?date=20241101&stockNo=6526&response=json,2024-11-07
2024-11-08,6526,達發,637.0,643.0,626.0,630.0,245421.0,155148054.0,TWSE STOCK_DAY,https://www.twse.com.tw/rwd/zh/afterTrading/STOCK_DAY?date=20241101&stockNo=6526&response=json,2024-11-08
2024-11-11,6526,達發,621.0,628.0,619.0,624.0,241117.0,150387520.0,TWSE STOCK_DAY,https://www.twse.com.tw/rwd/zh/afterTrading/STOCK_DAY?date=20241101&stockNo=6526&response=json,2024-11-11
2024-11-12,6526,達發,614.0,619.0,603.0,604.0,400169.0,243895181.0,TWSE STOCK_DAY,https://www.twse.com.tw/rwd/zh/afterTrading/STOCK_DAY?date=20241101&stockNo=6526&response=json,2024-11-12
2024-11-13,6526,達發,605.0,615.0,603.0,603.0,231861.0,140831242.0,TWSE STOCK_DAY,https://www.twse.com.tw/rwd/zh/afterTrading/STOCK_DAY?date=20241101&stockNo=6526&response=json,2024-11-13
2024-11-14,6526,達發,605.0,607.0,584.0,584.0,638749.0,376947275.0,TWSE STOCK_DAY,https://www.twse.com.tw/rwd/zh/afterTrading/STOCK_DAY?date=20241101&stockNo=6526&response=json,2024-11-14
2024-11-15,6526,達發,588.0,597.0,581.0,584.0,342148.0,201145659.0,TWSE STOCK_DAY,https://www.twse.com.tw/rwd/zh/afterTrading/STOCK_DAY?date=20241101&stockNo=6526&response=json,2024-11-15
2024-11-18,6526,達發,585.0,585.0,566.0,569.0,363683.0,207629319.0,TWSE STOCK_DAY,https://www.twse.com.tw/rwd/zh/afterTrading/STOCK_DAY?date=20241101&stockNo=6526&response=json,2024-11-18
2024-11-19,6526,達發,579.0,596.0,571.0,594.0,322834.0,189372758.0,TWSE STOCK_DAY,https://www.twse.com.tw/rwd/zh/afterTrading/STOCK_DAY?date=20241101&stockNo=6526&response=json,2024-11-19
2024-11-20,6526,達發,592.0,605.0,589.0,600.0,344997.0,206923235.0,TWSE STOCK_DAY,https://www.twse.com.tw/rwd/zh/afterTrading/STOCK_DAY?date=20241101&stockNo=6526&response=json,2024-11-20
2024-11-21,6526,達發,601.0,604.0,592.0,601.0,144369.0,86676795.0,TWSE STOCK_DAY,https://www.twse.com.tw/rwd/zh/afterTrading/STOCK_DAY?date=20241101&stockNo=6526&response=json,2024-11-21
2024-11-22,6526,達發,600.0,622.0,600.0,622.0,477249.0,293177079.0,TWSE STOCK_DAY,https://www.twse.com.tw/rwd/zh/afterTrading/STOCK_DAY?date=20241101&stockNo=6526&response=json,2024-11-22
2024-11-25,6526,達發,632.0,634.0,617.0,630.0,590772.0,370305910.0,TWSE STOCK_DAY,https://www.twse.com.tw/rwd/zh/afterTrading/STOCK_DAY?date=20241101&stockNo=6526&response=json,2024-11-25
2024-11-26,6526,達發,630.0,632.0,620.0,624.0,414317.0,259776961.0,TWSE STOCK_DAY,https://www.twse.com.tw/rwd/zh/afterTrading/STOCK_DAY?date=20241101&stockNo=6526&response=json,2024-11-26
2024-11-27,6526,達發,629.0,629.0,606.0,606.0,305731.0,188780316.0,TWSE STOCK_DAY,https://www.twse.com.tw/rwd/zh/afterTrading/STOCK_DAY?date=20241101&stockNo=6526&response=json,2024-11-27
2024-11-28,6526,達發,607.0,611.0,590.0,609.0,226916.0,136316206.0,TWSE STOCK_DAY,https://www.twse.com.tw/rwd/zh/afterTrading/STOCK_DAY?date=20241101&stockNo=6526&response=json,2024-11-28
2024-11-29,6526,達發,613.0,629.0,609.0,624.0,427581.0,265945989.0,TWSE STOCK_DAY,https://www.twse.com.tw/rwd/zh/afterTrading/STOCK_DAY?date=20241101&stockNo=6526&response=json,2024-11-29
2024-12-02,6526,達發,628.0,639.0,624.0,631.0,484689.0,306673698.0,TWSE STOCK_DAY,https://www.twse.com.tw/rwd/zh/afterTrading/STOCK_DAY?date=20241201&stockNo=6526&response=json,2024-12-02
2024-12-03,6526,達發,642.0,665.0,639.0,660.0,1529893.0,1004581557.0,TWSE STOCK_DAY,https://www.twse.com.tw/rwd/zh/afterTrading/STOCK_DAY?date=20241201&stockNo=6526&response=json,2024-12-03
2024-12-04,6526,達發,668.0,693.0,663.0,677.0,2173712.0,1477447467.0,TWSE STOCK_DAY,https://www.twse.com.tw/rwd/zh/afterTrading/STOCK_DAY?date=20241201&stockNo=6526&response=json,2024-12-04
2024-12-05,6526,達發,684.0,684.0,666.0,680.0,795141.0,536812665.0,TWSE STOCK_DAY,https://www.twse.com.tw/rwd/zh/afterTrading/STOCK_DAY?date=20241201&stockNo=6526&response=json,2024-12-05
2024-12-06,6526,達發,680.0,680.0,669.0,675.0,398614.0,268877718.0,TWSE STOCK_DAY,https://www.twse.com.tw/rwd/zh/afterTrading/STOCK_DAY?date=20241201&stockNo=6526&response=json,2024-12-06
2024-12-09,6526,達發,678.0,685.0,670.0,685.0,479806.0,325428050.0,TWSE STOCK_DAY,https://www.twse.com.tw/rwd/zh/afterTrading/STOCK_DAY?date=20241201&stockNo=6526&response=json,2024-12-09
2024-12-10,6526,達發,688.0,692.0,673.0,676.0,715864.0,487357595.0,TWSE STOCK_DAY,https://www.twse.com.tw/rwd/zh/afterTrading/STOCK_DAY?date=20241201&stockNo=6526&response=json,2024-12-10
2024-12-11,6526,達發,671.0,688.0,666.0,681.0,738981.0,502571411.0,TWSE STOCK_DAY,https://www.twse.com.tw/rwd/zh/afterTrading/STOCK_DAY?date=20241201&stockNo=6526&response=json,2024-12-11
2024-12-12,6526,達發,688.0,739.0,687.0,721.0,3925308.0,2846978851.0,TWSE STOCK_DAY,https://www.twse.com.tw/rwd/zh/afterTrading/STOCK_DAY?date=20241201&stockNo=6526&response=json,2024-12-12
2024-12-13,6526,達發,730.0,738.0,714.0,722.0,2033797.0,1479280603.0,TWSE STOCK_DAY,https://www.twse.com.tw/rwd/zh/afterTrading/STOCK_DAY?date=20241201&stockNo=6526&response=json,2024-12-13
2024-12-16,6526,達發,738.0,742.0,707.0,709.0,1887445.0,1368945322.0,TWSE STOCK_DAY,https://www.twse.com.tw/rwd/zh/afterTrading/STOCK_DAY?date=20241201&stockNo=6526&response=json,2024-12-16
2024-12-17,6526,達發,717.0,749.0,715.0,736.0,2472789.0,1820945655.0,TWSE STOCK_DAY,https://www.twse.com.tw/rwd/zh/afterTrading/STOCK_DAY?date=20241201&stockNo=6526&response=json,2024-12-17
2024-12-18,6526,達發,736.0,741.0,722.0,726.0,1114389.0,811144021.0,TWSE STOCK_DAY,https://www.twse.com.tw/rwd/zh/afterTrading/STOCK_DAY?date=20241201&stockNo=6526&response=json,2024-12-18
2024-12-19,6526,達發,711.0,721.0,707.0,713.0,1302623.0,927883587.0,TWSE STOCK_DAY,https://www.twse.com.tw/rwd/zh/afterTrading/STOCK_DAY?date=20241201&stockNo=6526&response=json,2024-12-19
2024-12-20,6526,達發,714.0,719.0,691.0,691.0,1002202.0,703091855.0,TWSE STOCK_DAY,https://www.twse.com.tw/rwd/zh/afterTrading/STOCK_DAY?date=20241201&stockNo=6526&response=json,2024-12-20
2024-12-23,6526,達發,703.0,707.0,693.0,705.0,560202.0,392214477.0,TWSE STOCK_DAY,https://www.twse.com.tw/rwd/zh/afterTrading/STOCK_DAY?date=20241201&stockNo=6526&response=json,2024-12-23
2024-12-24,6526,達發,709.0,710.0,692.0,692.0,601045.0,419528600.0,TWSE STOCK_DAY,https://www.twse.com.tw/rwd/zh/afterTrading/STOCK_DAY?date=20241201&stockNo=6526&response=json,2024-12-24
2024-12-25,6526,達發,695.0,732.0,695.0,719.0,1751211.0,1259216182.0,TWSE STOCK_DAY,https://www.twse.com.tw/rwd/zh/afterTrading/STOCK_DAY?date=20241201&stockNo=6526&response=json,2024-12-25
2024-12-26,6526,達發,726.0,726.0,709.0,713.0,498484.0,357127281.0,TWSE STOCK_DAY,https://www.twse.com.tw/rwd/zh/afterTrading/STOCK_DAY?date=20241201&stockNo=6526&response=json,2024-12-26
2024-12-27,6526,達發,712.0,719.0,707.0,711.0,286512.0,204333150.0,TWSE STOCK_DAY,https://www.twse.com.tw/rwd/zh/afterTrading/STOCK_DAY?date=20241201&stockNo=6526&response=json,2024-12-27
2024-12-30,6526,達發,711.0,711.0,692.0,692.0,817859.0,570666174.0,TWSE STOCK_DAY,https://www.twse.com.tw/rwd/zh/afterTrading/STOCK_DAY?date=20241201&stockNo=6526&response=json,2024-12-30
2024-12-31,6526,達發,696.0,705.0,692.0,704.0,423731.0,296504085.0,TWSE STOCK_DAY,https://www.twse.com.tw/rwd/zh/afterTrading/STOCK_DAY?date=20241201&stockNo=6526&response=json,2024-12-31
2025-01-02,6526,達發,699.0,700.0,666.0,670.0,1212124.0,822871948.0,TWSE STOCK_DAY,https://www.twse.com.tw/rwd/zh/afterTrading/STOCK_DAY?date=20250101&stockNo=6526&response=json,2025-01-02
2025-01-03,6526,達發,671.0,677.0,658.0,663.0,642217.0,426550607.0,TWSE STOCK_DAY,https://www.twse.com.tw/rwd/zh/afterTrading/STOCK_DAY?date=20250101&stockNo=6526&response=json,2025-01-03
2025-01-06,6526,達發,675.0,684.0,672.0,682.0,414992.0,281902824.0,TWSE STOCK_DAY,https://www.twse.com.tw/rwd/zh/afterTrading/STOCK_DAY?date=20250101&stockNo=6526&response=json,2025-01-06
2025-01-07,6526,達發,685.0,694.0,668.0,686.0,826067.0,561787547.0,TWSE STOCK_DAY,https://www.twse.com.tw/rwd/zh/afterTrading/STOCK_DAY?date=20250101&stockNo=6526&response=json,2025-01-07
2025-01-08,6526,達發,682.0,688.0,670.0,672.0,575211.0,388845888.0,TWSE STOCK_DAY,https://www.twse.com.tw/rwd/zh/afterTrading/STOCK_DAY?date=20250101&stockNo=6526&response=json,2025-01-08
2025-01-09,6526,達發,677.0,685.0,660.0,662.0,549396.0,368971282.0,TWSE STOCK_DAY,https://www.twse.com.tw/rwd/zh/afterTrading/STOCK_DAY?date=20250101&stockNo=6526&response=json,2025-01-09
2025-01-10,6526,達發,661.0,682.0,661.0,676.0,638464.0,431017330.0,TWSE STOCK_DAY,https://www.twse.com.tw/rwd/zh/afterTrading/STOCK_DAY?date=20250101&stockNo=6526&response=json,2025-01-10
2025-01-13,6526,達發,671.0,671.0,628.0,631.0,1078310.0,691075786.0,TWSE STOCK_DAY,https://www.twse.com.tw/rwd/zh/afterTrading/STOCK_DAY?date=20250101&stockNo=6526&response=json,2025-01-13
2025-01-14,6526,達發,634.0,644.0,631.0,639.0,327195.0,208723806.0,TWSE STOCK_DAY,https://www.twse.com.tw/rwd/zh/afterTrading/STOCK_DAY?date=20250101&stockNo=6526&response=json,2025-01-14
2025-01-15,6526,達發,639.0,647.0,631.0,640.0,282598.0,180546243.0,TWSE STOCK_DAY,https://www.twse.com.tw/rwd/zh/afterTrading/STOCK_DAY?date=20250101&stockNo=6526&response=json,2025-01-15
2025-01-16,6526,達發,649.0,656.0,645.0,652.0,407241.0,265536978.0,TWSE STOCK_DAY,https://www.twse.com.tw/rwd/zh/afterTrading/STOCK_DAY?date=20250101&stockNo=6526&response=json,2025-01-16
2025-01-17,6526,達發,654.0,654.0,640.0,646.0,247443.0,159546669.0,TWSE STOCK_DAY,https://www.twse.com.tw/rwd/zh/afterTrading/STOCK_DAY?date=20250101&stockNo=6526&response=json,2025-01-17
2025-01-20,6526,達發,647.0,667.0,647.0,667.0,375269.0,247754070.0,TWSE STOCK_DAY,https://www.twse.com.tw/rwd/zh/afterTrading/STOCK_DAY?date=20250101&stockNo=6526&response=json,2025-01-20
2025-01-21,6526,達發,667.0,670.0,659.0,670.0,349895.0,233147622.0,TWSE STOCK_DAY,https://www.twse.com.tw/rwd/zh/afterTrading/STOCK_DAY?date=20250101&stockNo=6526&response=json,2025-01-21
2025-01-22,6526,達發,679.0,681.0,668.0,680.0,531929.0,360308556.0,TWSE STOCK_DAY,https://www.twse.com.tw/rwd/zh/afterTrading/STOCK_DAY?date=20250101&stockNo=6526&response=json,2025-01-22
2025-02-03,6526,達發,658.0,670.0,652.0,662.0,522341.0,344319098.0,TWSE STOCK_DAY,https://www.twse.com.tw/rwd/zh/afterTrading/STOCK_DAY?date=20250201&stockNo=6526&response=json,2025-02-03
2025-02-04,6526,達發,666.0,676.0,661.0,671.0,479725.0,321587841.0,TWSE STOCK_DAY,https://www.twse.com.tw/rwd/zh/afterTrading/STOCK_DAY?date=20250201&stockNo=6526&response=json,2025-02-04
2025-02-05,6526,達發,681.0,707.0,679.0,691.0,1066868.0,741236235.0,TWSE STOCK_DAY,https://www.twse.com.tw/rwd/zh/afterTrading/STOCK_DAY?date=20250201&stockNo=6526&response=json,2025-02-05
2025-02-06,6526,達發,696.0,698.0,684.0,689.0,459586.0,317366921.0,TWSE STOCK_DAY,https://www.twse.com.tw/rwd/zh/afterTrading/STOCK_DAY?date=20250201&stockNo=6526&response=json,2025-02-06
2025-02-07,6526,達發,693.0,693.0,683.0,684.0,386315.0,265448255.0,TWSE STOCK_DAY,https://www.twse.com.tw/rwd/zh/afterTrading/STOCK_DAY?date=20250201&stockNo=6526&response=json,2025-02-07
2025-02-10,6526,達發,682.0,682.0,670.0,678.0,281573.0,189961273.0,TWSE STOCK_DAY,https://www.twse.com.tw/rwd/zh/afterTrading/STOCK_DAY?date=20250201&stockNo=6526&response=json,2025-02-10
2025-02-11,6526,達發,689.0,708.0,685.0,705.0,1390923.0,975716667.0,TWSE STOCK_DAY,https://www.twse.com.tw/rwd/zh/afterTrading/STOCK_DAY?date=20250201&stockNo=6526&response=json,2025-02-11
2025-02-12,6526,達發,708.0,715.0,698.0,698.0,810092.0,570664477.0,TWSE STOCK_DAY,https://www.twse.com.tw/rwd/zh/afterTrading/STOCK_DAY?date=20250201&stockNo=6526&response=json,2025-02-12
2025-02-13,6526,達發,702.0,709.0,696.0,709.0,509531.0,359130765.0,TWSE STOCK_DAY,https://www.twse.com.tw/rwd/zh/afterTrading/STOCK_DAY?date=20250201&stockNo=6526&response=json,2025-02-13
2025-02-14,6526,達發,710.0,714.0,693.0,694.0,562975.0,394596242.0,TWSE STOCK_DAY,https://www.twse.com.tw/rwd/zh/afterTrading/STOCK_DAY?date=20250201&stockNo=6526&response=json,2025-02-14
2025-02-17,6526,達發,695.0,708.0,695.0,702.0,441962.0,310452661.0,TWSE STOCK_DAY,https://www.twse.com.tw/rwd/zh/afterTrading/STOCK_DAY?date=20250201&stockNo=6526&response=json,2025-02-17
2025-02-18,6526,達發,710.0,710.0,698.0,704.0,358907.0,252858922.0,TWSE STOCK_DAY,https://www.twse.com.tw/rwd/zh/afterTrading/STOCK_DAY?date=20250201&stockNo=6526&response=json,2025-02-18
2025-02-19,6526,達發,702.0,702.0,697.0,698.0,311075.0,217449981.0,TWSE STOCK_DAY,https://www.twse.com.tw/rwd/zh/afterTrading/STOCK_DAY?date=20250201&stockNo=6526&response=json,2025-02-19
2025-02-20,6526,達發,698.0,700.0,686.0,692.0,411174.0,284573177.0,TWSE STOCK_DAY,https://www.twse.com.tw/rwd/zh/afterTrading/STOCK_DAY?date=20250201&stockNo=6526&response=json,2025-02-20
2025-02-21,6526,達發,690.0,693.0,687.0,689.0,240853.0,166174387.0,TWSE STOCK_DAY,https://www.twse.com.tw/rwd/zh/afterTrading/STOCK_DAY?date=20250201&stockNo=6526&response=json,2025-02-21
2025-02-24,6526,達發,683.0,686.0,678.0,685.0,240811.0,164460844.0,TWSE STOCK_DAY,https://www.twse.com.tw/rwd/zh/afterTrading/STOCK_DAY?date=20250201&stockNo=6526&response=json,2025-02-24
2025-02-25,6526,達發,680.0,680.0,672.0,676.0,362416.0,245002714.0,TWSE STOCK_DAY,https://www.twse.com.tw/rwd/zh/afterTrading/STOCK_DAY?date=20250201&stockNo=6526&response=json,2025-02-25
2025-02-26,6526,達發,673.0,684.0,667.0,678.0,450431.0,305088789.0,TWSE STOCK_DAY,https://www.twse.com.tw/rwd/zh/afterTrading/STOCK_DAY?date=20250201&stockNo=6526&response=json,2025-02-26
2025-02-27,6526,達發,677.0,683.0,659.0,659.0,613422.0,408562562.0,TWSE STOCK_DAY,https://www.twse.com.tw/rwd/zh/afterTrading/STOCK_DAY?date=20250201&stockNo=6526&response=json,2025-02-27
2025-03-03,6526,達發,653.0,655.0,636.0,643.0,489125.0,315084912.0,TWSE STOCK_DAY,https://www.twse.com.tw/rwd/zh/afterTrading/STOCK_DAY?date=20250301&stockNo=6526&response=json,2025-03-03
2025-03-04,6526,達發,634.0,655.0,624.0,652.0,435265.0,278681808.0,TWSE STOCK_DAY,https://www.twse.com.tw/rwd/zh/afterTrading/STOCK_DAY?date=20250301&stockNo=6526&response=json,2025-03-04
2025-03-05,6526,達發,652.0,656.0,648.0,650.0,224395.0,146289174.0,TWSE STOCK_DAY,https://www.twse.com.tw/rwd/zh/afterTrading/STOCK_DAY?date=20250301&stockNo=6526&response=json,2025-03-05
2025-03-06,6526,達發,654.0,660.0,650.0,651.0,272640.0,178153342.0,TWSE STOCK_DAY,https://www.twse.com.tw/rwd/zh/afterTrading/STOCK_DAY?date=20250301&stockNo=6526&response=json,2025-03-06
2025-03-07,6526,達發,645.0,649.0,635.0,635.0,361475.0,231141103.0,TWSE STOCK_DAY,https://www.twse.com.tw/rwd/zh/afterTrading/STOCK_DAY?date=20250301&stockNo=6526&response=json,2025-03-07
2025-03-10,6526,達發,636.0,647.0,630.0,633.0,264355.0,168618377.0,TWSE STOCK_DAY,https://www.twse.com.tw/rwd/zh/afterTrading/STOCK_DAY?date=20250301&stockNo=6526&response=json,2025-03-10
2025-03-11,6526,達發,625.0,625.0,602.0,614.0,511827.0,312800518.0,TWSE STOCK_DAY,https://www.twse.com.tw/rwd/zh/afterTrading/STOCK_DAY?date=20250301&stockNo=6526&response=json,2025-03-11
2025-03-12,6526,達發,618.0,626.0,615.0,622.0,349424.0,217077307.0,TWSE STOCK_DAY,https://www.twse.com.tw/rwd/zh/afterTrading/STOCK_DAY?date=20250301&stockNo=6526&response=json,2025-03-12
2025-03-13,6526,達發,630.0,634.0,609.0,611.0,269475.0,166810657.0,TWSE STOCK_DAY,https://www.twse.com.tw/rwd/zh/afterTrading/STOCK_DAY?date=20250301&stockNo=6526&response=json,2025-03-13
2025-03-14,6526,達發,612.0,616.0,607.0,611.0,207804.0,126932846.0,TWSE STOCK_DAY,https://www.twse.com.tw/rwd/zh/afterTrading/STOCK_DAY?date=20250301&stockNo=6526&response=json,2025-03-14
2025-03-17,6526,達發,620.0,623.0,613.0,615.0,185047.0,114328233.0,TWSE STOCK_DAY,https://www.twse.com.tw/rwd/zh/afterTrading/STOCK_DAY?date=20250301&stockNo=6526&response=json,2025-03-17
2025-03-18,6526,達發,619.0,631.0,619.0,626.0,184143.0,115384417.0,TWSE STOCK_DAY,https://www.twse.com.tw/rwd/zh/afterTrading/STOCK_DAY?date=20250301&stockNo=6526&response=json,2025-03-18
2025-03-19,6526,達發,627.0,633.0,615.0,617.0,240201.0,149405869.0,TWSE STOCK_DAY,https://www.twse.com.tw/rwd/zh/afterTrading/STOCK_DAY?date=20250301&stockNo=6526&response=json,2025-03-19
2025-03-20,6526,達發,629.0,629.0,619.0,626.0,207649.0,129372151.0,TWSE STOCK_DAY,https://www.twse.com.tw/rwd/zh/afterTrading/STOCK_DAY?date=20250301&stockNo=6526&response=json,2025-03-20
2025-03-21,6526,達發,624.0,630.0,619.0,630.0,241785.0,151056966.0,TWSE STOCK_DAY,https://www.twse.com.tw/rwd/zh/afterTrading/STOCK_DAY?date=20250301&stockNo=6526&response=json,2025-03-21
2025-03-24,6526,達發,628.0,632.0,621.0,623.0,187176.0,116755586.0,TWSE STOCK_DAY,https://www.twse.com.tw/rwd/zh/afterTrading/STOCK_DAY?date=20250301&stockNo=6526&response=json,2025-03-24
2025-03-25,6526,達發,630.0,633.0,624.0,627.0,199905.0,125617584.0,TWSE STOCK_DAY,https://www.twse.com.tw/rwd/zh/afterTrading/STOCK_DAY?date=20250301&stockNo=6526&response=json,2025-03-25
2025-03-26,6526,達發,628.0,635.0,627.0,630.0,145054.0,91411403.0,TWSE STOCK_DAY,https://www.twse.com.tw/rwd/zh/afterTrading/STOCK_DAY?date=20250301&stockNo=6526&response=json,2025-03-26
2025-03-27,6526,達發,619.0,620.0,612.0,619.0,188685.0,116356371.0,TWSE STOCK_DAY,https://www.twse.com.tw/rwd/zh/afterTrading/STOCK_DAY?date=20250301&stockNo=6526&response=json,2025-03-27
2025-03-28,6526,達發,615.0,615.0,586.0,592.0,762938.0,454803433.0,TWSE STOCK_DAY,https://www.twse.com.tw/rwd/zh/afterTrading/STOCK_DAY?date=20250301&stockNo=6526&response=json,2025-03-28
2025-03-31,6526,達發,566.0,570.0,545.0,550.0,809000.0,448545186.0,TWSE STOCK_DAY,https://www.twse.com.tw/rwd/zh/afterTrading/STOCK_DAY?date=20250301&stockNo=6526&response=json,2025-03-31
2025-04-01,6526,達發,556.0,580.0,550.0,577.0,328085.0,186120318.0,TWSE STOCK_DAY,https://www.twse.com.tw/rwd/zh/afterTrading/STOCK_DAY?date=20250401&stockNo=6526&response=json,2025-04-01
2025-04-02,6526,達發,573.0,583.0,568.0,580.0,178791.0,103169815.0,TWSE STOCK_DAY,https://www.twse.com.tw/rwd/zh/afterTrading/STOCK_DAY?date=20250401&stockNo=6526&response=json,2025-04-02
2025-04-07,6526,達發,522.0,522.0,522.0,522.0,28128.0,14682816.0,TWSE STOCK_DAY,https://www.twse.com.tw/rwd/zh/afterTrading/STOCK_DAY?date=20250401&stockNo=6526&response=json,2025-04-07
2025-04-08,6526,達發,473.5,490.5,470.0,470.0,1075122.0,510860705.0,TWSE STOCK_DAY,https://www.twse.com.tw/rwd/zh/afterTrading/STOCK_DAY?date=20250401&stockNo=6526&response=json,2025-04-08
2025-04-09,6526,達發,442.5,460.0,423.0,423.0,949716.0,414866103.0,TWSE STOCK_DAY,https://www.twse.com.tw/rwd/zh/afterTrading/STOCK_DAY?date=20250401&stockNo=6526&response=json,2025-04-09
2025-04-10,6526,達發,465.0,465.0,465.0,465.0,193839.0,90135135.0,TWSE STOCK_DAY,https://www.twse.com.tw/rwd/zh/afterTrading/STOCK_DAY?date=20250401&stockNo=6526&response=json,2025-04-10
2025-04-11,6526,達發,465.0,482.5,441.0,481.0,785476.0,364786598.0,TWSE STOCK_DAY,https://www.twse.com.tw/rwd/zh/afterTrading/STOCK_DAY?date=20250401&stockNo=6526&response=json,2025-04-11
2025-04-14,6526,達發,499.0,514.0,483.0,488.0,580735.0,287843180.0,TWSE STOCK_DAY,https://www.twse.com.tw/rwd/zh/afterTrading/STOCK_DAY?date=20250401&stockNo=6526&response=json,2025-04-14
2025-04-15,6526,達發,493.0,510.0,488.5,507.0,322983.0,162295161.0,TWSE STOCK_DAY,https://www.twse.com.tw/rwd/zh/afterTrading/STOCK_DAY?date=20250401&stockNo=6526&response=json,2025-04-15
2025-04-16,6526,達發,502.0,510.0,499.0,504.0,391305.0,197596829.0,TWSE STOCK_DAY,https://www.twse.com.tw/rwd/zh/afterTrading/STOCK_DAY?date=20250401&stockNo=6526&response=json,2025-04-16
2025-04-17,6526,達發,500.0,504.0,492.0,499.0,209405.0,104320191.0,TWSE STOCK_DAY,https://www.twse.com.tw/rwd/zh/afterTrading/STOCK_DAY?date=20250401&stockNo=6526&response=json,2025-04-17
2025-04-18,6526,達發,503.0,503.0,494.0,494.5,234123.0,116428870.0,TWSE STOCK_DAY,https://www.twse.com.tw/rwd/zh/afterTrading/STOCK_DAY?date=20250401&stockNo=6526&response=json,2025-04-18
2025-04-21,6526,達發,493.0,494.0,481.0,481.0,287148.0,139421524.0,TWSE STOCK_DAY,https://www.twse.com.tw/rwd/zh/afterTrading/STOCK_DAY?date=20250401&stockNo=6526&response=json,2025-04-21
2025-04-22,6526,達發,477.0,484.0,462.5,468.0,318360.0,150380587.0,TWSE STOCK_DAY,https://www.twse.com.tw/rwd/zh/afterTrading/STOCK_DAY?date=20250401&stockNo=6526&response=json,2025-04-22
2025-04-23,6526,達發,485.0,496.0,485.0,489.0,353756.0,173635414.0,TWSE STOCK_DAY,https://www.twse.com.tw/rwd/zh/afterTrading/STOCK_DAY?date=20250401&stockNo=6526&response=json,2025-04-23
2025-04-24,6526,達發,507.0,507.0,486.0,486.0,249308.0,122301164.0,TWSE STOCK_DAY,https://www.twse.com.tw/rwd/zh/afterTrading/STOCK_DAY?date=20250401&stockNo=6526&response=json,2025-04-24
2025-04-25,6526,達發,495.5,506.0,495.5,500.0,273684.0,137447333.0,TWSE STOCK_DAY,https://www.twse.com.tw/rwd/zh/afterTrading/STOCK_DAY?date=20250401&stockNo=6526&response=json,2025-04-25
2025-04-28,6526,達發,502.0,509.0,502.0,506.0,133676.0,67539381.0,TWSE STOCK_DAY,https://www.twse.com.tw/rwd/zh/afterTrading/STOCK_DAY?date=20250401&stockNo=6526&response=json,2025-04-28
2025-04-29,6526,達發,510.0,516.0,502.0,516.0,230924.0,117941697.0,TWSE STOCK_DAY,https://www.twse.com.tw/rwd/zh/afterTrading/STOCK_DAY?date=20250401&stockNo=6526&response=json,2025-04-29
2025-04-30,6526,達發,518.0,522.0,503.0,503.0,293733.0,150293346.0,TWSE STOCK_DAY,https://www.twse.com.tw/rwd/zh/afterTrading/STOCK_DAY?date=20250401&stockNo=6526&response=json,2025-04-30
2025-05-02,6526,達發,513.0,516.0,506.0,510.0,197330.0,100819557.0,TWSE STOCK_DAY,https://www.twse.com.tw/rwd/zh/afterTrading/STOCK_DAY?date=20250501&stockNo=6526&response=json,2025-05-02
2025-05-05,6526,達發,512.0,520.0,482.5,495.5,525497.0,260816820.0,TWSE STOCK_DAY,https://www.twse.com.tw/rwd/zh/afterTrading/STOCK_DAY?date=20250501&stockNo=6526&response=json,2025-05-05
2025-05-06,6526,達發,490.5,500.0,490.0,493.0,163119.0,80727364.0,TWSE STOCK_DAY,https://www.twse.com.tw/rwd/zh/afterTrading/STOCK_DAY?date=20250501&stockNo=6526&response=json,2025-05-06
2025-05-07,6526,達發,491.5,498.0,485.5,486.0,153361.0,75144798.0,TWSE STOCK_DAY,https://www.twse.com.tw/rwd/zh/afterTrading/STOCK_DAY?date=20250501&stockNo=6526&response=json,2025-05-07
2025-05-08,6526,達發,491.0,503.0,491.0,503.0,135943.0,67917119.0,TWSE STOCK_DAY,https://www.twse.com.tw/rwd/zh/afterTrading/STOCK_DAY?date=20250501&stockNo=6526&response=json,2025-05-08
2025-05-09,6526,達發,505.0,521.0,504.0,520.0,568912.0,293685564.0,TWSE STOCK_DAY,https://www.twse.com.tw/rwd/zh/afterTrading/STOCK_DAY?date=20250501&stockNo=6526&response=json,2025-05-09
2025-05-12,6526,達發,527.0,536.0,523.0,525.0,334385.0,177171545.0,TWSE STOCK_DAY,https://www.twse.com.tw/rwd/zh/afterTrading/STOCK_DAY?date=20250501&stockNo=6526&response=json,2025-05-12
2025-05-13,6526,達發,538.0,540.0,532.0,535.0,286055.0,153278634.0,TWSE STOCK_DAY,https://www.twse.com.tw/rwd/zh/afterTrading/STOCK_DAY?date=20250501&stockNo=6526&response=json,2025-05-13
2025-05-14,6526,達發,537.0,547.0,537.0,545.0,298474.0,161992580.0,TWSE STOCK_DAY,https://www.twse.com.tw/rwd/zh/afterTrading/STOCK_DAY?date=20250501&stockNo=6526&response=json,2025-05-14
2025-05-15,6526,達發,548.0,548.0,536.0,541.0,189465.0,102454080.0,TWSE STOCK_DAY,https://www.twse.com.tw/rwd/zh/afterTrading/STOCK_DAY?date=20250501&stockNo=6526&response=json,2025-05-15
2025-05-16,6526,達發,540.0,543.0,537.0,542.0,145752.0,78832190.0,TWSE STOCK_DAY,https://www.twse.com.tw/rwd/zh/afterTrading/STOCK_DAY?date=20250501&stockNo=6526&response=json,2025-05-16
2025-05-19,6526,達發,538.0,538.0,521.0,524.0,309848.0,162891039.0,TWSE STOCK_DAY,https://www.twse.com.tw/rwd/zh/afterTrading/STOCK_DAY?date=20250501&stockNo=6526&response=json,2025-05-19
2025-05-20,6526,達發,535.0,538.0,521.0,523.0,282875.0,149267258.0,TWSE STOCK_DAY,https://www.twse.com.tw/rwd/zh/afterTrading/STOCK_DAY?date=20250501&stockNo=6526&response=json,2025-05-20
2025-05-21,6526,達發,525.0,537.0,525.0,537.0,217038.0,115612685.0,TWSE STOCK_DAY,https://www.twse.com.tw/rwd/zh/afterTrading/STOCK_DAY?date=20250501&stockNo=6526&response=json,2025-05-21
2025-05-22,6526,達發,529.0,533.0,524.0,530.0,147287.0,77775936.0,TWSE STOCK_DAY,https://www.twse.com.tw/rwd/zh/afterTrading/STOCK_DAY?date=20250501&stockNo=6526&response=json,2025-05-22
2025-05-23,6526,達發,537.0,545.0,526.0,526.0,270667.0,144492069.0,TWSE STOCK_DAY,https://www.twse.com.tw/rwd/zh/afterTrading/STOCK_DAY?date=20250501&stockNo=6526&response=json,2025-05-23
2025-05-26,6526,達發,526.0,528.0,521.0,521.0,138514.0,72518512.0,TWSE STOCK_DAY,https://www.twse.com.tw/rwd/zh/afterTrading/STOCK_DAY?date=20250501&stockNo=6526&response=json,2025-05-26
2025-05-27,6526,達發,524.0,524.0,507.0,511.0,277117.0,141931987.0,TWSE STOCK_DAY,https://www.twse.com.tw/rwd/zh/afterTrading/STOCK_DAY?date=20250501&stockNo=6526&response=json,2025-05-27
2025-05-28,6526,達發,518.0,519.0,506.0,511.0,247802.0,126491891.0,TWSE STOCK_DAY,https://www.twse.com.tw/rwd/zh/afterTrading/STOCK_DAY?date=20250501&stockNo=6526&response=json,2025-05-28
2025-05-29,6526,達發,515.0,520.0,511.0,515.0,166709.0,86063500.0,TWSE STOCK_DAY,https://www.twse.com.tw/rwd/zh/afterTrading/STOCK_DAY?date=20250501&stockNo=6526&response=json,2025-05-29
2025-06-02,6526,達發,509.0,509.0,491.0,496.0,311826.0,155045258.0,TWSE STOCK_DAY,https://www.twse.com.tw/rwd/zh/afterTrading/STOCK_DAY?date=20250601&stockNo=6526&response=json,2025-06-02
2025-06-03,6526,達發,497.0,502.0,493.0,493.0,161442.0,80171681.0,TWSE STOCK_DAY,https://www.twse.com.tw/rwd/zh/afterTrading/STOCK_DAY?date=20250601&stockNo=6526&response=json,2025-06-03
2025-06-04,6526,達發,499.5,510.0,499.5,509.0,213405.0,108153563.0,TWSE STOCK_DAY,https://www.twse.com.tw/rwd/zh/afterTrading/STOCK_DAY?date=20250601&stockNo=6526&response=json,2025-06-04
2025-06-05,6526,達發,511.0,513.0,506.0,506.0,162480.0,82585345.0,TWSE STOCK_DAY,https://www.twse.com.tw/rwd/zh/afterTrading/STOCK_DAY?date=20250601&stockNo=6526&response=json,2025-06-05
2025-06-06,6526,達發,506.0,514.0,506.0,512.0,123755.0,63244011.0,TWSE STOCK_DAY,https://www.twse.com.tw/rwd/zh/afterTrading/STOCK_DAY?date=20250601&stockNo=6526&response=json,2025-06-06
2025-06-09,6526,達發,518.0,518.0,508.0,517.0,138957.0,71246338.0,TWSE STOCK_DAY,https://www.twse.com.tw/rwd/zh/afterTrading/STOCK_DAY?date=20250601&stockNo=6526&response=json,2025-06-09
2025-06-10,6526,達發,517.0,526.0,517.0,525.0,239199.0,125302302.0,TWSE STOCK_DAY,https://www.twse.com.tw/rwd/zh/afterTrading/STOCK_DAY?date=20250601&stockNo=6526&response=json,2025-06-10
2025-06-11,6526,達發,528.0,542.0,528.0,542.0,433854.0,232541197.0,TWSE STOCK_DAY,https://www.twse.com.tw/rwd/zh/afterTrading/STOCK_DAY?date=20250601&stockNo=6526&response=json,2025-06-11
2025-06-12,6526,達發,540.0,541.0,534.0,537.0,217728.0,116918822.0,TWSE STOCK_DAY,https://www.twse.com.tw/rwd/zh/afterTrading/STOCK_DAY?date=20250601&stockNo=6526&response=json,2025-06-12
2025-06-13,6526,達發,533.0,533.0,520.0,520.0,317302.0,166210491.0,TWSE STOCK_DAY,https://www.twse.com.tw/rwd/zh/afterTrading/STOCK_DAY?date=20250601&stockNo=6526&response=json,2025-06-13
2025-06-16,6526,達發,518.0,526.0,515.0,526.0,126022.0,65682275.0,TWSE STOCK_DAY,https://www.twse.com.tw/rwd/zh/afterTrading/STOCK_DAY?date=20250601&stockNo=6526&response=json,2025-06-16
2025-06-17,6526,達發,530.0,534.0,525.0,526.0,218078.0,115335723.0,TWSE STOCK_DAY,https://www.twse.com.tw/rwd/zh/afterTrading/STOCK_DAY?date=20250601&stockNo=6526&response=json,2025-06-17
2025-06-18,6526,達發,524.0,535.0,524.0,532.0,183825.0,97892415.0,TWSE STOCK_DAY,https://www.twse.com.tw/rwd/zh/afterTrading/STOCK_DAY?date=20250601&stockNo=6526&response=json,2025-06-18
2025-06-19,6526,達發,528.0,530.0,521.0,523.0,154383.0,80929715.0,TWSE STOCK_DAY,https://www.twse.com.tw/rwd/zh/afterTrading/STOCK_DAY?date=20250601&stockNo=6526&response=json,2025-06-19
2025-06-20,6526,達發,523.0,524.0,508.0,511.0,354899.0,181918051.0,TWSE STOCK_DAY,https://www.twse.com.tw/rwd/zh/afterTrading/STOCK_DAY?date=20250601&stockNo=6526&response=json,2025-06-20
2025-06-23,6526,達發,508.0,510.0,492.5,507.0,308591.0,154848300.0,TWSE STOCK_DAY,https://www.twse.com.tw/rwd/zh/afterTrading/STOCK_DAY?date=20250601&stockNo=6526&response=json,2025-06-23
2025-06-24,6526,達發,515.0,533.0,515.0,530.0,251494.0,132495333.0,TWSE STOCK_DAY,https://www.twse.com.tw/rwd/zh/afterTrading/STOCK_DAY?date=20250601&stockNo=6526&response=json,2025-06-24
2025-06-25,6526,達發,536.0,546.0,533.0,540.0,453715.0,245041034.0,TWSE STOCK_DAY,https://www.twse.com.tw/rwd/zh/afterTrading/STOCK_DAY?date=20250601&stockNo=6526&response=json,2025-06-25
2025-06-26,6526,達發,544.0,552.0,538.0,538.0,340915.0,185664235.0,TWSE STOCK_DAY,https://www.twse.com.tw/rwd/zh/afterTrading/STOCK_DAY?date=20250601&stockNo=6526&response=json,2025-06-26
2025-06-27,6526,達發,537.0,545.0,537.0,541.0,232614.0,125969693.0,TWSE STOCK_DAY,https://www.twse.com.tw/rwd/zh/afterTrading/STOCK_DAY?date=20250601&stockNo=6526&response=json,2025-06-27
2025-06-30,6526,達發,541.0,541.0,530.0,530.0,196824.0,105224177.0,TWSE STOCK_DAY,https://www.twse.com.tw/rwd/zh/afterTrading/STOCK_DAY?date=20250601&stockNo=6526&response=json,2025-06-30
2025-07-01,6526,達發,539.0,548.0,536.0,536.0,342947.0,186052632.0,TWSE STOCK_DAY,https://www.twse.com.tw/rwd/zh/afterTrading/STOCK_DAY?date=20250701&stockNo=6526&response=json,2025-07-01
2025-07-02,6526,達發,540.0,552.0,537.0,548.0,493296.0,269648488.0,TWSE STOCK_DAY,https://www.twse.com.tw/rwd/zh/afterTrading/STOCK_DAY?date=20250701&stockNo=6526&response=json,2025-07-02
2025-07-03,6526,達發,544.0,544.0,535.0,536.0,351242.0,189341353.0,TWSE STOCK_DAY,https://www.twse.com.tw/rwd/zh/afterTrading/STOCK_DAY?date=20250701&stockNo=6526&response=json,2025-07-03
2025-07-04,6526,達發,542.0,542.0,531.0,531.0,194368.0,104063111.0,TWSE STOCK_DAY,https://www.twse.com.tw/rwd/zh/afterTrading/STOCK_DAY?date=20250701&stockNo=6526&response=json,2025-07-04
2025-07-07,6526,達發,530.0,530.0,513.0,518.0,207236.0,107667982.0,TWSE STOCK_DAY,https://www.twse.com.tw/rwd/zh/afterTrading/STOCK_DAY?date=20250701&stockNo=6526&response=json,2025-07-07
2025-07-08,6526,達發,518.0,518.0,510.0,511.0,145871.0,74777032.0,TWSE STOCK_DAY,https://www.twse.com.tw/rwd/zh/afterTrading/STOCK_DAY?date=20250701&stockNo=6526&response=json,2025-07-08
2025-07-09,6526,達發,520.0,542.0,518.0,538.0,381148.0,204240222.0,TWSE STOCK_DAY,https://www.twse.com.tw/rwd/zh/afterTrading/STOCK_DAY?date=20250701&stockNo=6526&response=json,2025-07-09
2025-07-10,6526,達發,541.0,555.0,538.0,544.0,544267.0,298296621.0,TWSE STOCK_DAY,https://www.twse.com.tw/rwd/zh/afterTrading/STOCK_DAY?date=20250701&stockNo=6526&response=json,2025-07-10
2025-07-11,6526,達發,549.0,592.0,549.0,580.0,1402843.0,808876713.0,TWSE STOCK_DAY,https://www.twse.com.tw/rwd/zh/afterTrading/STOCK_DAY?date=20250701&stockNo=6526&response=json,2025-07-11
2025-07-14,6526,達發,577.0,577.0,539.0,551.0,921625.0,514065503.0,TWSE STOCK_DAY,https://www.twse.com.tw/rwd/zh/afterTrading/STOCK_DAY?date=20250701&stockNo=6526&response=json,2025-07-14
2025-07-15,6526,達發,551.0,560.0,545.0,550.0,374149.0,206158251.0,TWSE STOCK_DAY,https://www.twse.com.tw/rwd/zh/afterTrading/STOCK_DAY?date=20250701&stockNo=6526&response=json,2025-07-15
2025-07-16,6526,達發,555.0,567.0,552.0,557.0,597055.0,334888347.0,TWSE STOCK_DAY,https://www.twse.com.tw/rwd/zh/afterTrading/STOCK_DAY?date=20250701&stockNo=6526&response=json,2025-07-16
2025-07-17,6526,達發,564.0,564.0,551.0,553.0,221429.0,122710049.0,TWSE STOCK_DAY,https://www.twse.com.tw/rwd/zh/afterTrading/STOCK_DAY?date=20250701&stockNo=6526&response=json,2025-07-17
2025-07-18,6526,達發,561.0,561.0,548.0,550.0,236265.0,130268135.0,TWSE STOCK_DAY,https://www.twse.com.tw/rwd/zh/afterTrading/STOCK_DAY?date=20250701&stockNo=6526&response=json,2025-07-18
2025-07-21,6526,達發,550.0,553.0,545.0,545.0,158133.0,86762178.0,TWSE STOCK_DAY,https://www.twse.com.tw/rwd/zh/afterTrading/STOCK_DAY?date=20250701&stockNo=6526&response=json,2025-07-21
2025-07-22,6526,達發,550.0,552.0,528.0,531.0,351030.0,188622927.0,TWSE STOCK_DAY,https://www.twse.com.tw/rwd/zh/afterTrading/STOCK_DAY?date=20250701&stockNo=6526&response=json,2025-07-22
2025-07-23,6526,達發,539.0,544.0,536.0,538.0,108623.0,58663944.0,TWSE STOCK_DAY,https://www.twse.com.tw/rwd/zh/afterTrading/STOCK_DAY?date=20250701&stockNo=6526&response=json,2025-07-23
2025-07-24,6526,達發,539.0,541.0,534.0,540.0,129861.0,69796201.0,TWSE STOCK_DAY,https://www.twse.com.tw/rwd/zh/afterTrading/STOCK_DAY?date=20250701&stockNo=6526&response=json,2025-07-24
2025-07-25,6526,達發,539.0,544.0,536.0,540.0,136304.0,73754783.0,TWSE STOCK_DAY,https://www.twse.com.tw/rwd/zh/afterTrading/STOCK_DAY?date=20250701&stockNo=6526&response=json,2025-07-25
2025-07-28,6526,達發,545.0,548.0,539.0,543.0,128300.0,69708228.0,TWSE STOCK_DAY,https://www.twse.com.tw/rwd/zh/afterTrading/STOCK_DAY?date=20250701&stockNo=6526&response=json,2025-07-28
2025-07-29,6526,達發,552.0,561.0,531.0,539.0,628310.0,342432744.0,TWSE STOCK_DAY,https://www.twse.com.tw/rwd/zh/afterTrading/STOCK_DAY?date=20250701&stockNo=6526&response=json,2025-07-29
2025-07-30,6526,達發,543.0,567.0,535.0,555.0,674811.0,375759106.0,TWSE STOCK_DAY,https://www.twse.com.tw/rwd/zh/afterTrading/STOCK_DAY?date=20250701&stockNo=6526&response=json,2025-07-30
2025-07-31,6526,達發,565.0,575.0,556.0,557.0,543050.0,305878385.0,TWSE STOCK_DAY,https://www.twse.com.tw/rwd/zh/afterTrading/STOCK_DAY?date=20250701&stockNo=6526&response=json,2025-07-31
2025-08-01,6526,達發,553.0,557.0,543.0,551.0,322991.0,178068383.0,TWSE STOCK_DAY,https://www.twse.com.tw/rwd/zh/afterTrading/STOCK_DAY?date=20250801&stockNo=6526&response=json,2025-08-01
2025-08-04,6526,達發,548.0,548.0,534.0,537.0,437588.0,235743355.0,TWSE STOCK_DAY,https://www.twse.com.tw/rwd/zh/afterTrading/STOCK_DAY?date=20250801&stockNo=6526&response=json,2025-08-04
2025-08-05,6526,達發,545.0,555.0,541.0,543.0,286086.0,156514136.0,TWSE STOCK_DAY,https://www.twse.com.tw/rwd/zh/afterTrading/STOCK_DAY?date=20250801&stockNo=6526&response=json,2025-08-05
2025-08-06,6526,達發,544.0,544.0,533.0,538.0,304715.0,163506824.0,TWSE STOCK_DAY,https://www.twse.com.tw/rwd/zh/afterTrading/STOCK_DAY?date=20250801&stockNo=6526&response=json,2025-08-06
2025-08-07,6526,達發,545.0,553.0,544.0,549.0,542721.0,297397519.0,TWSE STOCK_DAY,https://www.twse.com.tw/rwd/zh/afterTrading/STOCK_DAY?date=20250801&stockNo=6526&response=json,2025-08-07
2025-08-08,6526,達發,552.0,552.0,539.0,540.0,357023.0,193750183.0,TWSE STOCK_DAY,https://www.twse.com.tw/rwd/zh/afterTrading/STOCK_DAY?date=20250801&stockNo=6526&response=json,2025-08-08
2025-08-11,6526,達發,540.0,543.0,533.0,540.0,247554.0,133268731.0,TWSE STOCK_DAY,https://www.twse.com.tw/rwd/zh/afterTrading/STOCK_DAY?date=20250801&stockNo=6526&response=json,2025-08-11
2025-08-12,6526,達發,539.0,547.0,538.0,544.0,239011.0,129955245.0,TWSE STOCK_DAY,https://www.twse.com.tw/rwd/zh/afterTrading/STOCK_DAY?date=20250801&stockNo=6526&response=json,2025-08-12
2025-08-13,6526,達發,552.0,562.0,544.0,547.0,663954.0,367623221.0,TWSE STOCK_DAY,https://www.twse.com.tw/rwd/zh/afterTrading/STOCK_DAY?date=20250801&stockNo=6526&response=json,2025-08-13
2025-08-14,6526,達發,550.0,560.0,549.0,554.0,468343.0,260009613.0,TWSE STOCK_DAY,https://www.twse.com.tw/rwd/zh/afterTrading/STOCK_DAY?date=20250801&stockNo=6526&response=json,2025-08-14
2025-08-15,6526,達發,561.0,561.0,547.0,554.0,350246.0,193625163.0,TWSE STOCK_DAY,https://www.twse.com.tw/rwd/zh/afterTrading/STOCK_DAY?date=20250801&stockNo=6526&response=json,2025-08-15
2025-08-18,6526,達發,554.0,563.0,551.0,555.0,315334.0,175690545.0,TWSE STOCK_DAY,https://www.twse.com.tw/rwd/zh/afterTrading/STOCK_DAY?date=20250801&stockNo=6526&response=json,2025-08-18
2025-08-19,6526,達發,557.0,565.0,550.0,550.0,474722.0,263718569.0,TWSE STOCK_DAY,https://www.twse.com.tw/rwd/zh/afterTrading/STOCK_DAY?date=20250801&stockNo=6526&response=json,2025-08-19
2025-08-20,6526,達發,549.0,549.0,522.0,524.0,812263.0,431000547.0,TWSE STOCK_DAY,https://www.twse.com.tw/rwd/zh/afterTrading/STOCK_DAY?date=20250801&stockNo=6526&response=json,2025-08-20
2025-08-21,6526,達發,526.0,531.0,524.0,525.0,240007.0,126438718.0,TWSE STOCK_DAY,https://www.twse.com.tw/rwd/zh/afterTrading/STOCK_DAY?date=20250801&stockNo=6526&response=json,2025-08-21
2025-08-22,6526,達發,525.0,528.0,516.0,524.0,226140.0,118245985.0,TWSE STOCK_DAY,https://www.twse.com.tw/rwd/zh/afterTrading/STOCK_DAY?date=20250801&stockNo=6526&response=json,2025-08-22
2025-08-25,6526,達發,534.0,543.0,532.0,538.0,373986.0,201540428.0,TWSE STOCK_DAY,https://www.twse.com.tw/rwd/zh/afterTrading/STOCK_DAY?date=20250801&stockNo=6526&response=json,2025-08-25
2025-08-26,6526,達發,536.0,547.0,534.0,547.0,229125.0,124388023.0,TWSE STOCK_DAY,https://www.twse.com.tw/rwd/zh/afterTrading/STOCK_DAY?date=20250801&stockNo=6526&response=json,2025-08-26
2025-08-27,6526,達發,547.0,561.0,547.0,557.0,469760.0,261065247.0,TWSE STOCK_DAY,https://www.twse.com.tw/rwd/zh/afterTrading/STOCK_DAY?date=20250801&stockNo=6526&response=json,2025-08-27
2025-08-28,6526,達發,560.0,560.0,551.0,556.0,251768.0,140019125.0,TWSE STOCK_DAY,https://www.twse.com.tw/rwd/zh/afterTrading/STOCK_DAY?date=20250801&stockNo=6526&response=json,2025-08-28
2025-08-29,6526,達發,565.0,579.0,565.0,569.0,789514.0,451869421.0,TWSE STOCK_DAY,https://www.twse.com.tw/rwd/zh/afterTrading/STOCK_DAY?date=20250801&stockNo=6526&response=json,2025-08-29
2025-09-01,6526,達發,573.0,573.0,551.0,554.0,424984.0,238009565.0,TWSE STOCK_DAY,https://www.twse.com.tw/rwd/zh/afterTrading/STOCK_DAY?date=20250901&stockNo=6526&response=json,2025-09-01
2025-09-02,6526,達發,555.0,560.0,544.0,545.0,280829.0,154275154.0,TWSE STOCK_DAY,https://www.twse.com.tw/rwd/zh/afterTrading/STOCK_DAY?date=20250901&stockNo=6526&response=json,2025-09-02
2025-09-03,6526,達發,545.0,553.0,543.0,549.0,145276.0,79773346.0,TWSE STOCK_DAY,https://www.twse.com.tw/rwd/zh/afterTrading/STOCK_DAY?date=20250901&stockNo=6526&response=json,2025-09-03
2025-09-04,6526,達發,553.0,556.0,547.0,548.0,169753.0,93645387.0,TWSE STOCK_DAY,https://www.twse.com.tw/rwd/zh/afterTrading/STOCK_DAY?date=20250901&stockNo=6526&response=json,2025-09-04
2025-09-05,6526,達發,554.0,563.0,551.0,561.0,327722.0,182959275.0,TWSE STOCK_DAY,https://www.twse.com.tw/rwd/zh/afterTrading/STOCK_DAY?date=20250901&stockNo=6526&response=json,2025-09-05
2025-09-08,6526,達發,573.0,583.0,570.0,577.0,580658.0,335078361.0,TWSE STOCK_DAY,https://www.twse.com.tw/rwd/zh/afterTrading/STOCK_DAY?date=20250901&stockNo=6526&response=json,2025-09-08
2025-09-09,6526,達發,581.0,582.0,566.0,577.0,574170.0,329775424.0,TWSE STOCK_DAY,https://www.twse.com.tw/rwd/zh/afterTrading/STOCK_DAY?date=20250901&stockNo=6526&response=json,2025-09-09
2025-09-10,6526,達發,585.0,585.0,571.0,571.0,266159.0,153231769.0,TWSE STOCK_DAY,https://www.twse.com.tw/rwd/zh/afterTrading/STOCK_DAY?date=20250901&stockNo=6526&response=json,2025-09-10
2025-09-11,6526,達發,571.0,575.0,552.0,554.0,379003.0,212579055.0,TWSE STOCK_DAY,https://www.twse.com.tw/rwd/zh/afterTrading/STOCK_DAY?date=20250901&stockNo=6526&response=json,2025-09-11
2025-09-12,6526,達發,556.0,562.0,547.0,547.0,353381.0,194543252.0,TWSE STOCK_DAY,https://www.twse.com.tw/rwd/zh/afterTrading/STOCK_DAY?date=20250901&stockNo=6526&response=json,2025-09-12
2025-09-15,6526,達發,547.0,549.0,536.0,538.0,278354.0,150438066.0,TWSE STOCK_DAY,https://www.twse.com.tw/rwd/zh/afterTrading/STOCK_DAY?date=20250901&stockNo=6526&response=json,2025-09-15
2025-09-16,6526,達發,543.0,565.0,540.0,563.0,358844.0,199428654.0,TWSE STOCK_DAY,https://www.twse.com.tw/rwd/zh/afterTrading/STOCK_DAY?date=20250901&stockNo=6526&response=json,2025-09-16
2025-09-17,6526,達發,558.0,566.0,551.0,551.0,220705.0,122411378.0,TWSE STOCK_DAY,https://www.twse.com.tw/rwd/zh/afterTrading/STOCK_DAY?date=20250901&stockNo=6526&response=json,2025-09-17
2025-09-18,6526,達發,551.0,567.0,551.0,560.0,311865.0,175355510.0,TWSE STOCK_DAY,https://www.twse.com.tw/rwd/zh/afterTrading/STOCK_DAY?date=20250901&stockNo=6526&response=json,2025-09-18
2025-09-19,6526,達發,568.0,574.0,547.0,547.0,521795.0,290864690.0,TWSE STOCK_DAY,https://www.twse.com.tw/rwd/zh/afterTrading/STOCK_DAY?date=20250901&stockNo=6526&response=json,2025-09-19
2025-09-22,6526,達發,557.0,557.0,538.0,539.0,416350.0,225268357.0,TWSE STOCK_DAY,https://www.twse.com.tw/rwd/zh/afterTrading/STOCK_DAY?date=20250901&stockNo=6526&response=json,2025-09-22
2025-09-23,6526,達發,541.0,546.0,536.0,537.0,368077.0,198288448.0,TWSE STOCK_DAY,https://www.twse.com.tw/rwd/zh/afterTrading/STOCK_DAY?date=20250901&stockNo=6526&response=json,2025-09-23
2025-09-24,6526,達發,536.0,537.0,526.0,528.0,422367.0,223665179.0,TWSE STOCK_DAY,https://www.twse.com.tw/rwd/zh/afterTrading/STOCK_DAY?date=20250901&stockNo=6526&response=json,2025-09-24
2025-09-25,6526,達發,532.0,536.0,524.0,532.0,225358.0,119321619.0,TWSE STOCK_DAY,https://www.twse.com.tw/rwd/zh/afterTrading/STOCK_DAY?date=20250901&stockNo=6526&response=json,2025-09-25
2025-09-26,6526,達發,530.0,530.0,512.0,515.0,529365.0,273275713.0,TWSE STOCK_DAY,https://www.twse.com.tw/rwd/zh/afterTrading/STOCK_DAY?date=20250901&stockNo=6526&response=json,2025-09-26
2025-09-30,6526,達發,520.0,524.0,515.0,519.0,186290.0,96684154.0,TWSE STOCK_DAY,https://www.twse.com.tw/rwd/zh/afterTrading/STOCK_DAY?date=20250901&stockNo=6526&response=json,2025-09-30
2025-10-01,6526,達發,520.0,520.0,509.0,512.0,285121.0,146441307.0,TWSE STOCK_DAY,https://www.twse.com.tw/rwd/zh/afterTrading/STOCK_DAY?date=20251001&stockNo=6526&response=json,2025-10-01
2025-10-02,6526,達發,520.0,520.0,508.0,508.0,254478.0,129912357.0,TWSE STOCK_DAY,https://www.twse.com.tw/rwd/zh/afterTrading/STOCK_DAY?date=20251001&stockNo=6526&response=json,2025-10-02
2025-10-03,6526,達發,509.0,521.0,509.0,512.0,202554.0,104414726.0,TWSE STOCK_DAY,https://www.twse.com.tw/rwd/zh/afterTrading/STOCK_DAY?date=20251001&stockNo=6526&response=json,2025-10-03
2025-10-07,6526,達發,519.0,519.0,511.0,511.0,189373.0,97508774.0,TWSE STOCK_DAY,https://www.twse.com.tw/rwd/zh/afterTrading/STOCK_DAY?date=20251001&stockNo=6526&response=json,2025-10-07
2025-10-08,6526,達發,516.0,518.0,508.0,516.0,142279.0,73145034.0,TWSE STOCK_DAY,https://www.twse.com.tw/rwd/zh/afterTrading/STOCK_DAY?date=20251001&stockNo=6526&response=json,2025-10-08
2025-10-09,6526,達發,521.0,523.0,518.0,519.0,193449.0,100707326.0,TWSE STOCK_DAY,https://www.twse.com.tw/rwd/zh/afterTrading/STOCK_DAY?date=20251001&stockNo=6526&response=json,2025-10-09
2025-10-13,6526,達發,508.0,526.0,500.0,520.0,337880.0,173104758.0,TWSE STOCK_DAY,https://www.twse.com.tw/rwd/zh/afterTrading/STOCK_DAY?date=20251001&stockNo=6526&response=json,2025-10-13
2025-10-14,6526,達發,527.0,546.0,513.0,515.0,776320.0,413217181.0,TWSE STOCK_DAY,https://www.twse.com.tw/rwd/zh/afterTrading/STOCK_DAY?date=20251001&stockNo=6526&response=json,2025-10-14
2025-10-15,6526,達發,521.0,522.0,514.0,520.0,218042.0,113010189.0,TWSE STOCK_DAY,https://www.twse.com.tw/rwd/zh/afterTrading/STOCK_DAY?date=20251001&stockNo=6526&response=json,2025-10-15
2025-10-16,6526,達發,521.0,525.0,511.0,513.0,353544.0,182317832.0,TWSE STOCK_DAY,https://www.twse.com.tw/rwd/zh/afterTrading/STOCK_DAY?date=20251001&stockNo=6526&response=json,2025-10-16
2025-10-17,6526,達發,513.0,513.0,505.0,505.0,315944.0,160165658.0,TWSE STOCK_DAY,https://www.twse.com.tw/rwd/zh/afterTrading/STOCK_DAY?date=20251001&stockNo=6526&response=json,2025-10-17
2025-10-20,6526,達發,508.0,509.0,499.5,506.0,340980.0,171207262.0,TWSE STOCK_DAY,https://www.twse.com.tw/rwd/zh/afterTrading/STOCK_DAY?date=20251001&stockNo=6526&response=json,2025-10-20
2025-10-21,6526,達發,513.0,517.0,506.0,507.0,289450.0,148009572.0,TWSE STOCK_DAY,https://www.twse.com.tw/rwd/zh/afterTrading/STOCK_DAY?date=20251001&stockNo=6526&response=json,2025-10-21
2025-10-22,6526,達發,507.0,510.0,501.0,506.0,198203.0,100334354.0,TWSE STOCK_DAY,https://www.twse.com.tw/rwd/zh/afterTrading/STOCK_DAY?date=20251001&stockNo=6526&response=json,2025-10-22
2025-10-23,6526,達發,501.0,505.0,491.0,493.0,700494.0,346617185.0,TWSE STOCK_DAY,https://www.twse.com.tw/rwd/zh/afterTrading/STOCK_DAY?date=20251001&stockNo=6526&response=json,2025-10-23
2025-10-27,6526,達發,502.0,503.0,495.0,501.0,261885.0,130713376.0,TWSE STOCK_DAY,https://www.twse.com.tw/rwd/zh/afterTrading/STOCK_DAY?date=20251001&stockNo=6526&response=json,2025-10-27
2025-10-28,6526,達發,504.0,504.0,492.0,493.0,254450.0,125831427.0,TWSE STOCK_DAY,https://www.twse.com.tw/rwd/zh/afterTrading/STOCK_DAY?date=20251001&stockNo=6526&response=json,2025-10-28
2025-10-29,6526,達發,496.0,503.0,496.0,497.0,266352.0,132932539.0,TWSE STOCK_DAY,https://www.twse.com.tw/rwd/zh/afterTrading/STOCK_DAY?date=20251001&stockNo=6526&response=json,2025-10-29
2025-10-30,6526,達發,502.0,513.0,496.0,499.0,435219.0,219519474.0,TWSE STOCK_DAY,https://www.twse.com.tw/rwd/zh/afterTrading/STOCK_DAY?date=20251001&stockNo=6526&response=json,2025-10-30
2025-10-31,6526,達發,503.0,505.0,498.5,500.0,236301.0,118533502.0,TWSE STOCK_DAY,https://www.twse.com.tw/rwd/zh/afterTrading/STOCK_DAY?date=20251001&stockNo=6526&response=json,2025-10-31
2025-11-03,6526,達發,505.0,508.0,498.5,501.0,252507.0,126853097.0,TWSE STOCK_DAY,https://www.twse.com.tw/rwd/zh/afterTrading/STOCK_DAY?date=20251101&stockNo=6526&response=json,2025-11-03
2025-11-04,6526,達發,501.0,503.0,486.5,491.0,465393.0,228729867.0,TWSE STOCK_DAY,https://www.twse.com.tw/rwd/zh/afterTrading/STOCK_DAY?date=20251101&stockNo=6526&response=json,2025-11-04
2025-11-05,6526,達發,486.0,486.0,470.0,478.5,478346.0,227741360.0,TWSE STOCK_DAY,https://www.twse.com.tw/rwd/zh/afterTrading/STOCK_DAY?date=20251101&stockNo=6526&response=json,2025-11-05
2025-11-06,6526,達發,485.0,490.5,481.0,486.0,235741.0,114473508.0,TWSE STOCK_DAY,https://www.twse.com.tw/rwd/zh/afterTrading/STOCK_DAY?date=20251101&stockNo=6526&response=json,2025-11-06
2025-11-07,6526,達發,485.0,486.0,474.0,475.0,296457.0,141373238.0,TWSE STOCK_DAY,https://www.twse.com.tw/rwd/zh/afterTrading/STOCK_DAY?date=20251101&stockNo=6526&response=json,2025-11-07
2025-11-10,6526,達發,480.0,480.0,470.5,474.0,210803.0,99948811.0,TWSE STOCK_DAY,https://www.twse.com.tw/rwd/zh/afterTrading/STOCK_DAY?date=20251101&stockNo=6526&response=json,2025-11-10
2025-11-11,6526,達發,475.0,477.5,466.0,469.5,368850.0,173792900.0,TWSE STOCK_DAY,https://www.twse.com.tw/rwd/zh/afterTrading/STOCK_DAY?date=20251101&stockNo=6526&response=json,2025-11-11
2025-11-12,6526,達發,471.5,476.5,469.0,469.0,204043.0,96163362.0,TWSE STOCK_DAY,https://www.twse.com.tw/rwd/zh/afterTrading/STOCK_DAY?date=20251101&stockNo=6526&response=json,2025-11-12
2025-11-13,6526,達發,471.0,472.0,462.5,465.5,290992.0,135247559.0,TWSE STOCK_DAY,https://www.twse.com.tw/rwd/zh/afterTrading/STOCK_DAY?date=20251101&stockNo=6526&response=json,2025-11-13
2025-11-14,6526,達發,457.0,462.0,454.0,456.0,249375.0,114310452.0,TWSE STOCK_DAY,https://www.twse.com.tw/rwd/zh/afterTrading/STOCK_DAY?date=20251101&stockNo=6526&response=json,2025-11-14
2025-11-17,6526,達發,456.0,458.0,450.0,453.0,285160.0,129235025.0,TWSE STOCK_DAY,https://www.twse.com.tw/rwd/zh/afterTrading/STOCK_DAY?date=20251101&stockNo=6526&response=json,2025-11-17
2025-11-18,6526,達發,453.5,453.5,439.0,440.5,444271.0,196609614.0,TWSE STOCK_DAY,https://www.twse.com.tw/rwd/zh/afterTrading/STOCK_DAY?date=20251101&stockNo=6526&response=json,2025-11-18
2025-11-19,6526,達發,449.0,449.0,434.0,434.0,346377.0,152117999.0,TWSE STOCK_DAY,https://www.twse.com.tw/rwd/zh/afterTrading/STOCK_DAY?date=20251101&stockNo=6526&response=json,2025-11-19
2025-11-20,6526,達發,444.0,445.5,440.0,444.0,231320.0,102554946.0,TWSE STOCK_DAY,https://www.twse.com.tw/rwd/zh/afterTrading/STOCK_DAY?date=20251101&stockNo=6526&response=json,2025-11-20
2025-11-21,6526,達發,443.5,443.5,431.0,437.5,218368.0,95171014.0,TWSE STOCK_DAY,https://www.twse.com.tw/rwd/zh/afterTrading/STOCK_DAY?date=20251101&stockNo=6526&response=json,2025-11-21
2025-11-24,6526,達發,442.0,445.0,433.5,434.0,494378.0,215239099.0,TWSE STOCK_DAY,https://www.twse.com.tw/rwd/zh/afterTrading/STOCK_DAY?date=20251101&stockNo=6526&response=json,2025-11-24
2025-11-25,6526,達發,435.5,441.5,435.5,436.0,192930.0,84340618.0,TWSE STOCK_DAY,https://www.twse.com.tw/rwd/zh/afterTrading/STOCK_DAY?date=20251101&stockNo=6526&response=json,2025-11-25
2025-11-26,6526,達發,438.5,464.0,438.5,450.5,881117.0,399098724.0,TWSE STOCK_DAY,https://www.twse.com.tw/rwd/zh/afterTrading/STOCK_DAY?date=20251101&stockNo=6526&response=json,2025-11-26
2025-11-27,6526,達發,455.0,456.0,447.0,449.5,233450.0,105304944.0,TWSE STOCK_DAY,https://www.twse.com.tw/rwd/zh/afterTrading/STOCK_DAY?date=20251101&stockNo=6526&response=json,2025-11-27
2025-11-28,6526,達發,450.0,462.5,449.0,458.0,404740.0,185867915.0,TWSE STOCK_DAY,https://www.twse.com.tw/rwd/zh/afterTrading/STOCK_DAY?date=20251101&stockNo=6526&response=json,2025-11-28
2025-12-01,6526,達發,457.0,472.0,455.0,460.5,335111.0,155274853.0,TWSE STOCK_DAY,https://www.twse.com.tw/rwd/zh/afterTrading/STOCK_DAY?date=20251201&stockNo=6526&response=json,2025-12-01
2025-12-02,6526,達發,467.0,469.0,461.0,461.0,188151.0,87197775.0,TWSE STOCK_DAY,https://www.twse.com.tw/rwd/zh/afterTrading/STOCK_DAY?date=20251201&stockNo=6526&response=json,2025-12-02
2025-12-03,6526,達發,464.5,467.0,461.0,461.5,123479.0,57177839.0,TWSE STOCK_DAY,https://www.twse.com.tw/rwd/zh/afterTrading/STOCK_DAY?date=20251201&stockNo=6526&response=json,2025-12-03
2025-12-04,6526,達發,461.5,466.0,457.5,461.5,181473.0,83524733.0,TWSE STOCK_DAY,https://www.twse.com.tw/rwd/zh/afterTrading/STOCK_DAY?date=20251201&stockNo=6526&response=json,2025-12-04
2025-12-05,6526,達發,458.5,463.0,454.0,458.5,167001.0,76473321.0,TWSE STOCK_DAY,https://www.twse.com.tw/rwd/zh/afterTrading/STOCK_DAY?date=20251201&stockNo=6526&response=json,2025-12-05
2025-12-08,6526,達發,455.0,460.5,455.0,456.5,113540.0,51978001.0,TWSE STOCK_DAY,https://www.twse.com.tw/rwd/zh/afterTrading/STOCK_DAY?date=20251201&stockNo=6526&response=json,2025-12-08
2025-12-09,6526,達發,456.5,457.5,451.0,457.5,142697.0,64810444.0,TWSE STOCK_DAY,https://www.twse.com.tw/rwd/zh/afterTrading/STOCK_DAY?date=20251201&stockNo=6526&response=json,2025-12-09
2025-12-10,6526,達發,457.0,463.5,452.5,458.0,155490.0,71382986.0,TWSE STOCK_DAY,https://www.twse.com.tw/rwd/zh/afterTrading/STOCK_DAY?date=20251201&stockNo=6526&response=json,2025-12-10
2025-12-11,6526,達發,458.0,460.0,448.5,448.5,182233.0,82639481.0,TWSE STOCK_DAY,https://www.twse.com.tw/rwd/zh/afterTrading/STOCK_DAY?date=20251201&stockNo=6526&response=json,2025-12-11
2025-12-12,6526,達發,455.0,455.0,447.0,448.5,154062.0,69170657.0,TWSE STOCK_DAY,https://www.twse.com.tw/rwd/zh/afterTrading/STOCK_DAY?date=20251201&stockNo=6526&response=json,2025-12-12
2025-12-15,6526,達發,440.5,450.0,437.0,442.5,137922.0,61209159.0,TWSE STOCK_DAY,https://www.twse.com.tw/rwd/zh/afterTrading/STOCK_DAY?date=20251201&stockNo=6526&response=json,2025-12-15
2025-12-16,6526,達發,437.0,450.0,430.0,438.0,363513.0,158870001.0,TWSE STOCK_DAY,https://www.twse.com.tw/rwd/zh/afterTrading/STOCK_DAY?date=20251201&stockNo=6526&response=json,2025-12-16
2025-12-17,6526,達發,440.0,443.0,434.0,434.0,217937.0,95569012.0,TWSE STOCK_DAY,https://www.twse.com.tw/rwd/zh/afterTrading/STOCK_DAY?date=20251201&stockNo=6526&response=json,2025-12-17
2025-12-18,6526,達發,429.0,433.0,426.0,426.0,254281.0,109002245.0,TWSE STOCK_DAY,https://www.twse.com.tw/rwd/zh/afterTrading/STOCK_DAY?date=20251201&stockNo=6526&response=json,2025-12-18
2025-12-19,6526,達發,434.5,445.0,431.5,443.5,406838.0,178323772.0,TWSE STOCK_DAY,https://www.twse.com.tw/rwd/zh/afterTrading/STOCK_DAY?date=20251201&stockNo=6526&response=json,2025-12-19
2025-12-22,6526,達發,446.0,450.0,438.0,438.0,209297.0,92355428.0,TWSE STOCK_DAY,https://www.twse.com.tw/rwd/zh/afterTrading/STOCK_DAY?date=20251201&stockNo=6526&response=json,2025-12-22
2025-12-23,6526,達發,440.5,444.5,437.5,437.5,129100.0,56852728.0,TWSE STOCK_DAY,https://www.twse.com.tw/rwd/zh/afterTrading/STOCK_DAY?date=20251201&stockNo=6526&response=json,2025-12-23
2025-12-24,6526,達發,440.5,442.5,432.0,432.0,167181.0,72824652.0,TWSE STOCK_DAY,https://www.twse.com.tw/rwd/zh/afterTrading/STOCK_DAY?date=20251201&stockNo=6526&response=json,2025-12-24
2025-12-26,6526,達發,430.0,432.0,427.0,428.0,226199.0,97086509.0,TWSE STOCK_DAY,https://www.twse.com.tw/rwd/zh/afterTrading/STOCK_DAY?date=20251201&stockNo=6526&response=json,2025-12-26
2025-12-29,6526,達發,426.5,435.0,426.5,432.5,103200.0,44575670.0,TWSE STOCK_DAY,https://www.twse.com.tw/rwd/zh/afterTrading/STOCK_DAY?date=20251201&stockNo=6526&response=json,2025-12-29
2025-12-30,6526,達發,432.0,433.5,428.5,431.5,80154.0,34617326.0,TWSE STOCK_DAY,https://www.twse.com.tw/rwd/zh/afterTrading/STOCK_DAY?date=20251201&stockNo=6526&response=json,2025-12-30
2025-12-31,6526,達發,434.5,448.0,433.0,442.5,317789.0,140298071.0,TWSE STOCK_DAY,https://www.twse.com.tw/rwd/zh/afterTrading/STOCK_DAY?date=20251201&stockNo=6526&response=json,2025-12-31
2026-01-02,6526,達發,448.5,451.0,443.0,444.0,225059.0,100591179.0,TWSE STOCK_DAY,https://www.twse.com.tw/rwd/zh/afterTrading/STOCK_DAY?date=20260101&stockNo=6526&response=json,2026-01-02
2026-01-05,6526,達發,447.0,451.0,439.0,442.5,312291.0,138754698.0,TWSE STOCK_DAY,https://www.twse.com.tw/rwd/zh/afterTrading/STOCK_DAY?date=20260101&stockNo=6526&response=json,2026-01-05
2026-01-06,6526,達發,449.0,453.5,446.0,449.0,263167.0,118499049.0,TWSE STOCK_DAY,https://www.twse.com.tw/rwd/zh/afterTrading/STOCK_DAY?date=20260101&stockNo=6526&response=json,2026-01-06
2026-01-07,6526,達發,451.0,456.0,447.0,448.0,311337.0,140549419.0,TWSE STOCK_DAY,https://www.twse.com.tw/rwd/zh/afterTrading/STOCK_DAY?date=20260101&stockNo=6526&response=json,2026-01-07
2026-01-08,6526,達發,448.0,448.0,438.0,441.0,174088.0,77224627.0,TWSE STOCK_DAY,https://www.twse.com.tw/rwd/zh/afterTrading/STOCK_DAY?date=20260101&stockNo=6526&response=json,2026-01-08
2026-01-09,6526,達發,443.0,443.0,434.0,436.5,225106.0,98311602.0,TWSE STOCK_DAY,https://www.twse.com.tw/rwd/zh/afterTrading/STOCK_DAY?date=20260101&stockNo=6526&response=json,2026-01-09
2026-01-12,6526,達發,440.0,441.5,434.5,435.5,207878.0,90762889.0,TWSE STOCK_DAY,https://www.twse.com.tw/rwd/zh/afterTrading/STOCK_DAY?date=20260101&stockNo=6526&response=json,2026-01-12
2026-01-13,6526,達發,436.5,442.0,432.5,433.0,243205.0,105765815.0,TWSE STOCK_DAY,https://www.twse.com.tw/rwd/zh/afterTrading/STOCK_DAY?date=20260101&stockNo=6526&response=json,2026-01-13
2026-01-14,6526,達發,436.0,442.5,435.0,441.5,200269.0,88079945.0,TWSE STOCK_DAY,https://www.twse.com.tw/rwd/zh/afterTrading/STOCK_DAY?date=20260101&stockNo=6526&response=json,2026-01-14
2026-01-15,6526,達發,438.0,440.5,428.0,440.0,341193.0,147831582.0,TWSE STOCK_DAY,https://www.twse.com.tw/rwd/zh/afterTrading/STOCK_DAY?date=20260101&stockNo=6526&response=json,2026-01-15
2026-01-16,6526,達發,438.5,444.0,432.5,432.5,231703.0,101143222.0,TWSE STOCK_DAY,https://www.twse.com.tw/rwd/zh/afterTrading/STOCK_DAY?date=20260101&stockNo=6526&response=json,2026-01-16
2026-01-19,6526,達發,428.5,436.5,428.0,430.5,177700.0,76853602.0,TWSE STOCK_DAY,https://www.twse.com.tw/rwd/zh/afterTrading/STOCK_DAY?date=20260101&stockNo=6526&response=json,2026-01-19
2026-01-20,6526,達發,428.0,433.5,428.0,429.5,125395.0,54065096.0,TWSE STOCK_DAY,https://www.twse.com.tw/rwd/zh/afterTrading/STOCK_DAY?date=20260101&stockNo=6526&response=json,2026-01-20
2026-01-21,6526,達發,430.0,430.0,422.5,422.5,351862.0,149536370.0,TWSE STOCK_DAY,https://www.twse.com.tw/rwd/zh/afterTrading/STOCK_DAY?date=20260101&stockNo=6526&response=json,2026-01-21
2026-01-22,6526,達發,425.0,436.5,424.5,428.0,201726.0,86436091.0,TWSE STOCK_DAY,https://www.twse.com.tw/rwd/zh/afterTrading/STOCK_DAY?date=20260101&stockNo=6526&response=json,2026-01-22
2026-01-23,6526,達發,432.0,470.5,432.0,470.5,1804712.0,825556361.0,TWSE STOCK_DAY,https://www.twse.com.tw/rwd/zh/afterTrading/STOCK_DAY?date=20260101&stockNo=6526&response=json,2026-01-23
2026-01-26,6526,達發,469.5,500.0,462.0,482.0,1953745.0,942165069.0,TWSE STOCK_DAY,https://www.twse.com.tw/rwd/zh/afterTrading/STOCK_DAY?date=20260101&stockNo=6526&response=json,2026-01-26
2026-01-27,6526,達發,481.0,481.0,464.0,464.0,846533.0,397648440.0,TWSE STOCK_DAY,https://www.twse.com.tw/rwd/zh/afterTrading/STOCK_DAY?date=20260101&stockNo=6526&response=json,2026-01-27
2026-01-28,6526,達發,465.5,465.5,454.5,462.5,509086.0,233815230.0,TWSE STOCK_DAY,https://www.twse.com.tw/rwd/zh/afterTrading/STOCK_DAY?date=20260101&stockNo=6526&response=json,2026-01-28
2026-01-29,6526,達發,465.5,471.5,451.0,451.5,519803.0,237405332.0,TWSE STOCK_DAY,https://www.twse.com.tw/rwd/zh/afterTrading/STOCK_DAY?date=20260101&stockNo=6526&response=json,2026-01-29
2026-01-30,6526,達發,451.5,453.0,428.5,434.5,567739.0,247601967.0,TWSE STOCK_DAY,https://www.twse.com.tw/rwd/zh/afterTrading/STOCK_DAY?date=20260101&stockNo=6526&response=json,2026-01-30
2026-02-02,6526,達發,429.5,433.0,422.5,424.0,325934.0,138781925.0,TWSE STOCK_DAY,https://www.twse.com.tw/rwd/zh/afterTrading/STOCK_DAY?date=20260201&stockNo=6526&response=json,2026-02-02
2026-02-03,6526,達發,426.5,451.5,426.5,451.5,544616.0,240273996.0,TWSE STOCK_DAY,https://www.twse.com.tw/rwd/zh/afterTrading/STOCK_DAY?date=20260201&stockNo=6526&response=json,2026-02-03
2026-02-04,6526,達發,452.0,475.5,440.5,462.0,576542.0,263875641.0,TWSE STOCK_DAY,https://www.twse.com.tw/rwd/zh/afterTrading/STOCK_DAY?date=20260201&stockNo=6526&response=json,2026-02-04
2026-02-05,6526,達發,455.0,475.5,452.0,452.0,523739.0,241847247.0,TWSE STOCK_DAY,https://www.twse.com.tw/rwd/zh/afterTrading/STOCK_DAY?date=20260201&stockNo=6526&response=json,2026-02-05
2026-02-06,6526,達發,448.0,448.5,431.0,437.0,434680.0,190281000.0,TWSE STOCK_DAY,https://www.twse.com.tw/rwd/zh/afterTrading/STOCK_DAY?date=20260201&stockNo=6526&response=json,2026-02-06
2026-02-09,6526,達發,452.0,466.5,444.5,446.5,473515.0,214847365.0,TWSE STOCK_DAY,https://www.twse.com.tw/rwd/zh/afterTrading/STOCK_DAY?date=20260201&stockNo=6526&response=json,2026-02-09
2026-02-10,6526,達發,448.0,453.5,443.0,447.0,197857.0,88535879.0,TWSE STOCK_DAY,https://www.twse.com.tw/rwd/zh/afterTrading/STOCK_DAY?date=20260201&stockNo=6526&response=json,2026-02-10
2026-02-11,6526,達發,447.5,458.5,443.0,455.5,336692.0,152482780.0,TWSE STOCK_DAY,https://www.twse.com.tw/rwd/zh/afterTrading/STOCK_DAY?date=20260201&stockNo=6526&response=json,2026-02-11
2026-02-23,6526,達發,464.5,467.5,456.0,463.0,432409.0,200123812.0,TWSE STOCK_DAY,https://www.twse.com.tw/rwd/zh/afterTrading/STOCK_DAY?date=20260201&stockNo=6526&response=json,2026-02-23
2026-02-24,6526,達發,465.0,467.0,459.5,465.0,278195.0,128954290.0,TWSE STOCK_DAY,https://www.twse.com.tw/rwd/zh/afterTrading/STOCK_DAY?date=20260201&stockNo=6526&response=json,2026-02-24
2026-02-25,6526,達發,467.0,478.5,465.0,470.0,496724.0,233970876.0,TWSE STOCK_DAY,https://www.twse.com.tw/rwd/zh/afterTrading/STOCK_DAY?date=20260201&stockNo=6526&response=json,2026-02-25
2026-02-26,6526,達發,475.5,517.0,468.5,517.0,1630459.0,821743230.0,TWSE STOCK_DAY,https://www.twse.com.tw/rwd/zh/afterTrading/STOCK_DAY?date=20260201&stockNo=6526&response=json,2026-02-26
2026-03-02,6526,達發,530.0,568.0,529.0,552.0,4358754.0,2422799429.0,TWSE STOCK_DAY,https://www.twse.com.tw/rwd/zh/afterTrading/STOCK_DAY?date=20260301&stockNo=6526&response=json,2026-03-02
2026-03-03,6526,達發,579.0,582.0,524.0,525.0,2667494.0,1458871352.0,TWSE STOCK_DAY,https://www.twse.com.tw/rwd/zh/afterTrading/STOCK_DAY?date=20260301&stockNo=6526&response=json,2026-03-03
2026-03-04,6526,達發,520.0,549.0,492.0,535.0,2489553.0,1312479456.0,TWSE STOCK_DAY,https://www.twse.com.tw/rwd/zh/afterTrading/STOCK_DAY?date=20260301&stockNo=6526&response=json,2026-03-04
2026-03-05,6526,達發,562.0,564.0,518.0,532.0,2132086.0,1151909672.0,TWSE STOCK_DAY,https://www.twse.com.tw/rwd/zh/afterTrading/STOCK_DAY?date=20260301&stockNo=6526&response=json,2026-03-05
2026-03-06,6526,達發,519.0,528.0,505.0,505.0,1003983.0,516911123.0,TWSE STOCK_DAY,https://www.twse.com.tw/rwd/zh/afterTrading/STOCK_DAY?date=20260301&stockNo=6526&response=json,2026-03-06
2026-03-09,6526,達發,468.0,478.0,460.0,477.5,1063942.0,498063444.0,TWSE STOCK_DAY,https://www.twse.com.tw/rwd/zh/afterTrading/STOCK_DAY?date=20260301&stockNo=6526&response=json,2026-03-09
2026-03-10,6526,達發,495.5,502.0,481.5,487.0,609769.0,299609791.0,TWSE STOCK_DAY,https://www.twse.com.tw/rwd/zh/afterTrading/STOCK_DAY?date=20260301&stockNo=6526&response=json,2026-03-10
2026-03-11,6526,達發,493.0,522.0,492.0,508.0,592775.0,301635785.0,TWSE STOCK_DAY,https://www.twse.com.tw/rwd/zh/afterTrading/STOCK_DAY?date=20260301&stockNo=6526&response=json,2026-03-11
2026-03-12,6526,達發,505.0,557.0,505.0,549.0,1542533.0,823579962.0,TWSE STOCK_DAY,https://www.twse.com.tw/rwd/zh/afterTrading/STOCK_DAY?date=20260301&stockNo=6526&response=json,2026-03-12
2026-03-13,6526,達發,540.0,566.0,531.0,533.0,1068994.0,582005069.0,TWSE STOCK_DAY,https://www.twse.com.tw/rwd/zh/afterTrading/STOCK_DAY?date=20260301&stockNo=6526&response=json,2026-03-13
2026-03-16,6526,達發,542.0,543.0,519.0,519.0,490186.0,257783676.0,TWSE STOCK_DAY,https://www.twse.com.tw/rwd/zh/afterTrading/STOCK_DAY?date=20260301&stockNo=6526&response=json,2026-03-16
2026-03-17,6526,達發,524.0,531.0,508.0,526.0,748404.0,389145123.0,TWSE STOCK_DAY,https://www.twse.com.tw/rwd/zh/afterTrading/STOCK_DAY?date=20260301&stockNo=6526&response=json,2026-03-17
2026-03-18,6526,達發,529.0,531.0,514.0,516.0,616258.0,320301347.0,TWSE STOCK_DAY,https://www.twse.com.tw/rwd/zh/afterTrading/STOCK_DAY?date=20260301&stockNo=6526&response=json,2026-03-18
2026-03-19,6526,達發,506.0,516.0,502.0,502.0,457784.0,232212649.0,TWSE STOCK_DAY,https://www.twse.com.tw/rwd/zh/afterTrading/STOCK_DAY?date=20260301&stockNo=6526&response=json,2026-03-19
2026-03-20,6526,達發,504.0,518.0,502.0,502.0,463173.0,235727817.0,TWSE STOCK_DAY,https://www.twse.com.tw/rwd/zh/afterTrading/STOCK_DAY?date=20260301&stockNo=6526&response=json,2026-03-20
2026-03-23,6526,達發,483.0,500.0,481.5,485.0,412534.0,201602795.0,TWSE STOCK_DAY,https://www.twse.com.tw/rwd/zh/afterTrading/STOCK_DAY?date=20260301&stockNo=6526&response=json,2026-03-23
2026-03-24,6526,達發,499.0,501.0,476.0,480.5,415254.0,202140590.0,TWSE STOCK_DAY,https://www.twse.com.tw/rwd/zh/afterTrading/STOCK_DAY?date=20260301&stockNo=6526&response=json,2026-03-24
2026-03-25,6526,達發,493.0,504.0,490.0,501.0,423940.0,211226429.0,TWSE STOCK_DAY,https://www.twse.com.tw/rwd/zh/afterTrading/STOCK_DAY?date=20260301&stockNo=6526&response=json,2026-03-25
2026-03-26,6526,達發,502.0,516.0,496.0,496.0,398186.0,201266325.0,TWSE STOCK_DAY,https://www.twse.com.tw/rwd/zh/afterTrading/STOCK_DAY?date=20260301&stockNo=6526&response=json,2026-03-26
2026-03-27,6526,達發,490.0,498.0,485.0,495.0,315044.0,154548062.0,TWSE STOCK_DAY,https://www.twse.com.tw/rwd/zh/afterTrading/STOCK_DAY?date=20260301&stockNo=6526&response=json,2026-03-27
2026-03-30,6526,達發,480.0,482.5,474.0,475.0,297089.0,141831208.0,TWSE STOCK_DAY,https://www.twse.com.tw/rwd/zh/afterTrading/STOCK_DAY?date=20260301&stockNo=6526&response=json,2026-03-30
2026-03-31,6526,達發,482.0,494.5,463.5,464.0,503434.0,240167220.0,TWSE STOCK_DAY,https://www.twse.com.tw/rwd/zh/afterTrading/STOCK_DAY?date=20260301&stockNo=6526&response=json,2026-03-31
2026-04-01,6526,達發,480.0,485.0,477.0,483.5,295984.0,142662978.0,TWSE STOCK_DAY,https://www.twse.com.tw/rwd/zh/afterTrading/STOCK_DAY?date=20260401&stockNo=6526&response=json,2026-04-01
2026-04-02,6526,達發,488.0,491.0,472.5,476.5,374998.0,179666047.0,TWSE STOCK_DAY,https://www.twse.com.tw/rwd/zh/afterTrading/STOCK_DAY?date=20260401&stockNo=6526&response=json,2026-04-02
2026-04-07,6526,達發,489.0,491.5,481.0,483.0,249486.0,121058745.0,TWSE STOCK_DAY,https://www.twse.com.tw/rwd/zh/afterTrading/STOCK_DAY?date=20260401&stockNo=6526&response=json,2026-04-07
2026-04-08,6526,達發,495.0,498.0,486.0,488.0,418933.0,205626095.0,TWSE STOCK_DAY,https://www.twse.com.tw/rwd/zh/afterTrading/STOCK_DAY?date=20260401&stockNo=6526&response=json,2026-04-08
2026-04-09,6526,達發,489.5,490.0,476.5,478.0,403647.0,194147155.0,TWSE STOCK_DAY,https://www.twse.com.tw/rwd/zh/afterTrading/STOCK_DAY?date=20260401&stockNo=6526&response=json,2026-04-09
2026-04-10,6526,達發,482.0,487.0,473.0,474.5,414497.0,198535507.0,TWSE STOCK_DAY,https://www.twse.com.tw/rwd/zh/afterTrading/STOCK_DAY?date=20260401&stockNo=6526&response=json,2026-04-10
2026-04-13,6526,達發,478.5,484.0,474.5,476.0,313740.0,150006811.0,TWSE STOCK_DAY,https://www.twse.com.tw/rwd/zh/afterTrading/STOCK_DAY?date=20260401&stockNo=6526&response=json,2026-04-13
2026-04-14,6526,達發,483.0,493.0,481.0,493.0,508504.0,247970878.0,TWSE STOCK_DAY,https://www.twse.com.tw/rwd/zh/afterTrading/STOCK_DAY?date=20260401&stockNo=6526&response=json,2026-04-14
2026-04-15,6526,達發,501.0,502.0,486.0,487.0,650014.0,321623306.0,TWSE STOCK_DAY,https://www.twse.com.tw/rwd/zh/afterTrading/STOCK_DAY?date=20260401&stockNo=6526&response=json,2026-04-15
2026-04-16,6526,達發,496.0,506.0,491.5,503.0,941473.0,470979005.0,TWSE STOCK_DAY,https://www.twse.com.tw/rwd/zh/afterTrading/STOCK_DAY?date=20260401&stockNo=6526&response=json,2026-04-16
2026-04-17,6526,達發,508.0,508.0,498.0,506.0,447469.0,225259150.0,TWSE STOCK_DAY,https://www.twse.com.tw/rwd/zh/afterTrading/STOCK_DAY?date=20260401&stockNo=6526&response=json,2026-04-17
2026-04-20,6526,達發,508.0,520.0,504.0,505.0,794103.0,405901154.0,TWSE STOCK_DAY,https://www.twse.com.tw/rwd/zh/afterTrading/STOCK_DAY?date=20260401&stockNo=6526&response=json,2026-04-20
2026-04-21,6526,達發,519.0,555.0,519.0,555.0,1544048.0,847065457.0,TWSE STOCK_DAY,https://www.twse.com.tw/rwd/zh/afterTrading/STOCK_DAY?date=20260401&stockNo=6526&response=json,2026-04-21
2026-04-22,6526,達發,584.0,610.0,578.0,610.0,4146311.0,2476630896.0,TWSE STOCK_DAY,https://www.twse.com.tw/rwd/zh/afterTrading/STOCK_DAY?date=20260401&stockNo=6526&response=json,2026-04-22
2026-04-23,6526,達發,618.0,621.0,549.0,556.0,3850368.0,2224700223.0,TWSE STOCK_DAY,https://www.twse.com.tw/rwd/zh/afterTrading/STOCK_DAY?date=20260401&stockNo=6526&response=json,2026-04-23
2026-04-24,6526,達發,579.0,611.0,577.0,601.0,4106366.0,2463746355.0,TWSE STOCK_DAY,https://www.twse.com.tw/rwd/zh/afterTrading/STOCK_DAY?date=20260401&stockNo=6526&response=json,2026-04-24
2026-04-27,6526,達發,622.0,623.0,572.0,581.0,1955608.0,1151890160.0,TWSE STOCK_DAY,https://www.twse.com.tw/rwd/zh/afterTrading/STOCK_DAY?date=20260401&stockNo=6526&response=json,2026-04-27
2026-04-28,6526,達發,586.0,607.0,570.0,570.0,2231042.0,1310026366.0,TWSE STOCK_DAY,https://www.twse.com.tw/rwd/zh/afterTrading/STOCK_DAY?date=20260401&stockNo=6526&response=json,2026-04-28
2026-04-29,6526,達發,566.0,570.0,548.0,548.0,1574174.0,871608153.0,TWSE STOCK_DAY,https://www.twse.com.tw/rwd/zh/afterTrading/STOCK_DAY?date=20260401&stockNo=6526&response=json,2026-04-29
2026-04-30,6526,達發,558.0,562.0,541.0,551.0,1499748.0,827039629.0,TWSE STOCK_DAY,https://www.twse.com.tw/rwd/zh/afterTrading/STOCK_DAY?date=20260401&stockNo=6526&response=json,2026-04-30
2026-05-04,6526,達發,582.0,595.0,579.0,589.0,1789235.0,1055168275.0,TWSE STOCK_DAY,https://www.twse.com.tw/rwd/zh/afterTrading/STOCK_DAY?date=20260501&stockNo=6526&response=json,2026-05-04
2026-05-05,6526,達發,593.0,623.0,587.0,596.0,2564849.0,1542448282.0,TWSE STOCK_DAY,https://www.twse.com.tw/rwd/zh/afterTrading/STOCK_DAY?date=20260501&stockNo=6526&response=json,2026-05-05
2026-05-06,6526,達發,642.0,655.0,640.0,655.0,5119621.0,3341719815.0,TWSE STOCK_DAY,https://www.twse.com.tw/rwd/zh/afterTrading/STOCK_DAY?date=20260501&stockNo=6526&response=json,2026-05-06
2026-05-07,6526,達發,687.0,720.0,671.0,720.0,6365852.0,4456575844.0,TWSE STOCK_DAY,https://www.twse.com.tw/rwd/zh/afterTrading/STOCK_DAY?date=20260501&stockNo=6526&response=json,2026-05-07
2026-05-08,6526,達發,750.0,787.0,734.0,753.0,6700896.0,5102636780.0,TWSE STOCK_DAY,https://www.twse.com.tw/rwd/zh/afterTrading/STOCK_DAY?date=20260501&stockNo=6526&response=json,2026-05-08
2026-05-11,6526,達發,775.0,782.0,739.0,750.0,3602950.0,2744115133.0,TWSE STOCK_DAY,https://www.twse.com.tw/rwd/zh/afterTrading/STOCK_DAY?date=20260501&stockNo=6526&response=json,2026-05-11
2026-05-12,6526,達發,750.0,753.0,724.0,734.0,2247276.0,1655708558.0,TWSE STOCK_DAY,https://www.twse.com.tw/rwd/zh/afterTrading/STOCK_DAY?date=20260501&stockNo=6526&response=json,2026-05-12
2026-05-13,6526,達發,726.0,729.0,695.0,703.0,1748310.0,1234575069.0,TWSE STOCK_DAY,https://www.twse.com.tw/rwd/zh/afterTrading/STOCK_DAY?date=20260501&stockNo=6526&response=json,2026-05-13
2026-05-14,6526,達發,722.0,724.0,700.0,706.0,1424526.0,1009995956.0,TWSE STOCK_DAY,https://www.twse.com.tw/rwd/zh/afterTrading/STOCK_DAY?date=20260501&stockNo=6526&response=json,2026-05-14
2026-05-15,6526,達發,718.0,724.0,687.0,688.0,1485581.0,1042825004.0,TWSE STOCK_DAY,https://www.twse.com.tw/rwd/zh/afterTrading/STOCK_DAY?date=20260501&stockNo=6526&response=json,2026-05-15
2026-05-18,6526,達發,673.0,697.0,650.0,689.0,1201452.0,809750193.0,TWSE STOCK_DAY,https://www.twse.com.tw/rwd/zh/afterTrading/STOCK_DAY?date=20260501&stockNo=6526&response=json,2026-05-18
2026-05-19,6526,達發,680.0,686.0,642.0,647.0,1955175.0,1283069393.0,TWSE STOCK_DAY,https://www.twse.com.tw/rwd/zh/afterTrading/STOCK_DAY?date=20260501&stockNo=6526&response=json,2026-05-19
2026-05-20,6526,達發,647.0,665.0,632.0,657.0,1198631.0,784346952.0,TWSE STOCK_DAY,https://www.twse.com.tw/rwd/zh/afterTrading/STOCK_DAY?date=20260501&stockNo=6526&response=json,2026-05-20
2026-05-21,6526,達發,680.0,712.0,680.0,704.0,1927329.0,1345817726.0,TWSE STOCK_DAY,https://www.twse.com.tw/rwd/zh/afterTrading/STOCK_DAY?date=20260501&stockNo=6526&response=json,2026-05-21
2026-05-22,6526,達發,709.0,725.0,695.0,725.0,1994424.0,1422579666.0,TWSE STOCK_DAY,https://www.twse.com.tw/rwd/zh/afterTrading/STOCK_DAY?date=20260501&stockNo=6526&response=json,2026-05-22
2026-05-25,6526,達發,745.0,774.0,741.0,750.0,2558448.0,1932372399.0,TWSE STOCK_DAY,https://www.twse.com.tw/rwd/zh/afterTrading/STOCK_DAY?date=20260501&stockNo=6526&response=json,2026-05-25
2026-05-26,6526,達發,755.0,755.0,695.0,696.0,2228540.0,1595036769.0,TWSE STOCK_DAY,https://www.twse.com.tw/rwd/zh/afterTrading/STOCK_DAY?date=20260501&stockNo=6526&response=json,2026-05-26
2026-05-27,6526,達發,690.0,715.0,680.0,682.0,1731600.0,1202637890.0,TWSE STOCK_DAY,https://www.twse.com.tw/rwd/zh/afterTrading/STOCK_DAY?date=20260501&stockNo=6526&response=json,2026-05-27
2026-05-28,6526,達發,683.0,694.0,650.0,660.0,1339136.0,897250343.0,TWSE STOCK_DAY,https://www.twse.com.tw/rwd/zh/afterTrading/STOCK_DAY?date=20260501&stockNo=6526&response=json,2026-05-28
2026-05-29,6526,達發,678.0,678.0,657.0,659.0,779235.0,517530255.0,TWSE STOCK_DAY,https://www.twse.com.tw/rwd/zh/afterTrading/STOCK_DAY?date=20260501&stockNo=6526&response=json,2026-05-29
2026-06-01,6526,達發,667.0,682.0,661.0,673.0,749021.0,501780644.0,TWSE STOCK_DAY,https://www.twse.com.tw/rwd/zh/afterTrading/STOCK_DAY?date=20260601&stockNo=6526&response=json,2026-06-01
2026-06-02,6526,達發,684.0,715.0,678.0,714.0,2511965.0,1762794992.0,TWSE STOCK_DAY,https://www.twse.com.tw/rwd/zh/afterTrading/STOCK_DAY?date=20260601&stockNo=6526&response=json,2026-06-02
2026-06-03,6526,達發,730.0,737.0,706.0,712.0,1861693.0,1337157609.0,TWSE STOCK_DAY,https://www.twse.com.tw/rwd/zh/afterTrading/STOCK_DAY?date=20260601&stockNo=6526&response=json,2026-06-03
2026-06-04,6526,達發,706.0,712.0,686.0,687.0,808422.0,561955637.0,TWSE STOCK_DAY,https://www.twse.com.tw/rwd/zh/afterTrading/STOCK_DAY?date=20260601&stockNo=6526&response=json,2026-06-04
2026-06-05,6526,達發,685.0,687.0,660.0,669.0,597039.0,401509400.0,TWSE STOCK_DAY,https://www.twse.com.tw/rwd/zh/afterTrading/STOCK_DAY?date=20260601&stockNo=6526&response=json,2026-06-05
2026-06-08,6526,達發,603.0,629.0,603.0,627.0,828176.0,508685232.0,TWSE STOCK_DAY,https://www.twse.com.tw/rwd/zh/afterTrading/STOCK_DAY?date=20260601&stockNo=6526&response=json,2026-06-08
2026-06-09,6526,達發,632.0,656.0,625.0,649.0,576207.0,369415482.0,TWSE STOCK_DAY,https://www.twse.com.tw/rwd/zh/afterTrading/STOCK_DAY?date=20260601&stockNo=6526&response=json,2026-06-09
2026-06-10,6526,達發,633.0,649.0,612.0,615.0,702329.0,443745620.0,TWSE STOCK_DAY,https://www.twse.com.tw/rwd/zh/afterTrading/STOCK_DAY?date=20260601&stockNo=6526&response=json,2026-06-10
2026-06-11,6526,達發,619.0,629.0,598.0,618.0,770739.0,472194272.0,TWSE STOCK_DAY,https://www.twse.com.tw/rwd/zh/afterTrading/STOCK_DAY?date=20260601&stockNo=6526&response=json,2026-06-11
2026-06-12,6526,達發,646.0,646.0,630.0,633.0,381008.0,242823228.0,TWSE STOCK_DAY,https://www.twse.com.tw/rwd/zh/afterTrading/STOCK_DAY?date=20260601&stockNo=6526&response=json,2026-06-12
2026-06-15,6526,達發,659.0,675.0,642.0,655.0,940207.0,621717884.0,TWSE STOCK_DAY,https://www.twse.com.tw/rwd/zh/afterTrading/STOCK_DAY?date=20260601&stockNo=6526&response=json,2026-06-15
2026-06-16,6526,達發,659.0,671.0,646.0,660.0,560801.0,371446915.0,TWSE STOCK_DAY,https://www.twse.com.tw/rwd/zh/afterTrading/STOCK_DAY?date=20260601&stockNo=6526&response=json,2026-06-16
2026-06-17,6526,達發,650.0,678.0,650.0,666.0,517204.0,343079177.0,TWSE STOCK_DAY,https://www.twse.com.tw/rwd/zh/afterTrading/STOCK_DAY?date=20260601&stockNo=6526&response=json,2026-06-17
2026-06-18,6526,達發,671.0,696.0,670.0,696.0,988525.0,678034390.0,TWSE STOCK_DAY,https://www.twse.com.tw/rwd/zh/afterTrading/STOCK_DAY?date=20260601&stockNo=6526&response=json,2026-06-18
2026-06-22,6526,達發,711.0,725.0,700.0,705.0,1189990.0,848055100.0,TWSE STOCK_DAY,https://www.twse.com.tw/rwd/zh/afterTrading/STOCK_DAY?date=20260601&stockNo=6526&response=json,2026-06-22
2026-06-23,6526,達發,723.0,726.0,691.0,697.0,969646.0,684277081.0,TWSE STOCK_DAY,https://www.twse.com.tw/rwd/zh/afterTrading/STOCK_DAY?date=20260601&stockNo=6526&response=json,2026-06-23
2026-06-24,6526,達發,690.0,709.0,682.0,706.0,812201.0,565037262.0,TWSE STOCK_DAY,https://www.twse.com.tw/rwd/zh/afterTrading/STOCK_DAY?date=20260601&stockNo=6526&response=json,2026-06-24
2026-06-25,6526,達發,717.0,720.0,690.0,692.0,765480.0,537550791.0,TWSE STOCK_DAY,https://www.twse.com.tw/rwd/zh/afterTrading/STOCK_DAY?date=20260601&stockNo=6526&response=json,2026-06-25
2026-06-26,6526,達發,684.0,686.0,625.0,626.0,1169286.0,754024026.0,TWSE STOCK_DAY,https://www.twse.com.tw/rwd/zh/afterTrading/STOCK_DAY?date=20260601&stockNo=6526&response=json,2026-06-26
2026-06-29,6526,達發,627.0,646.0,624.0,636.0,559108.0,355069532.0,TWSE STOCK_DAY,https://www.twse.com.tw/rwd/zh/afterTrading/STOCK_DAY?date=20260601&stockNo=6526&response=json,2026-06-29
2026-06-30,6526,達發,651.0,681.0,646.0,670.0,990869.0,659641825.0,TWSE STOCK_DAY,https://www.twse.com.tw/rwd/zh/afterTrading/STOCK_DAY?date=20260601&stockNo=6526&response=json,2026-06-30
2026-07-01,6526,達發,687.0,715.0,677.0,703.0,1576124.0,1103033305.0,TWSE STOCK_DAY,https://www.twse.com.tw/rwd/zh/afterTrading/STOCK_DAY?date=20260701&stockNo=6526&response=json,2026-07-01
2026-07-02,6526,達發,688.0,714.0,688.0,705.0,714634.0,501780003.0,TWSE STOCK_DAY,https://www.twse.com.tw/rwd/zh/afterTrading/STOCK_DAY?date=20260701&stockNo=6526&response=json,2026-07-02
2026-07-03,6526,達發,697.0,719.0,696.0,706.0,733986.0,520088953.0,TWSE STOCK_DAY,https://www.twse.com.tw/rwd/zh/afterTrading/STOCK_DAY?date=20260701&stockNo=6526&response=json,2026-07-03
2026-07-06,6526,達發,710.0,715.0,684.0,686.0,609979.0,424644395.0,TWSE STOCK_DAY,https://www.twse.com.tw/rwd/zh/afterTrading/STOCK_DAY?date=20260701&stockNo=6526&response=json,2026-07-06
2026-07-07,6526,達發,685.0,691.0,647.0,648.0,994041.0,657127895.0,TWSE STOCK_DAY,https://www.twse.com.tw/rwd/zh/afterTrading/STOCK_DAY?date=20260701&stockNo=6526&response=json,2026-07-07
2026-07-08,6526,達發,658.0,658.0,635.0,656.0,397069.0,257527467.0,TWSE STOCK_DAY,https://www.twse.com.tw/rwd/zh/afterTrading/STOCK_DAY?date=20260701&stockNo=6526&response=json,2026-07-08
2026-07-09,6526,達發,663.0,663.0,648.0,652.0,252755.0,165354214.0,TWSE STOCK_DAY,https://www.twse.com.tw/rwd/zh/afterTrading/STOCK_DAY?date=20260701&stockNo=6526&response=json,2026-07-09
2026-07-13,6526,達發,673.0,694.0,650.0,682.0,1039458.0,704484289.0,TWSE STOCK_DAY,https://www.twse.com.tw/rwd/zh/afterTrading/STOCK_DAY?date=20260701&stockNo=6526&response=json,2026-07-13
2026-07-14,6526,達發,675.0,680.0,616.0,646.0,858207.0,549411763.0,TWSE STOCK_DAY,https://www.twse.com.tw/rwd/zh/afterTrading/STOCK_DAY?date=20260701&stockNo=6526&response=json,2026-07-14
2026-07-15,6526,達發,661.0,661.0,635.0,643.0,461585.0,297825338.0,TWSE STOCK_DAY,https://www.twse.com.tw/rwd/zh/afterTrading/STOCK_DAY?date=20260701&stockNo=6526&response=json,2026-07-15
2026-07-16,6526,達發,646.0,646.0,614.0,619.0,574182.0,355947044.0,TWSE STOCK_DAY,https://www.twse.com.tw/rwd/zh/afterTrading/STOCK_DAY?date=20260701&stockNo=6526&response=json,2026-07-16
2026-07-17,6526,達發,595.0,599.0,561.0,563.0,909195.0,525024502.0,TWSE STOCK_DAY,https://www.twse.com.tw/rwd/zh/afterTrading/STOCK_DAY?date=20260701&stockNo=6526&response=json,2026-07-17
2026-07-20,6526,達發,568.0,569.0,530.0,548.0,726342.0,398921671.0,TWSE STOCK_DAY,https://www.twse.com.tw/rwd/zh/afterTrading/STOCK_DAY?date=20260701&stockNo=6526&response=json,2026-07-20
2026-07-21,6526,達發,556.0,585.0,556.0,584.0,328098.0,187903375.0,TWSE STOCK_DAY,https://www.twse.com.tw/rwd/zh/afterTrading/STOCK_DAY?date=20260701&stockNo=6526&response=json,2026-07-21
2026-07-22,6526,達發,590.0,604.0,590.0,591.0,307825.0,183928079.0,TWSE STOCK_DAY,https://www.twse.com.tw/rwd/zh/afterTrading/STOCK_DAY?date=20260701&stockNo=6526&response=json,2026-07-22
2026-07-23,6526,達發,595.0,600.0,573.0,588.0,280065.0,164380356.0,TWSE STOCK_DAY,https://www.twse.com.tw/rwd/zh/afterTrading/STOCK_DAY?date=20260701&stockNo=6526&response=json,2026-07-23
2026-07-24,6526,達發,577.0,591.0,575.0,587.0,359807.0,210202262.0,TWSE STOCK_DAY,https://www.twse.com.tw/rwd/zh/afterTrading/STOCK_DAY?date=20260701&stockNo=6526&response=json,2026-07-24
2026-07-27,6526,達發,575.0,585.0,565.0,576.0,370655.0,212120902.0,TWSE STOCK_DAY,https://www.twse.com.tw/rwd/zh/afterTrading/STOCK_DAY?date=20260701&stockNo=6526&response=json,2026-07-27
2026-07-28,6526,達發,559.0,559.0,531.0,532.0,524967.0,285115313.0,TWSE STOCK_DAY,https://www.twse.com.tw/rwd/zh/afterTrading/STOCK_DAY?date=20260701&stockNo=6526&response=json,2026-07-28
2026-07-29,6526,達發,540.0,541.0,486.0,507.0,807121.0,405320121.0,TWSE STOCK_DAY,https://www.twse.com.tw/rwd/zh/afterTrading/STOCK_DAY?date=20260701&stockNo=6526&response=json,2026-07-29
2026-07-30,6526,達發,507.0,517.0,485.0,493.0,540018.0,269097512.0,TWSE STOCK_DAY,https://www.twse.com.tw/rwd/zh/afterTrading/STOCK_DAY?date=20260701&stockNo=6526&response=json,2026-07-30
2026-07-31,6526,達發,535.0,535.0,515.0,520.0,522924.0,273779541.0,TWSE STOCK_DAY,https://www.twse.com.tw/rwd/zh/afterTrading/STOCK_DAY?date=20260701&stockNo=6526&response=json,2026-07-31
2026-08-03,6526,達發,523.0,557.0,523.0,552.0,413472.0,226476377.0,TWSE STOCK_DAY,https://www.twse.com.tw/rwd/zh/afterTrading/STOCK_DAY?date=20260801&stockNo=6526&response=json,2026-08-03
2026-08-04,6526,達發,567.0,593.0,549.0,575.0,940874.0,536616457.0,TWSE STOCK_DAY,https://www.twse.com.tw/rwd/zh/afterTrading/STOCK_DAY?date=20260801&stockNo=6526&response=json,2026-08-04
2026-08-05,6526,達發,618.0,632.0,605.0,632.0,1155759.0,719072609.0,TWSE STOCK_DAY,https://www.twse.com.tw/rwd/zh/afterTrading/STOCK_DAY?date=20260801&stockNo=6526&response=json,2026-08-05
2026-08-06,6526,達發,627.0,656.0,625.0,637.0,1342991.0,861935681.0,TWSE STOCK_DAY,https://www.twse.com.tw/rwd/zh/afterTrading/STOCK_DAY?date=20260801&stockNo=6526&response=json,2026-08-06
2026-08-07,6526,達發,637.0,639.0,616.0,625.0,519335.0,323708409.0,TWSE STOCK_DAY,https://www.twse.com.tw/rwd/zh/afterTrading/STOCK_DAY?date=20260801&stockNo=6526&response=json,2026-08-07
2026-08-10,6526,達發,634.0,639.0,627.0,627.0,313730.0,198309083.0,TWSE STOCK_DAY,https://www.twse.com.tw/rwd/zh/afterTrading/STOCK_DAY?date=20260801&stockNo=6526&response=json,2026-08-10
2026-08-11,6526,達發,620.0,632.0,612.0,620.0,273764.0,169811154.0,TWSE STOCK_DAY,https://www.twse.com.tw/rwd/zh/afterTrading/STOCK_DAY?date=20260801&stockNo=6526&response=json,2026-08-11
2026-08-12,6526,達發,622.0,628.0,617.0,619.0,217940.0,135453513.0,TWSE STOCK_DAY,https://www.twse.com.tw/rwd/zh/afterTrading/STOCK_DAY?date=20260801&stockNo=6526&response=json,2026-08-12
2026-08-13,6526,達發,627.0,635.0,623.0,624.0,309369.0,194695553.0,TWSE STOCK_DAY,https://www.twse.com.tw/rwd/zh/afterTrading/STOCK_DAY?date=20260801&stockNo=6526&response=json,2026-08-13
2026-08-14,6526,達發,634.0,634.0,608.0,610.0,290094.0,179212827.0,TWSE STOCK_DAY,https://www.twse.com.tw/rwd/zh/afterTrading/STOCK_DAY?date=20260801&stockNo=6526&response=json,2026-08-14
2026-08-17,6526,達發,609.0,615.0,596.0,605.0,383957.0,232384764.0,TWSE STOCK_DAY,https://www.twse.com.tw/rwd/zh/afterTrading/STOCK_DAY?date=20260801&stockNo=6526&response=json,2026-08-17
2026-08-18,6526,達發,600.0,603.0,578.0,579.0,467549.0,275048972.0,TWSE STOCK_DAY,https://www.twse.com.tw/rwd/zh/afterTrading/STOCK_DAY?date=20260801&stockNo=6526&response=json,2026-08-18
2026-08-19,6526,達發,573.0,583.0,561.0,580.0,284469.0,163877006.0,TWSE STOCK_DAY,https://www.twse.com.tw/rwd/zh/afterTrading/STOCK_DAY?date=20260801&stockNo=6526&response=json,2026-08-19
2026-08-20,6526,達發,581.0,590.0,575.0,585.0,182458.0,106320159.0,TWSE STOCK_DAY,https://www.twse.com.tw/rwd/zh/afterTrading/STOCK_DAY?date=20260801&stockNo=6526&response=json,2026-08-20
2026-08-21,6526,達發,582.0,595.0,566.0,572.0,421910.0,244667351.0,TWSE STOCK_DAY,https://www.twse.com.tw/rwd/zh/afterTrading/STOCK_DAY?date=20260801&stockNo=6526&response=json,2026-08-21
2026-08-24,6526,達發,571.0,587.0,570.0,578.0,244435.0,141412219.0,TWSE STOCK_DAY,https://www.twse.com.tw/rwd/zh/afterTrading/STOCK_DAY?date=20260801&stockNo=6526&response=json,2026-08-24
2026-08-25,6526,達發,569.0,578.0,562.0,578.0,242904.0,138137414.0,TWSE STOCK_DAY,https://www.twse.com.tw/rwd/zh/afterTrading/STOCK_DAY?date=20260801&stockNo=6526&response=json,2026-08-25
2026-08-26,6526,達發,580.0,596.0,575.0,595.0,293274.0,172863467.0,TWSE STOCK_DAY,https://www.twse.com.tw/rwd/zh/afterTrading/STOCK_DAY?date=20260801&stockNo=6526&response=json,2026-08-26
2026-08-27,6526,達發,591.0,621.0,586.0,610.0,463344.0,282069879.0,TWSE STOCK_DAY,https://www.twse.com.tw/rwd/zh/afterTrading/STOCK_DAY?date=20260801&stockNo=6526&response=json,2026-08-27
2026-08-28,6526,達發,611.0,626.0,611.0,620.0,297879.0,184509371.0,TWSE STOCK_DAY,https://www.twse.com.tw/rwd/zh/afterTrading/STOCK_DAY?date=20260801&stockNo=6526&response=json,2026-08-28
2026-08-31,6526,達發,606.0,612.0,597.0,607.0,265942.0,160677562.0,TWSE STOCK_DAY,https://www.twse.com.tw/rwd/zh/afterTrading/STOCK_DAY?date=20260801&stockNo=6526&response=json,2026-08-31
2026-09-01,6526,達發,667.0,667.0,667.0,667.0,427589.0,285201863.0,TWSE STOCK_DAY,https://www.twse.com.tw/rwd/zh/afterTrading/STOCK_DAY?date=20260901&stockNo=6526&response=json,2026-09-01
2026-09-02,6526,達發,687.0,710.0,641.0,646.0,3331396.0,2257492439.0,TWSE STOCK_DAY,https://www.twse.com.tw/rwd/zh/afterTrading/STOCK_DAY?date=20260901&stockNo=6526&response=json,2026-09-02
2026-09-03,6526,達發,652.0,655.0,630.0,630.0,573091.0,368013477.0,TWSE STOCK_DAY,https://www.twse.com.tw/rwd/zh/afterTrading/STOCK_DAY?date=20260901&stockNo=6526&response=json,2026-09-03
2026-09-04,6526,達發,646.0,649.0,620.0,635.0,367471.0,232892985.0,TWSE STOCK_DAY,https://www.twse.com.tw/rwd/zh/afterTrading/STOCK_DAY?date=20260901&stockNo=6526&response=json,2026-09-04
2026-09-07,6526,達發,642.0,658.0,633.0,644.0,775824.0,503615533.0,TWSE STOCK_DAY,https://www.twse.com.tw/rwd/zh/afterTrading/STOCK_DAY?date=20260901&stockNo=6526&response=json,2026-09-07
2026-09-08,6526,達發,648.0,653.0,636.0,643.0,335172.0,216042592.0,TWSE STOCK_DAY,https://www.twse.com.tw/rwd/zh/afterTrading/STOCK_DAY?date=20260901&stockNo=6526&response=json,2026-09-08
2026-09-09,6526,達發,643.0,652.0,641.0,643.0,319608.0,206604139.0,TWSE STOCK_DAY,https://www.twse.com.tw/rwd/zh/afterTrading/STOCK_DAY?date=20260901&stockNo=6526&response=json,2026-09-09
2026-09-10,6526,達發,637.0,647.0,632.0,642.0,301594.0,192855670.0,TWSE STOCK_DAY,https://www.twse.com.tw/rwd/zh/afterTrading/STOCK_DAY?date=20260901&stockNo=6526&response=json,2026-09-10
2026-09-11,6526,達發,632.0,637.0,624.0,624.0,371358.0,233117258.0,TWSE STOCK_DAY,https://www.twse.com.tw/rwd/zh/afterTrading/STOCK_DAY?date=20260901&stockNo=6526&response=json,2026-09-11
2026-09-14,6526,達發,618.0,637.0,607.0,630.0,255880.0,159828451.0,TWSE STOCK_DAY,https://www.twse.com.tw/rwd/zh/afterTrading/STOCK_DAY?date=20260901&stockNo=6526&response=json,2026-09-14
2026-09-15,6526,達發,637.0,637.0,623.0,623.0,202854.0,127336818.0,TWSE STOCK_DAY,https://www.twse.com.tw/rwd/zh/afterTrading/STOCK_DAY?date=20260901&stockNo=6526&response=json,2026-09-15
2026-09-16,6526,達發,627.0,637.0,625.0,629.0,398507.0,251187665.0,TWSE STOCK_DAY,https://www.twse.com.tw/rwd/zh/afterTrading/STOCK_DAY?date=20260901&stockNo=6526&response=json,2026-09-16
2026-09-17,6526,達發,639.0,649.0,629.0,629.0,443827.0,283512896.0,TWSE STOCK_DAY,https://www.twse.com.tw/rwd/zh/afterTrading/STOCK_DAY?date=20260901&stockNo=6526&response=json,2026-09-17
2026-09-18,6526,達發,643.0,691.0,640.0,691.0,2751706.0,1873603406.0,TWSE STOCK_DAY,https://www.twse.com.tw/rwd/zh/afterTrading/STOCK_DAY?date=20260901&stockNo=6526&response=json,2026-09-18
2026-09-21,6526,達發,700.0,734.0,688.0,724.0,2896069.0,2073485395.0,TWSE STOCK_DAY,https://www.twse.com.tw/rwd/zh/afterTrading/STOCK_DAY?date=20260901&stockNo=6526&response=json,2026-09-21
2026-09-22,6526,達發,736.0,796.0,733.0,764.0,4916606.0,3770561507.0,TWSE STOCK_DAY,https://www.twse.com.tw/rwd/zh/afterTrading/STOCK_DAY?date=20260901&stockNo=6526&response=json,2026-09-22
2026-09-23,6526,達發,777.0,840.0,761.0,840.0,4748267.0,3916585488.0,TWSE STOCK_DAY,https://www.twse.com.tw/rwd/zh/afterTrading/STOCK_DAY?date=20260901&stockNo=6526&response=json,2026-09-23
2026-09-24,6526,達發,845.0,862.0,818.0,840.0,4581078.0,3849869100.0,TWSE STOCK_DAY,https://www.twse.com.tw/rwd/zh/afterTrading/STOCK_DAY?date=20260901&stockNo=6526&response=json,2026-09-24
